{
    "codigo": 4914,
    "nome": "N\u00famero total de acidentes de tr\u00e2nsito",
    "descricao": "N\u00famero total de acidentes de tr\u00e2nsito - Cidades Sustentaveis",
    "fonte": "CET",
    "tipoValor": "I",
    "periodicidade": {
        "codigo": 6,
        "descricao": "Anual"
    },
    "tags": [
        {
            "codigo": 7,
            "descricao": "Santos Mobilidade"
        }
    ],
    "secretarias": [],
    "autarquias": [
        {
            "codigo": 822,
            "dado_codigo": 4914,
            "sigla": "CET",
            "nome": "COMPANHIA DE ENGENHARIA DE TR\u00c1FEGO"
        }
    ],
    "metas": [
        {
            "codigo": 4,
            "numero": 3,
            "titulo": "Sa\u00fade e Bem-Estar",
            "objetivo": "Assegurar uma vida saud\u00e1vel e promover o bem-estar para todos, em todas as idades",
            "imagem_url": "4.jpg",
            "link": "http://www.agenda2030.org.br/ods/3/"
        }
    ],
    "eixos": [
        {
            "codigo": 13,
            "descricao": "Melhor Mobilidade, Menor Tr\u00e1fego"
        }
    ],
    "valores": [
        {
            "codigo": 1763,
            "data": "2017-12-31 00:00:00",
            "valor": "5685.00",
            "descricao": null
        },
        {
            "codigo": 1764,
            "data": "2016-12-31 00:00:00",
            "valor": "5929.00",
            "descricao": null
        },
        {
            "codigo": 1765,
            "data": "2013-12-31 00:00:00",
            "valor": "8551.00",
            "descricao": null
        },
        {
            "codigo": 1766,
            "data": "2015-12-31 00:00:00",
            "valor": "6656.00",
            "descricao": null
        },
        {
            "codigo": 1767,
            "data": "2014-12-31 00:00:00",
            "valor": "7710.00",
            "descricao": null
        },
        {
            "codigo": 3800,
            "data": "2018-12-31 00:00:00",
            "valor": "2726.00",
            "descricao": null
        },
        {
            "codigo": 4425,
            "data": "2019-12-31 00:00:00",
            "valor": "2919.00",
            "descricao": null
        },
        {
            "codigo": 4996,
            "data": "2020-12-31 00:00:00",
            "valor": "1848.00",
            "descricao": null
        },
        {
            "codigo": 5563,
            "data": "2021-12-31 00:00:00",
            "valor": "2064.00",
            "descricao": null
        },
        {
            "codigo": 7002,
            "data": "2023-12-31 00:00:00",
            "valor": "2092.00",
            "descricao": null
        }
    ]
}