{
    "codigo": 4916,
    "nome": "N\u00famero total, em quil\u00f4metros (km), de corredores exclusivos de \u00f4nibus",
    "descricao": "N\u00famero total, em quil\u00f4metros (km), de corredores exclusivos de \u00f4nibus - Cidades Sustentaveis",
    "fonte": "CET",
    "tipoValor": "D",
    "periodicidade": {
        "codigo": 6,
        "descricao": "Anual"
    },
    "tags": [
        {
            "codigo": 7,
            "descricao": "Santos Mobilidade"
        }
    ],
    "secretarias": [],
    "autarquias": [
        {
            "codigo": 822,
            "dado_codigo": 4916,
            "sigla": "CET",
            "nome": "COMPANHIA DE ENGENHARIA DE TR\u00c1FEGO"
        }
    ],
    "metas": [
        {
            "codigo": 12,
            "numero": 11,
            "titulo": "Cidades e Comunidades Sustent\u00e1veis",
            "objetivo": "Tornar as cidades e os assentamentos humanos inclusivos, seguros, resilientes e sustent\u00e1veis",
            "imagem_url": "12.jpg",
            "link": "http://www.agenda2030.org.br/ods/11/"
        }
    ],
    "eixos": [
        {
            "codigo": 13,
            "descricao": "Melhor Mobilidade, Menor Tr\u00e1fego"
        }
    ],
    "valores": [
        {
            "codigo": 1773,
            "data": "2015-12-31 00:00:00",
            "valor": "7.53",
            "descricao": null
        },
        {
            "codigo": 1774,
            "data": "2016-12-31 00:00:00",
            "valor": "7.53",
            "descricao": null
        },
        {
            "codigo": 1775,
            "data": "2014-12-31 00:00:00",
            "valor": "1.00",
            "descricao": null
        },
        {
            "codigo": 1776,
            "data": "2013-12-31 00:00:00",
            "valor": "1.00",
            "descricao": null
        },
        {
            "codigo": 1777,
            "data": "2017-12-31 00:00:00",
            "valor": "7.53",
            "descricao": null
        },
        {
            "codigo": 3802,
            "data": "2018-12-31 00:00:00",
            "valor": "7.53",
            "descricao": null
        },
        {
            "codigo": 4427,
            "data": "2019-12-31 00:00:00",
            "valor": "7.53",
            "descricao": null
        },
        {
            "codigo": 5002,
            "data": "2020-12-31 00:00:00",
            "valor": "7.53",
            "descricao": null
        },
        {
            "codigo": 5623,
            "data": "2021-12-31 00:00:00",
            "valor": "1.70",
            "descricao": null
        },
        {
            "codigo": 7039,
            "data": "2023-12-31 00:00:00",
            "valor": "9.44",
            "descricao": null
        }
    ]
}