{
    "codigo": 4942,
    "nome": "Existe no munic\u00edpio um sistema de monitoramento do congestionamento? Se sim, quantos quil\u00f4metros s\u00e3o monitorados?",
    "descricao": "Existe no munic\u00edpio um sistema de monitoramento do congestionamento? Se sim, quantos quil\u00f4metros s\u00e3o monitorados? - Cidades Sustentaveis",
    "fonte": "CET",
    "tipoValor": "T",
    "periodicidade": {
        "codigo": 6,
        "descricao": "Anual"
    },
    "tags": [
        {
            "codigo": 7,
            "descricao": "Santos Mobilidade"
        }
    ],
    "secretarias": [],
    "autarquias": [
        {
            "codigo": 822,
            "dado_codigo": 4942,
            "sigla": "CET",
            "nome": "COMPANHIA DE ENGENHARIA DE TR\u00c1FEGO"
        }
    ],
    "metas": [
        {
            "codigo": 12,
            "numero": 11,
            "titulo": "Cidades e Comunidades Sustent\u00e1veis",
            "objetivo": "Tornar as cidades e os assentamentos humanos inclusivos, seguros, resilientes e sustent\u00e1veis",
            "imagem_url": "12.jpg",
            "link": "http://www.agenda2030.org.br/ods/11/"
        }
    ],
    "eixos": [
        {
            "codigo": 13,
            "descricao": "Melhor Mobilidade, Menor Tr\u00e1fego"
        }
    ],
    "valores": [
        {
            "codigo": 5920,
            "data": "2021-12-31 00:00:00",
            "valor": null,
            "descricao": "Sim. O sistema de monitoramento \u00e9 feito pelo CCO e abrange aproximadamente 320km."
        },
        {
            "codigo": 7034,
            "data": "2023-12-31 00:00:00",
            "valor": null,
            "descricao": "800,38"
        }
    ]
}