{
    "codigo": 4943,
    "nome": "Qual o \u00edndice anual de congestionamentos da cidade?",
    "descricao": "Qual o \u00edndice anual de congestionamentos da cidade? - Cidades Sustentaveis",
    "fonte": "CET",
    "tipoValor": "D",
    "periodicidade": {
        "codigo": 6,
        "descricao": "Anual"
    },
    "tags": [
        {
            "codigo": 7,
            "descricao": "Santos Mobilidade"
        }
    ],
    "secretarias": [],
    "autarquias": [
        {
            "codigo": 822,
            "dado_codigo": 4943,
            "sigla": "CET",
            "nome": "COMPANHIA DE ENGENHARIA DE TR\u00c1FEGO"
        }
    ],
    "metas": [
        {
            "codigo": 12,
            "numero": 11,
            "titulo": "Cidades e Comunidades Sustent\u00e1veis",
            "objetivo": "Tornar as cidades e os assentamentos humanos inclusivos, seguros, resilientes e sustent\u00e1veis",
            "imagem_url": "12.jpg",
            "link": "http://www.agenda2030.org.br/ods/11/"
        }
    ],
    "eixos": [
        {
            "codigo": 13,
            "descricao": "Melhor Mobilidade, Menor Tr\u00e1fego"
        }
    ],
    "valores": [
        {
            "codigo": 1917,
            "data": "2017-12-31 00:00:00",
            "valor": "91.17",
            "descricao": null
        },
        {
            "codigo": 1918,
            "data": "2016-12-31 00:00:00",
            "valor": "59.69",
            "descricao": null
        },
        {
            "codigo": 1919,
            "data": "2013-12-31 00:00:00",
            "valor": "100.00",
            "descricao": null
        },
        {
            "codigo": 1920,
            "data": "2014-12-31 00:00:00",
            "valor": "116.78",
            "descricao": null
        },
        {
            "codigo": 1921,
            "data": "2015-12-31 00:00:00",
            "valor": "89.11",
            "descricao": null
        },
        {
            "codigo": 3923,
            "data": "2018-12-31 00:00:00",
            "valor": "95.97",
            "descricao": null
        },
        {
            "codigo": 4459,
            "data": "2019-12-31 00:00:00",
            "valor": "141.63",
            "descricao": null
        },
        {
            "codigo": 5009,
            "data": "2020-12-31 00:00:00",
            "valor": "54.72",
            "descricao": null
        },
        {
            "codigo": 5618,
            "data": "2021-12-31 00:00:00",
            "valor": "-1.16",
            "descricao": null
        },
        {
            "codigo": 7040,
            "data": "2023-12-31 00:00:00",
            "valor": "40.64",
            "descricao": null
        }
    ]
}