{
    "codigo": 5007,
    "nome": "Custo anual, em reais, dos acidentes de tr\u00e2nsito no munic\u00edpio",
    "descricao": "Custo anual, em reais, dos acidentes de tr\u00e2nsito no munic\u00edpio - Cidades Sustentaveis",
    "fonte": "CET",
    "tipoValor": "D",
    "periodicidade": {
        "codigo": 6,
        "descricao": "Anual"
    },
    "tags": [
        {
            "codigo": 7,
            "descricao": "Santos Mobilidade"
        }
    ],
    "secretarias": [],
    "autarquias": [
        {
            "codigo": 822,
            "dado_codigo": 5007,
            "sigla": "CET",
            "nome": "COMPANHIA DE ENGENHARIA DE TR\u00c1FEGO"
        }
    ],
    "metas": [
        {
            "codigo": 12,
            "numero": 11,
            "titulo": "Cidades e Comunidades Sustent\u00e1veis",
            "objetivo": "Tornar as cidades e os assentamentos humanos inclusivos, seguros, resilientes e sustent\u00e1veis",
            "imagem_url": "12.jpg",
            "link": "http://www.agenda2030.org.br/ods/11/"
        }
    ],
    "eixos": [
        {
            "codigo": 13,
            "descricao": "Melhor Mobilidade, Menor Tr\u00e1fego"
        }
    ],
    "valores": [
        {
            "codigo": 2241,
            "data": "2017-12-31 00:00:00",
            "valor": "209112229.00",
            "descricao": null
        },
        {
            "codigo": 2242,
            "data": "2015-12-31 00:00:00",
            "valor": "248746513.00",
            "descricao": null
        },
        {
            "codigo": 2243,
            "data": "2016-12-31 00:00:00",
            "valor": "215705341.00",
            "descricao": null
        },
        {
            "codigo": 2244,
            "data": "2014-12-31 00:00:00",
            "valor": "270132760.00",
            "descricao": null
        },
        {
            "codigo": 2245,
            "data": "2013-12-31 00:00:00",
            "valor": "291192193.00",
            "descricao": null
        },
        {
            "codigo": 3901,
            "data": "2018-12-31 00:00:00",
            "valor": "236217545.86",
            "descricao": null
        },
        {
            "codigo": 4485,
            "data": "2019-12-31 00:00:00",
            "valor": "295219693.42",
            "descricao": null
        },
        {
            "codigo": 5011,
            "data": "2020-12-31 00:00:00",
            "valor": "279261.58",
            "descricao": null
        },
        {
            "codigo": 5569,
            "data": "2021-12-31 00:00:00",
            "valor": "462254968.65",
            "descricao": null
        },
        {
            "codigo": 6992,
            "data": "2023-04-04 00:00:00",
            "valor": "216452254.12",
            "descricao": null
        }
    ]
}