{
    "codigo": 5160,
    "nome": "Popula\u00e7\u00e3o que vive em um raio de at\u00e9 300 metros de esta\u00e7\u00f5es de metr\u00f4 ou ponto de \u00f4nibus",
    "descricao": "Popula\u00e7\u00e3o que vive em um raio de at\u00e9 300 metros de esta\u00e7\u00f5es de metr\u00f4 ou ponto de \u00f4nibus - Cidades Sustentaveis",
    "fonte": "CET",
    "tipoValor": "I",
    "periodicidade": {
        "codigo": 6,
        "descricao": "Anual"
    },
    "tags": [
        {
            "codigo": 7,
            "descricao": "Santos Mobilidade"
        }
    ],
    "secretarias": [],
    "autarquias": [
        {
            "codigo": 822,
            "dado_codigo": 5160,
            "sigla": "CET",
            "nome": "COMPANHIA DE ENGENHARIA DE TR\u00c1FEGO"
        }
    ],
    "metas": [
        {
            "codigo": 12,
            "numero": 11,
            "titulo": "Cidades e Comunidades Sustent\u00e1veis",
            "objetivo": "Tornar as cidades e os assentamentos humanos inclusivos, seguros, resilientes e sustent\u00e1veis",
            "imagem_url": "12.jpg",
            "link": "http://www.agenda2030.org.br/ods/11/"
        }
    ],
    "eixos": [
        {
            "codigo": 13,
            "descricao": "Melhor Mobilidade, Menor Tr\u00e1fego"
        }
    ],
    "valores": [
        {
            "codigo": 3005,
            "data": "2013-12-31 00:00:00",
            "valor": "402624.00",
            "descricao": null
        },
        {
            "codigo": 3006,
            "data": "2016-12-31 00:00:00",
            "valor": "402624.00",
            "descricao": null
        },
        {
            "codigo": 3007,
            "data": "2015-12-31 00:00:00",
            "valor": "402624.00",
            "descricao": null
        },
        {
            "codigo": 3008,
            "data": "2017-12-31 00:00:00",
            "valor": "402624.00",
            "descricao": null
        },
        {
            "codigo": 3009,
            "data": "2014-12-31 00:00:00",
            "valor": "402624.00",
            "descricao": null
        },
        {
            "codigo": 3806,
            "data": "2018-12-31 00:00:00",
            "valor": "402624.00",
            "descricao": null
        },
        {
            "codigo": 4436,
            "data": "2019-12-31 00:00:00",
            "valor": "402624.00",
            "descricao": null
        },
        {
            "codigo": 5014,
            "data": "2020-12-31 00:00:00",
            "valor": "406000.00",
            "descricao": null
        },
        {
            "codigo": 5571,
            "data": "2021-12-31 00:00:00",
            "valor": "432000.00",
            "descricao": null
        },
        {
            "codigo": 7006,
            "data": "2023-12-31 00:00:00",
            "valor": "440000.00",
            "descricao": null
        }
    ]
}