{
    "codigo": 5204,
    "nome": "N\u00famero total, em quil\u00f4metros (km), de ciclofaixas permanentes",
    "descricao": "N\u00famero total, em quil\u00f4metros (km), de ciclofaixas permanentes - Cidades Sustentaveis",
    "fonte": "CET",
    "tipoValor": "D",
    "periodicidade": {
        "codigo": 6,
        "descricao": "Anual"
    },
    "tags": [
        {
            "codigo": 7,
            "descricao": "Santos Mobilidade"
        }
    ],
    "secretarias": [],
    "autarquias": [
        {
            "codigo": 822,
            "dado_codigo": 5204,
            "sigla": "CET",
            "nome": "COMPANHIA DE ENGENHARIA DE TR\u00c1FEGO"
        }
    ],
    "metas": [
        {
            "codigo": 12,
            "numero": 11,
            "titulo": "Cidades e Comunidades Sustent\u00e1veis",
            "objetivo": "Tornar as cidades e os assentamentos humanos inclusivos, seguros, resilientes e sustent\u00e1veis",
            "imagem_url": "12.jpg",
            "link": "http://www.agenda2030.org.br/ods/11/"
        }
    ],
    "eixos": [
        {
            "codigo": 13,
            "descricao": "Melhor Mobilidade, Menor Tr\u00e1fego"
        }
    ],
    "valores": [
        {
            "codigo": 1380,
            "data": "2017-12-31 00:00:00",
            "valor": "0.00",
            "descricao": null
        },
        {
            "codigo": 1381,
            "data": "2016-12-31 00:00:00",
            "valor": "0.00",
            "descricao": null
        },
        {
            "codigo": 3902,
            "data": "2018-12-31 00:00:00",
            "valor": "0.00",
            "descricao": null
        },
        {
            "codigo": 4038,
            "data": "2019-12-31 00:00:00",
            "valor": "400.00",
            "descricao": null
        },
        {
            "codigo": 5021,
            "data": "2020-12-31 00:00:00",
            "valor": "0.40",
            "descricao": null
        },
        {
            "codigo": 5575,
            "data": "2021-12-31 00:00:00",
            "valor": "0.40",
            "descricao": null
        },
        {
            "codigo": 7037,
            "data": "2023-12-31 00:00:00",
            "valor": "0.40",
            "descricao": null
        }
    ]
}