{
    "codigo": 5276,
    "nome": "N\u00famero total de \u00f4nibus coletivos no munic\u00edpio",
    "descricao": "N\u00famero total de \u00f4nibus coletivos no munic\u00edpio - Cidades Sustentaveis",
    "fonte": "CET",
    "tipoValor": "I",
    "periodicidade": {
        "codigo": 6,
        "descricao": "Anual"
    },
    "tags": [
        {
            "codigo": 4,
            "descricao": "Santos Eficiente"
        }
    ],
    "secretarias": [],
    "autarquias": [
        {
            "codigo": 822,
            "dado_codigo": 5276,
            "sigla": "CET",
            "nome": "COMPANHIA DE ENGENHARIA DE TR\u00c1FEGO"
        }
    ],
    "metas": [
        {
            "codigo": 12,
            "numero": 11,
            "titulo": "Cidades e Comunidades Sustent\u00e1veis",
            "objetivo": "Tornar as cidades e os assentamentos humanos inclusivos, seguros, resilientes e sustent\u00e1veis",
            "imagem_url": "12.jpg",
            "link": "http://www.agenda2030.org.br/ods/11/"
        }
    ],
    "eixos": [
        {
            "codigo": 13,
            "descricao": "Melhor Mobilidade, Menor Tr\u00e1fego"
        }
    ],
    "valores": [
        {
            "codigo": 3281,
            "data": "2016-12-31 00:00:00",
            "valor": "311.00",
            "descricao": null
        },
        {
            "codigo": 3282,
            "data": "2017-12-31 00:00:00",
            "valor": "311.00",
            "descricao": null
        },
        {
            "codigo": 3283,
            "data": "2016-12-31 00:00:00",
            "valor": "311.00",
            "descricao": null
        },
        {
            "codigo": 3284,
            "data": "2017-12-31 00:00:00",
            "valor": "311.00",
            "descricao": null
        },
        {
            "codigo": 3285,
            "data": "2015-12-31 00:00:00",
            "valor": "311.00",
            "descricao": null
        },
        {
            "codigo": 3286,
            "data": "2015-12-31 00:00:00",
            "valor": "311.00",
            "descricao": null
        },
        {
            "codigo": 3287,
            "data": "2014-12-31 00:00:00",
            "valor": "311.00",
            "descricao": null
        },
        {
            "codigo": 3288,
            "data": "2014-12-31 00:00:00",
            "valor": "311.00",
            "descricao": null
        },
        {
            "codigo": 3289,
            "data": "2013-12-31 00:00:00",
            "valor": "311.00",
            "descricao": null
        },
        {
            "codigo": 3290,
            "data": "2013-12-31 00:00:00",
            "valor": "311.00",
            "descricao": null
        },
        {
            "codigo": 3820,
            "data": "2018-12-31 00:00:00",
            "valor": "293.00",
            "descricao": null
        },
        {
            "codigo": 4446,
            "data": "2019-12-31 00:00:00",
            "valor": "293.00",
            "descricao": null
        },
        {
            "codigo": 5034,
            "data": "2020-12-31 00:00:00",
            "valor": "273.00",
            "descricao": null
        },
        {
            "codigo": 5582,
            "data": "2021-12-31 00:00:00",
            "valor": "224.00",
            "descricao": null
        },
        {
            "codigo": 7004,
            "data": "2023-12-31 00:00:00",
            "valor": "224.00",
            "descricao": null
        }
    ]
}