{
    "codigo": 5284,
    "nome": "N\u00famero de atropelamentos",
    "descricao": "N\u00famero de atropelamentos - Cidade Aberta",
    "fonte": "CET",
    "tipoValor": "I",
    "periodicidade": {
        "codigo": 6,
        "descricao": "Anual"
    },
    "tags": [
        {
            "codigo": 7,
            "descricao": "Santos Mobilidade"
        }
    ],
    "secretarias": [],
    "autarquias": [
        {
            "codigo": 822,
            "dado_codigo": 5284,
            "sigla": "CET",
            "nome": "COMPANHIA DE ENGENHARIA DE TR\u00c1FEGO"
        }
    ],
    "metas": [
        {
            "codigo": 12,
            "numero": 11,
            "titulo": "Cidades e Comunidades Sustent\u00e1veis",
            "objetivo": "Tornar as cidades e os assentamentos humanos inclusivos, seguros, resilientes e sustent\u00e1veis",
            "imagem_url": "12.jpg",
            "link": "http://www.agenda2030.org.br/ods/11/"
        }
    ],
    "eixos": [
        {
            "codigo": 13,
            "descricao": "Melhor Mobilidade, Menor Tr\u00e1fego"
        }
    ],
    "valores": [
        {
            "codigo": 52,
            "data": "2013-12-31 00:00:00",
            "valor": "239.00",
            "descricao": null
        },
        {
            "codigo": 53,
            "data": "2011-12-31 00:00:00",
            "valor": "331.00",
            "descricao": null
        },
        {
            "codigo": 54,
            "data": "2009-12-31 00:00:00",
            "valor": "338.00",
            "descricao": null
        },
        {
            "codigo": 55,
            "data": "2014-12-31 00:00:00",
            "valor": "219.00",
            "descricao": null
        },
        {
            "codigo": 56,
            "data": "2015-12-31 00:00:00",
            "valor": "250.00",
            "descricao": null
        },
        {
            "codigo": 57,
            "data": "2016-12-31 00:00:00",
            "valor": "227.00",
            "descricao": null
        },
        {
            "codigo": 58,
            "data": "2012-12-31 00:00:00",
            "valor": "285.00",
            "descricao": null
        },
        {
            "codigo": 59,
            "data": "2010-12-31 00:00:00",
            "valor": "333.00",
            "descricao": null
        },
        {
            "codigo": 3906,
            "data": "2019-12-31 00:00:00",
            "valor": "119.00",
            "descricao": null
        },
        {
            "codigo": 5044,
            "data": "2020-12-31 00:00:00",
            "valor": "66.00",
            "descricao": null
        },
        {
            "codigo": 5586,
            "data": "2021-12-31 00:00:00",
            "valor": "93.00",
            "descricao": null
        },
        {
            "codigo": 6998,
            "data": "2023-12-31 00:00:00",
            "valor": "146.00",
            "descricao": null
        }
    ]
}