{
    "codigo": 5469,
    "nome": "Quantidade de vans para transporte coletivo",
    "descricao": "Quantidade de vans para transporte coletivo",
    "fonte": "CET",
    "tipoValor": "I",
    "periodicidade": {
        "codigo": 6,
        "descricao": "Anual"
    },
    "tags": [
        {
            "codigo": 7,
            "descricao": "Santos Mobilidade"
        }
    ],
    "secretarias": [],
    "autarquias": [
        {
            "codigo": 822,
            "dado_codigo": 5469,
            "sigla": "CET",
            "nome": "COMPANHIA DE ENGENHARIA DE TR\u00c1FEGO"
        }
    ],
    "metas": [
        {
            "codigo": 12,
            "numero": 11,
            "titulo": "Cidades e Comunidades Sustent\u00e1veis",
            "objetivo": "Tornar as cidades e os assentamentos humanos inclusivos, seguros, resilientes e sustent\u00e1veis",
            "imagem_url": "12.jpg",
            "link": "http://www.agenda2030.org.br/ods/11/"
        }
    ],
    "eixos": [
        {
            "codigo": 13,
            "descricao": "Melhor Mobilidade, Menor Tr\u00e1fego"
        }
    ],
    "valores": [
        {
            "codigo": 3908,
            "data": "2018-12-31 00:00:00",
            "valor": "51.00",
            "descricao": null
        },
        {
            "codigo": 4451,
            "data": "2019-12-31 00:00:00",
            "valor": "51.00",
            "descricao": null
        },
        {
            "codigo": 5048,
            "data": "2020-12-31 00:00:00",
            "valor": "51.00",
            "descricao": null
        },
        {
            "codigo": 5589,
            "data": "2021-12-31 00:00:00",
            "valor": "51.00",
            "descricao": null
        },
        {
            "codigo": 7011,
            "data": "2023-12-31 00:00:00",
            "valor": "51.00",
            "descricao": null
        }
    ]
}