codigo;nome;descricao;fonte;tipoValor;id_orgao;sigla_orgao;tipo_orgao;valores_codigo;valores_data;valores_valor;valores_descricao
4868;População total do município;População total do município - Cidades Sustentáveis - IBGE;IBGE;I;4681;SEFIN;secretarias;1531;2013-12-31 00:00:00;433153.00;
4868;População total do município;População total do município - Cidades Sustentáveis - IBGE;IBGE;I;4681;SEFIN;secretarias;1532;2014-12-31 00:00:00;433565.00;
4868;População total do município;População total do município - Cidades Sustentáveis - IBGE;IBGE;I;4681;SEFIN;secretarias;1533;2017-12-31 00:00:00;434742.00;
4868;População total do município;População total do município - Cidades Sustentáveis - IBGE;IBGE;I;4681;SEFIN;secretarias;1534;2015-12-31 00:00:00;433966.00;
4868;População total do município;População total do município - Cidades Sustentáveis - IBGE;IBGE;I;4681;SEFIN;secretarias;1535;2016-12-31 00:00:00;434359.00;
4868;População total do município;População total do município - Cidades Sustentáveis - IBGE;IBGE;I;4681;SEFIN;secretarias;3693;2018-12-31 00:00:00;432957.00;
4868;População total do município;População total do município - Cidades Sustentáveis - IBGE;IBGE;I;4681;SEFIN;secretarias;4143;2019-12-31 00:00:00;433311.00;
4868;População total do município;População total do município - Cidades Sustentáveis - IBGE;IBGE;I;4681;SEFIN;secretarias;5052;2020-12-31 00:00:00;433656.00;
4868;População total do município;População total do município - Cidades Sustentáveis - IBGE;IBGE;I;4681;SEFIN;secretarias;6021;2021-12-30 00:00:00;433991.00;
4868;População total do município;População total do município - Cidades Sustentáveis - IBGE;IBGE;I;4681;SEFIN;secretarias;6897;2022-12-31 00:00:00;418608.00;
4868;População total do município;População total do município - Cidades Sustentáveis - IBGE;IBGE;I;4681;SEFIN;secretarias;7536;2023-12-31 00:00:00;418608.00;
