codigo;nome;descricao;fonte;tipoValor;id_orgao;sigla_orgao;tipo_orgao;valores_codigo;valores_data;valores_valor;valores_descricao
4869;População total de mulheres no município;"População total de mulheres no município - Cidades Sustentáveis - Indicador ""Homicídios de mulheres""";IBGE - CENSO;I;779;SESEG;secretarias;1536;2016-12-31 00:00:00;227488.00;
4869;População total de mulheres no município;"População total de mulheres no município - Cidades Sustentáveis - Indicador ""Homicídios de mulheres""";IBGE - CENSO;I;779;SESEG;secretarias;1537;2013-12-31 00:00:00;227488.00;
4869;População total de mulheres no município;"População total de mulheres no município - Cidades Sustentáveis - Indicador ""Homicídios de mulheres""";IBGE - CENSO;I;779;SESEG;secretarias;1538;2015-12-31 00:00:00;227488.00;
4869;População total de mulheres no município;"População total de mulheres no município - Cidades Sustentáveis - Indicador ""Homicídios de mulheres""";IBGE - CENSO;I;779;SESEG;secretarias;1539;2014-12-31 00:00:00;227488.00;
4869;População total de mulheres no município;"População total de mulheres no município - Cidades Sustentáveis - Indicador ""Homicídios de mulheres""";IBGE - CENSO;I;779;SESEG;secretarias;3743;2018-12-31 00:00:00;227488.00;
4869;População total de mulheres no município;"População total de mulheres no município - Cidades Sustentáveis - Indicador ""Homicídios de mulheres""";IBGE - CENSO;I;779;SESEG;secretarias;4352;2019-12-31 00:00:00;227488.00;
4869;População total de mulheres no município;"População total de mulheres no município - Cidades Sustentáveis - Indicador ""Homicídios de mulheres""";IBGE - CENSO;I;779;SESEG;secretarias;4826;2020-12-31 00:00:00;227488.00;
4869;População total de mulheres no município;"População total de mulheres no município - Cidades Sustentáveis - Indicador ""Homicídios de mulheres""";IBGE - CENSO;I;779;SESEG;secretarias;5242;2017-12-31 00:00:00;227488.00;
4869;População total de mulheres no município;"População total de mulheres no município - Cidades Sustentáveis - Indicador ""Homicídios de mulheres""";IBGE - CENSO;I;779;SESEG;secretarias;5385;2021-12-31 00:00:00;227488.00;
4869;População total de mulheres no município;"População total de mulheres no município - Cidades Sustentáveis - Indicador ""Homicídios de mulheres""";IBGE - CENSO;I;779;SESEG;secretarias;6576;2022-12-31 00:00:00;227488.00;
