codigo;nome;descricao;fonte;tipoValor;id_orgao;sigla_orgao;tipo_orgao;valores_codigo;valores_data;valores_valor;valores_descricao
4871;Total de analfabetos com 15 anos ou mais;Total de analfabetos com 15 anos ou mais - Cidades Sustentaveis - IBGE;IBGE;I;2907;SEDUC;secretarias;1545;2016-12-31 00:00:00;7751.00;
4871;Total de analfabetos com 15 anos ou mais;Total de analfabetos com 15 anos ou mais - Cidades Sustentaveis - IBGE;IBGE;I;2907;SEDUC;secretarias;1546;2017-08-31 00:00:00;7751.00;
4871;Total de analfabetos com 15 anos ou mais;Total de analfabetos com 15 anos ou mais - Cidades Sustentaveis - IBGE;IBGE;I;2907;SEDUC;secretarias;1547;2017-12-31 00:00:00;7751.00;
4871;Total de analfabetos com 15 anos ou mais;Total de analfabetos com 15 anos ou mais - Cidades Sustentaveis - IBGE;IBGE;I;2907;SEDUC;secretarias;1548;2013-12-31 00:00:00;7751.00;
4871;Total de analfabetos com 15 anos ou mais;Total de analfabetos com 15 anos ou mais - Cidades Sustentaveis - IBGE;IBGE;I;2907;SEDUC;secretarias;1549;2015-12-31 00:00:00;7751.00;
4871;Total de analfabetos com 15 anos ou mais;Total de analfabetos com 15 anos ou mais - Cidades Sustentaveis - IBGE;IBGE;I;2907;SEDUC;secretarias;1550;2014-12-31 00:00:00;7751.00;
4871;Total de analfabetos com 15 anos ou mais;Total de analfabetos com 15 anos ou mais - Cidades Sustentaveis - IBGE;IBGE;I;2907;SEDUC;secretarias;3710;2018-12-31 00:00:00;7751.00;
4871;Total de analfabetos com 15 anos ou mais;Total de analfabetos com 15 anos ou mais - Cidades Sustentaveis - IBGE;IBGE;I;2907;SEDUC;secretarias;4137;2019-12-31 00:00:00;7751.00;
4871;Total de analfabetos com 15 anos ou mais;Total de analfabetos com 15 anos ou mais - Cidades Sustentaveis - IBGE;IBGE;I;2907;SEDUC;secretarias;5112;2020-12-31 00:00:00;7751.00;
4871;Total de analfabetos com 15 anos ou mais;Total de analfabetos com 15 anos ou mais - Cidades Sustentaveis - IBGE;IBGE;I;2907;SEDUC;secretarias;5458;2021-12-21 00:00:00;7751.00;
4871;Total de analfabetos com 15 anos ou mais;Total de analfabetos com 15 anos ou mais - Cidades Sustentaveis - IBGE;IBGE;I;2907;SEDUC;secretarias;6460;2022-12-31 00:00:00;7751.00;
4871;Total de analfabetos com 15 anos ou mais;Total de analfabetos com 15 anos ou mais - Cidades Sustentaveis - IBGE;IBGE;I;2907;SEDUC;secretarias;7105;2023-12-31 00:00:00;7751.00;
