codigo;nome;descricao;fonte;tipoValor;id_orgao;sigla_orgao;tipo_orgao;valores_codigo;valores_data;valores_valor;valores_descricao
4886;Número de mortes causadas por desastres socioambientais;"Número de mortes causadas por desastres socioambientais - Cidades Sustentáveis - Indicador ""Mortes por desastres socioambientais""";SESEG - SECRETARIA MUNICIPAL DE SEGURANÇA / DGCM;I;779;SESEG;secretarias;1621;2014-12-31 00:00:00;0.00;
4886;Número de mortes causadas por desastres socioambientais;"Número de mortes causadas por desastres socioambientais - Cidades Sustentáveis - Indicador ""Mortes por desastres socioambientais""";SESEG - SECRETARIA MUNICIPAL DE SEGURANÇA / DGCM;I;779;SESEG;secretarias;1622;2015-12-31 00:00:00;0.00;
4886;Número de mortes causadas por desastres socioambientais;"Número de mortes causadas por desastres socioambientais - Cidades Sustentáveis - Indicador ""Mortes por desastres socioambientais""";SESEG - SECRETARIA MUNICIPAL DE SEGURANÇA / DGCM;I;779;SESEG;secretarias;1623;2016-12-31 00:00:00;0.00;
4886;Número de mortes causadas por desastres socioambientais;"Número de mortes causadas por desastres socioambientais - Cidades Sustentáveis - Indicador ""Mortes por desastres socioambientais""";SESEG - SECRETARIA MUNICIPAL DE SEGURANÇA / DGCM;I;779;SESEG;secretarias;1624;2013-12-31 00:00:00;0.00;
4886;Número de mortes causadas por desastres socioambientais;"Número de mortes causadas por desastres socioambientais - Cidades Sustentáveis - Indicador ""Mortes por desastres socioambientais""";SESEG - SECRETARIA MUNICIPAL DE SEGURANÇA / DGCM;I;779;SESEG;secretarias;3767;2018-12-31 00:00:00;0.00;
4886;Número de mortes causadas por desastres socioambientais;"Número de mortes causadas por desastres socioambientais - Cidades Sustentáveis - Indicador ""Mortes por desastres socioambientais""";SESEG - SECRETARIA MUNICIPAL DE SEGURANÇA / DGCM;I;779;SESEG;secretarias;4407;2019-12-31 00:00:00;0.00;
4886;Número de mortes causadas por desastres socioambientais;"Número de mortes causadas por desastres socioambientais - Cidades Sustentáveis - Indicador ""Mortes por desastres socioambientais""";SESEG - SECRETARIA MUNICIPAL DE SEGURANÇA / DGCM;I;779;SESEG;secretarias;4871;2020-12-31 00:00:00;8.00;
4886;Número de mortes causadas por desastres socioambientais;"Número de mortes causadas por desastres socioambientais - Cidades Sustentáveis - Indicador ""Mortes por desastres socioambientais""";SESEG - SECRETARIA MUNICIPAL DE SEGURANÇA / DGCM;I;779;SESEG;secretarias;5247;2017-12-31 00:00:00;0.00;
4886;Número de mortes causadas por desastres socioambientais;"Número de mortes causadas por desastres socioambientais - Cidades Sustentáveis - Indicador ""Mortes por desastres socioambientais""";SESEG - SECRETARIA MUNICIPAL DE SEGURANÇA / DGCM;I;779;SESEG;secretarias;5496;2021-12-31 00:00:00;0.00;
4886;Número de mortes causadas por desastres socioambientais;"Número de mortes causadas por desastres socioambientais - Cidades Sustentáveis - Indicador ""Mortes por desastres socioambientais""";SESEG - SECRETARIA MUNICIPAL DE SEGURANÇA / DGCM;I;779;SESEG;secretarias;6592;2022-12-31 00:00:00;0.00;
