codigo;nome;descricao;fonte;tipoValor;id_orgao;sigla_orgao;tipo_orgao;valores_codigo;valores_data;valores_valor;valores_descricao
4887;Produto Interno Bruto (PIB) do município;Produto Interno Bruto (PIB) do município - Cidades Sustentaveis;Sefin;D;4681;SEFIN;secretarias;1625;2013-12-31 00:00:00;18871519000.00;
4887;Produto Interno Bruto (PIB) do município;Produto Interno Bruto (PIB) do município - Cidades Sustentaveis;Sefin;D;4681;SEFIN;secretarias;1626;2017-12-31 00:00:00;19965591560.00;
4887;Produto Interno Bruto (PIB) do município;Produto Interno Bruto (PIB) do município - Cidades Sustentaveis;Sefin;D;4681;SEFIN;secretarias;1627;2014-12-31 00:00:00;20147782000.00;
4887;Produto Interno Bruto (PIB) do município;Produto Interno Bruto (PIB) do município - Cidades Sustentaveis;Sefin;D;4681;SEFIN;secretarias;1628;2016-12-31 00:00:00;20147782000.00;
4887;Produto Interno Bruto (PIB) do município;Produto Interno Bruto (PIB) do município - Cidades Sustentaveis;Sefin;D;4681;SEFIN;secretarias;1629;2015-12-31 00:00:00;20049770180.00;
4887;Produto Interno Bruto (PIB) do município;Produto Interno Bruto (PIB) do município - Cidades Sustentaveis;Sefin;D;4681;SEFIN;secretarias;3581;2018-12-31 00:00:00;21954556740.00;
4887;Produto Interno Bruto (PIB) do município;Produto Interno Bruto (PIB) do município - Cidades Sustentaveis;Sefin;D;4681;SEFIN;secretarias;4533;2019-12-31 00:00:00;22476386143.44;
4887;Produto Interno Bruto (PIB) do município;Produto Interno Bruto (PIB) do município - Cidades Sustentaveis;Sefin;D;4681;SEFIN;secretarias;5429;2021-12-31 00:00:00;22753121.09;
4887;Produto Interno Bruto (PIB) do município;Produto Interno Bruto (PIB) do município - Cidades Sustentaveis;Sefin;D;4681;SEFIN;secretarias;7594;2023-12-31 00:00:00;24090173.10;
