codigo;nome;descricao;fonte;tipoValor;id_orgao;sigla_orgao;tipo_orgao;valores_codigo;valores_data;valores_valor;valores_descricao
4888;Nota do Índice de Desenvolvimento da Educação Básica (IDEB) - Rede municipal - anos finais;Nota do Índice de Desenvolvimento da Educação Básica (IDEB) - Rede municipal - anos finais - Cidades Sustentaveis;Seduc;D;2907;SEDUC;secretarias;1630;2013-08-31 00:00:00;4.10;
4888;Nota do Índice de Desenvolvimento da Educação Básica (IDEB) - Rede municipal - anos finais;Nota do Índice de Desenvolvimento da Educação Básica (IDEB) - Rede municipal - anos finais - Cidades Sustentaveis;Seduc;D;2907;SEDUC;secretarias;1631;2014-08-31 00:00:00;4.10;
4888;Nota do Índice de Desenvolvimento da Educação Básica (IDEB) - Rede municipal - anos finais;Nota do Índice de Desenvolvimento da Educação Básica (IDEB) - Rede municipal - anos finais - Cidades Sustentaveis;Seduc;D;2907;SEDUC;secretarias;1632;2015-08-31 00:00:00;5.00;
4888;Nota do Índice de Desenvolvimento da Educação Básica (IDEB) - Rede municipal - anos finais;Nota do Índice de Desenvolvimento da Educação Básica (IDEB) - Rede municipal - anos finais - Cidades Sustentaveis;Seduc;D;2907;SEDUC;secretarias;1633;2017-12-31 00:00:00;5.00;
4888;Nota do Índice de Desenvolvimento da Educação Básica (IDEB) - Rede municipal - anos finais;Nota do Índice de Desenvolvimento da Educação Básica (IDEB) - Rede municipal - anos finais - Cidades Sustentaveis;Seduc;D;2907;SEDUC;secretarias;1634;2017-08-31 00:00:00;5.00;
4888;Nota do Índice de Desenvolvimento da Educação Básica (IDEB) - Rede municipal - anos finais;Nota do Índice de Desenvolvimento da Educação Básica (IDEB) - Rede municipal - anos finais - Cidades Sustentaveis;Seduc;D;2907;SEDUC;secretarias;1635;2016-12-31 00:00:00;5.00;
4888;Nota do Índice de Desenvolvimento da Educação Básica (IDEB) - Rede municipal - anos finais;Nota do Índice de Desenvolvimento da Educação Básica (IDEB) - Rede municipal - anos finais - Cidades Sustentaveis;Seduc;D;2907;SEDUC;secretarias;3711;2018-12-31 00:00:00;5.00;
4888;Nota do Índice de Desenvolvimento da Educação Básica (IDEB) - Rede municipal - anos finais;Nota do Índice de Desenvolvimento da Educação Básica (IDEB) - Rede municipal - anos finais - Cidades Sustentaveis;Seduc;D;2907;SEDUC;secretarias;4422;2019-12-31 00:00:00;5.00;
4888;Nota do Índice de Desenvolvimento da Educação Básica (IDEB) - Rede municipal - anos finais;Nota do Índice de Desenvolvimento da Educação Básica (IDEB) - Rede municipal - anos finais - Cidades Sustentaveis;Seduc;D;2907;SEDUC;secretarias;4941;2020-12-31 00:00:00;5.10;
4888;Nota do Índice de Desenvolvimento da Educação Básica (IDEB) - Rede municipal - anos finais;Nota do Índice de Desenvolvimento da Educação Básica (IDEB) - Rede municipal - anos finais - Cidades Sustentaveis;Seduc;D;2907;SEDUC;secretarias;5565;2021-12-21 00:00:00;5.10;
4888;Nota do Índice de Desenvolvimento da Educação Básica (IDEB) - Rede municipal - anos finais;Nota do Índice de Desenvolvimento da Educação Básica (IDEB) - Rede municipal - anos finais - Cidades Sustentaveis;Seduc;D;2907;SEDUC;secretarias;6411;2022-12-31 00:00:00;5.30;
4888;Nota do Índice de Desenvolvimento da Educação Básica (IDEB) - Rede municipal - anos finais;Nota do Índice de Desenvolvimento da Educação Básica (IDEB) - Rede municipal - anos finais - Cidades Sustentaveis;Seduc;D;2907;SEDUC;secretarias;7031;2023-12-31 00:00:00;5.30;
