codigo;nome;descricao;fonte;tipoValor;id_orgao;sigla_orgao;tipo_orgao;valores_codigo;valores_data;valores_valor;valores_descricao
4889;Número de escolas públicas com esporte educacional no turno obrigatório;Número de escolas públicas com esporte educacional no turno obrigatório - Cidades Sustentaveis;Diretoria Regional de Ensino do Estado + Seduc;I;2907;SEDUC;secretarias;1636;2015-08-31 00:00:00;63.00;
4889;Número de escolas públicas com esporte educacional no turno obrigatório;Número de escolas públicas com esporte educacional no turno obrigatório - Cidades Sustentaveis;Diretoria Regional de Ensino do Estado + Seduc;I;2907;SEDUC;secretarias;1637;2017-12-31 00:00:00;65.00;
4889;Número de escolas públicas com esporte educacional no turno obrigatório;Número de escolas públicas com esporte educacional no turno obrigatório - Cidades Sustentaveis;Diretoria Regional de Ensino do Estado + Seduc;I;2907;SEDUC;secretarias;1638;2016-12-31 00:00:00;63.00;
4889;Número de escolas públicas com esporte educacional no turno obrigatório;Número de escolas públicas com esporte educacional no turno obrigatório - Cidades Sustentaveis;Diretoria Regional de Ensino do Estado + Seduc;I;2907;SEDUC;secretarias;1639;2013-08-31 00:00:00;62.00;
4889;Número de escolas públicas com esporte educacional no turno obrigatório;Número de escolas públicas com esporte educacional no turno obrigatório - Cidades Sustentaveis;Diretoria Regional de Ensino do Estado + Seduc;I;2907;SEDUC;secretarias;1640;2014-08-31 00:00:00;62.00;
4889;Número de escolas públicas com esporte educacional no turno obrigatório;Número de escolas públicas com esporte educacional no turno obrigatório - Cidades Sustentaveis;Diretoria Regional de Ensino do Estado + Seduc;I;2907;SEDUC;secretarias;3712;2018-12-31 00:00:00;65.00;
4889;Número de escolas públicas com esporte educacional no turno obrigatório;Número de escolas públicas com esporte educacional no turno obrigatório - Cidades Sustentaveis;Diretoria Regional de Ensino do Estado + Seduc;I;2907;SEDUC;secretarias;4492;2019-12-31 00:00:00;66.00;
4889;Número de escolas públicas com esporte educacional no turno obrigatório;Número de escolas públicas com esporte educacional no turno obrigatório - Cidades Sustentaveis;Diretoria Regional de Ensino do Estado + Seduc;I;2907;SEDUC;secretarias;4942;2020-12-31 00:00:00;68.00;
4889;Número de escolas públicas com esporte educacional no turno obrigatório;Número de escolas públicas com esporte educacional no turno obrigatório - Cidades Sustentaveis;Diretoria Regional de Ensino do Estado + Seduc;I;2907;SEDUC;secretarias;5593;2021-12-21 00:00:00;69.00;
4889;Número de escolas públicas com esporte educacional no turno obrigatório;Número de escolas públicas com esporte educacional no turno obrigatório - Cidades Sustentaveis;Diretoria Regional de Ensino do Estado + Seduc;I;2907;SEDUC;secretarias;6429;2022-12-31 00:00:00;94.00;
4889;Número de escolas públicas com esporte educacional no turno obrigatório;Número de escolas públicas com esporte educacional no turno obrigatório - Cidades Sustentaveis;Diretoria Regional de Ensino do Estado + Seduc;I;2907;SEDUC;secretarias;7065;2023-12-31 00:00:00;96.00;
