codigo;nome;descricao;fonte;tipoValor;id_orgao;sigla_orgao;tipo_orgao;valores_codigo;valores_data;valores_valor;valores_descricao
4890;Número total de escolas públicas no município;Número total de escolas públicas no município - Cidades Sustentaveis;Diretoria Regional de Ensino do Estado + Seduc;I;2907;SEDUC;secretarias;1641;2014-08-31 00:00:00;78.00;
4890;Número total de escolas públicas no município;Número total de escolas públicas no município - Cidades Sustentaveis;Diretoria Regional de Ensino do Estado + Seduc;I;2907;SEDUC;secretarias;1642;2016-12-31 00:00:00;81.00;
4890;Número total de escolas públicas no município;Número total de escolas públicas no município - Cidades Sustentaveis;Diretoria Regional de Ensino do Estado + Seduc;I;2907;SEDUC;secretarias;1643;2013-08-31 00:00:00;78.00;
4890;Número total de escolas públicas no município;Número total de escolas públicas no município - Cidades Sustentaveis;Diretoria Regional de Ensino do Estado + Seduc;I;2907;SEDUC;secretarias;1644;2017-12-31 00:00:00;81.00;
4890;Número total de escolas públicas no município;Número total de escolas públicas no município - Cidades Sustentaveis;Diretoria Regional de Ensino do Estado + Seduc;I;2907;SEDUC;secretarias;1645;2015-08-31 00:00:00;80.00;
4890;Número total de escolas públicas no município;Número total de escolas públicas no município - Cidades Sustentaveis;Diretoria Regional de Ensino do Estado + Seduc;I;2907;SEDUC;secretarias;3713;2018-12-31 00:00:00;81.00;
4890;Número total de escolas públicas no município;Número total de escolas públicas no município - Cidades Sustentaveis;Diretoria Regional de Ensino do Estado + Seduc;I;2907;SEDUC;secretarias;4423;2019-12-31 00:00:00;107.00;
4890;Número total de escolas públicas no município;Número total de escolas públicas no município - Cidades Sustentaveis;Diretoria Regional de Ensino do Estado + Seduc;I;2907;SEDUC;secretarias;4943;2020-12-31 00:00:00;110.00;
4890;Número total de escolas públicas no município;Número total de escolas públicas no município - Cidades Sustentaveis;Diretoria Regional de Ensino do Estado + Seduc;I;2907;SEDUC;secretarias;5594;2021-12-21 00:00:00;110.00;
4890;Número total de escolas públicas no município;Número total de escolas públicas no município - Cidades Sustentaveis;Diretoria Regional de Ensino do Estado + Seduc;I;2907;SEDUC;secretarias;6445;2022-12-31 00:00:00;732.00;
4890;Número total de escolas públicas no município;Número total de escolas públicas no município - Cidades Sustentaveis;Diretoria Regional de Ensino do Estado + Seduc;I;2907;SEDUC;secretarias;7086;2023-12-31 00:00:00;108.00;
