codigo;nome;descricao;fonte;tipoValor;id_orgao;sigla_orgao;tipo_orgao;valores_codigo;valores_data;valores_valor;valores_descricao
4891;Número de escolas públicas de ensino fundamental e médio com acesso à internet;Número de escolas públicas de ensino fundamental e médio com acesso à internet - Cidades Sustentaveis;Diretoria Regional de Ensino do Estado e Seduc;I;2907;SEDUC;secretarias;1646;2015-08-31 00:00:00;39.00;
4891;Número de escolas públicas de ensino fundamental e médio com acesso à internet;Número de escolas públicas de ensino fundamental e médio com acesso à internet - Cidades Sustentaveis;Diretoria Regional de Ensino do Estado e Seduc;I;2907;SEDUC;secretarias;1647;2014-08-31 00:00:00;39.00;
4891;Número de escolas públicas de ensino fundamental e médio com acesso à internet;Número de escolas públicas de ensino fundamental e médio com acesso à internet - Cidades Sustentaveis;Diretoria Regional de Ensino do Estado e Seduc;I;2907;SEDUC;secretarias;1648;2017-12-31 00:00:00;40.00;
4891;Número de escolas públicas de ensino fundamental e médio com acesso à internet;Número de escolas públicas de ensino fundamental e médio com acesso à internet - Cidades Sustentaveis;Diretoria Regional de Ensino do Estado e Seduc;I;2907;SEDUC;secretarias;1649;2013-08-31 00:00:00;39.00;
4891;Número de escolas públicas de ensino fundamental e médio com acesso à internet;Número de escolas públicas de ensino fundamental e médio com acesso à internet - Cidades Sustentaveis;Diretoria Regional de Ensino do Estado e Seduc;I;2907;SEDUC;secretarias;1650;2017-08-31 00:00:00;40.00;
4891;Número de escolas públicas de ensino fundamental e médio com acesso à internet;Número de escolas públicas de ensino fundamental e médio com acesso à internet - Cidades Sustentaveis;Diretoria Regional de Ensino do Estado e Seduc;I;2907;SEDUC;secretarias;1651;2016-12-31 00:00:00;40.00;
4891;Número de escolas públicas de ensino fundamental e médio com acesso à internet;Número de escolas públicas de ensino fundamental e médio com acesso à internet - Cidades Sustentaveis;Diretoria Regional de Ensino do Estado e Seduc;I;2907;SEDUC;secretarias;3714;2018-12-31 00:00:00;40.00;
4891;Número de escolas públicas de ensino fundamental e médio com acesso à internet;Número de escolas públicas de ensino fundamental e médio com acesso à internet - Cidades Sustentaveis;Diretoria Regional de Ensino do Estado e Seduc;I;2907;SEDUC;secretarias;4493;2019-12-31 00:00:00;65.00;
4891;Número de escolas públicas de ensino fundamental e médio com acesso à internet;Número de escolas públicas de ensino fundamental e médio com acesso à internet - Cidades Sustentaveis;Diretoria Regional de Ensino do Estado e Seduc;I;2907;SEDUC;secretarias;4944;2020-12-31 00:00:00;65.00;
4891;Número de escolas públicas de ensino fundamental e médio com acesso à internet;Número de escolas públicas de ensino fundamental e médio com acesso à internet - Cidades Sustentaveis;Diretoria Regional de Ensino do Estado e Seduc;I;2907;SEDUC;secretarias;5595;2021-12-21 00:00:00;108.00;
4891;Número de escolas públicas de ensino fundamental e médio com acesso à internet;Número de escolas públicas de ensino fundamental e médio com acesso à internet - Cidades Sustentaveis;Diretoria Regional de Ensino do Estado e Seduc;I;2907;SEDUC;secretarias;6430;2022-12-31 00:00:00;41.00;
4891;Número de escolas públicas de ensino fundamental e médio com acesso à internet;Número de escolas públicas de ensino fundamental e médio com acesso à internet - Cidades Sustentaveis;Diretoria Regional de Ensino do Estado e Seduc;I;2907;SEDUC;secretarias;7066;2023-12-31 00:00:00;108.00;
