codigo;nome;descricao;fonte;tipoValor;id_orgao;sigla_orgao;tipo_orgao;valores_codigo;valores_data;valores_valor;valores_descricao
4892;Número de indivíduos até 19 anos com ensino médio concluído;Número de indivíduos até 19 anos com ensino médio concluído - Cidades Sustentaveis;Diretoria Regional de Ensino do Estado;I;2907;SEDUC;secretarias;1652;2014-12-31 00:00:00;0.00;
4892;Número de indivíduos até 19 anos com ensino médio concluído;Número de indivíduos até 19 anos com ensino médio concluído - Cidades Sustentaveis;Diretoria Regional de Ensino do Estado;I;2907;SEDUC;secretarias;1653;2015-12-31 00:00:00;0.00;
4892;Número de indivíduos até 19 anos com ensino médio concluído;Número de indivíduos até 19 anos com ensino médio concluído - Cidades Sustentaveis;Diretoria Regional de Ensino do Estado;I;2907;SEDUC;secretarias;1654;2013-12-31 00:00:00;0.00;
4892;Número de indivíduos até 19 anos com ensino médio concluído;Número de indivíduos até 19 anos com ensino médio concluído - Cidades Sustentaveis;Diretoria Regional de Ensino do Estado;I;2907;SEDUC;secretarias;1655;2016-12-31 00:00:00;0.00;
4892;Número de indivíduos até 19 anos com ensino médio concluído;Número de indivíduos até 19 anos com ensino médio concluído - Cidades Sustentaveis;Diretoria Regional de Ensino do Estado;I;2907;SEDUC;secretarias;1656;2017-12-31 00:00:00;0.00;
4892;Número de indivíduos até 19 anos com ensino médio concluído;Número de indivíduos até 19 anos com ensino médio concluído - Cidades Sustentaveis;Diretoria Regional de Ensino do Estado;I;2907;SEDUC;secretarias;3715;2018-12-31 00:00:00;2455.00;
4892;Número de indivíduos até 19 anos com ensino médio concluído;Número de indivíduos até 19 anos com ensino médio concluído - Cidades Sustentaveis;Diretoria Regional de Ensino do Estado;I;2907;SEDUC;secretarias;4514;2019-12-31 00:00:00;2639.00;
4892;Número de indivíduos até 19 anos com ensino médio concluído;Número de indivíduos até 19 anos com ensino médio concluído - Cidades Sustentaveis;Diretoria Regional de Ensino do Estado;I;2907;SEDUC;secretarias;5203;2020-12-31 00:00:00;2908.00;
4892;Número de indivíduos até 19 anos com ensino médio concluído;Número de indivíduos até 19 anos com ensino médio concluído - Cidades Sustentaveis;Diretoria Regional de Ensino do Estado;I;2907;SEDUC;secretarias;5625;2021-12-21 00:00:00;2908.00;
4892;Número de indivíduos até 19 anos com ensino médio concluído;Número de indivíduos até 19 anos com ensino médio concluído - Cidades Sustentaveis;Diretoria Regional de Ensino do Estado;I;2907;SEDUC;secretarias;7068;2023-12-31 00:00:00;2908.00;
