codigo;nome;descricao;fonte;tipoValor;id_orgao;sigla_orgao;tipo_orgao;valores_codigo;valores_data;valores_valor;valores_descricao
4893;População até 19 anos;População até 19 anos - Cidades Sustentáveis - IBGE;Diretoria Regional de Ensino do Estado;I;2907;SEDUC;secretarias;1657;2017-12-31 00:00:00;94526.00;
4893;População até 19 anos;População até 19 anos - Cidades Sustentáveis - IBGE;Diretoria Regional de Ensino do Estado;I;2907;SEDUC;secretarias;1658;2013-12-31 00:00:00;97820.00;
4893;População até 19 anos;População até 19 anos - Cidades Sustentáveis - IBGE;Diretoria Regional de Ensino do Estado;I;2907;SEDUC;secretarias;1659;2016-12-31 00:00:00;97820.00;
4893;População até 19 anos;População até 19 anos - Cidades Sustentáveis - IBGE;Diretoria Regional de Ensino do Estado;I;2907;SEDUC;secretarias;1660;2015-12-31 00:00:00;97820.00;
4893;População até 19 anos;População até 19 anos - Cidades Sustentáveis - IBGE;Diretoria Regional de Ensino do Estado;I;2907;SEDUC;secretarias;1661;2014-12-31 00:00:00;97820.00;
4893;População até 19 anos;População até 19 anos - Cidades Sustentáveis - IBGE;Diretoria Regional de Ensino do Estado;I;2907;SEDUC;secretarias;3716;2018-12-31 00:00:00;94050.00;
4893;População até 19 anos;População até 19 anos - Cidades Sustentáveis - IBGE;Diretoria Regional de Ensino do Estado;I;2907;SEDUC;secretarias;4354;2019-12-31 00:00:00;94050.00;
4893;População até 19 anos;População até 19 anos - Cidades Sustentáveis - IBGE;Diretoria Regional de Ensino do Estado;I;2907;SEDUC;secretarias;5121;2020-12-31 00:00:00;93198.00;
4893;População até 19 anos;População até 19 anos - Cidades Sustentáveis - IBGE;Diretoria Regional de Ensino do Estado;I;2907;SEDUC;secretarias;5626;2021-12-21 00:00:00;93198.00;
4893;População até 19 anos;População até 19 anos - Cidades Sustentáveis - IBGE;Diretoria Regional de Ensino do Estado;I;2907;SEDUC;secretarias;6848;2022-12-31 00:00:00;81953.00;
4893;População até 19 anos;População até 19 anos - Cidades Sustentáveis - IBGE;Diretoria Regional de Ensino do Estado;I;2907;SEDUC;secretarias;7098;2023-12-31 00:00:00;81953.00;
