codigo;nome;descricao;fonte;tipoValor;id_orgao;sigla_orgao;tipo_orgao;valores_codigo;valores_data;valores_valor;valores_descricao
4894;Total de indivíduos de 4 a 17 anos na escola;Total de indivíduos de 4 a 17 anos na escola - Cidades Sustentáveis - IBGE;Diretoria Regional de Ensino do Estado + Seduc;I;2907;SEDUC;secretarias;1662;2015-12-31 00:00:00;64549.00;
4894;Total de indivíduos de 4 a 17 anos na escola;Total de indivíduos de 4 a 17 anos na escola - Cidades Sustentáveis - IBGE;Diretoria Regional de Ensino do Estado + Seduc;I;2907;SEDUC;secretarias;1663;2014-12-31 00:00:00;0.00;
4894;Total de indivíduos de 4 a 17 anos na escola;Total de indivíduos de 4 a 17 anos na escola - Cidades Sustentáveis - IBGE;Diretoria Regional de Ensino do Estado + Seduc;I;2907;SEDUC;secretarias;1664;2017-12-31 00:00:00;0.00;
4894;Total de indivíduos de 4 a 17 anos na escola;Total de indivíduos de 4 a 17 anos na escola - Cidades Sustentáveis - IBGE;Diretoria Regional de Ensino do Estado + Seduc;I;2907;SEDUC;secretarias;1665;2016-12-31 00:00:00;0.00;
4894;Total de indivíduos de 4 a 17 anos na escola;Total de indivíduos de 4 a 17 anos na escola - Cidades Sustentáveis - IBGE;Diretoria Regional de Ensino do Estado + Seduc;I;2907;SEDUC;secretarias;1666;2013-08-31 00:00:00;40210.00;
4894;Total de indivíduos de 4 a 17 anos na escola;Total de indivíduos de 4 a 17 anos na escola - Cidades Sustentáveis - IBGE;Diretoria Regional de Ensino do Estado + Seduc;I;2907;SEDUC;secretarias;3910;2018-12-31 00:00:00;64246.00;
4894;Total de indivíduos de 4 a 17 anos na escola;Total de indivíduos de 4 a 17 anos na escola - Cidades Sustentáveis - IBGE;Diretoria Regional de Ensino do Estado + Seduc;I;2907;SEDUC;secretarias;4355;2019-12-31 00:00:00;56064.00;
4894;Total de indivíduos de 4 a 17 anos na escola;Total de indivíduos de 4 a 17 anos na escola - Cidades Sustentáveis - IBGE;Diretoria Regional de Ensino do Estado + Seduc;I;2907;SEDUC;secretarias;4945;2020-12-31 00:00:00;25859.00;
4894;Total de indivíduos de 4 a 17 anos na escola;Total de indivíduos de 4 a 17 anos na escola - Cidades Sustentáveis - IBGE;Diretoria Regional de Ensino do Estado + Seduc;I;2907;SEDUC;secretarias;5454;2021-12-21 00:00:00;30511.00;
4894;Total de indivíduos de 4 a 17 anos na escola;Total de indivíduos de 4 a 17 anos na escola - Cidades Sustentáveis - IBGE;Diretoria Regional de Ensino do Estado + Seduc;I;2907;SEDUC;secretarias;6461;2022-12-31 00:00:00;23095.00;
4894;Total de indivíduos de 4 a 17 anos na escola;Total de indivíduos de 4 a 17 anos na escola - Cidades Sustentáveis - IBGE;Diretoria Regional de Ensino do Estado + Seduc;I;2907;SEDUC;secretarias;7106;2023-12-31 00:00:00;23095.00;
