codigo;nome;descricao;fonte;tipoValor;id_orgao;sigla_orgao;tipo_orgao;valores_codigo;valores_data;valores_valor;valores_descricao
4895;Número total de matrículas em pré-escolas municipais;Número total de matrículas em pré-escolas municipais - Cidades Sustentaveis;Seduc;I;2907;SEDUC;secretarias;1667;2013-08-31 00:00:00;3669.00;
4895;Número total de matrículas em pré-escolas municipais;Número total de matrículas em pré-escolas municipais - Cidades Sustentaveis;Seduc;I;2907;SEDUC;secretarias;1668;2014-08-31 00:00:00;3757.00;
4895;Número total de matrículas em pré-escolas municipais;Número total de matrículas em pré-escolas municipais - Cidades Sustentaveis;Seduc;I;2907;SEDUC;secretarias;1669;2015-08-31 00:00:00;3764.00;
4895;Número total de matrículas em pré-escolas municipais;Número total de matrículas em pré-escolas municipais - Cidades Sustentaveis;Seduc;I;2907;SEDUC;secretarias;1670;2017-12-31 00:00:00;3363.00;
4895;Número total de matrículas em pré-escolas municipais;Número total de matrículas em pré-escolas municipais - Cidades Sustentaveis;Seduc;I;2907;SEDUC;secretarias;1671;2016-12-31 00:00:00;4132.00;
4895;Número total de matrículas em pré-escolas municipais;Número total de matrículas em pré-escolas municipais - Cidades Sustentaveis;Seduc;I;2907;SEDUC;secretarias;3717;2018-12-31 00:00:00;4103.00;
4895;Número total de matrículas em pré-escolas municipais;Número total de matrículas em pré-escolas municipais - Cidades Sustentaveis;Seduc;I;2907;SEDUC;secretarias;4356;2019-12-31 00:00:00;4158.00;
4895;Número total de matrículas em pré-escolas municipais;Número total de matrículas em pré-escolas municipais - Cidades Sustentaveis;Seduc;I;2907;SEDUC;secretarias;4947;2020-12-31 00:00:00;4243.00;
4895;Número total de matrículas em pré-escolas municipais;Número total de matrículas em pré-escolas municipais - Cidades Sustentaveis;Seduc;I;2907;SEDUC;secretarias;5561;2021-12-21 00:00:00;3747.00;
4895;Número total de matrículas em pré-escolas municipais;Número total de matrículas em pré-escolas municipais - Cidades Sustentaveis;Seduc;I;2907;SEDUC;secretarias;6449;2022-12-31 00:00:00;3701.00;
4895;Número total de matrículas em pré-escolas municipais;Número total de matrículas em pré-escolas municipais - Cidades Sustentaveis;Seduc;I;2907;SEDUC;secretarias;7093;2023-12-31 00:00:00;3517.00;
