codigo;nome;descricao;fonte;tipoValor;id_orgao;sigla_orgao;tipo_orgao;valores_codigo;valores_data;valores_valor;valores_descricao
4897;Número total de inscritos em pré-escolas (matrículas efetuadas + vagas solicitadas);Número total de inscritos em pré-escolas (matrículas efetuadas + vagas solicitadas) - Cidades Sustentaveis;Seduc;I;2907;SEDUC;secretarias;1677;2014-08-31 00:00:00;3760.00;
4897;Número total de inscritos em pré-escolas (matrículas efetuadas + vagas solicitadas);Número total de inscritos em pré-escolas (matrículas efetuadas + vagas solicitadas) - Cidades Sustentaveis;Seduc;I;2907;SEDUC;secretarias;1678;2017-12-31 00:00:00;3363.00;
4897;Número total de inscritos em pré-escolas (matrículas efetuadas + vagas solicitadas);Número total de inscritos em pré-escolas (matrículas efetuadas + vagas solicitadas) - Cidades Sustentaveis;Seduc;I;2907;SEDUC;secretarias;1679;2015-08-31 00:00:00;3777.00;
4897;Número total de inscritos em pré-escolas (matrículas efetuadas + vagas solicitadas);Número total de inscritos em pré-escolas (matrículas efetuadas + vagas solicitadas) - Cidades Sustentaveis;Seduc;I;2907;SEDUC;secretarias;1680;2016-12-31 00:00:00;4132.00;
4897;Número total de inscritos em pré-escolas (matrículas efetuadas + vagas solicitadas);Número total de inscritos em pré-escolas (matrículas efetuadas + vagas solicitadas) - Cidades Sustentaveis;Seduc;I;2907;SEDUC;secretarias;1681;2013-08-31 00:00:00;3677.00;
4897;Número total de inscritos em pré-escolas (matrículas efetuadas + vagas solicitadas);Número total de inscritos em pré-escolas (matrículas efetuadas + vagas solicitadas) - Cidades Sustentaveis;Seduc;I;2907;SEDUC;secretarias;3831;2018-12-31 00:00:00;4103.00;
4897;Número total de inscritos em pré-escolas (matrículas efetuadas + vagas solicitadas);Número total de inscritos em pré-escolas (matrículas efetuadas + vagas solicitadas) - Cidades Sustentaveis;Seduc;I;2907;SEDUC;secretarias;4357;2019-12-31 00:00:00;4165.00;
4897;Número total de inscritos em pré-escolas (matrículas efetuadas + vagas solicitadas);Número total de inscritos em pré-escolas (matrículas efetuadas + vagas solicitadas) - Cidades Sustentaveis;Seduc;I;2907;SEDUC;secretarias;4946;2020-12-31 00:00:00;4591.00;
4897;Número total de inscritos em pré-escolas (matrículas efetuadas + vagas solicitadas);Número total de inscritos em pré-escolas (matrículas efetuadas + vagas solicitadas) - Cidades Sustentaveis;Seduc;I;2907;SEDUC;secretarias;5562;2021-12-21 00:00:00;3747.00;
4897;Número total de inscritos em pré-escolas (matrículas efetuadas + vagas solicitadas);Número total de inscritos em pré-escolas (matrículas efetuadas + vagas solicitadas) - Cidades Sustentaveis;Seduc;I;2907;SEDUC;secretarias;6447;2022-12-31 00:00:00;5423.00;
4897;Número total de inscritos em pré-escolas (matrículas efetuadas + vagas solicitadas);Número total de inscritos em pré-escolas (matrículas efetuadas + vagas solicitadas) - Cidades Sustentaveis;Seduc;I;2907;SEDUC;secretarias;7360;2023-12-31 00:00:00;5605.00;
