codigo;nome;descricao;fonte;tipoValor;id_orgao;sigla_orgao;tipo_orgao;valores_codigo;valores_data;valores_valor;valores_descricao
4898;Número total de matrículas no ensino fundamental em escolas públicas municipais e estaduais;Número total de matrículas no ensino fundamental em escolas públicas municipais e estaduais - Cidades Sustentaveis;Diretoria Regional de Ensino do Estado e Seduc;I;2907;SEDUC;secretarias;1682;2017-12-31 00:00:00;18796.00;
4898;Número total de matrículas no ensino fundamental em escolas públicas municipais e estaduais;Número total de matrículas no ensino fundamental em escolas públicas municipais e estaduais - Cidades Sustentaveis;Diretoria Regional de Ensino do Estado e Seduc;I;2907;SEDUC;secretarias;1683;2014-08-31 00:00:00;19025.00;
4898;Número total de matrículas no ensino fundamental em escolas públicas municipais e estaduais;Número total de matrículas no ensino fundamental em escolas públicas municipais e estaduais - Cidades Sustentaveis;Diretoria Regional de Ensino do Estado e Seduc;I;2907;SEDUC;secretarias;1684;2015-08-31 00:00:00;19191.00;
4898;Número total de matrículas no ensino fundamental em escolas públicas municipais e estaduais;Número total de matrículas no ensino fundamental em escolas públicas municipais e estaduais - Cidades Sustentaveis;Diretoria Regional de Ensino do Estado e Seduc;I;2907;SEDUC;secretarias;1685;2016-12-31 00:00:00;19302.00;
4898;Número total de matrículas no ensino fundamental em escolas públicas municipais e estaduais;Número total de matrículas no ensino fundamental em escolas públicas municipais e estaduais - Cidades Sustentaveis;Diretoria Regional de Ensino do Estado e Seduc;I;2907;SEDUC;secretarias;1686;2013-08-31 00:00:00;19161.00;
4898;Número total de matrículas no ensino fundamental em escolas públicas municipais e estaduais;Número total de matrículas no ensino fundamental em escolas públicas municipais e estaduais - Cidades Sustentaveis;Diretoria Regional de Ensino do Estado e Seduc;I;2907;SEDUC;secretarias;3718;2018-12-31 00:00:00;19284.00;
4898;Número total de matrículas no ensino fundamental em escolas públicas municipais e estaduais;Número total de matrículas no ensino fundamental em escolas públicas municipais e estaduais - Cidades Sustentaveis;Diretoria Regional de Ensino do Estado e Seduc;I;2907;SEDUC;secretarias;4358;2019-12-31 00:00:00;26956.00;
4898;Número total de matrículas no ensino fundamental em escolas públicas municipais e estaduais;Número total de matrículas no ensino fundamental em escolas públicas municipais e estaduais - Cidades Sustentaveis;Diretoria Regional de Ensino do Estado e Seduc;I;2907;SEDUC;secretarias;4948;2020-12-31 00:00:00;19440.00;
4898;Número total de matrículas no ensino fundamental em escolas públicas municipais e estaduais;Número total de matrículas no ensino fundamental em escolas públicas municipais e estaduais - Cidades Sustentaveis;Diretoria Regional de Ensino do Estado e Seduc;I;2907;SEDUC;secretarias;5598;2021-12-21 00:00:00;25979.00;
4898;Número total de matrículas no ensino fundamental em escolas públicas municipais e estaduais;Número total de matrículas no ensino fundamental em escolas públicas municipais e estaduais - Cidades Sustentaveis;Diretoria Regional de Ensino do Estado e Seduc;I;2907;SEDUC;secretarias;6451;2022-12-31 00:00:00;45296.00;
4898;Número total de matrículas no ensino fundamental em escolas públicas municipais e estaduais;Número total de matrículas no ensino fundamental em escolas públicas municipais e estaduais - Cidades Sustentaveis;Diretoria Regional de Ensino do Estado e Seduc;I;2907;SEDUC;secretarias;7094;2023-12-31 00:00:00;25508.00;
