codigo;nome;descricao;fonte;tipoValor;id_orgao;sigla_orgao;tipo_orgao;valores_codigo;valores_data;valores_valor;valores_descricao
4899;Número total de inscritos no ensino fundamental (matrículas efetuadas + vagas solicitadas);Número total de inscritos no ensino fundamental (matrículas efetuadas + vagas solicitadas) - Cidades Sustentaveis;Diretoria Regional de Ensino do Estado e Seduc;I;2907;SEDUC;secretarias;1687;2017-12-31 00:00:00;18796.00;
4899;Número total de inscritos no ensino fundamental (matrículas efetuadas + vagas solicitadas);Número total de inscritos no ensino fundamental (matrículas efetuadas + vagas solicitadas) - Cidades Sustentaveis;Diretoria Regional de Ensino do Estado e Seduc;I;2907;SEDUC;secretarias;1688;2015-08-31 00:00:00;19191.00;
4899;Número total de inscritos no ensino fundamental (matrículas efetuadas + vagas solicitadas);Número total de inscritos no ensino fundamental (matrículas efetuadas + vagas solicitadas) - Cidades Sustentaveis;Diretoria Regional de Ensino do Estado e Seduc;I;2907;SEDUC;secretarias;1689;2014-08-31 00:00:00;19025.00;
4899;Número total de inscritos no ensino fundamental (matrículas efetuadas + vagas solicitadas);Número total de inscritos no ensino fundamental (matrículas efetuadas + vagas solicitadas) - Cidades Sustentaveis;Diretoria Regional de Ensino do Estado e Seduc;I;2907;SEDUC;secretarias;1690;2016-12-31 00:00:00;19302.00;
4899;Número total de inscritos no ensino fundamental (matrículas efetuadas + vagas solicitadas);Número total de inscritos no ensino fundamental (matrículas efetuadas + vagas solicitadas) - Cidades Sustentaveis;Diretoria Regional de Ensino do Estado e Seduc;I;2907;SEDUC;secretarias;1691;2013-08-31 00:00:00;19161.00;
4899;Número total de inscritos no ensino fundamental (matrículas efetuadas + vagas solicitadas);Número total de inscritos no ensino fundamental (matrículas efetuadas + vagas solicitadas) - Cidades Sustentaveis;Diretoria Regional de Ensino do Estado e Seduc;I;2907;SEDUC;secretarias;3911;2018-12-31 00:00:00;19284.00;
4899;Número total de inscritos no ensino fundamental (matrículas efetuadas + vagas solicitadas);Número total de inscritos no ensino fundamental (matrículas efetuadas + vagas solicitadas) - Cidades Sustentaveis;Diretoria Regional de Ensino do Estado e Seduc;I;2907;SEDUC;secretarias;4359;2019-12-31 00:00:00;26956.00;
4899;Número total de inscritos no ensino fundamental (matrículas efetuadas + vagas solicitadas);Número total de inscritos no ensino fundamental (matrículas efetuadas + vagas solicitadas) - Cidades Sustentaveis;Diretoria Regional de Ensino do Estado e Seduc;I;2907;SEDUC;secretarias;4949;2020-12-31 00:00:00;21283.00;
4899;Número total de inscritos no ensino fundamental (matrículas efetuadas + vagas solicitadas);Número total de inscritos no ensino fundamental (matrículas efetuadas + vagas solicitadas) - Cidades Sustentaveis;Diretoria Regional de Ensino do Estado e Seduc;I;2907;SEDUC;secretarias;5627;2021-12-21 00:00:00;25979.00;
4899;Número total de inscritos no ensino fundamental (matrículas efetuadas + vagas solicitadas);Número total de inscritos no ensino fundamental (matrículas efetuadas + vagas solicitadas) - Cidades Sustentaveis;Diretoria Regional de Ensino do Estado e Seduc;I;2907;SEDUC;secretarias;6448;2022-12-31 00:00:00;19400.00;
4899;Número total de inscritos no ensino fundamental (matrículas efetuadas + vagas solicitadas);Número total de inscritos no ensino fundamental (matrículas efetuadas + vagas solicitadas) - Cidades Sustentaveis;Diretoria Regional de Ensino do Estado e Seduc;I;2907;SEDUC;secretarias;7089;2023-12-31 00:00:00;25508.00;
