codigo;nome;descricao;fonte;tipoValor;id_orgao;sigla_orgao;tipo_orgao;valores_codigo;valores_data;valores_valor;valores_descricao
4900;Número total de matrículas no ensino médio em escolas públicas municipais e estaduais;Número total de matrículas no ensino médio em escolas públicas municipais e estaduais - Cidades Sustentaveis;Diretoria Regional de Ensino do Estado;I;2907;SEDUC;secretarias;1692;2013-08-31 00:00:00;10094.00;
4900;Número total de matrículas no ensino médio em escolas públicas municipais e estaduais;Número total de matrículas no ensino médio em escolas públicas municipais e estaduais - Cidades Sustentaveis;Diretoria Regional de Ensino do Estado;I;2907;SEDUC;secretarias;1693;2016-12-31 00:00:00;0.00;
4900;Número total de matrículas no ensino médio em escolas públicas municipais e estaduais;Número total de matrículas no ensino médio em escolas públicas municipais e estaduais - Cidades Sustentaveis;Diretoria Regional de Ensino do Estado;I;2907;SEDUC;secretarias;1694;2015-08-31 00:00:00;9262.00;
4900;Número total de matrículas no ensino médio em escolas públicas municipais e estaduais;Número total de matrículas no ensino médio em escolas públicas municipais e estaduais - Cidades Sustentaveis;Diretoria Regional de Ensino do Estado;I;2907;SEDUC;secretarias;1695;2014-08-31 00:00:00;10188.00;
4900;Número total de matrículas no ensino médio em escolas públicas municipais e estaduais;Número total de matrículas no ensino médio em escolas públicas municipais e estaduais - Cidades Sustentaveis;Diretoria Regional de Ensino do Estado;I;2907;SEDUC;secretarias;1696;2017-12-31 00:00:00;0.00;
4900;Número total de matrículas no ensino médio em escolas públicas municipais e estaduais;Número total de matrículas no ensino médio em escolas públicas municipais e estaduais - Cidades Sustentaveis;Diretoria Regional de Ensino do Estado;I;2907;SEDUC;secretarias;3761;2018-12-31 00:00:00;14294.00;
4900;Número total de matrículas no ensino médio em escolas públicas municipais e estaduais;Número total de matrículas no ensino médio em escolas públicas municipais e estaduais - Cidades Sustentaveis;Diretoria Regional de Ensino do Estado;I;2907;SEDUC;secretarias;4360;2019-12-31 00:00:00;11732.00;
4900;Número total de matrículas no ensino médio em escolas públicas municipais e estaduais;Número total de matrículas no ensino médio em escolas públicas municipais e estaduais - Cidades Sustentaveis;Diretoria Regional de Ensino do Estado;I;2907;SEDUC;secretarias;5207;2020-12-31 00:00:00;12211.00;
4900;Número total de matrículas no ensino médio em escolas públicas municipais e estaduais;Número total de matrículas no ensino médio em escolas públicas municipais e estaduais - Cidades Sustentaveis;Diretoria Regional de Ensino do Estado;I;2907;SEDUC;secretarias;5628;2021-12-21 00:00:00;12211.00;
4900;Número total de matrículas no ensino médio em escolas públicas municipais e estaduais;Número total de matrículas no ensino médio em escolas públicas municipais e estaduais - Cidades Sustentaveis;Diretoria Regional de Ensino do Estado;I;2907;SEDUC;secretarias;6847;2022-12-31 00:00:00;16999.00;
4900;Número total de matrículas no ensino médio em escolas públicas municipais e estaduais;Número total de matrículas no ensino médio em escolas públicas municipais e estaduais - Cidades Sustentaveis;Diretoria Regional de Ensino do Estado;I;2907;SEDUC;secretarias;7096;2023-12-31 00:00:00;12756.00;
