codigo;nome;descricao;fonte;tipoValor;id_orgao;sigla_orgao;tipo_orgao;valores_codigo;valores_data;valores_valor;valores_descricao
4901;Número total de inscritos no ensino médio (matrículas efetuadas + vagas solicitadas);Número total de inscritos no ensino médio (matrículas efetuadas + vagas solicitadas) - Cidades Sustentaveis;Seduc;I;2907;SEDUC;secretarias;1697;2013-12-31 00:00:00;0.00;
4901;Número total de inscritos no ensino médio (matrículas efetuadas + vagas solicitadas);Número total de inscritos no ensino médio (matrículas efetuadas + vagas solicitadas) - Cidades Sustentaveis;Seduc;I;2907;SEDUC;secretarias;1698;2015-12-31 00:00:00;0.00;
4901;Número total de inscritos no ensino médio (matrículas efetuadas + vagas solicitadas);Número total de inscritos no ensino médio (matrículas efetuadas + vagas solicitadas) - Cidades Sustentaveis;Seduc;I;2907;SEDUC;secretarias;1699;2016-12-31 00:00:00;0.00;
4901;Número total de inscritos no ensino médio (matrículas efetuadas + vagas solicitadas);Número total de inscritos no ensino médio (matrículas efetuadas + vagas solicitadas) - Cidades Sustentaveis;Seduc;I;2907;SEDUC;secretarias;1700;2017-12-31 00:00:00;0.00;
4901;Número total de inscritos no ensino médio (matrículas efetuadas + vagas solicitadas);Número total de inscritos no ensino médio (matrículas efetuadas + vagas solicitadas) - Cidades Sustentaveis;Seduc;I;2907;SEDUC;secretarias;1701;2014-12-31 00:00:00;0.00;
4901;Número total de inscritos no ensino médio (matrículas efetuadas + vagas solicitadas);Número total de inscritos no ensino médio (matrículas efetuadas + vagas solicitadas) - Cidades Sustentaveis;Seduc;I;2907;SEDUC;secretarias;3760;2018-12-31 00:00:00;14294.00;
4901;Número total de inscritos no ensino médio (matrículas efetuadas + vagas solicitadas);Número total de inscritos no ensino médio (matrículas efetuadas + vagas solicitadas) - Cidades Sustentaveis;Seduc;I;2907;SEDUC;secretarias;4361;2019-12-31 00:00:00;11732.00;
4901;Número total de inscritos no ensino médio (matrículas efetuadas + vagas solicitadas);Número total de inscritos no ensino médio (matrículas efetuadas + vagas solicitadas) - Cidades Sustentaveis;Seduc;I;2907;SEDUC;secretarias;5208;2020-12-31 00:00:00;12211.00;
4901;Número total de inscritos no ensino médio (matrículas efetuadas + vagas solicitadas);Número total de inscritos no ensino médio (matrículas efetuadas + vagas solicitadas) - Cidades Sustentaveis;Seduc;I;2907;SEDUC;secretarias;5629;2021-12-21 00:00:00;12211.00;
4901;Número total de inscritos no ensino médio (matrículas efetuadas + vagas solicitadas);Número total de inscritos no ensino médio (matrículas efetuadas + vagas solicitadas) - Cidades Sustentaveis;Seduc;I;2907;SEDUC;secretarias;6450;2022-12-31 00:00:00;0.00;
4901;Número total de inscritos no ensino médio (matrículas efetuadas + vagas solicitadas);Número total de inscritos no ensino médio (matrículas efetuadas + vagas solicitadas) - Cidades Sustentaveis;Seduc;I;2907;SEDUC;secretarias;7090;2023-12-31 00:00:00;12756.00;
