codigo;nome;descricao;fonte;tipoValor;id_orgao;sigla_orgao;tipo_orgao;valores_codigo;valores_data;valores_valor;valores_descricao
4906;Número total de crimes sexuais;"Número total de crimes sexuais - Cidades Sustentáveis - Indicador ""Crimes sexuais""";Secretaria de Segurança Pública do Estado de São Paulo - Polícia Civil (Deinter 6);I;779;SESEG;secretarias;1722;2013-12-31 00:00:00;103.00;
4906;Número total de crimes sexuais;"Número total de crimes sexuais - Cidades Sustentáveis - Indicador ""Crimes sexuais""";Secretaria de Segurança Pública do Estado de São Paulo - Polícia Civil (Deinter 6);I;779;SESEG;secretarias;1723;2014-12-31 00:00:00;72.00;
4906;Número total de crimes sexuais;"Número total de crimes sexuais - Cidades Sustentáveis - Indicador ""Crimes sexuais""";Secretaria de Segurança Pública do Estado de São Paulo - Polícia Civil (Deinter 6);I;779;SESEG;secretarias;1724;2016-12-31 00:00:00;114.00;
4906;Número total de crimes sexuais;"Número total de crimes sexuais - Cidades Sustentáveis - Indicador ""Crimes sexuais""";Secretaria de Segurança Pública do Estado de São Paulo - Polícia Civil (Deinter 6);I;779;SESEG;secretarias;1725;2017-12-31 00:00:00;76.00;
4906;Número total de crimes sexuais;"Número total de crimes sexuais - Cidades Sustentáveis - Indicador ""Crimes sexuais""";Secretaria de Segurança Pública do Estado de São Paulo - Polícia Civil (Deinter 6);I;779;SESEG;secretarias;1726;2015-12-31 00:00:00;97.00;
4906;Número total de crimes sexuais;"Número total de crimes sexuais - Cidades Sustentáveis - Indicador ""Crimes sexuais""";Secretaria de Segurança Pública do Estado de São Paulo - Polícia Civil (Deinter 6);I;779;SESEG;secretarias;3719;2018-12-31 00:00:00;98.00;
4906;Número total de crimes sexuais;"Número total de crimes sexuais - Cidades Sustentáveis - Indicador ""Crimes sexuais""";Secretaria de Segurança Pública do Estado de São Paulo - Polícia Civil (Deinter 6);I;779;SESEG;secretarias;4281;2019-12-31 00:00:00;90.00;
4906;Número total de crimes sexuais;"Número total de crimes sexuais - Cidades Sustentáveis - Indicador ""Crimes sexuais""";Secretaria de Segurança Pública do Estado de São Paulo - Polícia Civil (Deinter 6);I;779;SESEG;secretarias;4827;2020-12-31 00:00:00;92.00;
4906;Número total de crimes sexuais;"Número total de crimes sexuais - Cidades Sustentáveis - Indicador ""Crimes sexuais""";Secretaria de Segurança Pública do Estado de São Paulo - Polícia Civil (Deinter 6);I;779;SESEG;secretarias;5381;2021-12-31 00:00:00;94.00;
4906;Número total de crimes sexuais;"Número total de crimes sexuais - Cidades Sustentáveis - Indicador ""Crimes sexuais""";Secretaria de Segurança Pública do Estado de São Paulo - Polícia Civil (Deinter 6);I;779;SESEG;secretarias;6572;2022-12-31 00:00:00;34.00;
