codigo;nome;descricao;fonte;tipoValor;id_orgao;sigla_orgao;tipo_orgao;valores_codigo;valores_data;valores_valor;valores_descricao
4907;Número de crimes violentos fatais;"Número de crimes violentos fatais - Cidades Sustentáveis - Indicador ""Crimes violentos fatais""";Secretaria de Segurança Pública do Estado de São Paulo - Polícia Civil (Deinter 6);I;779;SESEG;secretarias;1727;2013-12-31 00:00:00;32.00;
4907;Número de crimes violentos fatais;"Número de crimes violentos fatais - Cidades Sustentáveis - Indicador ""Crimes violentos fatais""";Secretaria de Segurança Pública do Estado de São Paulo - Polícia Civil (Deinter 6);I;779;SESEG;secretarias;1728;2015-12-31 00:00:00;15.00;
4907;Número de crimes violentos fatais;"Número de crimes violentos fatais - Cidades Sustentáveis - Indicador ""Crimes violentos fatais""";Secretaria de Segurança Pública do Estado de São Paulo - Polícia Civil (Deinter 6);I;779;SESEG;secretarias;1729;2014-12-31 00:00:00;19.00;
4907;Número de crimes violentos fatais;"Número de crimes violentos fatais - Cidades Sustentáveis - Indicador ""Crimes violentos fatais""";Secretaria de Segurança Pública do Estado de São Paulo - Polícia Civil (Deinter 6);I;779;SESEG;secretarias;1730;2017-12-31 00:00:00;14.00;
4907;Número de crimes violentos fatais;"Número de crimes violentos fatais - Cidades Sustentáveis - Indicador ""Crimes violentos fatais""";Secretaria de Segurança Pública do Estado de São Paulo - Polícia Civil (Deinter 6);I;779;SESEG;secretarias;1731;2016-12-31 00:00:00;30.00;
4907;Número de crimes violentos fatais;"Número de crimes violentos fatais - Cidades Sustentáveis - Indicador ""Crimes violentos fatais""";Secretaria de Segurança Pública do Estado de São Paulo - Polícia Civil (Deinter 6);I;779;SESEG;secretarias;3720;2018-12-31 00:00:00;21.00;
4907;Número de crimes violentos fatais;"Número de crimes violentos fatais - Cidades Sustentáveis - Indicador ""Crimes violentos fatais""";Secretaria de Segurança Pública do Estado de São Paulo - Polícia Civil (Deinter 6);I;779;SESEG;secretarias;4282;2019-12-31 00:00:00;20.00;
4907;Número de crimes violentos fatais;"Número de crimes violentos fatais - Cidades Sustentáveis - Indicador ""Crimes violentos fatais""";Secretaria de Segurança Pública do Estado de São Paulo - Polícia Civil (Deinter 6);I;779;SESEG;secretarias;4828;2020-12-31 00:00:00;13.00;
4907;Número de crimes violentos fatais;"Número de crimes violentos fatais - Cidades Sustentáveis - Indicador ""Crimes violentos fatais""";Secretaria de Segurança Pública do Estado de São Paulo - Polícia Civil (Deinter 6);I;779;SESEG;secretarias;5371;2021-12-31 00:00:00;18.00;
4907;Número de crimes violentos fatais;"Número de crimes violentos fatais - Cidades Sustentáveis - Indicador ""Crimes violentos fatais""";Secretaria de Segurança Pública do Estado de São Paulo - Polícia Civil (Deinter 6);I;779;SESEG;secretarias;6562;2022-12-31 00:00:00;22.00;
