codigo;nome;descricao;fonte;tipoValor;id_orgao;sigla_orgao;tipo_orgao;valores_codigo;valores_data;valores_valor;valores_descricao
4908;Número total de atos infracionais praticados por pessoas na faixa etária de 15 a 18 anos;"Número total de atos infracionais praticados por pessoas na faixa etária de 15 a 18 anos - Cidades Sustentáveis - Indicador ""Adolescentes envolvidos em ato infracional""";Secretaria de Segurança Pública do Estado de São Paulo - Polícia Civil (Deinter 6);I;779;SESEG;secretarias;1732;2016-12-31 00:00:00;295.00;
4908;Número total de atos infracionais praticados por pessoas na faixa etária de 15 a 18 anos;"Número total de atos infracionais praticados por pessoas na faixa etária de 15 a 18 anos - Cidades Sustentáveis - Indicador ""Adolescentes envolvidos em ato infracional""";Secretaria de Segurança Pública do Estado de São Paulo - Polícia Civil (Deinter 6);I;779;SESEG;secretarias;1733;2013-12-31 00:00:00;0.00;
4908;Número total de atos infracionais praticados por pessoas na faixa etária de 15 a 18 anos;"Número total de atos infracionais praticados por pessoas na faixa etária de 15 a 18 anos - Cidades Sustentáveis - Indicador ""Adolescentes envolvidos em ato infracional""";Secretaria de Segurança Pública do Estado de São Paulo - Polícia Civil (Deinter 6);I;779;SESEG;secretarias;1734;2017-12-31 00:00:00;139.00;
4908;Número total de atos infracionais praticados por pessoas na faixa etária de 15 a 18 anos;"Número total de atos infracionais praticados por pessoas na faixa etária de 15 a 18 anos - Cidades Sustentáveis - Indicador ""Adolescentes envolvidos em ato infracional""";Secretaria de Segurança Pública do Estado de São Paulo - Polícia Civil (Deinter 6);I;779;SESEG;secretarias;1735;2015-12-31 00:00:00;0.00;
4908;Número total de atos infracionais praticados por pessoas na faixa etária de 15 a 18 anos;"Número total de atos infracionais praticados por pessoas na faixa etária de 15 a 18 anos - Cidades Sustentáveis - Indicador ""Adolescentes envolvidos em ato infracional""";Secretaria de Segurança Pública do Estado de São Paulo - Polícia Civil (Deinter 6);I;779;SESEG;secretarias;1736;2014-12-31 00:00:00;0.00;
4908;Número total de atos infracionais praticados por pessoas na faixa etária de 15 a 18 anos;"Número total de atos infracionais praticados por pessoas na faixa etária de 15 a 18 anos - Cidades Sustentáveis - Indicador ""Adolescentes envolvidos em ato infracional""";Secretaria de Segurança Pública do Estado de São Paulo - Polícia Civil (Deinter 6);I;779;SESEG;secretarias;3721;2018-12-31 00:00:00;127.00;
4908;Número total de atos infracionais praticados por pessoas na faixa etária de 15 a 18 anos;"Número total de atos infracionais praticados por pessoas na faixa etária de 15 a 18 anos - Cidades Sustentáveis - Indicador ""Adolescentes envolvidos em ato infracional""";Secretaria de Segurança Pública do Estado de São Paulo - Polícia Civil (Deinter 6);I;779;SESEG;secretarias;4283;2019-12-31 00:00:00;104.00;
4908;Número total de atos infracionais praticados por pessoas na faixa etária de 15 a 18 anos;"Número total de atos infracionais praticados por pessoas na faixa etária de 15 a 18 anos - Cidades Sustentáveis - Indicador ""Adolescentes envolvidos em ato infracional""";Secretaria de Segurança Pública do Estado de São Paulo - Polícia Civil (Deinter 6);I;779;SESEG;secretarias;4829;2020-12-31 00:00:00;83.00;
4908;Número total de atos infracionais praticados por pessoas na faixa etária de 15 a 18 anos;"Número total de atos infracionais praticados por pessoas na faixa etária de 15 a 18 anos - Cidades Sustentáveis - Indicador ""Adolescentes envolvidos em ato infracional""";Secretaria de Segurança Pública do Estado de São Paulo - Polícia Civil (Deinter 6);I;779;SESEG;secretarias;5380;2021-12-31 00:00:00;100.00;
4908;Número total de atos infracionais praticados por pessoas na faixa etária de 15 a 18 anos;"Número total de atos infracionais praticados por pessoas na faixa etária de 15 a 18 anos - Cidades Sustentáveis - Indicador ""Adolescentes envolvidos em ato infracional""";Secretaria de Segurança Pública do Estado de São Paulo - Polícia Civil (Deinter 6);I;779;SESEG;secretarias;6571;2022-12-31 00:00:00;92.00;
