codigo;nome;descricao;fonte;tipoValor;id_orgao;sigla_orgao;tipo_orgao;valores_codigo;valores_data;valores_valor;valores_descricao
4909;Número total de atos infracionais ocorridos no município;"Número total de atos infracionais ocorridos no município - Cidades Sustentáveis - Indicador ""Adolescentes envolvidos em ato infracional""";Secretaria de Segurança Pública do Estado de São Paulo - Polícia Civil (Deinter 6);I;779;SESEG;secretarias;1737;2015-12-31 00:00:00;325.00;
4909;Número total de atos infracionais ocorridos no município;"Número total de atos infracionais ocorridos no município - Cidades Sustentáveis - Indicador ""Adolescentes envolvidos em ato infracional""";Secretaria de Segurança Pública do Estado de São Paulo - Polícia Civil (Deinter 6);I;779;SESEG;secretarias;1738;2016-12-31 00:00:00;295.00;
4909;Número total de atos infracionais ocorridos no município;"Número total de atos infracionais ocorridos no município - Cidades Sustentáveis - Indicador ""Adolescentes envolvidos em ato infracional""";Secretaria de Segurança Pública do Estado de São Paulo - Polícia Civil (Deinter 6);I;779;SESEG;secretarias;1739;2017-12-31 00:00:00;303.00;
4909;Número total de atos infracionais ocorridos no município;"Número total de atos infracionais ocorridos no município - Cidades Sustentáveis - Indicador ""Adolescentes envolvidos em ato infracional""";Secretaria de Segurança Pública do Estado de São Paulo - Polícia Civil (Deinter 6);I;779;SESEG;secretarias;1740;2013-12-31 00:00:00;628.00;
4909;Número total de atos infracionais ocorridos no município;"Número total de atos infracionais ocorridos no município - Cidades Sustentáveis - Indicador ""Adolescentes envolvidos em ato infracional""";Secretaria de Segurança Pública do Estado de São Paulo - Polícia Civil (Deinter 6);I;779;SESEG;secretarias;1741;2014-12-31 00:00:00;418.00;
4909;Número total de atos infracionais ocorridos no município;"Número total de atos infracionais ocorridos no município - Cidades Sustentáveis - Indicador ""Adolescentes envolvidos em ato infracional""";Secretaria de Segurança Pública do Estado de São Paulo - Polícia Civil (Deinter 6);I;779;SESEG;secretarias;3722;2018-12-31 00:00:00;255.00;
4909;Número total de atos infracionais ocorridos no município;"Número total de atos infracionais ocorridos no município - Cidades Sustentáveis - Indicador ""Adolescentes envolvidos em ato infracional""";Secretaria de Segurança Pública do Estado de São Paulo - Polícia Civil (Deinter 6);I;779;SESEG;secretarias;4284;2019-12-31 00:00:00;171.00;
4909;Número total de atos infracionais ocorridos no município;"Número total de atos infracionais ocorridos no município - Cidades Sustentáveis - Indicador ""Adolescentes envolvidos em ato infracional""";Secretaria de Segurança Pública do Estado de São Paulo - Polícia Civil (Deinter 6);I;779;SESEG;secretarias;4830;2020-12-31 00:00:00;138.00;
4909;Número total de atos infracionais ocorridos no município;"Número total de atos infracionais ocorridos no município - Cidades Sustentáveis - Indicador ""Adolescentes envolvidos em ato infracional""";Secretaria de Segurança Pública do Estado de São Paulo - Polícia Civil (Deinter 6);I;779;SESEG;secretarias;5379;2021-12-31 00:00:00;110.00;
4909;Número total de atos infracionais ocorridos no município;"Número total de atos infracionais ocorridos no município - Cidades Sustentáveis - Indicador ""Adolescentes envolvidos em ato infracional""";Secretaria de Segurança Pública do Estado de São Paulo - Polícia Civil (Deinter 6);I;779;SESEG;secretarias;6570;2022-12-31 00:00:00;110.00;
