codigo;nome;descricao;fonte;tipoValor;id_orgao;sigla_orgao;tipo_orgao;valores_codigo;valores_data;valores_valor;valores_descricao
4911;Total de Compras Públicas Sustentáveis em reais;Total de Compras Públicas Sustentáveis em reais - Cidades Sustentaveis;Fonte Departamento de Licitações - Prefeitura Municipal de Santos;D;4681;SEFIN;secretarias;1747;2016-12-31 00:00:00;8365.50;
4911;Total de Compras Públicas Sustentáveis em reais;Total de Compras Públicas Sustentáveis em reais - Cidades Sustentaveis;Fonte Departamento de Licitações - Prefeitura Municipal de Santos;D;4681;SEFIN;secretarias;1748;2017-12-31 00:00:00;161250.57;
4911;Total de Compras Públicas Sustentáveis em reais;Total de Compras Públicas Sustentáveis em reais - Cidades Sustentaveis;Fonte Departamento de Licitações - Prefeitura Municipal de Santos;D;4681;SEFIN;secretarias;1749;2013-12-31 00:00:00;379720.00;
4911;Total de Compras Públicas Sustentáveis em reais;Total de Compras Públicas Sustentáveis em reais - Cidades Sustentaveis;Fonte Departamento de Licitações - Prefeitura Municipal de Santos;D;4681;SEFIN;secretarias;1750;2015-12-31 00:00:00;451920.00;
4911;Total de Compras Públicas Sustentáveis em reais;Total de Compras Públicas Sustentáveis em reais - Cidades Sustentaveis;Fonte Departamento de Licitações - Prefeitura Municipal de Santos;D;4681;SEFIN;secretarias;1751;2014-12-31 00:00:00;425760.00;
4911;Total de Compras Públicas Sustentáveis em reais;Total de Compras Públicas Sustentáveis em reais - Cidades Sustentaveis;Fonte Departamento de Licitações - Prefeitura Municipal de Santos;D;4681;SEFIN;secretarias;3694;2018-12-31 00:00:00;2159064.89;
4911;Total de Compras Públicas Sustentáveis em reais;Total de Compras Públicas Sustentáveis em reais - Cidades Sustentaveis;Fonte Departamento de Licitações - Prefeitura Municipal de Santos;D;4681;SEFIN;secretarias;4106;2019-12-31 00:00:00;10958327.35;
4911;Total de Compras Públicas Sustentáveis em reais;Total de Compras Públicas Sustentáveis em reais - Cidades Sustentaveis;Fonte Departamento de Licitações - Prefeitura Municipal de Santos;D;4681;SEFIN;secretarias;5053;2020-12-31 00:00:00;1866324.20;
4911;Total de Compras Públicas Sustentáveis em reais;Total de Compras Públicas Sustentáveis em reais - Cidades Sustentaveis;Fonte Departamento de Licitações - Prefeitura Municipal de Santos;D;4681;SEFIN;secretarias;5974;2021-12-30 00:00:00;17264896.71;
4911;Total de Compras Públicas Sustentáveis em reais;Total de Compras Públicas Sustentáveis em reais - Cidades Sustentaveis;Fonte Departamento de Licitações - Prefeitura Municipal de Santos;D;4681;SEFIN;secretarias;6887;2022-12-31 00:00:00;17532430.69;
