codigo;nome;descricao;fonte;tipoValor;id_orgao;sigla_orgao;tipo_orgao;valores_codigo;valores_data;valores_valor;valores_descricao
4912;Total das compras efetuadas pelo município em reais;Total das compras efetuadas pelo município em reais - Cidades Sustentaveis;Fonte Departamento de Litações - Prefeitura Municipal de Santos;D;4681;SEFIN;secretarias;1752;2016-12-31 00:00:00;108508913.46;
4912;Total das compras efetuadas pelo município em reais;Total das compras efetuadas pelo município em reais - Cidades Sustentaveis;Fonte Departamento de Litações - Prefeitura Municipal de Santos;D;4681;SEFIN;secretarias;1753;2015-12-31 00:00:00;108330786.32;
4912;Total das compras efetuadas pelo município em reais;Total das compras efetuadas pelo município em reais - Cidades Sustentaveis;Fonte Departamento de Litações - Prefeitura Municipal de Santos;D;4681;SEFIN;secretarias;1754;2017-12-31 00:00:00;56752583.78;
4912;Total das compras efetuadas pelo município em reais;Total das compras efetuadas pelo município em reais - Cidades Sustentaveis;Fonte Departamento de Litações - Prefeitura Municipal de Santos;D;4681;SEFIN;secretarias;1755;2014-12-31 00:00:00;114551483.51;
4912;Total das compras efetuadas pelo município em reais;Total das compras efetuadas pelo município em reais - Cidades Sustentaveis;Fonte Departamento de Litações - Prefeitura Municipal de Santos;D;4681;SEFIN;secretarias;1756;2013-12-31 00:00:00;73327810.63;
4912;Total das compras efetuadas pelo município em reais;Total das compras efetuadas pelo município em reais - Cidades Sustentaveis;Fonte Departamento de Litações - Prefeitura Municipal de Santos;D;4681;SEFIN;secretarias;3695;2018-12-31 00:00:00;304496036.86;
4912;Total das compras efetuadas pelo município em reais;Total das compras efetuadas pelo município em reais - Cidades Sustentaveis;Fonte Departamento de Litações - Prefeitura Municipal de Santos;D;4681;SEFIN;secretarias;4107;2019-12-31 00:00:00;247987011.92;
4912;Total das compras efetuadas pelo município em reais;Total das compras efetuadas pelo município em reais - Cidades Sustentaveis;Fonte Departamento de Litações - Prefeitura Municipal de Santos;D;4681;SEFIN;secretarias;5058;2020-12-31 00:00:00;183720023.21;
4912;Total das compras efetuadas pelo município em reais;Total das compras efetuadas pelo município em reais - Cidades Sustentaveis;Fonte Departamento de Litações - Prefeitura Municipal de Santos;D;4681;SEFIN;secretarias;5975;2021-12-30 00:00:00;169643486.52;
4912;Total das compras efetuadas pelo município em reais;Total das compras efetuadas pelo município em reais - Cidades Sustentaveis;Fonte Departamento de Litações - Prefeitura Municipal de Santos;D;4681;SEFIN;secretarias;6884;2022-12-31 00:00:00;228494242.18;
