codigo;nome;descricao;fonte;tipoValor;id_orgao;sigla_orgao;tipo_orgao;valores_codigo;valores_data;valores_valor;valores_descricao
4913;Número total de pessoas com deficiência empregadas no governo;Número total de pessoas com deficiência empregadas no governo - Cidades Sustentaveis;SEFIN, ANTIGA SEGES;I;4681;SEFIN;secretarias;1757;2012-12-31 00:00:00;122.00;
4913;Número total de pessoas com deficiência empregadas no governo;Número total de pessoas com deficiência empregadas no governo - Cidades Sustentaveis;SEFIN, ANTIGA SEGES;I;4681;SEFIN;secretarias;1758;2017-12-31 00:00:00;159.00;
4913;Número total de pessoas com deficiência empregadas no governo;Número total de pessoas com deficiência empregadas no governo - Cidades Sustentaveis;SEFIN, ANTIGA SEGES;I;4681;SEFIN;secretarias;1759;2015-12-31 00:00:00;136.00;
4913;Número total de pessoas com deficiência empregadas no governo;Número total de pessoas com deficiência empregadas no governo - Cidades Sustentaveis;SEFIN, ANTIGA SEGES;I;4681;SEFIN;secretarias;1760;2014-12-31 00:00:00;133.00;
4913;Número total de pessoas com deficiência empregadas no governo;Número total de pessoas com deficiência empregadas no governo - Cidades Sustentaveis;SEFIN, ANTIGA SEGES;I;4681;SEFIN;secretarias;1761;2013-12-31 00:00:00;122.00;
4913;Número total de pessoas com deficiência empregadas no governo;Número total de pessoas com deficiência empregadas no governo - Cidades Sustentaveis;SEFIN, ANTIGA SEGES;I;4681;SEFIN;secretarias;1762;2016-12-31 00:00:00;148.00;
4913;Número total de pessoas com deficiência empregadas no governo;Número total de pessoas com deficiência empregadas no governo - Cidades Sustentaveis;SEFIN, ANTIGA SEGES;I;4681;SEFIN;secretarias;3696;2018-12-31 00:00:00;170.00;
4913;Número total de pessoas com deficiência empregadas no governo;Número total de pessoas com deficiência empregadas no governo - Cidades Sustentaveis;SEFIN, ANTIGA SEGES;I;4681;SEFIN;secretarias;4108;2019-12-31 00:00:00;173.00;
4913;Número total de pessoas com deficiência empregadas no governo;Número total de pessoas com deficiência empregadas no governo - Cidades Sustentaveis;SEFIN, ANTIGA SEGES;I;4681;SEFIN;secretarias;5060;2020-12-31 00:00:00;184.00;
4913;Número total de pessoas com deficiência empregadas no governo;Número total de pessoas com deficiência empregadas no governo - Cidades Sustentaveis;SEFIN, ANTIGA SEGES;I;4681;SEFIN;secretarias;5980;2021-12-30 00:00:00;185.00;
4913;Número total de pessoas com deficiência empregadas no governo;Número total de pessoas com deficiência empregadas no governo - Cidades Sustentaveis;SEFIN, ANTIGA SEGES;I;4681;SEFIN;secretarias;6874;2022-12-31 00:00:00;200.00;
4913;Número total de pessoas com deficiência empregadas no governo;Número total de pessoas com deficiência empregadas no governo - Cidades Sustentaveis;SEFIN, ANTIGA SEGES;I;4681;SEFIN;secretarias;7571;2023-12-31 00:00:00;217.00;
