codigo;nome;descricao;fonte;tipoValor;id_orgao;sigla_orgao;tipo_orgao;valores_codigo;valores_data;valores_valor;valores_descricao
4914;Número total de acidentes de trânsito;Número total de acidentes de trânsito - Cidades Sustentaveis;CET;I;822;CET;autarquias;1763;2017-12-31 00:00:00;5685.00;
4914;Número total de acidentes de trânsito;Número total de acidentes de trânsito - Cidades Sustentaveis;CET;I;822;CET;autarquias;1764;2016-12-31 00:00:00;5929.00;
4914;Número total de acidentes de trânsito;Número total de acidentes de trânsito - Cidades Sustentaveis;CET;I;822;CET;autarquias;1765;2013-12-31 00:00:00;8551.00;
4914;Número total de acidentes de trânsito;Número total de acidentes de trânsito - Cidades Sustentaveis;CET;I;822;CET;autarquias;1766;2015-12-31 00:00:00;6656.00;
4914;Número total de acidentes de trânsito;Número total de acidentes de trânsito - Cidades Sustentaveis;CET;I;822;CET;autarquias;1767;2014-12-31 00:00:00;7710.00;
4914;Número total de acidentes de trânsito;Número total de acidentes de trânsito - Cidades Sustentaveis;CET;I;822;CET;autarquias;3800;2018-12-31 00:00:00;2726.00;
4914;Número total de acidentes de trânsito;Número total de acidentes de trânsito - Cidades Sustentaveis;CET;I;822;CET;autarquias;4425;2019-12-31 00:00:00;2919.00;
4914;Número total de acidentes de trânsito;Número total de acidentes de trânsito - Cidades Sustentaveis;CET;I;822;CET;autarquias;4996;2020-12-31 00:00:00;1848.00;
4914;Número total de acidentes de trânsito;Número total de acidentes de trânsito - Cidades Sustentaveis;CET;I;822;CET;autarquias;5563;2021-12-31 00:00:00;2064.00;
4914;Número total de acidentes de trânsito;Número total de acidentes de trânsito - Cidades Sustentaveis;CET;I;822;CET;autarquias;7002;2023-12-31 00:00:00;2092.00;
