codigo;nome;descricao;fonte;tipoValor;id_orgao;sigla_orgao;tipo_orgao;valores_codigo;valores_data;valores_valor;valores_descricao
4915;Número total de atropelamentos;Número total de atropelamentos - Cidades Sustentaveis;CET;I;822;CET;autarquias;1768;2013-12-31 00:00:00;238.00;
4915;Número total de atropelamentos;Número total de atropelamentos - Cidades Sustentaveis;CET;I;822;CET;autarquias;1769;2014-12-31 00:00:00;219.00;
4915;Número total de atropelamentos;Número total de atropelamentos - Cidades Sustentaveis;CET;I;822;CET;autarquias;1770;2015-12-31 00:00:00;250.00;
4915;Número total de atropelamentos;Número total de atropelamentos - Cidades Sustentaveis;CET;I;822;CET;autarquias;1771;2017-12-31 00:00:00;179.00;
4915;Número total de atropelamentos;Número total de atropelamentos - Cidades Sustentaveis;CET;I;822;CET;autarquias;1772;2016-12-31 00:00:00;227.00;
4915;Número total de atropelamentos;Número total de atropelamentos - Cidades Sustentaveis;CET;I;822;CET;autarquias;3801;2018-12-31 00:00:00;109.00;
4915;Número total de atropelamentos;Número total de atropelamentos - Cidades Sustentaveis;CET;I;822;CET;autarquias;4426;2019-12-31 00:00:00;116.00;
4915;Número total de atropelamentos;Número total de atropelamentos - Cidades Sustentaveis;CET;I;822;CET;autarquias;5000;2020-12-31 00:00:00;66.00;
4915;Número total de atropelamentos;Número total de atropelamentos - Cidades Sustentaveis;CET;I;822;CET;autarquias;5564;2021-12-31 00:00:00;93.00;
4915;Número total de atropelamentos;Número total de atropelamentos - Cidades Sustentaveis;CET;I;822;CET;autarquias;7003;2023-12-31 00:00:00;146.00;
