codigo;nome;descricao;fonte;tipoValor;id_orgao;sigla_orgao;tipo_orgao;valores_codigo;valores_data;valores_valor;valores_descricao
4916;Número total, em quilômetros (km), de corredores exclusivos de ônibus;Número total, em quilômetros (km), de corredores exclusivos de ônibus - Cidades Sustentaveis;CET;D;822;CET;autarquias;1773;2015-12-31 00:00:00;7.53;
4916;Número total, em quilômetros (km), de corredores exclusivos de ônibus;Número total, em quilômetros (km), de corredores exclusivos de ônibus - Cidades Sustentaveis;CET;D;822;CET;autarquias;1774;2016-12-31 00:00:00;7.53;
4916;Número total, em quilômetros (km), de corredores exclusivos de ônibus;Número total, em quilômetros (km), de corredores exclusivos de ônibus - Cidades Sustentaveis;CET;D;822;CET;autarquias;1775;2014-12-31 00:00:00;1.00;
4916;Número total, em quilômetros (km), de corredores exclusivos de ônibus;Número total, em quilômetros (km), de corredores exclusivos de ônibus - Cidades Sustentaveis;CET;D;822;CET;autarquias;1776;2013-12-31 00:00:00;1.00;
4916;Número total, em quilômetros (km), de corredores exclusivos de ônibus;Número total, em quilômetros (km), de corredores exclusivos de ônibus - Cidades Sustentaveis;CET;D;822;CET;autarquias;1777;2017-12-31 00:00:00;7.53;
4916;Número total, em quilômetros (km), de corredores exclusivos de ônibus;Número total, em quilômetros (km), de corredores exclusivos de ônibus - Cidades Sustentaveis;CET;D;822;CET;autarquias;3802;2018-12-31 00:00:00;7.53;
4916;Número total, em quilômetros (km), de corredores exclusivos de ônibus;Número total, em quilômetros (km), de corredores exclusivos de ônibus - Cidades Sustentaveis;CET;D;822;CET;autarquias;4427;2019-12-31 00:00:00;7.53;
4916;Número total, em quilômetros (km), de corredores exclusivos de ônibus;Número total, em quilômetros (km), de corredores exclusivos de ônibus - Cidades Sustentaveis;CET;D;822;CET;autarquias;5002;2020-12-31 00:00:00;7.53;
4916;Número total, em quilômetros (km), de corredores exclusivos de ônibus;Número total, em quilômetros (km), de corredores exclusivos de ônibus - Cidades Sustentaveis;CET;D;822;CET;autarquias;5623;2021-12-31 00:00:00;1.70;
4916;Número total, em quilômetros (km), de corredores exclusivos de ônibus;Número total, em quilômetros (km), de corredores exclusivos de ônibus - Cidades Sustentaveis;CET;D;822;CET;autarquias;7039;2023-12-31 00:00:00;9.44;
