codigo;nome;descricao;fonte;tipoValor;id_orgao;sigla_orgao;tipo_orgao;valores_codigo;valores_data;valores_valor;valores_descricao
4917;Extensão total, em quilômetros (km), de vias do município;Extensão total, em quilômetros (km), de vias do município - Cidades Sustentaveis;CET;D;822;CET;autarquias;1778;2017-12-31 00:00:00;707.55;
4917;Extensão total, em quilômetros (km), de vias do município;Extensão total, em quilômetros (km), de vias do município - Cidades Sustentaveis;CET;D;822;CET;autarquias;1779;2016-12-31 00:00:00;707.55;
4917;Extensão total, em quilômetros (km), de vias do município;Extensão total, em quilômetros (km), de vias do município - Cidades Sustentaveis;CET;D;822;CET;autarquias;1780;2016-12-31 00:00:00;707.55;
4917;Extensão total, em quilômetros (km), de vias do município;Extensão total, em quilômetros (km), de vias do município - Cidades Sustentaveis;CET;D;822;CET;autarquias;1781;2017-12-31 00:00:00;707.55;
4917;Extensão total, em quilômetros (km), de vias do município;Extensão total, em quilômetros (km), de vias do município - Cidades Sustentaveis;CET;D;822;CET;autarquias;1782;2014-12-31 00:00:00;707.60;
4917;Extensão total, em quilômetros (km), de vias do município;Extensão total, em quilômetros (km), de vias do município - Cidades Sustentaveis;CET;D;822;CET;autarquias;1783;2014-12-31 00:00:00;707.60;
4917;Extensão total, em quilômetros (km), de vias do município;Extensão total, em quilômetros (km), de vias do município - Cidades Sustentaveis;CET;D;822;CET;autarquias;1784;2013-12-31 00:00:00;707.60;
4917;Extensão total, em quilômetros (km), de vias do município;Extensão total, em quilômetros (km), de vias do município - Cidades Sustentaveis;CET;D;822;CET;autarquias;1785;2015-12-31 00:00:00;707.60;
4917;Extensão total, em quilômetros (km), de vias do município;Extensão total, em quilômetros (km), de vias do município - Cidades Sustentaveis;CET;D;822;CET;autarquias;1786;2015-12-31 00:00:00;707.60;
4917;Extensão total, em quilômetros (km), de vias do município;Extensão total, em quilômetros (km), de vias do município - Cidades Sustentaveis;CET;D;822;CET;autarquias;1787;2013-12-31 00:00:00;707.60;
4917;Extensão total, em quilômetros (km), de vias do município;Extensão total, em quilômetros (km), de vias do município - Cidades Sustentaveis;CET;D;822;CET;autarquias;3803;2018-12-31 00:00:00;707.55;
4917;Extensão total, em quilômetros (km), de vias do município;Extensão total, em quilômetros (km), de vias do município - Cidades Sustentaveis;CET;D;822;CET;autarquias;4428;2019-12-31 00:00:00;707.55;
4917;Extensão total, em quilômetros (km), de vias do município;Extensão total, em quilômetros (km), de vias do município - Cidades Sustentaveis;CET;D;822;CET;autarquias;5003;2020-12-31 00:00:00;800.37;
4917;Extensão total, em quilômetros (km), de vias do município;Extensão total, em quilômetros (km), de vias do município - Cidades Sustentaveis;CET;D;822;CET;autarquias;5566;2021-12-31 00:00:00;800.37;
4917;Extensão total, em quilômetros (km), de vias do município;Extensão total, em quilômetros (km), de vias do município - Cidades Sustentaveis;CET;D;822;CET;autarquias;7036;2023-12-31 00:00:00;800.38;
