codigo;nome;descricao;fonte;tipoValor;id_orgao;sigla_orgao;tipo_orgao;valores_codigo;valores_data;valores_valor;valores_descricao
4924;Número de aprendizes contratados;Número de aprendizes contratados - Cidades Sustentaveis;Departamento de Gestão de Pessoas e Ambiente de Trabalho;I;4681;SEFIN;secretarias;1819;2014-12-31 00:00:00;119.00;
4924;Número de aprendizes contratados;Número de aprendizes contratados - Cidades Sustentaveis;Departamento de Gestão de Pessoas e Ambiente de Trabalho;I;4681;SEFIN;secretarias;1820;2015-12-31 00:00:00;99.00;
4924;Número de aprendizes contratados;Número de aprendizes contratados - Cidades Sustentaveis;Departamento de Gestão de Pessoas e Ambiente de Trabalho;I;4681;SEFIN;secretarias;1821;2016-12-31 00:00:00;84.00;
4924;Número de aprendizes contratados;Número de aprendizes contratados - Cidades Sustentaveis;Departamento de Gestão de Pessoas e Ambiente de Trabalho;I;4681;SEFIN;secretarias;1822;2012-12-31 00:00:00;171.00;
4924;Número de aprendizes contratados;Número de aprendizes contratados - Cidades Sustentaveis;Departamento de Gestão de Pessoas e Ambiente de Trabalho;I;4681;SEFIN;secretarias;1823;2013-12-31 00:00:00;95.00;
4924;Número de aprendizes contratados;Número de aprendizes contratados - Cidades Sustentaveis;Departamento de Gestão de Pessoas e Ambiente de Trabalho;I;4681;SEFIN;secretarias;1824;2017-12-31 00:00:00;145.00;
4924;Número de aprendizes contratados;Número de aprendizes contratados - Cidades Sustentaveis;Departamento de Gestão de Pessoas e Ambiente de Trabalho;I;4681;SEFIN;secretarias;3697;2018-12-31 00:00:00;39.00;
4924;Número de aprendizes contratados;Número de aprendizes contratados - Cidades Sustentaveis;Departamento de Gestão de Pessoas e Ambiente de Trabalho;I;4681;SEFIN;secretarias;4109;2019-12-31 00:00:00;77.00;
4924;Número de aprendizes contratados;Número de aprendizes contratados - Cidades Sustentaveis;Departamento de Gestão de Pessoas e Ambiente de Trabalho;I;4681;SEFIN;secretarias;5063;2020-12-31 00:00:00;78.00;
4924;Número de aprendizes contratados;Número de aprendizes contratados - Cidades Sustentaveis;Departamento de Gestão de Pessoas e Ambiente de Trabalho;I;4681;SEFIN;secretarias;5981;2021-12-30 00:00:00;99.00;
4924;Número de aprendizes contratados;Número de aprendizes contratados - Cidades Sustentaveis;Departamento de Gestão de Pessoas e Ambiente de Trabalho;I;4681;SEFIN;secretarias;6864;2022-12-31 00:00:00;107.00;
4924;Número de aprendizes contratados;Número de aprendizes contratados - Cidades Sustentaveis;Departamento de Gestão de Pessoas e Ambiente de Trabalho;I;4681;SEFIN;secretarias;7562;2023-12-31 00:00:00;191.00;
