codigo;nome;descricao;fonte;tipoValor;id_orgao;sigla_orgao;tipo_orgao;valores_codigo;valores_data;valores_valor;valores_descricao
4925;Total de vagas estipuladas pela lei para aprendizes;Total de vagas estipuladas pela lei para aprendizes - Cidades Sustentaveis;Departamento de Gestão de Pessoas e Ambiente de Trabalho;I;4681;SEFIN;secretarias;1825;2017-12-31 00:00:00;200.00;
4925;Total de vagas estipuladas pela lei para aprendizes;Total de vagas estipuladas pela lei para aprendizes - Cidades Sustentaveis;Departamento de Gestão de Pessoas e Ambiente de Trabalho;I;4681;SEFIN;secretarias;1826;2015-12-31 00:00:00;200.00;
4925;Total de vagas estipuladas pela lei para aprendizes;Total de vagas estipuladas pela lei para aprendizes - Cidades Sustentaveis;Departamento de Gestão de Pessoas e Ambiente de Trabalho;I;4681;SEFIN;secretarias;1827;2014-12-31 00:00:00;200.00;
4925;Total de vagas estipuladas pela lei para aprendizes;Total de vagas estipuladas pela lei para aprendizes - Cidades Sustentaveis;Departamento de Gestão de Pessoas e Ambiente de Trabalho;I;4681;SEFIN;secretarias;1828;2013-12-31 00:00:00;200.00;
4925;Total de vagas estipuladas pela lei para aprendizes;Total de vagas estipuladas pela lei para aprendizes - Cidades Sustentaveis;Departamento de Gestão de Pessoas e Ambiente de Trabalho;I;4681;SEFIN;secretarias;1829;2016-12-31 00:00:00;200.00;
4925;Total de vagas estipuladas pela lei para aprendizes;Total de vagas estipuladas pela lei para aprendizes - Cidades Sustentaveis;Departamento de Gestão de Pessoas e Ambiente de Trabalho;I;4681;SEFIN;secretarias;1830;2012-12-31 00:00:00;200.00;
4925;Total de vagas estipuladas pela lei para aprendizes;Total de vagas estipuladas pela lei para aprendizes - Cidades Sustentaveis;Departamento de Gestão de Pessoas e Ambiente de Trabalho;I;4681;SEFIN;secretarias;3698;2018-12-31 00:00:00;200.00;
4925;Total de vagas estipuladas pela lei para aprendizes;Total de vagas estipuladas pela lei para aprendizes - Cidades Sustentaveis;Departamento de Gestão de Pessoas e Ambiente de Trabalho;I;4681;SEFIN;secretarias;4110;2019-12-31 00:00:00;200.00;
4925;Total de vagas estipuladas pela lei para aprendizes;Total de vagas estipuladas pela lei para aprendizes - Cidades Sustentaveis;Departamento de Gestão de Pessoas e Ambiente de Trabalho;I;4681;SEFIN;secretarias;5064;2020-12-31 00:00:00;200.00;
4925;Total de vagas estipuladas pela lei para aprendizes;Total de vagas estipuladas pela lei para aprendizes - Cidades Sustentaveis;Departamento de Gestão de Pessoas e Ambiente de Trabalho;I;4681;SEFIN;secretarias;6002;2021-12-30 00:00:00;200.00;
4925;Total de vagas estipuladas pela lei para aprendizes;Total de vagas estipuladas pela lei para aprendizes - Cidades Sustentaveis;Departamento de Gestão de Pessoas e Ambiente de Trabalho;I;4681;SEFIN;secretarias;6892;2022-12-31 00:00:00;200.00;
4925;Total de vagas estipuladas pela lei para aprendizes;Total de vagas estipuladas pela lei para aprendizes - Cidades Sustentaveis;Departamento de Gestão de Pessoas e Ambiente de Trabalho;I;4681;SEFIN;secretarias;7579;2023-12-31 00:00:00;200.00;
