codigo;nome;descricao;fonte;tipoValor;id_orgao;sigla_orgao;tipo_orgao;valores_codigo;valores_data;valores_valor;valores_descricao
4926;Valor do orçamento executado decidido participativamente;Valor do orçamento executado decidido participativamente - Cidades Sustentaveis;Sefin;D;4681;SEFIN;secretarias;1831;2017-12-31 00:00:00;214121.35;
4926;Valor do orçamento executado decidido participativamente;Valor do orçamento executado decidido participativamente - Cidades Sustentaveis;Sefin;D;4681;SEFIN;secretarias;1832;2013-12-31 00:00:00;0.00;
4926;Valor do orçamento executado decidido participativamente;Valor do orçamento executado decidido participativamente - Cidades Sustentaveis;Sefin;D;4681;SEFIN;secretarias;1833;2014-12-31 00:00:00;0.00;
4926;Valor do orçamento executado decidido participativamente;Valor do orçamento executado decidido participativamente - Cidades Sustentaveis;Sefin;D;4681;SEFIN;secretarias;1834;2016-12-31 00:00:00;698000.00;
4926;Valor do orçamento executado decidido participativamente;Valor do orçamento executado decidido participativamente - Cidades Sustentaveis;Sefin;D;4681;SEFIN;secretarias;1835;2015-12-31 00:00:00;2765603.35;
4926;Valor do orçamento executado decidido participativamente;Valor do orçamento executado decidido participativamente - Cidades Sustentaveis;Sefin;D;4681;SEFIN;secretarias;3582;2018-12-31 00:00:00;0.00;
4926;Valor do orçamento executado decidido participativamente;Valor do orçamento executado decidido participativamente - Cidades Sustentaveis;Sefin;D;4681;SEFIN;secretarias;4534;2019-12-31 00:00:00;0.00;
4926;Valor do orçamento executado decidido participativamente;Valor do orçamento executado decidido participativamente - Cidades Sustentaveis;Sefin;D;4681;SEFIN;secretarias;5089;2020-12-31 00:00:00;0.00;
4926;Valor do orçamento executado decidido participativamente;Valor do orçamento executado decidido participativamente - Cidades Sustentaveis;Sefin;D;4681;SEFIN;secretarias;5439;2021-12-31 00:00:00;0.00;
4926;Valor do orçamento executado decidido participativamente;Valor do orçamento executado decidido participativamente - Cidades Sustentaveis;Sefin;D;4681;SEFIN;secretarias;6904;2022-12-31 00:00:00;0.00;
4926;Valor do orçamento executado decidido participativamente;Valor do orçamento executado decidido participativamente - Cidades Sustentaveis;Sefin;D;4681;SEFIN;secretarias;7525;2023-12-31 00:00:00;510989.78;
