codigo;nome;descricao;fonte;tipoValor;id_orgao;sigla_orgao;tipo_orgao;valores_codigo;valores_data;valores_valor;valores_descricao
4936;Valor total do orçamento, em reais (R$), destinado ao transporte público;Valor total do orçamento, em reais (R$), destinado ao transporte público - Cidades Sustentaveis;CET;D;822;CET;autarquias;1880;2016-12-31 00:00:00;0.00;
4936;Valor total do orçamento, em reais (R$), destinado ao transporte público;Valor total do orçamento, em reais (R$), destinado ao transporte público - Cidades Sustentaveis;CET;D;822;CET;autarquias;1881;2017-12-31 00:00:00;0.00;
4936;Valor total do orçamento, em reais (R$), destinado ao transporte público;Valor total do orçamento, em reais (R$), destinado ao transporte público - Cidades Sustentaveis;CET;D;822;CET;autarquias;1882;2015-12-31 00:00:00;0.00;
4936;Valor total do orçamento, em reais (R$), destinado ao transporte público;Valor total do orçamento, em reais (R$), destinado ao transporte público - Cidades Sustentaveis;CET;D;822;CET;autarquias;1883;2013-12-31 00:00:00;0.00;
4936;Valor total do orçamento, em reais (R$), destinado ao transporte público;Valor total do orçamento, em reais (R$), destinado ao transporte público - Cidades Sustentaveis;CET;D;822;CET;autarquias;1884;2014-12-31 00:00:00;0.00;
4936;Valor total do orçamento, em reais (R$), destinado ao transporte público;Valor total do orçamento, em reais (R$), destinado ao transporte público - Cidades Sustentaveis;CET;D;822;CET;autarquias;3900;2018-12-31 00:00:00;0.00;
4936;Valor total do orçamento, em reais (R$), destinado ao transporte público;Valor total do orçamento, em reais (R$), destinado ao transporte público - Cidades Sustentaveis;CET;D;822;CET;autarquias;4036;2019-12-31 00:00:00;0.00;
4936;Valor total do orçamento, em reais (R$), destinado ao transporte público;Valor total do orçamento, em reais (R$), destinado ao transporte público - Cidades Sustentaveis;CET;D;822;CET;autarquias;5004;2020-12-31 00:00:00;0.00;
4936;Valor total do orçamento, em reais (R$), destinado ao transporte público;Valor total do orçamento, em reais (R$), destinado ao transporte público - Cidades Sustentaveis;CET;D;822;CET;autarquias;5567;2021-12-31 00:00:00;0.00;
4936;Valor total do orçamento, em reais (R$), destinado ao transporte público;Valor total do orçamento, em reais (R$), destinado ao transporte público - Cidades Sustentaveis;CET;D;822;CET;autarquias;7018;2023-12-31 00:00:00;0.00;
