codigo;nome;descricao;fonte;tipoValor;id_orgao;sigla_orgao;tipo_orgao;valores_codigo;valores_data;valores_valor;valores_descricao
4937;Valor total do orçamento da área de transporte do município;Valor total do orçamento da área de transporte do município - Cidades Sustentaveis;CET;D;822;CET;autarquias;1885;2016-12-31 00:00:00;0.00;
4937;Valor total do orçamento da área de transporte do município;Valor total do orçamento da área de transporte do município - Cidades Sustentaveis;CET;D;822;CET;autarquias;1886;2015-12-31 00:00:00;0.00;
4937;Valor total do orçamento da área de transporte do município;Valor total do orçamento da área de transporte do município - Cidades Sustentaveis;CET;D;822;CET;autarquias;1887;2013-12-31 00:00:00;0.00;
4937;Valor total do orçamento da área de transporte do município;Valor total do orçamento da área de transporte do município - Cidades Sustentaveis;CET;D;822;CET;autarquias;1888;2017-12-31 00:00:00;0.00;
4937;Valor total do orçamento da área de transporte do município;Valor total do orçamento da área de transporte do município - Cidades Sustentaveis;CET;D;822;CET;autarquias;1889;2014-12-31 00:00:00;0.00;
4937;Valor total do orçamento da área de transporte do município;Valor total do orçamento da área de transporte do município - Cidades Sustentaveis;CET;D;822;CET;autarquias;3804;2018-12-31 00:00:00;0.00;
4937;Valor total do orçamento da área de transporte do município;Valor total do orçamento da área de transporte do município - Cidades Sustentaveis;CET;D;822;CET;autarquias;4037;2019-12-31 00:00:00;0.00;
4937;Valor total do orçamento da área de transporte do município;Valor total do orçamento da área de transporte do município - Cidades Sustentaveis;CET;D;822;CET;autarquias;5006;2020-12-31 00:00:00;0.00;
4937;Valor total do orçamento da área de transporte do município;Valor total do orçamento da área de transporte do município - Cidades Sustentaveis;CET;D;822;CET;autarquias;5568;2021-12-31 00:00:00;0.00;
4937;Valor total do orçamento da área de transporte do município;Valor total do orçamento da área de transporte do município - Cidades Sustentaveis;CET;D;822;CET;autarquias;7017;2023-12-31 00:00:00;0.00;
