codigo;nome;descricao;fonte;tipoValor;id_orgao;sigla_orgao;tipo_orgao;valores_codigo;valores_data;valores_valor;valores_descricao
4938;Total de funcionários do município;Total de funcionários do município - Cidades Sustentaveis;SEFIN, ANTIGA SEGES;I;4681;SEFIN;secretarias;1890;2017-12-31 00:00:00;11642.00;
4938;Total de funcionários do município;Total de funcionários do município - Cidades Sustentaveis;SEFIN, ANTIGA SEGES;I;4681;SEFIN;secretarias;1891;2016-12-31 00:00:00;11414.00;
4938;Total de funcionários do município;Total de funcionários do município - Cidades Sustentaveis;SEFIN, ANTIGA SEGES;I;4681;SEFIN;secretarias;1892;2012-12-31 00:00:00;10669.00;
4938;Total de funcionários do município;Total de funcionários do município - Cidades Sustentaveis;SEFIN, ANTIGA SEGES;I;4681;SEFIN;secretarias;1893;2013-12-31 00:00:00;11044.00;
4938;Total de funcionários do município;Total de funcionários do município - Cidades Sustentaveis;SEFIN, ANTIGA SEGES;I;4681;SEFIN;secretarias;1894;2014-12-31 00:00:00;11497.00;
4938;Total de funcionários do município;Total de funcionários do município - Cidades Sustentaveis;SEFIN, ANTIGA SEGES;I;4681;SEFIN;secretarias;1895;2015-12-31 00:00:00;11409.00;
4938;Total de funcionários do município;Total de funcionários do município - Cidades Sustentaveis;SEFIN, ANTIGA SEGES;I;4681;SEFIN;secretarias;3699;2018-12-31 00:00:00;11954.00;
4938;Total de funcionários do município;Total de funcionários do município - Cidades Sustentaveis;SEFIN, ANTIGA SEGES;I;4681;SEFIN;secretarias;4111;2019-12-31 00:00:00;11640.00;
4938;Total de funcionários do município;Total de funcionários do município - Cidades Sustentaveis;SEFIN, ANTIGA SEGES;I;4681;SEFIN;secretarias;5065;2020-12-31 00:00:00;12414.00;
4938;Total de funcionários do município;Total de funcionários do município - Cidades Sustentaveis;SEFIN, ANTIGA SEGES;I;4681;SEFIN;secretarias;5979;2021-12-30 00:00:00;13212.00;
4938;Total de funcionários do município;Total de funcionários do município - Cidades Sustentaveis;SEFIN, ANTIGA SEGES;I;4681;SEFIN;secretarias;6888;2022-12-31 00:00:00;10991.00;
4938;Total de funcionários do município;Total de funcionários do município - Cidades Sustentaveis;SEFIN, ANTIGA SEGES;I;4681;SEFIN;secretarias;7576;2023-12-31 00:00:00;11168.00;
