codigo;nome;descricao;fonte;tipoValor;id_orgao;sigla_orgao;tipo_orgao;valores_codigo;valores_data;valores_valor;valores_descricao
4943;Qual o índice anual de congestionamentos da cidade?;Qual o índice anual de congestionamentos da cidade? - Cidades Sustentaveis;CET;D;822;CET;autarquias;1917;2017-12-31 00:00:00;91.17;
4943;Qual o índice anual de congestionamentos da cidade?;Qual o índice anual de congestionamentos da cidade? - Cidades Sustentaveis;CET;D;822;CET;autarquias;1918;2016-12-31 00:00:00;59.69;
4943;Qual o índice anual de congestionamentos da cidade?;Qual o índice anual de congestionamentos da cidade? - Cidades Sustentaveis;CET;D;822;CET;autarquias;1919;2013-12-31 00:00:00;100.00;
4943;Qual o índice anual de congestionamentos da cidade?;Qual o índice anual de congestionamentos da cidade? - Cidades Sustentaveis;CET;D;822;CET;autarquias;1920;2014-12-31 00:00:00;116.78;
4943;Qual o índice anual de congestionamentos da cidade?;Qual o índice anual de congestionamentos da cidade? - Cidades Sustentaveis;CET;D;822;CET;autarquias;1921;2015-12-31 00:00:00;89.11;
4943;Qual o índice anual de congestionamentos da cidade?;Qual o índice anual de congestionamentos da cidade? - Cidades Sustentaveis;CET;D;822;CET;autarquias;3923;2018-12-31 00:00:00;95.97;
4943;Qual o índice anual de congestionamentos da cidade?;Qual o índice anual de congestionamentos da cidade? - Cidades Sustentaveis;CET;D;822;CET;autarquias;4459;2019-12-31 00:00:00;141.63;
4943;Qual o índice anual de congestionamentos da cidade?;Qual o índice anual de congestionamentos da cidade? - Cidades Sustentaveis;CET;D;822;CET;autarquias;5009;2020-12-31 00:00:00;54.72;
4943;Qual o índice anual de congestionamentos da cidade?;Qual o índice anual de congestionamentos da cidade? - Cidades Sustentaveis;CET;D;822;CET;autarquias;5618;2021-12-31 00:00:00;-1.16;
4943;Qual o índice anual de congestionamentos da cidade?;Qual o índice anual de congestionamentos da cidade? - Cidades Sustentaveis;CET;D;822;CET;autarquias;7040;2023-12-31 00:00:00;40.64;
