codigo;nome;descricao;fonte;tipoValor;id_orgao;sigla_orgao;tipo_orgao;valores_codigo;valores_data;valores_valor;valores_descricao
4949;Número de mulheres em cargos gerenciais no governo do município;Número de mulheres em cargos gerenciais no governo do município - Cidades Sustentaveis;SEFIN, ANTIGA SEGES;I;4681;SEFIN;secretarias;1948;2013-12-31 00:00:00;130.00;
4949;Número de mulheres em cargos gerenciais no governo do município;Número de mulheres em cargos gerenciais no governo do município - Cidades Sustentaveis;SEFIN, ANTIGA SEGES;I;4681;SEFIN;secretarias;1949;2012-12-31 00:00:00;127.00;
4949;Número de mulheres em cargos gerenciais no governo do município;Número de mulheres em cargos gerenciais no governo do município - Cidades Sustentaveis;SEFIN, ANTIGA SEGES;I;4681;SEFIN;secretarias;1950;2014-12-31 00:00:00;127.00;
4949;Número de mulheres em cargos gerenciais no governo do município;Número de mulheres em cargos gerenciais no governo do município - Cidades Sustentaveis;SEFIN, ANTIGA SEGES;I;4681;SEFIN;secretarias;1951;2015-12-31 00:00:00;128.00;
4949;Número de mulheres em cargos gerenciais no governo do município;Número de mulheres em cargos gerenciais no governo do município - Cidades Sustentaveis;SEFIN, ANTIGA SEGES;I;4681;SEFIN;secretarias;1952;2016-12-31 00:00:00;135.00;
4949;Número de mulheres em cargos gerenciais no governo do município;Número de mulheres em cargos gerenciais no governo do município - Cidades Sustentaveis;SEFIN, ANTIGA SEGES;I;4681;SEFIN;secretarias;1953;2017-12-31 00:00:00;130.00;
4949;Número de mulheres em cargos gerenciais no governo do município;Número de mulheres em cargos gerenciais no governo do município - Cidades Sustentaveis;SEFIN, ANTIGA SEGES;I;4681;SEFIN;secretarias;3700;2018-12-31 00:00:00;126.00;
4949;Número de mulheres em cargos gerenciais no governo do município;Número de mulheres em cargos gerenciais no governo do município - Cidades Sustentaveis;SEFIN, ANTIGA SEGES;I;4681;SEFIN;secretarias;4112;2019-12-31 00:00:00;131.00;
4949;Número de mulheres em cargos gerenciais no governo do município;Número de mulheres em cargos gerenciais no governo do município - Cidades Sustentaveis;SEFIN, ANTIGA SEGES;I;4681;SEFIN;secretarias;5066;2020-12-31 00:00:00;157.00;
4949;Número de mulheres em cargos gerenciais no governo do município;Número de mulheres em cargos gerenciais no governo do município - Cidades Sustentaveis;SEFIN, ANTIGA SEGES;I;4681;SEFIN;secretarias;5982;2021-12-30 00:00:00;134.00;
4949;Número de mulheres em cargos gerenciais no governo do município;Número de mulheres em cargos gerenciais no governo do município - Cidades Sustentaveis;SEFIN, ANTIGA SEGES;I;4681;SEFIN;secretarias;6868;2022-12-31 00:00:00;129.00;
4949;Número de mulheres em cargos gerenciais no governo do município;Número de mulheres em cargos gerenciais no governo do município - Cidades Sustentaveis;SEFIN, ANTIGA SEGES;I;4681;SEFIN;secretarias;7565;2023-12-31 00:00:00;141.00;
