codigo;nome;descricao;fonte;tipoValor;id_orgao;sigla_orgao;tipo_orgao;valores_codigo;valores_data;valores_valor;valores_descricao
4950;Número de pessoas em cargos gerenciais no governo do município;Número de pessoas em cargos gerenciais no governo do município - Cidades Sustentaveis;SEFIN, ANTIGA SEGES;I;4681;SEFIN;secretarias;1954;2016-12-31 00:00:00;305.00;
4950;Número de pessoas em cargos gerenciais no governo do município;Número de pessoas em cargos gerenciais no governo do município - Cidades Sustentaveis;SEFIN, ANTIGA SEGES;I;4681;SEFIN;secretarias;1955;2013-12-31 00:00:00;307.00;
4950;Número de pessoas em cargos gerenciais no governo do município;Número de pessoas em cargos gerenciais no governo do município - Cidades Sustentaveis;SEFIN, ANTIGA SEGES;I;4681;SEFIN;secretarias;1956;2014-12-31 00:00:00;307.00;
4950;Número de pessoas em cargos gerenciais no governo do município;Número de pessoas em cargos gerenciais no governo do município - Cidades Sustentaveis;SEFIN, ANTIGA SEGES;I;4681;SEFIN;secretarias;1957;2017-12-31 00:00:00;301.00;
4950;Número de pessoas em cargos gerenciais no governo do município;Número de pessoas em cargos gerenciais no governo do município - Cidades Sustentaveis;SEFIN, ANTIGA SEGES;I;4681;SEFIN;secretarias;1958;2015-12-31 00:00:00;307.00;
4950;Número de pessoas em cargos gerenciais no governo do município;Número de pessoas em cargos gerenciais no governo do município - Cidades Sustentaveis;SEFIN, ANTIGA SEGES;I;4681;SEFIN;secretarias;1959;2012-12-31 00:00:00;307.00;
4950;Número de pessoas em cargos gerenciais no governo do município;Número de pessoas em cargos gerenciais no governo do município - Cidades Sustentaveis;SEFIN, ANTIGA SEGES;I;4681;SEFIN;secretarias;3701;2018-12-31 00:00:00;307.00;
4950;Número de pessoas em cargos gerenciais no governo do município;Número de pessoas em cargos gerenciais no governo do município - Cidades Sustentaveis;SEFIN, ANTIGA SEGES;I;4681;SEFIN;secretarias;4113;2019-12-31 00:00:00;300.00;
4950;Número de pessoas em cargos gerenciais no governo do município;Número de pessoas em cargos gerenciais no governo do município - Cidades Sustentaveis;SEFIN, ANTIGA SEGES;I;4681;SEFIN;secretarias;5067;2020-12-31 00:00:00;256.00;
4950;Número de pessoas em cargos gerenciais no governo do município;Número de pessoas em cargos gerenciais no governo do município - Cidades Sustentaveis;SEFIN, ANTIGA SEGES;I;4681;SEFIN;secretarias;5999;2021-12-30 00:00:00;1169.00;
4950;Número de pessoas em cargos gerenciais no governo do município;Número de pessoas em cargos gerenciais no governo do município - Cidades Sustentaveis;SEFIN, ANTIGA SEGES;I;4681;SEFIN;secretarias;6871;2022-12-31 00:00:00;1180.00;
4950;Número de pessoas em cargos gerenciais no governo do município;Número de pessoas em cargos gerenciais no governo do município - Cidades Sustentaveis;SEFIN, ANTIGA SEGES;I;4681;SEFIN;secretarias;7568;2023-12-31 00:00:00;1190.00;
