codigo;nome;descricao;fonte;tipoValor;id_orgao;sigla_orgao;tipo_orgao;valores_codigo;valores_data;valores_valor;valores_descricao
4951;Número de negros em cargos gerenciais no governo do município;Número de negros em cargos gerenciais no governo do município - Cidades Sustentaveis;SEFIN, ANTIGA SEGES;I;4681;SEFIN;secretarias;1960;2012-12-31 00:00:00;35.00;
4951;Número de negros em cargos gerenciais no governo do município;Número de negros em cargos gerenciais no governo do município - Cidades Sustentaveis;SEFIN, ANTIGA SEGES;I;4681;SEFIN;secretarias;1961;2017-12-31 00:00:00;31.00;
4951;Número de negros em cargos gerenciais no governo do município;Número de negros em cargos gerenciais no governo do município - Cidades Sustentaveis;SEFIN, ANTIGA SEGES;I;4681;SEFIN;secretarias;1962;2016-12-31 00:00:00;36.00;
4951;Número de negros em cargos gerenciais no governo do município;Número de negros em cargos gerenciais no governo do município - Cidades Sustentaveis;SEFIN, ANTIGA SEGES;I;4681;SEFIN;secretarias;1963;2015-12-31 00:00:00;24.00;
4951;Número de negros em cargos gerenciais no governo do município;Número de negros em cargos gerenciais no governo do município - Cidades Sustentaveis;SEFIN, ANTIGA SEGES;I;4681;SEFIN;secretarias;1964;2014-12-31 00:00:00;28.00;
4951;Número de negros em cargos gerenciais no governo do município;Número de negros em cargos gerenciais no governo do município - Cidades Sustentaveis;SEFIN, ANTIGA SEGES;I;4681;SEFIN;secretarias;1965;2013-12-31 00:00:00;23.00;
4951;Número de negros em cargos gerenciais no governo do município;Número de negros em cargos gerenciais no governo do município - Cidades Sustentaveis;SEFIN, ANTIGA SEGES;I;4681;SEFIN;secretarias;3702;2018-12-31 00:00:00;33.00;
4951;Número de negros em cargos gerenciais no governo do município;Número de negros em cargos gerenciais no governo do município - Cidades Sustentaveis;SEFIN, ANTIGA SEGES;I;4681;SEFIN;secretarias;4114;2019-12-31 00:00:00;32.00;
4951;Número de negros em cargos gerenciais no governo do município;Número de negros em cargos gerenciais no governo do município - Cidades Sustentaveis;SEFIN, ANTIGA SEGES;I;4681;SEFIN;secretarias;5068;2020-12-31 00:00:00;33.00;
4951;Número de negros em cargos gerenciais no governo do município;Número de negros em cargos gerenciais no governo do município - Cidades Sustentaveis;SEFIN, ANTIGA SEGES;I;4681;SEFIN;secretarias;5998;2021-12-30 00:00:00;29.00;
4951;Número de negros em cargos gerenciais no governo do município;Número de negros em cargos gerenciais no governo do município - Cidades Sustentaveis;SEFIN, ANTIGA SEGES;I;4681;SEFIN;secretarias;6870;2022-12-31 00:00:00;36.00;
4951;Número de negros em cargos gerenciais no governo do município;Número de negros em cargos gerenciais no governo do município - Cidades Sustentaveis;SEFIN, ANTIGA SEGES;I;4681;SEFIN;secretarias;7567;2023-12-31 00:00:00;40.00;
