codigo;nome;descricao;fonte;tipoValor;id_orgao;sigla_orgao;tipo_orgao;valores_codigo;valores_data;valores_valor;valores_descricao
4953;Número de mulheres no comando das secretarias do governo municipal;Número de mulheres no comando das secretarias do governo municipal - Cidades Sustentaveis;SEFIN, ANTIGA SEGES;I;4681;SEFIN;secretarias;1971;2013-12-31 00:00:00;2.00;
4953;Número de mulheres no comando das secretarias do governo municipal;Número de mulheres no comando das secretarias do governo municipal - Cidades Sustentaveis;SEFIN, ANTIGA SEGES;I;4681;SEFIN;secretarias;1972;2014-12-31 00:00:00;2.00;
4953;Número de mulheres no comando das secretarias do governo municipal;Número de mulheres no comando das secretarias do governo municipal - Cidades Sustentaveis;SEFIN, ANTIGA SEGES;I;4681;SEFIN;secretarias;1973;2016-12-31 00:00:00;4.00;
4953;Número de mulheres no comando das secretarias do governo municipal;Número de mulheres no comando das secretarias do governo municipal - Cidades Sustentaveis;SEFIN, ANTIGA SEGES;I;4681;SEFIN;secretarias;1974;2017-12-31 00:00:00;2.00;
4953;Número de mulheres no comando das secretarias do governo municipal;Número de mulheres no comando das secretarias do governo municipal - Cidades Sustentaveis;SEFIN, ANTIGA SEGES;I;4681;SEFIN;secretarias;1975;2015-12-31 00:00:00;3.00;
4953;Número de mulheres no comando das secretarias do governo municipal;Número de mulheres no comando das secretarias do governo municipal - Cidades Sustentaveis;SEFIN, ANTIGA SEGES;I;4681;SEFIN;secretarias;1976;2012-12-31 00:00:00;7.00;
4953;Número de mulheres no comando das secretarias do governo municipal;Número de mulheres no comando das secretarias do governo municipal - Cidades Sustentaveis;SEFIN, ANTIGA SEGES;I;4681;SEFIN;secretarias;3703;2018-12-31 00:00:00;2.00;
4953;Número de mulheres no comando das secretarias do governo municipal;Número de mulheres no comando das secretarias do governo municipal - Cidades Sustentaveis;SEFIN, ANTIGA SEGES;I;4681;SEFIN;secretarias;4115;2019-12-31 00:00:00;3.00;
4953;Número de mulheres no comando das secretarias do governo municipal;Número de mulheres no comando das secretarias do governo municipal - Cidades Sustentaveis;SEFIN, ANTIGA SEGES;I;4681;SEFIN;secretarias;5069;2020-12-31 00:00:00;2.00;
4953;Número de mulheres no comando das secretarias do governo municipal;Número de mulheres no comando das secretarias do governo municipal - Cidades Sustentaveis;SEFIN, ANTIGA SEGES;I;4681;SEFIN;secretarias;5997;2021-12-30 00:00:00;4.00;
4953;Número de mulheres no comando das secretarias do governo municipal;Número de mulheres no comando das secretarias do governo municipal - Cidades Sustentaveis;SEFIN, ANTIGA SEGES;I;4681;SEFIN;secretarias;6869;2022-12-31 00:00:00;6.00;
4953;Número de mulheres no comando das secretarias do governo municipal;Número de mulheres no comando das secretarias do governo municipal - Cidades Sustentaveis;SEFIN, ANTIGA SEGES;I;4681;SEFIN;secretarias;7566;2023-12-31 00:00:00;6.00;
