codigo;nome;descricao;fonte;tipoValor;id_orgao;sigla_orgao;tipo_orgao;valores_codigo;valores_data;valores_valor;valores_descricao
4954;Número total de secretários(as) do governo municipal;Número total de secretários(as) do governo municipal (17) - Cidades Sustentaveis;SEFIN, ANTIGA SEGES;I;4681;SEFIN;secretarias;1977;2016-12-31 00:00:00;21.00;
4954;Número total de secretários(as) do governo municipal;Número total de secretários(as) do governo municipal (17) - Cidades Sustentaveis;SEFIN, ANTIGA SEGES;I;4681;SEFIN;secretarias;1978;2017-12-31 00:00:00;21.00;
4954;Número total de secretários(as) do governo municipal;Número total de secretários(as) do governo municipal (17) - Cidades Sustentaveis;SEFIN, ANTIGA SEGES;I;4681;SEFIN;secretarias;1979;2013-12-31 00:00:00;21.00;
4954;Número total de secretários(as) do governo municipal;Número total de secretários(as) do governo municipal (17) - Cidades Sustentaveis;SEFIN, ANTIGA SEGES;I;4681;SEFIN;secretarias;1980;2015-12-31 00:00:00;21.00;
4954;Número total de secretários(as) do governo municipal;Número total de secretários(as) do governo municipal (17) - Cidades Sustentaveis;SEFIN, ANTIGA SEGES;I;4681;SEFIN;secretarias;1981;2014-12-31 00:00:00;21.00;
4954;Número total de secretários(as) do governo municipal;Número total de secretários(as) do governo municipal (17) - Cidades Sustentaveis;SEFIN, ANTIGA SEGES;I;4681;SEFIN;secretarias;1982;2012-12-31 00:00:00;21.00;
4954;Número total de secretários(as) do governo municipal;Número total de secretários(as) do governo municipal (17) - Cidades Sustentaveis;SEFIN, ANTIGA SEGES;I;4681;SEFIN;secretarias;3704;2018-12-31 00:00:00;20.00;
4954;Número total de secretários(as) do governo municipal;Número total de secretários(as) do governo municipal (17) - Cidades Sustentaveis;SEFIN, ANTIGA SEGES;I;4681;SEFIN;secretarias;4116;2019-12-31 00:00:00;20.00;
4954;Número total de secretários(as) do governo municipal;Número total de secretários(as) do governo municipal (17) - Cidades Sustentaveis;SEFIN, ANTIGA SEGES;I;4681;SEFIN;secretarias;5070;2020-12-31 00:00:00;20.00;
4954;Número total de secretários(as) do governo municipal;Número total de secretários(as) do governo municipal (17) - Cidades Sustentaveis;SEFIN, ANTIGA SEGES;I;4681;SEFIN;secretarias;5993;2021-12-30 00:00:00;20.00;
4954;Número total de secretários(as) do governo municipal;Número total de secretários(as) do governo municipal (17) - Cidades Sustentaveis;SEFIN, ANTIGA SEGES;I;4681;SEFIN;secretarias;6875;2022-12-31 00:00:00;20.00;
4954;Número total de secretários(as) do governo municipal;Número total de secretários(as) do governo municipal (17) - Cidades Sustentaveis;SEFIN, ANTIGA SEGES;I;4681;SEFIN;secretarias;7572;2023-12-31 00:00:00;20.00;
