codigo;nome;descricao;fonte;tipoValor;id_orgao;sigla_orgao;tipo_orgao;valores_codigo;valores_data;valores_valor;valores_descricao
4960;Gasto total em saúde;Gasto total em saúde - Cidades Sustentaveis;SEFIN;D;4681;SEFIN;secretarias;2008;2016-12-31 00:00:00;513310748.00;
4960;Gasto total em saúde;Gasto total em saúde - Cidades Sustentaveis;SEFIN;D;4681;SEFIN;secretarias;2009;2013-12-31 00:00:00;407147721.09;
4960;Gasto total em saúde;Gasto total em saúde - Cidades Sustentaveis;SEFIN;D;4681;SEFIN;secretarias;2010;2017-12-31 00:00:00;550485822.92;
4960;Gasto total em saúde;Gasto total em saúde - Cidades Sustentaveis;SEFIN;D;4681;SEFIN;secretarias;2011;2014-12-31 00:00:00;448916689.91;
4960;Gasto total em saúde;Gasto total em saúde - Cidades Sustentaveis;SEFIN;D;4681;SEFIN;secretarias;2012;2015-12-31 00:00:00;460677139.73;
4960;Gasto total em saúde;Gasto total em saúde - Cidades Sustentaveis;SEFIN;D;4681;SEFIN;secretarias;3584;2018-12-31 00:00:00;572080284.83;
4960;Gasto total em saúde;Gasto total em saúde - Cidades Sustentaveis;SEFIN;D;4681;SEFIN;secretarias;4536;2019-12-31 00:00:00;651449102.29;
4960;Gasto total em saúde;Gasto total em saúde - Cidades Sustentaveis;SEFIN;D;4681;SEFIN;secretarias;4953;2020-12-31 00:00:00;760278025.83;
4960;Gasto total em saúde;Gasto total em saúde - Cidades Sustentaveis;SEFIN;D;4681;SEFIN;secretarias;5431;2021-12-31 00:00:00;859435724.17;
4960;Gasto total em saúde;Gasto total em saúde - Cidades Sustentaveis;SEFIN;D;4681;SEFIN;secretarias;6831;2022-12-31 00:00:00;860765138.39;
4960;Gasto total em saúde;Gasto total em saúde - Cidades Sustentaveis;SEFIN;D;4681;SEFIN;secretarias;7503;2023-12-31 00:00:00;922349367.60;
