codigo;nome;descricao;fonte;tipoValor;id_orgao;sigla_orgao;tipo_orgao;valores_codigo;valores_data;valores_valor;valores_descricao
4963;Valor do orçamento destinado a ações afirmativas em políticas públicas para a redução da desigualdade;Valor do orçamento destinado a ações afirmativas em políticas públicas para a redução da desigualdade - Cidades Sustentaveis;Sefin;D;4681;SEFIN;secretarias;2023;2017-12-31 00:00:00;63871737.79;
4963;Valor do orçamento destinado a ações afirmativas em políticas públicas para a redução da desigualdade;Valor do orçamento destinado a ações afirmativas em políticas públicas para a redução da desigualdade - Cidades Sustentaveis;Sefin;D;4681;SEFIN;secretarias;2024;2016-12-31 00:00:00;60424181.00;
4963;Valor do orçamento destinado a ações afirmativas em políticas públicas para a redução da desigualdade;Valor do orçamento destinado a ações afirmativas em políticas públicas para a redução da desigualdade - Cidades Sustentaveis;Sefin;D;4681;SEFIN;secretarias;2025;2015-12-31 00:00:00;0.00;
4963;Valor do orçamento destinado a ações afirmativas em políticas públicas para a redução da desigualdade;Valor do orçamento destinado a ações afirmativas em políticas públicas para a redução da desigualdade - Cidades Sustentaveis;Sefin;D;4681;SEFIN;secretarias;2026;2014-12-31 00:00:00;0.00;
4963;Valor do orçamento destinado a ações afirmativas em políticas públicas para a redução da desigualdade;Valor do orçamento destinado a ações afirmativas em políticas públicas para a redução da desigualdade - Cidades Sustentaveis;Sefin;D;4681;SEFIN;secretarias;2027;2013-12-31 00:00:00;0.00;
4963;Valor do orçamento destinado a ações afirmativas em políticas públicas para a redução da desigualdade;Valor do orçamento destinado a ações afirmativas em políticas públicas para a redução da desigualdade - Cidades Sustentaveis;Sefin;D;4681;SEFIN;secretarias;3586;2018-12-31 00:00:00;65616414.34;
4963;Valor do orçamento destinado a ações afirmativas em políticas públicas para a redução da desigualdade;Valor do orçamento destinado a ações afirmativas em políticas públicas para a redução da desigualdade - Cidades Sustentaveis;Sefin;D;4681;SEFIN;secretarias;4538;2019-12-31 00:00:00;68594488.96;
4963;Valor do orçamento destinado a ações afirmativas em políticas públicas para a redução da desigualdade;Valor do orçamento destinado a ações afirmativas em políticas públicas para a redução da desigualdade - Cidades Sustentaveis;Sefin;D;4681;SEFIN;secretarias;4955;2020-12-31 00:00:00;70411083.21;
4963;Valor do orçamento destinado a ações afirmativas em políticas públicas para a redução da desigualdade;Valor do orçamento destinado a ações afirmativas em políticas públicas para a redução da desigualdade - Cidades Sustentaveis;Sefin;D;4681;SEFIN;secretarias;5438;2021-12-31 00:00:00;76864092.35;
4963;Valor do orçamento destinado a ações afirmativas em políticas públicas para a redução da desigualdade;Valor do orçamento destinado a ações afirmativas em políticas públicas para a redução da desigualdade - Cidades Sustentaveis;Sefin;D;4681;SEFIN;secretarias;6903;2022-12-31 00:00:00;91489750.27;
