codigo;nome;descricao;fonte;tipoValor;id_orgao;sigla_orgao;tipo_orgao;valores_codigo;valores_data;valores_valor;valores_descricao
4972;Número de afetados por eventos climáticos extremos como alagamentos, ciclones, deslizamentos, enxurradas, inundações, secas, dentre outros;Registros de afetados por eventos climáticos extremos como alagamentos, ciclones, deslizamentos, enxurradas, inundações, secas, dentre outros. - Cidades Sustentáveis;SESEG - SECRETARIA MUNICIPAL DE SEGURANÇA / DEPRODEC - DEFESA CIVIL;I;779;SESEG;secretarias;2068;2016-12-31 00:00:00;50000.00;
4972;Número de afetados por eventos climáticos extremos como alagamentos, ciclones, deslizamentos, enxurradas, inundações, secas, dentre outros;Registros de afetados por eventos climáticos extremos como alagamentos, ciclones, deslizamentos, enxurradas, inundações, secas, dentre outros. - Cidades Sustentáveis;SESEG - SECRETARIA MUNICIPAL DE SEGURANÇA / DEPRODEC - DEFESA CIVIL;I;779;SESEG;secretarias;2069;2014-12-31 00:00:00;23000.00;
4972;Número de afetados por eventos climáticos extremos como alagamentos, ciclones, deslizamentos, enxurradas, inundações, secas, dentre outros;Registros de afetados por eventos climáticos extremos como alagamentos, ciclones, deslizamentos, enxurradas, inundações, secas, dentre outros. - Cidades Sustentáveis;SESEG - SECRETARIA MUNICIPAL DE SEGURANÇA / DEPRODEC - DEFESA CIVIL;I;779;SESEG;secretarias;2070;2015-12-31 00:00:00;25000.00;
4972;Número de afetados por eventos climáticos extremos como alagamentos, ciclones, deslizamentos, enxurradas, inundações, secas, dentre outros;Registros de afetados por eventos climáticos extremos como alagamentos, ciclones, deslizamentos, enxurradas, inundações, secas, dentre outros. - Cidades Sustentáveis;SESEG - SECRETARIA MUNICIPAL DE SEGURANÇA / DEPRODEC - DEFESA CIVIL;I;779;SESEG;secretarias;2071;2017-12-31 00:00:00;23000.00;
4972;Número de afetados por eventos climáticos extremos como alagamentos, ciclones, deslizamentos, enxurradas, inundações, secas, dentre outros;Registros de afetados por eventos climáticos extremos como alagamentos, ciclones, deslizamentos, enxurradas, inundações, secas, dentre outros. - Cidades Sustentáveis;SESEG - SECRETARIA MUNICIPAL DE SEGURANÇA / DEPRODEC - DEFESA CIVIL;I;779;SESEG;secretarias;2072;2013-12-31 00:00:00;0.00;
4972;Número de afetados por eventos climáticos extremos como alagamentos, ciclones, deslizamentos, enxurradas, inundações, secas, dentre outros;Registros de afetados por eventos climáticos extremos como alagamentos, ciclones, deslizamentos, enxurradas, inundações, secas, dentre outros. - Cidades Sustentáveis;SESEG - SECRETARIA MUNICIPAL DE SEGURANÇA / DEPRODEC - DEFESA CIVIL;I;779;SESEG;secretarias;3723;2018-12-31 00:00:00;23000.00;
4972;Número de afetados por eventos climáticos extremos como alagamentos, ciclones, deslizamentos, enxurradas, inundações, secas, dentre outros;Registros de afetados por eventos climáticos extremos como alagamentos, ciclones, deslizamentos, enxurradas, inundações, secas, dentre outros. - Cidades Sustentáveis;SESEG - SECRETARIA MUNICIPAL DE SEGURANÇA / DEPRODEC - DEFESA CIVIL;I;779;SESEG;secretarias;4342;2019-12-31 00:00:00;25000.00;
4972;Número de afetados por eventos climáticos extremos como alagamentos, ciclones, deslizamentos, enxurradas, inundações, secas, dentre outros;Registros de afetados por eventos climáticos extremos como alagamentos, ciclones, deslizamentos, enxurradas, inundações, secas, dentre outros. - Cidades Sustentáveis;SESEG - SECRETARIA MUNICIPAL DE SEGURANÇA / DEPRODEC - DEFESA CIVIL;I;779;SESEG;secretarias;4884;2020-12-31 00:00:00;385762.00;
4972;Número de afetados por eventos climáticos extremos como alagamentos, ciclones, deslizamentos, enxurradas, inundações, secas, dentre outros;Registros de afetados por eventos climáticos extremos como alagamentos, ciclones, deslizamentos, enxurradas, inundações, secas, dentre outros. - Cidades Sustentáveis;SESEG - SECRETARIA MUNICIPAL DE SEGURANÇA / DEPRODEC - DEFESA CIVIL;I;779;SESEG;secretarias;5400;2021-12-31 00:00:00;40000.00;
4972;Número de afetados por eventos climáticos extremos como alagamentos, ciclones, deslizamentos, enxurradas, inundações, secas, dentre outros;Registros de afetados por eventos climáticos extremos como alagamentos, ciclones, deslizamentos, enxurradas, inundações, secas, dentre outros. - Cidades Sustentáveis;SESEG - SECRETARIA MUNICIPAL DE SEGURANÇA / DEPRODEC - DEFESA CIVIL;I;779;SESEG;secretarias;6618;2022-12-31 00:00:00;40000.00;
