codigo;nome;descricao;fonte;tipoValor;id_orgao;sigla_orgao;tipo_orgao;valores_codigo;valores_data;valores_valor;valores_descricao
4973;Número de alunos da rede pública com acesso à quadra esportiva (coberta ou descoberta);Número de alunos da rede pública com acesso à quadra esportiva (coberta ou descoberta) - Cidades Sustentaveis;Diretoria Regional de Ensino do Estado + Seduc;I;2907;SEDUC;secretarias;2073;2014-12-31 00:00:00;0.00;
4973;Número de alunos da rede pública com acesso à quadra esportiva (coberta ou descoberta);Número de alunos da rede pública com acesso à quadra esportiva (coberta ou descoberta) - Cidades Sustentaveis;Diretoria Regional de Ensino do Estado + Seduc;I;2907;SEDUC;secretarias;2074;2016-12-31 00:00:00;16822.00;
4973;Número de alunos da rede pública com acesso à quadra esportiva (coberta ou descoberta);Número de alunos da rede pública com acesso à quadra esportiva (coberta ou descoberta) - Cidades Sustentaveis;Diretoria Regional de Ensino do Estado + Seduc;I;2907;SEDUC;secretarias;2075;2013-12-31 00:00:00;0.00;
4973;Número de alunos da rede pública com acesso à quadra esportiva (coberta ou descoberta);Número de alunos da rede pública com acesso à quadra esportiva (coberta ou descoberta) - Cidades Sustentaveis;Diretoria Regional de Ensino do Estado + Seduc;I;2907;SEDUC;secretarias;2076;2015-12-31 00:00:00;0.00;
4973;Número de alunos da rede pública com acesso à quadra esportiva (coberta ou descoberta);Número de alunos da rede pública com acesso à quadra esportiva (coberta ou descoberta) - Cidades Sustentaveis;Diretoria Regional de Ensino do Estado + Seduc;I;2907;SEDUC;secretarias;2077;2017-12-31 00:00:00;16830.00;
4973;Número de alunos da rede pública com acesso à quadra esportiva (coberta ou descoberta);Número de alunos da rede pública com acesso à quadra esportiva (coberta ou descoberta) - Cidades Sustentaveis;Diretoria Regional de Ensino do Estado + Seduc;I;2907;SEDUC;secretarias;3762;2018-12-31 00:00:00;19284.00;
4973;Número de alunos da rede pública com acesso à quadra esportiva (coberta ou descoberta);Número de alunos da rede pública com acesso à quadra esportiva (coberta ou descoberta) - Cidades Sustentaveis;Diretoria Regional de Ensino do Estado + Seduc;I;2907;SEDUC;secretarias;4415;2019-12-31 00:00:00;26956.00;
4973;Número de alunos da rede pública com acesso à quadra esportiva (coberta ou descoberta);Número de alunos da rede pública com acesso à quadra esportiva (coberta ou descoberta) - Cidades Sustentaveis;Diretoria Regional de Ensino do Estado + Seduc;I;2907;SEDUC;secretarias;4950;2020-12-31 00:00:00;19421.00;
4973;Número de alunos da rede pública com acesso à quadra esportiva (coberta ou descoberta);Número de alunos da rede pública com acesso à quadra esportiva (coberta ou descoberta) - Cidades Sustentaveis;Diretoria Regional de Ensino do Estado + Seduc;I;2907;SEDUC;secretarias;5630;2021-12-21 00:00:00;19421.00;
4973;Número de alunos da rede pública com acesso à quadra esportiva (coberta ou descoberta);Número de alunos da rede pública com acesso à quadra esportiva (coberta ou descoberta) - Cidades Sustentaveis;Diretoria Regional de Ensino do Estado + Seduc;I;2907;SEDUC;secretarias;6415;2022-12-31 00:00:00;19055.00;
4973;Número de alunos da rede pública com acesso à quadra esportiva (coberta ou descoberta);Número de alunos da rede pública com acesso à quadra esportiva (coberta ou descoberta) - Cidades Sustentaveis;Diretoria Regional de Ensino do Estado + Seduc;I;2907;SEDUC;secretarias;7354;2023-12-31 00:00:00;49788.00;
