codigo;nome;descricao;fonte;tipoValor;id_orgao;sigla_orgao;tipo_orgao;valores_codigo;valores_data;valores_valor;valores_descricao
4974;Número total de alunos da rede pública;Número total de alunos da rede pública - Cidades Sustentaveis;Diretoria Regional de Ensino do Estado + Seduc;I;2907;SEDUC;secretarias;2078;2014-12-31 00:00:00;27250.00;
4974;Número total de alunos da rede pública;Número total de alunos da rede pública - Cidades Sustentaveis;Diretoria Regional de Ensino do Estado + Seduc;I;2907;SEDUC;secretarias;2079;2016-12-31 00:00:00;28466.00;
4974;Número total de alunos da rede pública;Número total de alunos da rede pública - Cidades Sustentaveis;Diretoria Regional de Ensino do Estado + Seduc;I;2907;SEDUC;secretarias;2080;2017-12-31 00:00:00;27794.00;
4974;Número total de alunos da rede pública;Número total de alunos da rede pública - Cidades Sustentaveis;Diretoria Regional de Ensino do Estado + Seduc;I;2907;SEDUC;secretarias;2081;2013-12-31 00:00:00;26161.00;
4974;Número total de alunos da rede pública;Número total de alunos da rede pública - Cidades Sustentaveis;Diretoria Regional de Ensino do Estado + Seduc;I;2907;SEDUC;secretarias;2082;2015-12-31 00:00:00;27756.00;
4974;Número total de alunos da rede pública;Número total de alunos da rede pública - Cidades Sustentaveis;Diretoria Regional de Ensino do Estado + Seduc;I;2907;SEDUC;secretarias;3912;2018-12-31 00:00:00;54149.00;
4974;Número total de alunos da rede pública;Número total de alunos da rede pública - Cidades Sustentaveis;Diretoria Regional de Ensino do Estado + Seduc;I;2907;SEDUC;secretarias;4362;2019-12-31 00:00:00;52370.00;
4974;Número total de alunos da rede pública;Número total de alunos da rede pública - Cidades Sustentaveis;Diretoria Regional de Ensino do Estado + Seduc;I;2907;SEDUC;secretarias;4952;2020-12-31 00:00:00;27836.00;
4974;Número total de alunos da rede pública;Número total de alunos da rede pública - Cidades Sustentaveis;Diretoria Regional de Ensino do Estado + Seduc;I;2907;SEDUC;secretarias;5600;2021-12-21 00:00:00;43366.00;
4974;Número total de alunos da rede pública;Número total de alunos da rede pública - Cidades Sustentaveis;Diretoria Regional de Ensino do Estado + Seduc;I;2907;SEDUC;secretarias;6439;2022-12-31 00:00:00;116640.00;
4974;Número total de alunos da rede pública;Número total de alunos da rede pública - Cidades Sustentaveis;Diretoria Regional de Ensino do Estado + Seduc;I;2907;SEDUC;secretarias;7077;2023-12-31 00:00:00;49788.00;
