codigo;nome;descricao;fonte;tipoValor;id_orgao;sigla_orgao;tipo_orgao;valores_codigo;valores_data;valores_valor;valores_descricao
4975;Número de alunos com deficência e transtornos globais do desenvolvimento matriculados em classes comuns na rede regular de ensino.;Número de alunos com deficência e transtornos globais do desenvolvimento matriculados em classes comuns na rede regular de ensino. - Cidades Sustentaveis;Diretoria Regional de Ensino do Estado + Seduc;I;2907;SEDUC;secretarias;2083;2015-08-31 00:00:00;860.00;
4975;Número de alunos com deficência e transtornos globais do desenvolvimento matriculados em classes comuns na rede regular de ensino.;Número de alunos com deficência e transtornos globais do desenvolvimento matriculados em classes comuns na rede regular de ensino. - Cidades Sustentaveis;Diretoria Regional de Ensino do Estado + Seduc;I;2907;SEDUC;secretarias;2084;2013-08-31 00:00:00;988.00;
4975;Número de alunos com deficência e transtornos globais do desenvolvimento matriculados em classes comuns na rede regular de ensino.;Número de alunos com deficência e transtornos globais do desenvolvimento matriculados em classes comuns na rede regular de ensino. - Cidades Sustentaveis;Diretoria Regional de Ensino do Estado + Seduc;I;2907;SEDUC;secretarias;2085;2014-08-31 00:00:00;946.00;
4975;Número de alunos com deficência e transtornos globais do desenvolvimento matriculados em classes comuns na rede regular de ensino.;Número de alunos com deficência e transtornos globais do desenvolvimento matriculados em classes comuns na rede regular de ensino. - Cidades Sustentaveis;Diretoria Regional de Ensino do Estado + Seduc;I;2907;SEDUC;secretarias;2086;2017-12-31 00:00:00;1017.00;
4975;Número de alunos com deficência e transtornos globais do desenvolvimento matriculados em classes comuns na rede regular de ensino.;Número de alunos com deficência e transtornos globais do desenvolvimento matriculados em classes comuns na rede regular de ensino. - Cidades Sustentaveis;Diretoria Regional de Ensino do Estado + Seduc;I;2907;SEDUC;secretarias;2087;2016-12-31 00:00:00;893.00;
4975;Número de alunos com deficência e transtornos globais do desenvolvimento matriculados em classes comuns na rede regular de ensino.;Número de alunos com deficência e transtornos globais do desenvolvimento matriculados em classes comuns na rede regular de ensino. - Cidades Sustentaveis;Diretoria Regional de Ensino do Estado + Seduc;I;2907;SEDUC;secretarias;3913;2018-12-31 00:00:00;973.00;
4975;Número de alunos com deficência e transtornos globais do desenvolvimento matriculados em classes comuns na rede regular de ensino.;Número de alunos com deficência e transtornos globais do desenvolvimento matriculados em classes comuns na rede regular de ensino. - Cidades Sustentaveis;Diretoria Regional de Ensino do Estado + Seduc;I;2907;SEDUC;secretarias;4363;2019-12-31 00:00:00;1043.00;
4975;Número de alunos com deficência e transtornos globais do desenvolvimento matriculados em classes comuns na rede regular de ensino.;Número de alunos com deficência e transtornos globais do desenvolvimento matriculados em classes comuns na rede regular de ensino. - Cidades Sustentaveis;Diretoria Regional de Ensino do Estado + Seduc;I;2907;SEDUC;secretarias;4957;2020-12-31 00:00:00;1574.00;
4975;Número de alunos com deficência e transtornos globais do desenvolvimento matriculados em classes comuns na rede regular de ensino.;Número de alunos com deficência e transtornos globais do desenvolvimento matriculados em classes comuns na rede regular de ensino. - Cidades Sustentaveis;Diretoria Regional de Ensino do Estado + Seduc;I;2907;SEDUC;secretarias;5631;2021-12-21 00:00:00;1574.00;
4975;Número de alunos com deficência e transtornos globais do desenvolvimento matriculados em classes comuns na rede regular de ensino.;Número de alunos com deficência e transtornos globais do desenvolvimento matriculados em classes comuns na rede regular de ensino. - Cidades Sustentaveis;Diretoria Regional de Ensino do Estado + Seduc;I;2907;SEDUC;secretarias;6414;2022-12-31 00:00:00;3958.00;
4975;Número de alunos com deficência e transtornos globais do desenvolvimento matriculados em classes comuns na rede regular de ensino.;Número de alunos com deficência e transtornos globais do desenvolvimento matriculados em classes comuns na rede regular de ensino. - Cidades Sustentaveis;Diretoria Regional de Ensino do Estado + Seduc;I;2907;SEDUC;secretarias;7049;2023-12-31 00:00:00;2369.00;
