codigo;nome;descricao;fonte;tipoValor;id_orgao;sigla_orgao;tipo_orgao;valores_codigo;valores_data;valores_valor;valores_descricao
4976;Número total de alunos matriculados em classes comuns na rede regular de ensino;Número total de alunos matriculados em classes comuns na rede regular de ensino - Cidades Sustentaveis;Diretoria Regional de Ensino do Estado + Seduc;I;2907;SEDUC;secretarias;2088;2016-12-31 00:00:00;28466.00;
4976;Número total de alunos matriculados em classes comuns na rede regular de ensino;Número total de alunos matriculados em classes comuns na rede regular de ensino - Cidades Sustentaveis;Diretoria Regional de Ensino do Estado + Seduc;I;2907;SEDUC;secretarias;2089;2014-08-31 00:00:00;27250.00;
4976;Número total de alunos matriculados em classes comuns na rede regular de ensino;Número total de alunos matriculados em classes comuns na rede regular de ensino - Cidades Sustentaveis;Diretoria Regional de Ensino do Estado + Seduc;I;2907;SEDUC;secretarias;2090;2017-12-31 00:00:00;25473.00;
4976;Número total de alunos matriculados em classes comuns na rede regular de ensino;Número total de alunos matriculados em classes comuns na rede regular de ensino - Cidades Sustentaveis;Diretoria Regional de Ensino do Estado + Seduc;I;2907;SEDUC;secretarias;2091;2013-08-31 00:00:00;2574.00;
4976;Número total de alunos matriculados em classes comuns na rede regular de ensino;Número total de alunos matriculados em classes comuns na rede regular de ensino - Cidades Sustentaveis;Diretoria Regional de Ensino do Estado + Seduc;I;2907;SEDUC;secretarias;2092;2015-08-31 00:00:00;27756.00;
4976;Número total de alunos matriculados em classes comuns na rede regular de ensino;Número total de alunos matriculados em classes comuns na rede regular de ensino - Cidades Sustentaveis;Diretoria Regional de Ensino do Estado + Seduc;I;2907;SEDUC;secretarias;3914;2018-12-31 00:00:00;27120.00;
4976;Número total de alunos matriculados em classes comuns na rede regular de ensino;Número total de alunos matriculados em classes comuns na rede regular de ensino - Cidades Sustentaveis;Diretoria Regional de Ensino do Estado + Seduc;I;2907;SEDUC;secretarias;4364;2019-12-31 00:00:00;52307.00;
4976;Número total de alunos matriculados em classes comuns na rede regular de ensino;Número total de alunos matriculados em classes comuns na rede regular de ensino - Cidades Sustentaveis;Diretoria Regional de Ensino do Estado + Seduc;I;2907;SEDUC;secretarias;4960;2020-12-31 00:00:00;27889.00;
4976;Número total de alunos matriculados em classes comuns na rede regular de ensino;Número total de alunos matriculados em classes comuns na rede regular de ensino - Cidades Sustentaveis;Diretoria Regional de Ensino do Estado + Seduc;I;2907;SEDUC;secretarias;5632;2021-12-21 00:00:00;69540.00;
4976;Número total de alunos matriculados em classes comuns na rede regular de ensino;Número total de alunos matriculados em classes comuns na rede regular de ensino - Cidades Sustentaveis;Diretoria Regional de Ensino do Estado + Seduc;I;2907;SEDUC;secretarias;6442;2022-12-31 00:00:00;26548.00;
4976;Número total de alunos matriculados em classes comuns na rede regular de ensino;Número total de alunos matriculados em classes comuns na rede regular de ensino - Cidades Sustentaveis;Diretoria Regional de Ensino do Estado + Seduc;I;2907;SEDUC;secretarias;7082;2023-12-31 00:00:00;49764.00;
