codigo;nome;descricao;fonte;tipoValor;id_orgao;sigla_orgao;tipo_orgao;valores_codigo;valores_data;valores_valor;valores_descricao
4977;Número de alunos, professores e funcionários vítimas de violência no ambiente escolar;Número de alunos, professores e funcionários vítimas de violência no ambiente escolar - Cidades Sustentaveis;Diretoria Regional de Ensino do Estado + Seduc;I;2907;SEDUC;secretarias;2093;2016-12-31 00:00:00;14.00;
4977;Número de alunos, professores e funcionários vítimas de violência no ambiente escolar;Número de alunos, professores e funcionários vítimas de violência no ambiente escolar - Cidades Sustentaveis;Diretoria Regional de Ensino do Estado + Seduc;I;2907;SEDUC;secretarias;2094;2017-12-31 00:00:00;0.00;
4977;Número de alunos, professores e funcionários vítimas de violência no ambiente escolar;Número de alunos, professores e funcionários vítimas de violência no ambiente escolar - Cidades Sustentaveis;Diretoria Regional de Ensino do Estado + Seduc;I;2907;SEDUC;secretarias;2095;2014-08-31 00:00:00;109.00;
4977;Número de alunos, professores e funcionários vítimas de violência no ambiente escolar;Número de alunos, professores e funcionários vítimas de violência no ambiente escolar - Cidades Sustentaveis;Diretoria Regional de Ensino do Estado + Seduc;I;2907;SEDUC;secretarias;2096;2013-08-31 00:00:00;49.00;
4977;Número de alunos, professores e funcionários vítimas de violência no ambiente escolar;Número de alunos, professores e funcionários vítimas de violência no ambiente escolar - Cidades Sustentaveis;Diretoria Regional de Ensino do Estado + Seduc;I;2907;SEDUC;secretarias;2097;2015-08-31 00:00:00;50.00;
4977;Número de alunos, professores e funcionários vítimas de violência no ambiente escolar;Número de alunos, professores e funcionários vítimas de violência no ambiente escolar - Cidades Sustentaveis;Diretoria Regional de Ensino do Estado + Seduc;I;2907;SEDUC;secretarias;3766;2018-12-31 00:00:00;0.00;
4977;Número de alunos, professores e funcionários vítimas de violência no ambiente escolar;Número de alunos, professores e funcionários vítimas de violência no ambiente escolar - Cidades Sustentaveis;Diretoria Regional de Ensino do Estado + Seduc;I;2907;SEDUC;secretarias;4365;2019-12-31 00:00:00;0.00;
4977;Número de alunos, professores e funcionários vítimas de violência no ambiente escolar;Número de alunos, professores e funcionários vítimas de violência no ambiente escolar - Cidades Sustentaveis;Diretoria Regional de Ensino do Estado + Seduc;I;2907;SEDUC;secretarias;5087;2020-12-31 00:00:00;0.00;
4977;Número de alunos, professores e funcionários vítimas de violência no ambiente escolar;Número de alunos, professores e funcionários vítimas de violência no ambiente escolar - Cidades Sustentaveis;Diretoria Regional de Ensino do Estado + Seduc;I;2907;SEDUC;secretarias;5633;2021-12-21 00:00:00;4.00;
4977;Número de alunos, professores e funcionários vítimas de violência no ambiente escolar;Número de alunos, professores e funcionários vítimas de violência no ambiente escolar - Cidades Sustentaveis;Diretoria Regional de Ensino do Estado + Seduc;I;2907;SEDUC;secretarias;7056;2023-12-31 00:00:00;0.00;
