codigo;nome;descricao;fonte;tipoValor;id_orgao;sigla_orgao;tipo_orgao;valores_codigo;valores_data;valores_valor;valores_descricao
4978;Número total de alunos, professores e funcionários;Número total de alunos, professores e funcionários - Cidades Sustentaveis;Diretoria Regional de Ensino do Estado + Seduc;I;2907;SEDUC;secretarias;2098;2015-12-31 00:00:00;32394.00;
4978;Número total de alunos, professores e funcionários;Número total de alunos, professores e funcionários - Cidades Sustentaveis;Diretoria Regional de Ensino do Estado + Seduc;I;2907;SEDUC;secretarias;2099;2013-12-31 00:00:00;30758.00;
4978;Número total de alunos, professores e funcionários;Número total de alunos, professores e funcionários - Cidades Sustentaveis;Diretoria Regional de Ensino do Estado + Seduc;I;2907;SEDUC;secretarias;2100;2017-12-31 00:00:00;33158.00;
4978;Número total de alunos, professores e funcionários;Número total de alunos, professores e funcionários - Cidades Sustentaveis;Diretoria Regional de Ensino do Estado + Seduc;I;2907;SEDUC;secretarias;2101;2014-12-31 00:00:00;31830.00;
4978;Número total de alunos, professores e funcionários;Número total de alunos, professores e funcionários - Cidades Sustentaveis;Diretoria Regional de Ensino do Estado + Seduc;I;2907;SEDUC;secretarias;2102;2016-12-31 00:00:00;33304.00;
4978;Número total de alunos, professores e funcionários;Número total de alunos, professores e funcionários - Cidades Sustentaveis;Diretoria Regional de Ensino do Estado + Seduc;I;2907;SEDUC;secretarias;3918;2018-12-31 00:00:00;32183.00;
4978;Número total de alunos, professores e funcionários;Número total de alunos, professores e funcionários - Cidades Sustentaveis;Diretoria Regional de Ensino do Estado + Seduc;I;2907;SEDUC;secretarias;4512;2019-12-31 00:00:00;32699.00;
4978;Número total de alunos, professores e funcionários;Número total de alunos, professores e funcionários - Cidades Sustentaveis;Diretoria Regional de Ensino do Estado + Seduc;I;2907;SEDUC;secretarias;4965;2020-12-31 00:00:00;32402.00;
4978;Número total de alunos, professores e funcionários;Número total de alunos, professores e funcionários - Cidades Sustentaveis;Diretoria Regional de Ensino do Estado + Seduc;I;2907;SEDUC;secretarias;5634;2021-12-21 00:00:00;32402.00;
4978;Número total de alunos, professores e funcionários;Número total de alunos, professores e funcionários - Cidades Sustentaveis;Diretoria Regional de Ensino do Estado + Seduc;I;2907;SEDUC;secretarias;6443;2022-12-31 00:00:00;127216.00;
4978;Número total de alunos, professores e funcionários;Número total de alunos, professores e funcionários - Cidades Sustentaveis;Diretoria Regional de Ensino do Estado + Seduc;I;2907;SEDUC;secretarias;7084;2023-12-31 00:00:00;30838.00;
