codigo;nome;descricao;fonte;tipoValor;id_orgao;sigla_orgao;tipo_orgao;valores_codigo;valores_data;valores_valor;valores_descricao
4979;População que tem escolaridade de até 3 anos de estudo;População que tem escolaridade de até 3 anos de estudo - Cidades Sustentáveis - IBGE;IBGE;I;2907;SEDUC;secretarias;2103;2016-12-31 00:00:00;0.00;
4979;População que tem escolaridade de até 3 anos de estudo;População que tem escolaridade de até 3 anos de estudo - Cidades Sustentáveis - IBGE;IBGE;I;2907;SEDUC;secretarias;2104;2017-12-31 00:00:00;0.00;
4979;População que tem escolaridade de até 3 anos de estudo;População que tem escolaridade de até 3 anos de estudo - Cidades Sustentáveis - IBGE;IBGE;I;2907;SEDUC;secretarias;2105;2014-12-31 00:00:00;0.00;
4979;População que tem escolaridade de até 3 anos de estudo;População que tem escolaridade de até 3 anos de estudo - Cidades Sustentáveis - IBGE;IBGE;I;2907;SEDUC;secretarias;2106;2015-12-31 00:00:00;0.00;
4979;População que tem escolaridade de até 3 anos de estudo;População que tem escolaridade de até 3 anos de estudo - Cidades Sustentáveis - IBGE;IBGE;I;2907;SEDUC;secretarias;2107;2013-12-31 00:00:00;0.00;
4979;População que tem escolaridade de até 3 anos de estudo;População que tem escolaridade de até 3 anos de estudo - Cidades Sustentáveis - IBGE;IBGE;I;2907;SEDUC;secretarias;3768;2018-12-31 00:00:00;19457.00;
4979;População que tem escolaridade de até 3 anos de estudo;População que tem escolaridade de até 3 anos de estudo - Cidades Sustentáveis - IBGE;IBGE;I;2907;SEDUC;secretarias;4138;2019-12-31 00:00:00;19457.00;
4979;População que tem escolaridade de até 3 anos de estudo;População que tem escolaridade de até 3 anos de estudo - Cidades Sustentáveis - IBGE;IBGE;I;2907;SEDUC;secretarias;5114;2020-12-31 00:00:00;19457.00;
4979;População que tem escolaridade de até 3 anos de estudo;População que tem escolaridade de até 3 anos de estudo - Cidades Sustentáveis - IBGE;IBGE;I;2907;SEDUC;secretarias;5635;2021-12-21 00:00:00;19457.00;
4979;População que tem escolaridade de até 3 anos de estudo;População que tem escolaridade de até 3 anos de estudo - Cidades Sustentáveis - IBGE;IBGE;I;2907;SEDUC;secretarias;6457;2022-12-31 00:00:00;19457.00;
4979;População que tem escolaridade de até 3 anos de estudo;População que tem escolaridade de até 3 anos de estudo - Cidades Sustentáveis - IBGE;IBGE;I;2907;SEDUC;secretarias;7102;2023-12-31 00:00:00;19457.00;
