codigo;nome;descricao;fonte;tipoValor;id_orgao;sigla_orgao;tipo_orgao;valores_codigo;valores_data;valores_valor;valores_descricao
5005;Número de crianças e adolescentes de 0 a 14 anos que sofreram violência sexual;"Número de crianças e adolescentes de 0 a 14 anos que sofreram violência sexual - Cidades Sustentáveis - Indicador ""Crianças e adolescentes que sofreram violência sexual""";Secretaria de Segurança Pública do Estado de São Paulo - Polícia Civil (Deinter 6);I;779;SESEG;secretarias;2231;2015-12-31 00:00:00;0.00;
5005;Número de crianças e adolescentes de 0 a 14 anos que sofreram violência sexual;"Número de crianças e adolescentes de 0 a 14 anos que sofreram violência sexual - Cidades Sustentáveis - Indicador ""Crianças e adolescentes que sofreram violência sexual""";Secretaria de Segurança Pública do Estado de São Paulo - Polícia Civil (Deinter 6);I;779;SESEG;secretarias;2232;2013-12-31 00:00:00;0.00;
5005;Número de crianças e adolescentes de 0 a 14 anos que sofreram violência sexual;"Número de crianças e adolescentes de 0 a 14 anos que sofreram violência sexual - Cidades Sustentáveis - Indicador ""Crianças e adolescentes que sofreram violência sexual""";Secretaria de Segurança Pública do Estado de São Paulo - Polícia Civil (Deinter 6);I;779;SESEG;secretarias;2233;2017-12-31 00:00:00;40.00;
5005;Número de crianças e adolescentes de 0 a 14 anos que sofreram violência sexual;"Número de crianças e adolescentes de 0 a 14 anos que sofreram violência sexual - Cidades Sustentáveis - Indicador ""Crianças e adolescentes que sofreram violência sexual""";Secretaria de Segurança Pública do Estado de São Paulo - Polícia Civil (Deinter 6);I;779;SESEG;secretarias;2234;2016-12-31 00:00:00;44.00;
5005;Número de crianças e adolescentes de 0 a 14 anos que sofreram violência sexual;"Número de crianças e adolescentes de 0 a 14 anos que sofreram violência sexual - Cidades Sustentáveis - Indicador ""Crianças e adolescentes que sofreram violência sexual""";Secretaria de Segurança Pública do Estado de São Paulo - Polícia Civil (Deinter 6);I;779;SESEG;secretarias;2235;2014-12-31 00:00:00;0.00;
5005;Número de crianças e adolescentes de 0 a 14 anos que sofreram violência sexual;"Número de crianças e adolescentes de 0 a 14 anos que sofreram violência sexual - Cidades Sustentáveis - Indicador ""Crianças e adolescentes que sofreram violência sexual""";Secretaria de Segurança Pública do Estado de São Paulo - Polícia Civil (Deinter 6);I;779;SESEG;secretarias;3726;2018-12-31 00:00:00;41.00;
5005;Número de crianças e adolescentes de 0 a 14 anos que sofreram violência sexual;"Número de crianças e adolescentes de 0 a 14 anos que sofreram violência sexual - Cidades Sustentáveis - Indicador ""Crianças e adolescentes que sofreram violência sexual""";Secretaria de Segurança Pública do Estado de São Paulo - Polícia Civil (Deinter 6);I;779;SESEG;secretarias;4286;2019-12-31 00:00:00;26.00;
5005;Número de crianças e adolescentes de 0 a 14 anos que sofreram violência sexual;"Número de crianças e adolescentes de 0 a 14 anos que sofreram violência sexual - Cidades Sustentáveis - Indicador ""Crianças e adolescentes que sofreram violência sexual""";Secretaria de Segurança Pública do Estado de São Paulo - Polícia Civil (Deinter 6);I;779;SESEG;secretarias;4832;2020-12-31 00:00:00;32.00;
5005;Número de crianças e adolescentes de 0 a 14 anos que sofreram violência sexual;"Número de crianças e adolescentes de 0 a 14 anos que sofreram violência sexual - Cidades Sustentáveis - Indicador ""Crianças e adolescentes que sofreram violência sexual""";Secretaria de Segurança Pública do Estado de São Paulo - Polícia Civil (Deinter 6);I;779;SESEG;secretarias;5369;2021-12-31 00:00:00;7.00;
5005;Número de crianças e adolescentes de 0 a 14 anos que sofreram violência sexual;"Número de crianças e adolescentes de 0 a 14 anos que sofreram violência sexual - Cidades Sustentáveis - Indicador ""Crianças e adolescentes que sofreram violência sexual""";Secretaria de Segurança Pública do Estado de São Paulo - Polícia Civil (Deinter 6);I;779;SESEG;secretarias;6558;2022-12-31 00:00:00;36.00;
