codigo;nome;descricao;fonte;tipoValor;id_orgao;sigla_orgao;tipo_orgao;valores_codigo;valores_data;valores_valor;valores_descricao
5006;Número de crimes contra a liberdade sexual;"Número de crimes contra a liberdade sexual ocorridos no município - Cidades Sustentáveis - Indicador ""Crimes contra a liberdade sexual""";Secretaria de Segurança Pública do Estado de São Paulo - Polícia Civil (Deinter 6);I;779;SESEG;secretarias;2236;2017-12-31 00:00:00;42.00;
5006;Número de crimes contra a liberdade sexual;"Número de crimes contra a liberdade sexual ocorridos no município - Cidades Sustentáveis - Indicador ""Crimes contra a liberdade sexual""";Secretaria de Segurança Pública do Estado de São Paulo - Polícia Civil (Deinter 6);I;779;SESEG;secretarias;2237;2016-12-31 00:00:00;86.00;
5006;Número de crimes contra a liberdade sexual;"Número de crimes contra a liberdade sexual ocorridos no município - Cidades Sustentáveis - Indicador ""Crimes contra a liberdade sexual""";Secretaria de Segurança Pública do Estado de São Paulo - Polícia Civil (Deinter 6);I;779;SESEG;secretarias;2238;2014-12-31 00:00:00;72.00;
5006;Número de crimes contra a liberdade sexual;"Número de crimes contra a liberdade sexual ocorridos no município - Cidades Sustentáveis - Indicador ""Crimes contra a liberdade sexual""";Secretaria de Segurança Pública do Estado de São Paulo - Polícia Civil (Deinter 6);I;779;SESEG;secretarias;2239;2013-12-31 00:00:00;103.00;
5006;Número de crimes contra a liberdade sexual;"Número de crimes contra a liberdade sexual ocorridos no município - Cidades Sustentáveis - Indicador ""Crimes contra a liberdade sexual""";Secretaria de Segurança Pública do Estado de São Paulo - Polícia Civil (Deinter 6);I;779;SESEG;secretarias;2240;2015-12-31 00:00:00;97.00;
5006;Número de crimes contra a liberdade sexual;"Número de crimes contra a liberdade sexual ocorridos no município - Cidades Sustentáveis - Indicador ""Crimes contra a liberdade sexual""";Secretaria de Segurança Pública do Estado de São Paulo - Polícia Civil (Deinter 6);I;779;SESEG;secretarias;3727;2018-12-31 00:00:00;25.00;
5006;Número de crimes contra a liberdade sexual;"Número de crimes contra a liberdade sexual ocorridos no município - Cidades Sustentáveis - Indicador ""Crimes contra a liberdade sexual""";Secretaria de Segurança Pública do Estado de São Paulo - Polícia Civil (Deinter 6);I;779;SESEG;secretarias;4287;2019-12-31 00:00:00;32.00;
5006;Número de crimes contra a liberdade sexual;"Número de crimes contra a liberdade sexual ocorridos no município - Cidades Sustentáveis - Indicador ""Crimes contra a liberdade sexual""";Secretaria de Segurança Pública do Estado de São Paulo - Polícia Civil (Deinter 6);I;779;SESEG;secretarias;4833;2020-12-31 00:00:00;27.00;
5006;Número de crimes contra a liberdade sexual;"Número de crimes contra a liberdade sexual ocorridos no município - Cidades Sustentáveis - Indicador ""Crimes contra a liberdade sexual""";Secretaria de Segurança Pública do Estado de São Paulo - Polícia Civil (Deinter 6);I;779;SESEG;secretarias;5370;2021-12-31 00:00:00;18.00;
5006;Número de crimes contra a liberdade sexual;"Número de crimes contra a liberdade sexual ocorridos no município - Cidades Sustentáveis - Indicador ""Crimes contra a liberdade sexual""";Secretaria de Segurança Pública do Estado de São Paulo - Polícia Civil (Deinter 6);I;779;SESEG;secretarias;6561;2022-12-31 00:00:00;18.00;
