codigo;nome;descricao;fonte;tipoValor;id_orgao;sigla_orgao;tipo_orgao;valores_codigo;valores_data;valores_valor;valores_descricao
5007;Custo anual, em reais, dos acidentes de trânsito no município;Custo anual, em reais, dos acidentes de trânsito no município - Cidades Sustentaveis;CET;D;822;CET;autarquias;2241;2017-12-31 00:00:00;209112229.00;
5007;Custo anual, em reais, dos acidentes de trânsito no município;Custo anual, em reais, dos acidentes de trânsito no município - Cidades Sustentaveis;CET;D;822;CET;autarquias;2242;2015-12-31 00:00:00;248746513.00;
5007;Custo anual, em reais, dos acidentes de trânsito no município;Custo anual, em reais, dos acidentes de trânsito no município - Cidades Sustentaveis;CET;D;822;CET;autarquias;2243;2016-12-31 00:00:00;215705341.00;
5007;Custo anual, em reais, dos acidentes de trânsito no município;Custo anual, em reais, dos acidentes de trânsito no município - Cidades Sustentaveis;CET;D;822;CET;autarquias;2244;2014-12-31 00:00:00;270132760.00;
5007;Custo anual, em reais, dos acidentes de trânsito no município;Custo anual, em reais, dos acidentes de trânsito no município - Cidades Sustentaveis;CET;D;822;CET;autarquias;2245;2013-12-31 00:00:00;291192193.00;
5007;Custo anual, em reais, dos acidentes de trânsito no município;Custo anual, em reais, dos acidentes de trânsito no município - Cidades Sustentaveis;CET;D;822;CET;autarquias;3901;2018-12-31 00:00:00;236217545.86;
5007;Custo anual, em reais, dos acidentes de trânsito no município;Custo anual, em reais, dos acidentes de trânsito no município - Cidades Sustentaveis;CET;D;822;CET;autarquias;4485;2019-12-31 00:00:00;295219693.42;
5007;Custo anual, em reais, dos acidentes de trânsito no município;Custo anual, em reais, dos acidentes de trânsito no município - Cidades Sustentaveis;CET;D;822;CET;autarquias;5011;2020-12-31 00:00:00;279261.58;
5007;Custo anual, em reais, dos acidentes de trânsito no município;Custo anual, em reais, dos acidentes de trânsito no município - Cidades Sustentaveis;CET;D;822;CET;autarquias;5569;2021-12-31 00:00:00;462254968.65;
5007;Custo anual, em reais, dos acidentes de trânsito no município;Custo anual, em reais, dos acidentes de trânsito no município - Cidades Sustentaveis;CET;D;822;CET;autarquias;6992;2023-04-04 00:00:00;216452254.12;
