codigo;nome;descricao;fonte;tipoValor;id_orgao;sigla_orgao;tipo_orgao;valores_codigo;valores_data;valores_valor;valores_descricao
5011;Número de escolas da rede municipal que implementam as leis 10.639 e 11.645 para atendimento à diversidade sociocultural (quilombola ou indígena);Número de escolas da rede municipal que implementam as leis 10.639 e 11.645 para atendimento à diversidade sociocultural (quilombola ou indígena) - Cidades Sustentaveis;Seduc;I;2907;SEDUC;secretarias;2261;2013-08-31 00:00:00;78.00;
5011;Número de escolas da rede municipal que implementam as leis 10.639 e 11.645 para atendimento à diversidade sociocultural (quilombola ou indígena);Número de escolas da rede municipal que implementam as leis 10.639 e 11.645 para atendimento à diversidade sociocultural (quilombola ou indígena) - Cidades Sustentaveis;Seduc;I;2907;SEDUC;secretarias;2262;2017-12-31 00:00:00;81.00;
5011;Número de escolas da rede municipal que implementam as leis 10.639 e 11.645 para atendimento à diversidade sociocultural (quilombola ou indígena);Número de escolas da rede municipal que implementam as leis 10.639 e 11.645 para atendimento à diversidade sociocultural (quilombola ou indígena) - Cidades Sustentaveis;Seduc;I;2907;SEDUC;secretarias;2263;2015-08-31 00:00:00;80.00;
5011;Número de escolas da rede municipal que implementam as leis 10.639 e 11.645 para atendimento à diversidade sociocultural (quilombola ou indígena);Número de escolas da rede municipal que implementam as leis 10.639 e 11.645 para atendimento à diversidade sociocultural (quilombola ou indígena) - Cidades Sustentaveis;Seduc;I;2907;SEDUC;secretarias;2264;2016-12-31 00:00:00;81.00;
5011;Número de escolas da rede municipal que implementam as leis 10.639 e 11.645 para atendimento à diversidade sociocultural (quilombola ou indígena);Número de escolas da rede municipal que implementam as leis 10.639 e 11.645 para atendimento à diversidade sociocultural (quilombola ou indígena) - Cidades Sustentaveis;Seduc;I;2907;SEDUC;secretarias;2265;2014-08-31 00:00:00;78.00;
5011;Número de escolas da rede municipal que implementam as leis 10.639 e 11.645 para atendimento à diversidade sociocultural (quilombola ou indígena);Número de escolas da rede municipal que implementam as leis 10.639 e 11.645 para atendimento à diversidade sociocultural (quilombola ou indígena) - Cidades Sustentaveis;Seduc;I;2907;SEDUC;secretarias;3769;2018-12-31 00:00:00;81.00;
5011;Número de escolas da rede municipal que implementam as leis 10.639 e 11.645 para atendimento à diversidade sociocultural (quilombola ou indígena);Número de escolas da rede municipal que implementam as leis 10.639 e 11.645 para atendimento à diversidade sociocultural (quilombola ou indígena) - Cidades Sustentaveis;Seduc;I;2907;SEDUC;secretarias;4139;2019-12-31 00:00:00;83.00;
5011;Número de escolas da rede municipal que implementam as leis 10.639 e 11.645 para atendimento à diversidade sociocultural (quilombola ou indígena);Número de escolas da rede municipal que implementam as leis 10.639 e 11.645 para atendimento à diversidade sociocultural (quilombola ou indígena) - Cidades Sustentaveis;Seduc;I;2907;SEDUC;secretarias;4971;2020-12-31 00:00:00;86.00;
5011;Número de escolas da rede municipal que implementam as leis 10.639 e 11.645 para atendimento à diversidade sociocultural (quilombola ou indígena);Número de escolas da rede municipal que implementam as leis 10.639 e 11.645 para atendimento à diversidade sociocultural (quilombola ou indígena) - Cidades Sustentaveis;Seduc;I;2907;SEDUC;secretarias;5459;2021-12-21 00:00:00;86.00;
5011;Número de escolas da rede municipal que implementam as leis 10.639 e 11.645 para atendimento à diversidade sociocultural (quilombola ou indígena);Número de escolas da rede municipal que implementam as leis 10.639 e 11.645 para atendimento à diversidade sociocultural (quilombola ou indígena) - Cidades Sustentaveis;Seduc;I;2907;SEDUC;secretarias;6423;2022-12-31 00:00:00;86.00;
5011;Número de escolas da rede municipal que implementam as leis 10.639 e 11.645 para atendimento à diversidade sociocultural (quilombola ou indígena);Número de escolas da rede municipal que implementam as leis 10.639 e 11.645 para atendimento à diversidade sociocultural (quilombola ou indígena) - Cidades Sustentaveis;Seduc;I;2907;SEDUC;secretarias;7059;2023-12-31 00:00:00;86.00;
