codigo;nome;descricao;fonte;tipoValor;id_orgao;sigla_orgao;tipo_orgao;valores_codigo;valores_data;valores_valor;valores_descricao
5013;Número de domicílios com acesso à energia elétrica;Número de domicílios com acesso à energia elétrica - Cidades Sustentaveis;SEFIN, ANTIGA SEGES;I;4681;SEFIN;secretarias;2271;2014-12-31 00:00:00;148145.00;
5013;Número de domicílios com acesso à energia elétrica;Número de domicílios com acesso à energia elétrica - Cidades Sustentaveis;SEFIN, ANTIGA SEGES;I;4681;SEFIN;secretarias;2272;2015-12-31 00:00:00;149066.00;
5013;Número de domicílios com acesso à energia elétrica;Número de domicílios com acesso à energia elétrica - Cidades Sustentaveis;SEFIN, ANTIGA SEGES;I;4681;SEFIN;secretarias;2273;2017-12-31 00:00:00;229352.00;
5013;Número de domicílios com acesso à energia elétrica;Número de domicílios com acesso à energia elétrica - Cidades Sustentaveis;SEFIN, ANTIGA SEGES;I;4681;SEFIN;secretarias;2274;2016-12-31 00:00:00;150028.00;
5013;Número de domicílios com acesso à energia elétrica;Número de domicílios com acesso à energia elétrica - Cidades Sustentaveis;SEFIN, ANTIGA SEGES;I;4681;SEFIN;secretarias;2275;2013-12-31 00:00:00;147229.00;
5013;Número de domicílios com acesso à energia elétrica;Número de domicílios com acesso à energia elétrica - Cidades Sustentaveis;SEFIN, ANTIGA SEGES;I;4681;SEFIN;secretarias;3705;2018-12-31 00:00:00;229977.00;
5013;Número de domicílios com acesso à energia elétrica;Número de domicílios com acesso à energia elétrica - Cidades Sustentaveis;SEFIN, ANTIGA SEGES;I;4681;SEFIN;secretarias;4144;2019-12-31 00:00:00;230987.00;
5013;Número de domicílios com acesso à energia elétrica;Número de domicílios com acesso à energia elétrica - Cidades Sustentaveis;SEFIN, ANTIGA SEGES;I;4681;SEFIN;secretarias;5184;2020-12-31 00:00:00;229109.00;
5013;Número de domicílios com acesso à energia elétrica;Número de domicílios com acesso à energia elétrica - Cidades Sustentaveis;SEFIN, ANTIGA SEGES;I;4681;SEFIN;secretarias;6031;2021-12-30 00:00:00;220199.00;
5013;Número de domicílios com acesso à energia elétrica;Número de domicílios com acesso à energia elétrica - Cidades Sustentaveis;SEFIN, ANTIGA SEGES;I;4681;SEFIN;secretarias;7588;2023-12-31 00:00:00;228284.00;
