codigo;nome;descricao;fonte;tipoValor;id_orgao;sigla_orgao;tipo_orgao;valores_codigo;valores_data;valores_valor;valores_descricao
5015;Número de domicílios em área de risco;"Número de domicílios em área de risco - Cidades Sustentáveis - Indicador ""Domicílios em áreas de risco""";SESEG - SECRETARIA MUNICIPAL DE SEGURANÇA / DEPRODEC - DEFESA CIVIL;I;779;SESEG;secretarias;2281;2013-12-31 00:00:00;14440.00;
5015;Número de domicílios em área de risco;"Número de domicílios em área de risco - Cidades Sustentáveis - Indicador ""Domicílios em áreas de risco""";SESEG - SECRETARIA MUNICIPAL DE SEGURANÇA / DEPRODEC - DEFESA CIVIL;I;779;SESEG;secretarias;2282;2016-12-31 00:00:00;10832.00;
5015;Número de domicílios em área de risco;"Número de domicílios em área de risco - Cidades Sustentáveis - Indicador ""Domicílios em áreas de risco""";SESEG - SECRETARIA MUNICIPAL DE SEGURANÇA / DEPRODEC - DEFESA CIVIL;I;779;SESEG;secretarias;2283;2017-12-31 00:00:00;10832.00;
5015;Número de domicílios em área de risco;"Número de domicílios em área de risco - Cidades Sustentáveis - Indicador ""Domicílios em áreas de risco""";SESEG - SECRETARIA MUNICIPAL DE SEGURANÇA / DEPRODEC - DEFESA CIVIL;I;779;SESEG;secretarias;2284;2015-12-31 00:00:00;13350.00;
5015;Número de domicílios em área de risco;"Número de domicílios em área de risco - Cidades Sustentáveis - Indicador ""Domicílios em áreas de risco""";SESEG - SECRETARIA MUNICIPAL DE SEGURANÇA / DEPRODEC - DEFESA CIVIL;I;779;SESEG;secretarias;2285;2014-12-31 00:00:00;14440.00;
5015;Número de domicílios em área de risco;"Número de domicílios em área de risco - Cidades Sustentáveis - Indicador ""Domicílios em áreas de risco""";SESEG - SECRETARIA MUNICIPAL DE SEGURANÇA / DEPRODEC - DEFESA CIVIL;I;779;SESEG;secretarias;3728;2018-12-31 00:00:00;10832.00;
5015;Número de domicílios em área de risco;"Número de domicílios em área de risco - Cidades Sustentáveis - Indicador ""Domicílios em áreas de risco""";SESEG - SECRETARIA MUNICIPAL DE SEGURANÇA / DEPRODEC - DEFESA CIVIL;I;779;SESEG;secretarias;4344;2019-12-31 00:00:00;10832.00;
5015;Número de domicílios em área de risco;"Número de domicílios em área de risco - Cidades Sustentáveis - Indicador ""Domicílios em áreas de risco""";SESEG - SECRETARIA MUNICIPAL DE SEGURANÇA / DEPRODEC - DEFESA CIVIL;I;779;SESEG;secretarias;4873;2020-12-31 00:00:00;11208.00;
5015;Número de domicílios em área de risco;"Número de domicílios em área de risco - Cidades Sustentáveis - Indicador ""Domicílios em áreas de risco""";SESEG - SECRETARIA MUNICIPAL DE SEGURANÇA / DEPRODEC - DEFESA CIVIL;I;779;SESEG;secretarias;5401;2021-12-31 00:00:00;11174.00;
5015;Número de domicílios em área de risco;"Número de domicílios em área de risco - Cidades Sustentáveis - Indicador ""Domicílios em áreas de risco""";SESEG - SECRETARIA MUNICIPAL DE SEGURANÇA / DEPRODEC - DEFESA CIVIL;I;779;SESEG;secretarias;6619;2022-12-31 00:00:00;11540.00;
