codigo;nome;descricao;fonte;tipoValor;id_orgao;sigla_orgao;tipo_orgao;valores_codigo;valores_data;valores_valor;valores_descricao
5018;Número total de matrículas da Educação de Jovens e Adultos (EJA) de nível fundamental e médio;Número total de matrículas da Educação de Jovens e Adultos (EJA) de nível fundamental e médio - Cidades Sustentaveis;Diretoria Regional de Ensino do Estado;I;2907;SEDUC;secretarias;2293;2017-12-31 00:00:00;1352.00;
5018;Número total de matrículas da Educação de Jovens e Adultos (EJA) de nível fundamental e médio;Número total de matrículas da Educação de Jovens e Adultos (EJA) de nível fundamental e médio - Cidades Sustentaveis;Diretoria Regional de Ensino do Estado;I;2907;SEDUC;secretarias;2294;2016-12-31 00:00:00;1269.00;
5018;Número total de matrículas da Educação de Jovens e Adultos (EJA) de nível fundamental e médio;Número total de matrículas da Educação de Jovens e Adultos (EJA) de nível fundamental e médio - Cidades Sustentaveis;Diretoria Regional de Ensino do Estado;I;2907;SEDUC;secretarias;2295;2015-12-31 00:00:00;1427.00;
5018;Número total de matrículas da Educação de Jovens e Adultos (EJA) de nível fundamental e médio;Número total de matrículas da Educação de Jovens e Adultos (EJA) de nível fundamental e médio - Cidades Sustentaveis;Diretoria Regional de Ensino do Estado;I;2907;SEDUC;secretarias;2296;2014-12-31 00:00:00;1622.00;
5018;Número total de matrículas da Educação de Jovens e Adultos (EJA) de nível fundamental e médio;Número total de matrículas da Educação de Jovens e Adultos (EJA) de nível fundamental e médio - Cidades Sustentaveis;Diretoria Regional de Ensino do Estado;I;2907;SEDUC;secretarias;2297;2013-12-31 00:00:00;0.00;
5018;Número total de matrículas da Educação de Jovens e Adultos (EJA) de nível fundamental e médio;Número total de matrículas da Educação de Jovens e Adultos (EJA) de nível fundamental e médio - Cidades Sustentaveis;Diretoria Regional de Ensino do Estado;I;2907;SEDUC;secretarias;3915;2018-12-31 00:00:00;1225.00;
5018;Número total de matrículas da Educação de Jovens e Adultos (EJA) de nível fundamental e médio;Número total de matrículas da Educação de Jovens e Adultos (EJA) de nível fundamental e médio - Cidades Sustentaveis;Diretoria Regional de Ensino do Estado;I;2907;SEDUC;secretarias;4366;2019-12-31 00:00:00;1306.00;
5018;Número total de matrículas da Educação de Jovens e Adultos (EJA) de nível fundamental e médio;Número total de matrículas da Educação de Jovens e Adultos (EJA) de nível fundamental e médio - Cidades Sustentaveis;Diretoria Regional de Ensino do Estado;I;2907;SEDUC;secretarias;4995;2020-12-31 00:00:00;1147.00;
5018;Número total de matrículas da Educação de Jovens e Adultos (EJA) de nível fundamental e médio;Número total de matrículas da Educação de Jovens e Adultos (EJA) de nível fundamental e médio - Cidades Sustentaveis;Diretoria Regional de Ensino do Estado;I;2907;SEDUC;secretarias;5601;2021-12-21 00:00:00;555.00;
5018;Número total de matrículas da Educação de Jovens e Adultos (EJA) de nível fundamental e médio;Número total de matrículas da Educação de Jovens e Adultos (EJA) de nível fundamental e médio - Cidades Sustentaveis;Diretoria Regional de Ensino do Estado;I;2907;SEDUC;secretarias;6845;2022-12-31 00:00:00;4499.00;
5018;Número total de matrículas da Educação de Jovens e Adultos (EJA) de nível fundamental e médio;Número total de matrículas da Educação de Jovens e Adultos (EJA) de nível fundamental e médio - Cidades Sustentaveis;Diretoria Regional de Ensino do Estado;I;2907;SEDUC;secretarias;7092;2023-12-31 00:00:00;3060.00;
