codigo;nome;descricao;fonte;tipoValor;id_orgao;sigla_orgao;tipo_orgao;valores_codigo;valores_data;valores_valor;valores_descricao
5019;Número de alunos de creche da rede municipal matriculados em tempo integral;Número de alunos de creche da rede municipal matriculados em tempo integral - Cidades Sustentaveis;Seduc;I;2907;SEDUC;secretarias;2298;2013-08-31 00:00:00;2541.00;
5019;Número de alunos de creche da rede municipal matriculados em tempo integral;Número de alunos de creche da rede municipal matriculados em tempo integral - Cidades Sustentaveis;Seduc;I;2907;SEDUC;secretarias;2299;2015-08-31 00:00:00;2832.00;
5019;Número de alunos de creche da rede municipal matriculados em tempo integral;Número de alunos de creche da rede municipal matriculados em tempo integral - Cidades Sustentaveis;Seduc;I;2907;SEDUC;secretarias;2300;2014-08-31 00:00:00;2651.00;
5019;Número de alunos de creche da rede municipal matriculados em tempo integral;Número de alunos de creche da rede municipal matriculados em tempo integral - Cidades Sustentaveis;Seduc;I;2907;SEDUC;secretarias;2301;2016-12-31 00:00:00;2806.00;
5019;Número de alunos de creche da rede municipal matriculados em tempo integral;Número de alunos de creche da rede municipal matriculados em tempo integral - Cidades Sustentaveis;Seduc;I;2907;SEDUC;secretarias;2302;2017-12-31 00:00:00;2792.00;
5019;Número de alunos de creche da rede municipal matriculados em tempo integral;Número de alunos de creche da rede municipal matriculados em tempo integral - Cidades Sustentaveis;Seduc;I;2907;SEDUC;secretarias;3832;2018-12-31 00:00:00;2703.00;
5019;Número de alunos de creche da rede municipal matriculados em tempo integral;Número de alunos de creche da rede municipal matriculados em tempo integral - Cidades Sustentaveis;Seduc;I;2907;SEDUC;secretarias;4367;2019-12-31 00:00:00;2947.00;
5019;Número de alunos de creche da rede municipal matriculados em tempo integral;Número de alunos de creche da rede municipal matriculados em tempo integral - Cidades Sustentaveis;Seduc;I;2907;SEDUC;secretarias;4989;2020-12-31 00:00:00;2959.00;
5019;Número de alunos de creche da rede municipal matriculados em tempo integral;Número de alunos de creche da rede municipal matriculados em tempo integral - Cidades Sustentaveis;Seduc;I;2907;SEDUC;secretarias;5460;2021-12-21 00:00:00;2747.00;
5019;Número de alunos de creche da rede municipal matriculados em tempo integral;Número de alunos de creche da rede municipal matriculados em tempo integral - Cidades Sustentaveis;Seduc;I;2907;SEDUC;secretarias;6416;2022-12-31 00:00:00;2929.00;
5019;Número de alunos de creche da rede municipal matriculados em tempo integral;Número de alunos de creche da rede municipal matriculados em tempo integral - Cidades Sustentaveis;Seduc;I;2907;SEDUC;secretarias;7050;2023-12-31 00:00:00;3416.00;
