codigo;nome;descricao;fonte;tipoValor;id_orgao;sigla_orgao;tipo_orgao;valores_codigo;valores_data;valores_valor;valores_descricao
5020;Número de alunos de pré-escola da rede municipal matriculados em tempo integral;Número de alunos de pré-escola da rede municipal matriculados em tempo integral - Cidades Sustentaveis;Seduc;I;2907;SEDUC;secretarias;2303;2015-08-31 00:00:00;844.00;
5020;Número de alunos de pré-escola da rede municipal matriculados em tempo integral;Número de alunos de pré-escola da rede municipal matriculados em tempo integral - Cidades Sustentaveis;Seduc;I;2907;SEDUC;secretarias;2304;2016-12-31 00:00:00;1084.00;
5020;Número de alunos de pré-escola da rede municipal matriculados em tempo integral;Número de alunos de pré-escola da rede municipal matriculados em tempo integral - Cidades Sustentaveis;Seduc;I;2907;SEDUC;secretarias;2305;2014-08-31 00:00:00;934.00;
5020;Número de alunos de pré-escola da rede municipal matriculados em tempo integral;Número de alunos de pré-escola da rede municipal matriculados em tempo integral - Cidades Sustentaveis;Seduc;I;2907;SEDUC;secretarias;2306;2017-12-31 00:00:00;1197.00;
5020;Número de alunos de pré-escola da rede municipal matriculados em tempo integral;Número de alunos de pré-escola da rede municipal matriculados em tempo integral - Cidades Sustentaveis;Seduc;I;2907;SEDUC;secretarias;2307;2013-08-31 00:00:00;803.00;
5020;Número de alunos de pré-escola da rede municipal matriculados em tempo integral;Número de alunos de pré-escola da rede municipal matriculados em tempo integral - Cidades Sustentaveis;Seduc;I;2907;SEDUC;secretarias;3833;2018-12-31 00:00:00;1091.00;
5020;Número de alunos de pré-escola da rede municipal matriculados em tempo integral;Número de alunos de pré-escola da rede municipal matriculados em tempo integral - Cidades Sustentaveis;Seduc;I;2907;SEDUC;secretarias;4368;2019-12-31 00:00:00;1227.00;
5020;Número de alunos de pré-escola da rede municipal matriculados em tempo integral;Número de alunos de pré-escola da rede municipal matriculados em tempo integral - Cidades Sustentaveis;Seduc;I;2907;SEDUC;secretarias;4984;2020-12-31 00:00:00;1436.00;
5020;Número de alunos de pré-escola da rede municipal matriculados em tempo integral;Número de alunos de pré-escola da rede municipal matriculados em tempo integral - Cidades Sustentaveis;Seduc;I;2907;SEDUC;secretarias;5461;2021-12-21 00:00:00;1302.00;
5020;Número de alunos de pré-escola da rede municipal matriculados em tempo integral;Número de alunos de pré-escola da rede municipal matriculados em tempo integral - Cidades Sustentaveis;Seduc;I;2907;SEDUC;secretarias;6417;2022-12-31 00:00:00;1526.00;
5020;Número de alunos de pré-escola da rede municipal matriculados em tempo integral;Número de alunos de pré-escola da rede municipal matriculados em tempo integral - Cidades Sustentaveis;Seduc;I;2907;SEDUC;secretarias;7051;2023-12-31 00:00:00;1915.00;
