codigo;nome;descricao;fonte;tipoValor;id_orgao;sigla_orgao;tipo_orgao;valores_codigo;valores_data;valores_valor;valores_descricao
5021;Número de alunos do ensino fundamental (anos finais) da rede municipal matriculados em tempo integral;Número de alunos do ensino fundamental (anos finais) da rede municipal matriculados em tempo integral - Cidades Sustentaveis;Seduc;I;2907;SEDUC;secretarias;2308;2014-08-31 00:00:00;663.00;
5021;Número de alunos do ensino fundamental (anos finais) da rede municipal matriculados em tempo integral;Número de alunos do ensino fundamental (anos finais) da rede municipal matriculados em tempo integral - Cidades Sustentaveis;Seduc;I;2907;SEDUC;secretarias;2309;2013-08-31 00:00:00;352.00;
5021;Número de alunos do ensino fundamental (anos finais) da rede municipal matriculados em tempo integral;Número de alunos do ensino fundamental (anos finais) da rede municipal matriculados em tempo integral - Cidades Sustentaveis;Seduc;I;2907;SEDUC;secretarias;2310;2016-12-31 00:00:00;891.00;
5021;Número de alunos do ensino fundamental (anos finais) da rede municipal matriculados em tempo integral;Número de alunos do ensino fundamental (anos finais) da rede municipal matriculados em tempo integral - Cidades Sustentaveis;Seduc;I;2907;SEDUC;secretarias;2311;2017-12-31 00:00:00;873.00;
5021;Número de alunos do ensino fundamental (anos finais) da rede municipal matriculados em tempo integral;Número de alunos do ensino fundamental (anos finais) da rede municipal matriculados em tempo integral - Cidades Sustentaveis;Seduc;I;2907;SEDUC;secretarias;2312;2015-08-31 00:00:00;825.00;
5021;Número de alunos do ensino fundamental (anos finais) da rede municipal matriculados em tempo integral;Número de alunos do ensino fundamental (anos finais) da rede municipal matriculados em tempo integral - Cidades Sustentaveis;Seduc;I;2907;SEDUC;secretarias;3917;2018-12-31 00:00:00;1252.00;
5021;Número de alunos do ensino fundamental (anos finais) da rede municipal matriculados em tempo integral;Número de alunos do ensino fundamental (anos finais) da rede municipal matriculados em tempo integral - Cidades Sustentaveis;Seduc;I;2907;SEDUC;secretarias;4369;2019-12-31 00:00:00;700.00;
5021;Número de alunos do ensino fundamental (anos finais) da rede municipal matriculados em tempo integral;Número de alunos do ensino fundamental (anos finais) da rede municipal matriculados em tempo integral - Cidades Sustentaveis;Seduc;I;2907;SEDUC;secretarias;4992;2020-12-31 00:00:00;896.00;
5021;Número de alunos do ensino fundamental (anos finais) da rede municipal matriculados em tempo integral;Número de alunos do ensino fundamental (anos finais) da rede municipal matriculados em tempo integral - Cidades Sustentaveis;Seduc;I;2907;SEDUC;secretarias;5636;2021-12-21 00:00:00;896.00;
5021;Número de alunos do ensino fundamental (anos finais) da rede municipal matriculados em tempo integral;Número de alunos do ensino fundamental (anos finais) da rede municipal matriculados em tempo integral - Cidades Sustentaveis;Seduc;I;2907;SEDUC;secretarias;6418;2022-12-31 00:00:00;1200.00;
5021;Número de alunos do ensino fundamental (anos finais) da rede municipal matriculados em tempo integral;Número de alunos do ensino fundamental (anos finais) da rede municipal matriculados em tempo integral - Cidades Sustentaveis;Seduc;I;2907;SEDUC;secretarias;7052;2023-12-31 00:00:00;808.00;
