codigo;nome;descricao;fonte;tipoValor;id_orgao;sigla_orgao;tipo_orgao;valores_codigo;valores_data;valores_valor;valores_descricao
5022;Número total de alunos do ensino fundamental (anos finais) matriculados na rede municipal;Número total de alunos do ensino fundamental (anos finais) matriculados na rede municipal - Cidades Sustentaveis;Seduc;I;2907;SEDUC;secretarias;2313;2016-12-31 00:00:00;4620.00;
5022;Número total de alunos do ensino fundamental (anos finais) matriculados na rede municipal;Número total de alunos do ensino fundamental (anos finais) matriculados na rede municipal - Cidades Sustentaveis;Seduc;I;2907;SEDUC;secretarias;2314;2015-08-31 00:00:00;4542.00;
5022;Número total de alunos do ensino fundamental (anos finais) matriculados na rede municipal;Número total de alunos do ensino fundamental (anos finais) matriculados na rede municipal - Cidades Sustentaveis;Seduc;I;2907;SEDUC;secretarias;2315;2017-12-31 00:00:00;4199.00;
5022;Número total de alunos do ensino fundamental (anos finais) matriculados na rede municipal;Número total de alunos do ensino fundamental (anos finais) matriculados na rede municipal - Cidades Sustentaveis;Seduc;I;2907;SEDUC;secretarias;2316;2013-08-31 00:00:00;4515.00;
5022;Número total de alunos do ensino fundamental (anos finais) matriculados na rede municipal;Número total de alunos do ensino fundamental (anos finais) matriculados na rede municipal - Cidades Sustentaveis;Seduc;I;2907;SEDUC;secretarias;2317;2014-08-31 00:00:00;4393.00;
5022;Número total de alunos do ensino fundamental (anos finais) matriculados na rede municipal;Número total de alunos do ensino fundamental (anos finais) matriculados na rede municipal - Cidades Sustentaveis;Seduc;I;2907;SEDUC;secretarias;3834;2018-12-31 00:00:00;4854.00;
5022;Número total de alunos do ensino fundamental (anos finais) matriculados na rede municipal;Número total de alunos do ensino fundamental (anos finais) matriculados na rede municipal - Cidades Sustentaveis;Seduc;I;2907;SEDUC;secretarias;4370;2019-12-31 00:00:00;5076.00;
5022;Número total de alunos do ensino fundamental (anos finais) matriculados na rede municipal;Número total de alunos do ensino fundamental (anos finais) matriculados na rede municipal - Cidades Sustentaveis;Seduc;I;2907;SEDUC;secretarias;4994;2020-12-31 00:00:00;5096.00;
5022;Número total de alunos do ensino fundamental (anos finais) matriculados na rede municipal;Número total de alunos do ensino fundamental (anos finais) matriculados na rede municipal - Cidades Sustentaveis;Seduc;I;2907;SEDUC;secretarias;5455;2021-12-21 00:00:00;5832.00;
5022;Número total de alunos do ensino fundamental (anos finais) matriculados na rede municipal;Número total de alunos do ensino fundamental (anos finais) matriculados na rede municipal - Cidades Sustentaveis;Seduc;I;2907;SEDUC;secretarias;6440;2022-12-31 00:00:00;4906.00;
5022;Número total de alunos do ensino fundamental (anos finais) matriculados na rede municipal;Número total de alunos do ensino fundamental (anos finais) matriculados na rede municipal - Cidades Sustentaveis;Seduc;I;2907;SEDUC;secretarias;7079;2023-12-31 00:00:00;4833.00;
