codigo;nome;descricao;fonte;tipoValor;id_orgao;sigla_orgao;tipo_orgao;valores_codigo;valores_data;valores_valor;valores_descricao
5023;Número de alunos do ensino fundamental (anos iniciais) da rede municipal matriculados em  tempo integral;Número de alunos do ensino fundamental (anos iniciais) da rede municipal matriculados em  tempo integral - Cidades Sustentaveis;Seduc;I;2907;SEDUC;secretarias;2318;2013-08-31 00:00:00;3325.00;
5023;Número de alunos do ensino fundamental (anos iniciais) da rede municipal matriculados em  tempo integral;Número de alunos do ensino fundamental (anos iniciais) da rede municipal matriculados em  tempo integral - Cidades Sustentaveis;Seduc;I;2907;SEDUC;secretarias;2319;2016-12-31 00:00:00;3950.00;
5023;Número de alunos do ensino fundamental (anos iniciais) da rede municipal matriculados em  tempo integral;Número de alunos do ensino fundamental (anos iniciais) da rede municipal matriculados em  tempo integral - Cidades Sustentaveis;Seduc;I;2907;SEDUC;secretarias;2320;2015-08-31 00:00:00;3831.00;
5023;Número de alunos do ensino fundamental (anos iniciais) da rede municipal matriculados em  tempo integral;Número de alunos do ensino fundamental (anos iniciais) da rede municipal matriculados em  tempo integral - Cidades Sustentaveis;Seduc;I;2907;SEDUC;secretarias;2321;2017-12-31 00:00:00;4243.00;
5023;Número de alunos do ensino fundamental (anos iniciais) da rede municipal matriculados em  tempo integral;Número de alunos do ensino fundamental (anos iniciais) da rede municipal matriculados em  tempo integral - Cidades Sustentaveis;Seduc;I;2907;SEDUC;secretarias;2322;2014-08-31 00:00:00;4155.00;
5023;Número de alunos do ensino fundamental (anos iniciais) da rede municipal matriculados em  tempo integral;Número de alunos do ensino fundamental (anos iniciais) da rede municipal matriculados em  tempo integral - Cidades Sustentaveis;Seduc;I;2907;SEDUC;secretarias;3916;2018-12-31 00:00:00;5442.00;
5023;Número de alunos do ensino fundamental (anos iniciais) da rede municipal matriculados em  tempo integral;Número de alunos do ensino fundamental (anos iniciais) da rede municipal matriculados em  tempo integral - Cidades Sustentaveis;Seduc;I;2907;SEDUC;secretarias;4371;2019-12-31 00:00:00;3612.00;
5023;Número de alunos do ensino fundamental (anos iniciais) da rede municipal matriculados em  tempo integral;Número de alunos do ensino fundamental (anos iniciais) da rede municipal matriculados em  tempo integral - Cidades Sustentaveis;Seduc;I;2907;SEDUC;secretarias;4997;2020-12-31 00:00:00;3659.00;
5023;Número de alunos do ensino fundamental (anos iniciais) da rede municipal matriculados em  tempo integral;Número de alunos do ensino fundamental (anos iniciais) da rede municipal matriculados em  tempo integral - Cidades Sustentaveis;Seduc;I;2907;SEDUC;secretarias;5637;2021-12-21 00:00:00;3659.00;
5023;Número de alunos do ensino fundamental (anos iniciais) da rede municipal matriculados em  tempo integral;Número de alunos do ensino fundamental (anos iniciais) da rede municipal matriculados em  tempo integral - Cidades Sustentaveis;Seduc;I;2907;SEDUC;secretarias;6419;2022-12-31 00:00:00;5309.00;
5023;Número de alunos do ensino fundamental (anos iniciais) da rede municipal matriculados em  tempo integral;Número de alunos do ensino fundamental (anos iniciais) da rede municipal matriculados em  tempo integral - Cidades Sustentaveis;Seduc;I;2907;SEDUC;secretarias;7053;2023-12-31 00:00:00;6151.00;
