codigo;nome;descricao;fonte;tipoValor;id_orgao;sigla_orgao;tipo_orgao;valores_codigo;valores_data;valores_valor;valores_descricao
5024;Número total de alunos do ensino fundamental (anos iniciais) matriculados na rede municipal;Número total de alunos do ensino fundamental (anos iniciais) matriculados na rede municipal - Cidades Sustentaveis;Seduc;I;2907;SEDUC;secretarias;2323;2015-08-31 00:00:00;14649.00;
5024;Número total de alunos do ensino fundamental (anos iniciais) matriculados na rede municipal;Número total de alunos do ensino fundamental (anos iniciais) matriculados na rede municipal - Cidades Sustentaveis;Seduc;I;2907;SEDUC;secretarias;2324;2017-12-31 00:00:00;14315.00;
5024;Número total de alunos do ensino fundamental (anos iniciais) matriculados na rede municipal;Número total de alunos do ensino fundamental (anos iniciais) matriculados na rede municipal - Cidades Sustentaveis;Seduc;I;2907;SEDUC;secretarias;2325;2014-08-31 00:00:00;14632.00;
5024;Número total de alunos do ensino fundamental (anos iniciais) matriculados na rede municipal;Número total de alunos do ensino fundamental (anos iniciais) matriculados na rede municipal - Cidades Sustentaveis;Seduc;I;2907;SEDUC;secretarias;2326;2013-08-31 00:00:00;14646.00;
5024;Número total de alunos do ensino fundamental (anos iniciais) matriculados na rede municipal;Número total de alunos do ensino fundamental (anos iniciais) matriculados na rede municipal - Cidades Sustentaveis;Seduc;I;2907;SEDUC;secretarias;2327;2016-12-31 00:00:00;14682.00;
5024;Número total de alunos do ensino fundamental (anos iniciais) matriculados na rede municipal;Número total de alunos do ensino fundamental (anos iniciais) matriculados na rede municipal - Cidades Sustentaveis;Seduc;I;2907;SEDUC;secretarias;3835;2018-12-31 00:00:00;14430.00;
5024;Número total de alunos do ensino fundamental (anos iniciais) matriculados na rede municipal;Número total de alunos do ensino fundamental (anos iniciais) matriculados na rede municipal - Cidades Sustentaveis;Seduc;I;2907;SEDUC;secretarias;4372;2019-12-31 00:00:00;14360.00;
5024;Número total de alunos do ensino fundamental (anos iniciais) matriculados na rede municipal;Número total de alunos do ensino fundamental (anos iniciais) matriculados na rede municipal - Cidades Sustentaveis;Seduc;I;2907;SEDUC;secretarias;4998;2020-12-31 00:00:00;14344.00;
5024;Número total de alunos do ensino fundamental (anos iniciais) matriculados na rede municipal;Número total de alunos do ensino fundamental (anos iniciais) matriculados na rede municipal - Cidades Sustentaveis;Seduc;I;2907;SEDUC;secretarias;5456;2021-12-21 00:00:00;14399.00;
5024;Número total de alunos do ensino fundamental (anos iniciais) matriculados na rede municipal;Número total de alunos do ensino fundamental (anos iniciais) matriculados na rede municipal - Cidades Sustentaveis;Seduc;I;2907;SEDUC;secretarias;6441;2022-12-31 00:00:00;13992.00;
5024;Número total de alunos do ensino fundamental (anos iniciais) matriculados na rede municipal;Número total de alunos do ensino fundamental (anos iniciais) matriculados na rede municipal - Cidades Sustentaveis;Seduc;I;2907;SEDUC;secretarias;7080;2023-12-31 00:00:00;13887.00;
