codigo;nome;descricao;fonte;tipoValor;id_orgao;sigla_orgao;tipo_orgao;valores_codigo;valores_data;valores_valor;valores_descricao
5030;Número total de empresas do município;Número total de empresas do município - Cidades Sustentaveis;Sefin;I;4681;SEFIN;secretarias;2353;2013-12-31 00:00:00;35110.00;
5030;Número total de empresas do município;Número total de empresas do município - Cidades Sustentaveis;Sefin;I;4681;SEFIN;secretarias;2354;2016-12-31 00:00:00;38059.00;
5030;Número total de empresas do município;Número total de empresas do município - Cidades Sustentaveis;Sefin;I;4681;SEFIN;secretarias;2355;2017-12-31 00:00:00;36691.00;
5030;Número total de empresas do município;Número total de empresas do município - Cidades Sustentaveis;Sefin;I;4681;SEFIN;secretarias;2356;2014-12-31 00:00:00;35095.00;
5030;Número total de empresas do município;Número total de empresas do município - Cidades Sustentaveis;Sefin;I;4681;SEFIN;secretarias;2357;2015-12-31 00:00:00;36095.00;
5030;Número total de empresas do município;Número total de empresas do município - Cidades Sustentaveis;Sefin;I;4681;SEFIN;secretarias;3635;2018-12-31 00:00:00;39505.00;
5030;Número total de empresas do município;Número total de empresas do município - Cidades Sustentaveis;Sefin;I;4681;SEFIN;secretarias;4539;2019-12-31 00:00:00;42904.00;
5030;Número total de empresas do município;Número total de empresas do município - Cidades Sustentaveis;Sefin;I;4681;SEFIN;secretarias;5088;2020-12-31 00:00:00;44687.00;
5030;Número total de empresas do município;Número total de empresas do município - Cidades Sustentaveis;Sefin;I;4681;SEFIN;secretarias;5668;2021-12-31 00:00:00;86700.00;
5030;Número total de empresas do município;Número total de empresas do município - Cidades Sustentaveis;Sefin;I;4681;SEFIN;secretarias;7581;2023-12-31 00:00:00;71540.00;
