codigo;nome;descricao;fonte;tipoValor;id_orgao;sigla_orgao;tipo_orgao;valores_codigo;valores_data;valores_valor;valores_descricao
5031;Número de escolas públicas com conselhos escolares ativos;Número de escolas públicas com conselhos escolares ativos - Cidades Sustentaveis;Diretoria Regional de Ensino do Estado + Seduc;I;2907;SEDUC;secretarias;2358;2016-12-31 00:00:00;81.00;
5031;Número de escolas públicas com conselhos escolares ativos;Número de escolas públicas com conselhos escolares ativos - Cidades Sustentaveis;Diretoria Regional de Ensino do Estado + Seduc;I;2907;SEDUC;secretarias;2359;2015-08-31 00:00:00;80.00;
5031;Número de escolas públicas com conselhos escolares ativos;Número de escolas públicas com conselhos escolares ativos - Cidades Sustentaveis;Diretoria Regional de Ensino do Estado + Seduc;I;2907;SEDUC;secretarias;2360;2017-12-31 00:00:00;81.00;
5031;Número de escolas públicas com conselhos escolares ativos;Número de escolas públicas com conselhos escolares ativos - Cidades Sustentaveis;Diretoria Regional de Ensino do Estado + Seduc;I;2907;SEDUC;secretarias;2361;2014-08-31 00:00:00;79.00;
5031;Número de escolas públicas com conselhos escolares ativos;Número de escolas públicas com conselhos escolares ativos - Cidades Sustentaveis;Diretoria Regional de Ensino do Estado + Seduc;I;2907;SEDUC;secretarias;2362;2013-08-31 00:00:00;80.00;
5031;Número de escolas públicas com conselhos escolares ativos;Número de escolas públicas com conselhos escolares ativos - Cidades Sustentaveis;Diretoria Regional de Ensino do Estado + Seduc;I;2907;SEDUC;secretarias;3771;2018-12-31 00:00:00;81.00;
5031;Número de escolas públicas com conselhos escolares ativos;Número de escolas públicas com conselhos escolares ativos - Cidades Sustentaveis;Diretoria Regional de Ensino do Estado + Seduc;I;2907;SEDUC;secretarias;4501;2019-12-31 00:00:00;83.00;
5031;Número de escolas públicas com conselhos escolares ativos;Número de escolas públicas com conselhos escolares ativos - Cidades Sustentaveis;Diretoria Regional de Ensino do Estado + Seduc;I;2907;SEDUC;secretarias;4999;2020-12-31 00:00:00;86.00;
5031;Número de escolas públicas com conselhos escolares ativos;Número de escolas públicas com conselhos escolares ativos - Cidades Sustentaveis;Diretoria Regional de Ensino do Estado + Seduc;I;2907;SEDUC;secretarias;5602;2021-12-21 00:00:00;86.00;
5031;Número de escolas públicas com conselhos escolares ativos;Número de escolas públicas com conselhos escolares ativos - Cidades Sustentaveis;Diretoria Regional de Ensino do Estado + Seduc;I;2907;SEDUC;secretarias;6464;2022-12-31 00:00:00;108.00;
5031;Número de escolas públicas com conselhos escolares ativos;Número de escolas públicas com conselhos escolares ativos - Cidades Sustentaveis;Diretoria Regional de Ensino do Estado + Seduc;I;2907;SEDUC;secretarias;7064;2023-12-31 00:00:00;108.00;
