codigo;nome;descricao;fonte;tipoValor;id_orgao;sigla_orgao;tipo_orgao;valores_codigo;valores_data;valores_valor;valores_descricao
5032;Número de escolas que possuem banheiros, dependências e vias adequadas a pessoas com deficiência e mobilidade reduzida;Número de escolas que possuem banheiros, dependências e vias adequadas a pessoas com deficiência e mobilidade reduzida - Cidades Sustentaveis;Diretoria Regional de Ensino do Estado + Seduc;I;2907;SEDUC;secretarias;2363;2016-12-31 00:00:00;28.00;
5032;Número de escolas que possuem banheiros, dependências e vias adequadas a pessoas com deficiência e mobilidade reduzida;Número de escolas que possuem banheiros, dependências e vias adequadas a pessoas com deficiência e mobilidade reduzida - Cidades Sustentaveis;Diretoria Regional de Ensino do Estado + Seduc;I;2907;SEDUC;secretarias;2364;2015-12-31 00:00:00;28.00;
5032;Número de escolas que possuem banheiros, dependências e vias adequadas a pessoas com deficiência e mobilidade reduzida;Número de escolas que possuem banheiros, dependências e vias adequadas a pessoas com deficiência e mobilidade reduzida - Cidades Sustentaveis;Diretoria Regional de Ensino do Estado + Seduc;I;2907;SEDUC;secretarias;2365;2013-12-31 00:00:00;28.00;
5032;Número de escolas que possuem banheiros, dependências e vias adequadas a pessoas com deficiência e mobilidade reduzida;Número de escolas que possuem banheiros, dependências e vias adequadas a pessoas com deficiência e mobilidade reduzida - Cidades Sustentaveis;Diretoria Regional de Ensino do Estado + Seduc;I;2907;SEDUC;secretarias;2366;2017-12-31 00:00:00;28.00;
5032;Número de escolas que possuem banheiros, dependências e vias adequadas a pessoas com deficiência e mobilidade reduzida;Número de escolas que possuem banheiros, dependências e vias adequadas a pessoas com deficiência e mobilidade reduzida - Cidades Sustentaveis;Diretoria Regional de Ensino do Estado + Seduc;I;2907;SEDUC;secretarias;2367;2014-12-31 00:00:00;28.00;
5032;Número de escolas que possuem banheiros, dependências e vias adequadas a pessoas com deficiência e mobilidade reduzida;Número de escolas que possuem banheiros, dependências e vias adequadas a pessoas com deficiência e mobilidade reduzida - Cidades Sustentaveis;Diretoria Regional de Ensino do Estado + Seduc;I;2907;SEDUC;secretarias;3772;2018-12-31 00:00:00;55.00;
5032;Número de escolas que possuem banheiros, dependências e vias adequadas a pessoas com deficiência e mobilidade reduzida;Número de escolas que possuem banheiros, dependências e vias adequadas a pessoas com deficiência e mobilidade reduzida - Cidades Sustentaveis;Diretoria Regional de Ensino do Estado + Seduc;I;2907;SEDUC;secretarias;4601;2019-12-31 00:00:00;71.00;
5032;Número de escolas que possuem banheiros, dependências e vias adequadas a pessoas com deficiência e mobilidade reduzida;Número de escolas que possuem banheiros, dependências e vias adequadas a pessoas com deficiência e mobilidade reduzida - Cidades Sustentaveis;Diretoria Regional de Ensino do Estado + Seduc;I;2907;SEDUC;secretarias;5001;2020-12-31 00:00:00;71.00;
5032;Número de escolas que possuem banheiros, dependências e vias adequadas a pessoas com deficiência e mobilidade reduzida;Número de escolas que possuem banheiros, dependências e vias adequadas a pessoas com deficiência e mobilidade reduzida - Cidades Sustentaveis;Diretoria Regional de Ensino do Estado + Seduc;I;2907;SEDUC;secretarias;5638;2021-12-21 00:00:00;71.00;
5032;Número de escolas que possuem banheiros, dependências e vias adequadas a pessoas com deficiência e mobilidade reduzida;Número de escolas que possuem banheiros, dependências e vias adequadas a pessoas com deficiência e mobilidade reduzida - Cidades Sustentaveis;Diretoria Regional de Ensino do Estado + Seduc;I;2907;SEDUC;secretarias;6431;2022-12-31 00:00:00;86.00;
5032;Número de escolas que possuem banheiros, dependências e vias adequadas a pessoas com deficiência e mobilidade reduzida;Número de escolas que possuem banheiros, dependências e vias adequadas a pessoas com deficiência e mobilidade reduzida - Cidades Sustentaveis;Diretoria Regional de Ensino do Estado + Seduc;I;2907;SEDUC;secretarias;7398;2023-12-31 00:00:00;86.00;
