codigo;nome;descricao;fonte;tipoValor;id_orgao;sigla_orgao;tipo_orgao;valores_codigo;valores_data;valores_valor;valores_descricao
5033;Número de escolas com salas de recursos multifuncionais para AEE (Atendimento Educacional Especializado);Número de escolas com salas de recursos multifuncionais para AEE (Atendimento Educacional Especializado) - Cidades Sustentaveis;Diretoria Regional de Ensino do Estado + Seduc;I;2907;SEDUC;secretarias;2368;2013-08-31 00:00:00;29.00;
5033;Número de escolas com salas de recursos multifuncionais para AEE (Atendimento Educacional Especializado);Número de escolas com salas de recursos multifuncionais para AEE (Atendimento Educacional Especializado) - Cidades Sustentaveis;Diretoria Regional de Ensino do Estado + Seduc;I;2907;SEDUC;secretarias;2369;2017-12-31 00:00:00;47.00;
5033;Número de escolas com salas de recursos multifuncionais para AEE (Atendimento Educacional Especializado);Número de escolas com salas de recursos multifuncionais para AEE (Atendimento Educacional Especializado) - Cidades Sustentaveis;Diretoria Regional de Ensino do Estado + Seduc;I;2907;SEDUC;secretarias;2370;2014-08-31 00:00:00;29.00;
5033;Número de escolas com salas de recursos multifuncionais para AEE (Atendimento Educacional Especializado);Número de escolas com salas de recursos multifuncionais para AEE (Atendimento Educacional Especializado) - Cidades Sustentaveis;Diretoria Regional de Ensino do Estado + Seduc;I;2907;SEDUC;secretarias;2371;2015-08-31 00:00:00;47.00;
5033;Número de escolas com salas de recursos multifuncionais para AEE (Atendimento Educacional Especializado);Número de escolas com salas de recursos multifuncionais para AEE (Atendimento Educacional Especializado) - Cidades Sustentaveis;Diretoria Regional de Ensino do Estado + Seduc;I;2907;SEDUC;secretarias;2372;2016-12-31 00:00:00;47.00;
5033;Número de escolas com salas de recursos multifuncionais para AEE (Atendimento Educacional Especializado);Número de escolas com salas de recursos multifuncionais para AEE (Atendimento Educacional Especializado) - Cidades Sustentaveis;Diretoria Regional de Ensino do Estado + Seduc;I;2907;SEDUC;secretarias;3773;2018-12-31 00:00:00;47.00;
5033;Número de escolas com salas de recursos multifuncionais para AEE (Atendimento Educacional Especializado);Número de escolas com salas de recursos multifuncionais para AEE (Atendimento Educacional Especializado) - Cidades Sustentaveis;Diretoria Regional de Ensino do Estado + Seduc;I;2907;SEDUC;secretarias;4494;2019-12-31 00:00:00;47.00;
5033;Número de escolas com salas de recursos multifuncionais para AEE (Atendimento Educacional Especializado);Número de escolas com salas de recursos multifuncionais para AEE (Atendimento Educacional Especializado) - Cidades Sustentaveis;Diretoria Regional de Ensino do Estado + Seduc;I;2907;SEDUC;secretarias;5115;2020-12-31 00:00:00;47.00;
5033;Número de escolas com salas de recursos multifuncionais para AEE (Atendimento Educacional Especializado);Número de escolas com salas de recursos multifuncionais para AEE (Atendimento Educacional Especializado) - Cidades Sustentaveis;Diretoria Regional de Ensino do Estado + Seduc;I;2907;SEDUC;secretarias;5603;2021-12-21 00:00:00;47.00;
5033;Número de escolas com salas de recursos multifuncionais para AEE (Atendimento Educacional Especializado);Número de escolas com salas de recursos multifuncionais para AEE (Atendimento Educacional Especializado) - Cidades Sustentaveis;Diretoria Regional de Ensino do Estado + Seduc;I;2907;SEDUC;secretarias;6422;2022-12-31 00:00:00;75.00;
5033;Número de escolas com salas de recursos multifuncionais para AEE (Atendimento Educacional Especializado);Número de escolas com salas de recursos multifuncionais para AEE (Atendimento Educacional Especializado) - Cidades Sustentaveis;Diretoria Regional de Ensino do Estado + Seduc;I;2907;SEDUC;secretarias;7057;2023-12-31 00:00:00;75.00;
