codigo;nome;descricao;fonte;tipoValor;id_orgao;sigla_orgao;tipo_orgao;valores_codigo;valores_data;valores_valor;valores_descricao
5034;Número de  escolas com educação para o desenvolvimento sustentável, direitos humanos, igualdade de gênero, não-violência de forma transversal, nos parâmetros curriculares do município;Número de  escolas com educação para o desenvolvimento sustentável, direitos humanos, igualdade de gênero, não-violência de forma transversal, nos parâmetros curriculares do município - Cidades Sustentaveis;Diretoria Regional de Ensino do Estado + Seduc;I;2907;SEDUC;secretarias;2373;2017-12-31 00:00:00;81.00;
5034;Número de  escolas com educação para o desenvolvimento sustentável, direitos humanos, igualdade de gênero, não-violência de forma transversal, nos parâmetros curriculares do município;Número de  escolas com educação para o desenvolvimento sustentável, direitos humanos, igualdade de gênero, não-violência de forma transversal, nos parâmetros curriculares do município - Cidades Sustentaveis;Diretoria Regional de Ensino do Estado + Seduc;I;2907;SEDUC;secretarias;2374;2015-08-31 00:00:00;80.00;
5034;Número de  escolas com educação para o desenvolvimento sustentável, direitos humanos, igualdade de gênero, não-violência de forma transversal, nos parâmetros curriculares do município;Número de  escolas com educação para o desenvolvimento sustentável, direitos humanos, igualdade de gênero, não-violência de forma transversal, nos parâmetros curriculares do município - Cidades Sustentaveis;Diretoria Regional de Ensino do Estado + Seduc;I;2907;SEDUC;secretarias;2375;2014-08-31 00:00:00;79.00;
5034;Número de  escolas com educação para o desenvolvimento sustentável, direitos humanos, igualdade de gênero, não-violência de forma transversal, nos parâmetros curriculares do município;Número de  escolas com educação para o desenvolvimento sustentável, direitos humanos, igualdade de gênero, não-violência de forma transversal, nos parâmetros curriculares do município - Cidades Sustentaveis;Diretoria Regional de Ensino do Estado + Seduc;I;2907;SEDUC;secretarias;2376;2013-08-31 00:00:00;80.00;
5034;Número de  escolas com educação para o desenvolvimento sustentável, direitos humanos, igualdade de gênero, não-violência de forma transversal, nos parâmetros curriculares do município;Número de  escolas com educação para o desenvolvimento sustentável, direitos humanos, igualdade de gênero, não-violência de forma transversal, nos parâmetros curriculares do município - Cidades Sustentaveis;Diretoria Regional de Ensino do Estado + Seduc;I;2907;SEDUC;secretarias;2377;2016-12-31 00:00:00;81.00;
5034;Número de  escolas com educação para o desenvolvimento sustentável, direitos humanos, igualdade de gênero, não-violência de forma transversal, nos parâmetros curriculares do município;Número de  escolas com educação para o desenvolvimento sustentável, direitos humanos, igualdade de gênero, não-violência de forma transversal, nos parâmetros curriculares do município - Cidades Sustentaveis;Diretoria Regional de Ensino do Estado + Seduc;I;2907;SEDUC;secretarias;3774;2018-12-31 00:00:00;81.00;
5034;Número de  escolas com educação para o desenvolvimento sustentável, direitos humanos, igualdade de gênero, não-violência de forma transversal, nos parâmetros curriculares do município;Número de  escolas com educação para o desenvolvimento sustentável, direitos humanos, igualdade de gênero, não-violência de forma transversal, nos parâmetros curriculares do município - Cidades Sustentaveis;Diretoria Regional de Ensino do Estado + Seduc;I;2907;SEDUC;secretarias;4495;2019-12-31 00:00:00;107.00;
5034;Número de  escolas com educação para o desenvolvimento sustentável, direitos humanos, igualdade de gênero, não-violência de forma transversal, nos parâmetros curriculares do município;Número de  escolas com educação para o desenvolvimento sustentável, direitos humanos, igualdade de gênero, não-violência de forma transversal, nos parâmetros curriculares do município - Cidades Sustentaveis;Diretoria Regional de Ensino do Estado + Seduc;I;2907;SEDUC;secretarias;5005;2020-12-31 00:00:00;107.00;
5034;Número de  escolas com educação para o desenvolvimento sustentável, direitos humanos, igualdade de gênero, não-violência de forma transversal, nos parâmetros curriculares do município;Número de  escolas com educação para o desenvolvimento sustentável, direitos humanos, igualdade de gênero, não-violência de forma transversal, nos parâmetros curriculares do município - Cidades Sustentaveis;Diretoria Regional de Ensino do Estado + Seduc;I;2907;SEDUC;secretarias;5604;2021-12-21 00:00:00;108.00;
5034;Número de  escolas com educação para o desenvolvimento sustentável, direitos humanos, igualdade de gênero, não-violência de forma transversal, nos parâmetros curriculares do município;Número de  escolas com educação para o desenvolvimento sustentável, direitos humanos, igualdade de gênero, não-violência de forma transversal, nos parâmetros curriculares do município - Cidades Sustentaveis;Diretoria Regional de Ensino do Estado + Seduc;I;2907;SEDUC;secretarias;6413;2022-12-31 00:00:00;108.00;
5034;Número de  escolas com educação para o desenvolvimento sustentável, direitos humanos, igualdade de gênero, não-violência de forma transversal, nos parâmetros curriculares do município;Número de  escolas com educação para o desenvolvimento sustentável, direitos humanos, igualdade de gênero, não-violência de forma transversal, nos parâmetros curriculares do município - Cidades Sustentaveis;Diretoria Regional de Ensino do Estado + Seduc;I;2907;SEDUC;secretarias;7033;2023-12-31 00:00:00;108.00;
