codigo;nome;descricao;fonte;tipoValor;id_orgao;sigla_orgao;tipo_orgao;valores_codigo;valores_data;valores_valor;valores_descricao
5035;Número de escolas da rede municipal que abrem aos finais de semana para a comunidade;Número de escolas da rede municipal que abrem aos finais de semana para a comunidade - Cidades Sustentaveis;Seduc;I;2907;SEDUC;secretarias;2378;2015-08-31 00:00:00;6.00;
5035;Número de escolas da rede municipal que abrem aos finais de semana para a comunidade;Número de escolas da rede municipal que abrem aos finais de semana para a comunidade - Cidades Sustentaveis;Seduc;I;2907;SEDUC;secretarias;2379;2016-12-31 00:00:00;5.00;
5035;Número de escolas da rede municipal que abrem aos finais de semana para a comunidade;Número de escolas da rede municipal que abrem aos finais de semana para a comunidade - Cidades Sustentaveis;Seduc;I;2907;SEDUC;secretarias;2380;2013-08-31 00:00:00;19.00;
5035;Número de escolas da rede municipal que abrem aos finais de semana para a comunidade;Número de escolas da rede municipal que abrem aos finais de semana para a comunidade - Cidades Sustentaveis;Seduc;I;2907;SEDUC;secretarias;2381;2017-12-31 00:00:00;5.00;
5035;Número de escolas da rede municipal que abrem aos finais de semana para a comunidade;Número de escolas da rede municipal que abrem aos finais de semana para a comunidade - Cidades Sustentaveis;Seduc;I;2907;SEDUC;secretarias;2382;2014-08-31 00:00:00;24.00;
5035;Número de escolas da rede municipal que abrem aos finais de semana para a comunidade;Número de escolas da rede municipal que abrem aos finais de semana para a comunidade - Cidades Sustentaveis;Seduc;I;2907;SEDUC;secretarias;3775;2018-12-31 00:00:00;6.00;
5035;Número de escolas da rede municipal que abrem aos finais de semana para a comunidade;Número de escolas da rede municipal que abrem aos finais de semana para a comunidade - Cidades Sustentaveis;Seduc;I;2907;SEDUC;secretarias;4140;2019-12-31 00:00:00;4.00;
5035;Número de escolas da rede municipal que abrem aos finais de semana para a comunidade;Número de escolas da rede municipal que abrem aos finais de semana para a comunidade - Cidades Sustentaveis;Seduc;I;2907;SEDUC;secretarias;5120;2020-12-31 00:00:00;4.00;
5035;Número de escolas da rede municipal que abrem aos finais de semana para a comunidade;Número de escolas da rede municipal que abrem aos finais de semana para a comunidade - Cidades Sustentaveis;Seduc;I;2907;SEDUC;secretarias;5605;2021-12-21 00:00:00;0.00;
5035;Número de escolas da rede municipal que abrem aos finais de semana para a comunidade;Número de escolas da rede municipal que abrem aos finais de semana para a comunidade - Cidades Sustentaveis;Seduc;I;2907;SEDUC;secretarias;6463;2022-12-31 00:00:00;0.00;
5035;Número de escolas da rede municipal que abrem aos finais de semana para a comunidade;Número de escolas da rede municipal que abrem aos finais de semana para a comunidade - Cidades Sustentaveis;Seduc;I;2907;SEDUC;secretarias;7058;2023-12-31 00:00:00;50.00;
