codigo;nome;descricao;fonte;tipoValor;id_orgao;sigla_orgao;tipo_orgao;valores_codigo;valores_data;valores_valor;valores_descricao
5045;Número total de funcionários públicos;Número total de funcionários públicos - Cidades Sustentaveis;SEFIN, ANTIGA SEGES;I;4681;SEFIN;secretarias;2427;2015-12-31 00:00:00;11409.00;
5045;Número total de funcionários públicos;Número total de funcionários públicos - Cidades Sustentaveis;SEFIN, ANTIGA SEGES;I;4681;SEFIN;secretarias;2428;2013-12-31 00:00:00;11044.00;
5045;Número total de funcionários públicos;Número total de funcionários públicos - Cidades Sustentaveis;SEFIN, ANTIGA SEGES;I;4681;SEFIN;secretarias;2429;2014-12-31 00:00:00;11497.00;
5045;Número total de funcionários públicos;Número total de funcionários públicos - Cidades Sustentaveis;SEFIN, ANTIGA SEGES;I;4681;SEFIN;secretarias;2430;2016-12-31 00:00:00;11414.00;
5045;Número total de funcionários públicos;Número total de funcionários públicos - Cidades Sustentaveis;SEFIN, ANTIGA SEGES;I;4681;SEFIN;secretarias;2431;2017-12-31 00:00:00;11856.00;
5045;Número total de funcionários públicos;Número total de funcionários públicos - Cidades Sustentaveis;SEFIN, ANTIGA SEGES;I;4681;SEFIN;secretarias;3953;2018-12-31 00:00:00;11954.00;
5045;Número total de funcionários públicos;Número total de funcionários públicos - Cidades Sustentaveis;SEFIN, ANTIGA SEGES;I;4681;SEFIN;secretarias;4117;2019-12-31 00:00:00;11640.00;
5045;Número total de funcionários públicos;Número total de funcionários públicos - Cidades Sustentaveis;SEFIN, ANTIGA SEGES;I;4681;SEFIN;secretarias;5071;2020-12-31 00:00:00;12414.00;
5045;Número total de funcionários públicos;Número total de funcionários públicos - Cidades Sustentaveis;SEFIN, ANTIGA SEGES;I;4681;SEFIN;secretarias;6003;2021-12-30 00:00:00;11184.00;
5045;Número total de funcionários públicos;Número total de funcionários públicos - Cidades Sustentaveis;SEFIN, ANTIGA SEGES;I;4681;SEFIN;secretarias;6873;2022-12-31 00:00:00;10991.00;
5045;Número total de funcionários públicos;Número total de funcionários públicos - Cidades Sustentaveis;SEFIN, ANTIGA SEGES;I;4681;SEFIN;secretarias;7570;2023-12-31 00:00:00;11168.00;
