codigo;nome;descricao;fonte;tipoValor;id_orgao;sigla_orgao;tipo_orgao;valores_codigo;valores_data;valores_valor;valores_descricao
5047;Gasto municipal em saúde;Gasto municipal em saúde - Cidades Sustentaveis;Sefin;D;4681;SEFIN;secretarias;2437;2013-12-31 00:00:00;263770721.13;
5047;Gasto municipal em saúde;Gasto municipal em saúde - Cidades Sustentaveis;Sefin;D;4681;SEFIN;secretarias;2438;2017-12-31 00:00:00;361259813.58;
5047;Gasto municipal em saúde;Gasto municipal em saúde - Cidades Sustentaveis;Sefin;D;4681;SEFIN;secretarias;2439;2016-12-31 00:00:00;330910010.00;
5047;Gasto municipal em saúde;Gasto municipal em saúde - Cidades Sustentaveis;Sefin;D;4681;SEFIN;secretarias;2440;2014-12-31 00:00:00;280492202.57;
5047;Gasto municipal em saúde;Gasto municipal em saúde - Cidades Sustentaveis;Sefin;D;4681;SEFIN;secretarias;2441;2015-12-31 00:00:00;282350700.38;
5047;Gasto municipal em saúde;Gasto municipal em saúde - Cidades Sustentaveis;Sefin;D;4681;SEFIN;secretarias;3587;2018-12-31 00:00:00;375198748.34;
5047;Gasto municipal em saúde;Gasto municipal em saúde - Cidades Sustentaveis;Sefin;D;4681;SEFIN;secretarias;4540;2019-12-31 00:00:00;429466458.77;
5047;Gasto municipal em saúde;Gasto municipal em saúde - Cidades Sustentaveis;Sefin;D;4681;SEFIN;secretarias;4956;2020-12-31 00:00:00;455506618.49;
5047;Gasto municipal em saúde;Gasto municipal em saúde - Cidades Sustentaveis;Sefin;D;4681;SEFIN;secretarias;5430;2021-12-31 00:00:00;542128207.79;
5047;Gasto municipal em saúde;Gasto municipal em saúde - Cidades Sustentaveis;Sefin;D;4681;SEFIN;secretarias;6830;2022-12-31 00:00:00;576973301.98;
5047;Gasto municipal em saúde;Gasto municipal em saúde - Cidades Sustentaveis;Sefin;D;4681;SEFIN;secretarias;7502;2023-12-31 00:00:00;675091714.69;
