codigo;nome;descricao;fonte;tipoValor;id_orgao;sigla_orgao;tipo_orgao;valores_codigo;valores_data;valores_valor;valores_descricao
5048;Gasto total em saúde (municipal, estadual e federal);Gasto total em saúde (municipal, estadual e federal) - Cidades Sustentaveis;Sefin;D;4681;SEFIN;secretarias;2442;2017-12-31 00:00:00;550485822.92;
5048;Gasto total em saúde (municipal, estadual e federal);Gasto total em saúde (municipal, estadual e federal) - Cidades Sustentaveis;Sefin;D;4681;SEFIN;secretarias;2443;2015-12-31 00:00:00;460677139.73;
5048;Gasto total em saúde (municipal, estadual e federal);Gasto total em saúde (municipal, estadual e federal) - Cidades Sustentaveis;Sefin;D;4681;SEFIN;secretarias;2444;2014-12-31 00:00:00;448916689.91;
5048;Gasto total em saúde (municipal, estadual e federal);Gasto total em saúde (municipal, estadual e federal) - Cidades Sustentaveis;Sefin;D;4681;SEFIN;secretarias;2445;2016-12-31 00:00:00;513310748.00;
5048;Gasto total em saúde (municipal, estadual e federal);Gasto total em saúde (municipal, estadual e federal) - Cidades Sustentaveis;Sefin;D;4681;SEFIN;secretarias;2446;2013-12-31 00:00:00;407147721.09;
5048;Gasto total em saúde (municipal, estadual e federal);Gasto total em saúde (municipal, estadual e federal) - Cidades Sustentaveis;Sefin;D;4681;SEFIN;secretarias;3588;2018-12-31 00:00:00;572080284.83;
5048;Gasto total em saúde (municipal, estadual e federal);Gasto total em saúde (municipal, estadual e federal) - Cidades Sustentaveis;Sefin;D;4681;SEFIN;secretarias;4541;2019-12-31 00:00:00;651449102.29;
5048;Gasto total em saúde (municipal, estadual e federal);Gasto total em saúde (municipal, estadual e federal) - Cidades Sustentaveis;Sefin;D;4681;SEFIN;secretarias;4958;2020-12-31 00:00:00;760278025.83;
5048;Gasto total em saúde (municipal, estadual e federal);Gasto total em saúde (municipal, estadual e federal) - Cidades Sustentaveis;Sefin;D;4681;SEFIN;secretarias;5432;2021-12-31 00:00:00;859435724.17;
5048;Gasto total em saúde (municipal, estadual e federal);Gasto total em saúde (municipal, estadual e federal) - Cidades Sustentaveis;Sefin;D;4681;SEFIN;secretarias;6832;2022-12-31 00:00:00;860765138.39;
5048;Gasto total em saúde (municipal, estadual e federal);Gasto total em saúde (municipal, estadual e federal) - Cidades Sustentaveis;Sefin;D;4681;SEFIN;secretarias;7504;2023-12-31 00:00:00;922349367.60;
