codigo;nome;descricao;fonte;tipoValor;id_orgao;sigla_orgao;tipo_orgao;valores_codigo;valores_data;valores_valor;valores_descricao
5049;Valor do orçamento público destinado à regeneração de recursos naturais, ecossistemas e biodiversidade;Valor do orçamento público destinado à regeneração de recursos naturais, ecossistemas e biodiversidade - Cidades Sustentaveis;Sefin;D;4681;SEFIN;secretarias;2447;2017-12-31 00:00:00;20635988.82;
5049;Valor do orçamento público destinado à regeneração de recursos naturais, ecossistemas e biodiversidade;Valor do orçamento público destinado à regeneração de recursos naturais, ecossistemas e biodiversidade - Cidades Sustentaveis;Sefin;D;4681;SEFIN;secretarias;2448;2016-12-31 00:00:00;23063439.00;
5049;Valor do orçamento público destinado à regeneração de recursos naturais, ecossistemas e biodiversidade;Valor do orçamento público destinado à regeneração de recursos naturais, ecossistemas e biodiversidade - Cidades Sustentaveis;Sefin;D;4681;SEFIN;secretarias;2449;2015-12-31 00:00:00;24570235.50;
5049;Valor do orçamento público destinado à regeneração de recursos naturais, ecossistemas e biodiversidade;Valor do orçamento público destinado à regeneração de recursos naturais, ecossistemas e biodiversidade - Cidades Sustentaveis;Sefin;D;4681;SEFIN;secretarias;2450;2014-12-31 00:00:00;22522430.62;
5049;Valor do orçamento público destinado à regeneração de recursos naturais, ecossistemas e biodiversidade;Valor do orçamento público destinado à regeneração de recursos naturais, ecossistemas e biodiversidade - Cidades Sustentaveis;Sefin;D;4681;SEFIN;secretarias;2451;2013-12-31 00:00:00;20617025.15;
5049;Valor do orçamento público destinado à regeneração de recursos naturais, ecossistemas e biodiversidade;Valor do orçamento público destinado à regeneração de recursos naturais, ecossistemas e biodiversidade - Cidades Sustentaveis;Sefin;D;4681;SEFIN;secretarias;3589;2018-12-31 00:00:00;10595655.26;
5049;Valor do orçamento público destinado à regeneração de recursos naturais, ecossistemas e biodiversidade;Valor do orçamento público destinado à regeneração de recursos naturais, ecossistemas e biodiversidade - Cidades Sustentaveis;Sefin;D;4681;SEFIN;secretarias;4542;2019-12-31 00:00:00;8219694.41;
5049;Valor do orçamento público destinado à regeneração de recursos naturais, ecossistemas e biodiversidade;Valor do orçamento público destinado à regeneração de recursos naturais, ecossistemas e biodiversidade - Cidades Sustentaveis;Sefin;D;4681;SEFIN;secretarias;4959;2020-12-31 00:00:00;7373854.76;
5049;Valor do orçamento público destinado à regeneração de recursos naturais, ecossistemas e biodiversidade;Valor do orçamento público destinado à regeneração de recursos naturais, ecossistemas e biodiversidade - Cidades Sustentaveis;Sefin;D;4681;SEFIN;secretarias;5440;2021-12-31 00:00:00;6934902.89;
5049;Valor do orçamento público destinado à regeneração de recursos naturais, ecossistemas e biodiversidade;Valor do orçamento público destinado à regeneração de recursos naturais, ecossistemas e biodiversidade - Cidades Sustentaveis;Sefin;D;4681;SEFIN;secretarias;6894;2022-12-31 00:00:00;11156862.21;
