codigo;nome;descricao;fonte;tipoValor;id_orgao;sigla_orgao;tipo_orgao;valores_codigo;valores_data;valores_valor;valores_descricao
5051;Número de mulheres mortas por homicídio;"Número de mulheres mortas por homicídio - Cidades Sustentáveis - Indicador ""Homicídios de mulheres""";Secretaria de Segurança Pública do Estado de São Paulo;I;779;SESEG;secretarias;2457;2015-12-31 00:00:00;0.00;
5051;Número de mulheres mortas por homicídio;"Número de mulheres mortas por homicídio - Cidades Sustentáveis - Indicador ""Homicídios de mulheres""";Secretaria de Segurança Pública do Estado de São Paulo;I;779;SESEG;secretarias;2458;2014-12-31 00:00:00;0.00;
5051;Número de mulheres mortas por homicídio;"Número de mulheres mortas por homicídio - Cidades Sustentáveis - Indicador ""Homicídios de mulheres""";Secretaria de Segurança Pública do Estado de São Paulo;I;779;SESEG;secretarias;2459;2013-12-31 00:00:00;0.00;
5051;Número de mulheres mortas por homicídio;"Número de mulheres mortas por homicídio - Cidades Sustentáveis - Indicador ""Homicídios de mulheres""";Secretaria de Segurança Pública do Estado de São Paulo;I;779;SESEG;secretarias;2460;2017-12-31 00:00:00;1.00;
5051;Número de mulheres mortas por homicídio;"Número de mulheres mortas por homicídio - Cidades Sustentáveis - Indicador ""Homicídios de mulheres""";Secretaria de Segurança Pública do Estado de São Paulo;I;779;SESEG;secretarias;2461;2016-12-31 00:00:00;3.00;
5051;Número de mulheres mortas por homicídio;"Número de mulheres mortas por homicídio - Cidades Sustentáveis - Indicador ""Homicídios de mulheres""";Secretaria de Segurança Pública do Estado de São Paulo;I;779;SESEG;secretarias;3730;2018-12-31 00:00:00;3.00;
5051;Número de mulheres mortas por homicídio;"Número de mulheres mortas por homicídio - Cidades Sustentáveis - Indicador ""Homicídios de mulheres""";Secretaria de Segurança Pública do Estado de São Paulo;I;779;SESEG;secretarias;4288;2019-12-31 00:00:00;2.00;
5051;Número de mulheres mortas por homicídio;"Número de mulheres mortas por homicídio - Cidades Sustentáveis - Indicador ""Homicídios de mulheres""";Secretaria de Segurança Pública do Estado de São Paulo;I;779;SESEG;secretarias;4834;2020-12-31 00:00:00;3.00;
5051;Número de mulheres mortas por homicídio;"Número de mulheres mortas por homicídio - Cidades Sustentáveis - Indicador ""Homicídios de mulheres""";Secretaria de Segurança Pública do Estado de São Paulo;I;779;SESEG;secretarias;5373;2021-12-31 00:00:00;3.00;
5051;Número de mulheres mortas por homicídio;"Número de mulheres mortas por homicídio - Cidades Sustentáveis - Indicador ""Homicídios de mulheres""";Secretaria de Segurança Pública do Estado de São Paulo;I;779;SESEG;secretarias;6564;2022-12-31 00:00:00;1.00;
