codigo;nome;descricao;fonte;tipoValor;id_orgao;sigla_orgao;tipo_orgao;valores_codigo;valores_data;valores_valor;valores_descricao
5052;Tipo de evento climático extremo ocorrido no município;"Tipo de evento climático extremo ocorrido no município - Cidades Sustentáveis - Indicador ""Impactos humanos e materiais dos eventos climáticos extremos""";SESEG - SECRETARIA MUNICIPAL DE SEGURANÇA / DEPRODEC - DEFESA CIVIL;T;779;SESEG;secretarias;2462;2013-12-31 00:00:00;0.00;
5052;Tipo de evento climático extremo ocorrido no município;"Tipo de evento climático extremo ocorrido no município - Cidades Sustentáveis - Indicador ""Impactos humanos e materiais dos eventos climáticos extremos""";SESEG - SECRETARIA MUNICIPAL DE SEGURANÇA / DEPRODEC - DEFESA CIVIL;T;779;SESEG;secretarias;2463;2015-12-31 00:00:00;0.00;
5052;Tipo de evento climático extremo ocorrido no município;"Tipo de evento climático extremo ocorrido no município - Cidades Sustentáveis - Indicador ""Impactos humanos e materiais dos eventos climáticos extremos""";SESEG - SECRETARIA MUNICIPAL DE SEGURANÇA / DEPRODEC - DEFESA CIVIL;T;779;SESEG;secretarias;2464;2017-12-31 00:00:00;0.00;
5052;Tipo de evento climático extremo ocorrido no município;"Tipo de evento climático extremo ocorrido no município - Cidades Sustentáveis - Indicador ""Impactos humanos e materiais dos eventos climáticos extremos""";SESEG - SECRETARIA MUNICIPAL DE SEGURANÇA / DEPRODEC - DEFESA CIVIL;T;779;SESEG;secretarias;2465;2014-12-31 00:00:00;0.00;
5052;Tipo de evento climático extremo ocorrido no município;"Tipo de evento climático extremo ocorrido no município - Cidades Sustentáveis - Indicador ""Impactos humanos e materiais dos eventos climáticos extremos""";SESEG - SECRETARIA MUNICIPAL DE SEGURANÇA / DEPRODEC - DEFESA CIVIL;T;779;SESEG;secretarias;2466;2016-12-31 00:00:00;0.00;
