codigo;nome;descricao;fonte;tipoValor;id_orgao;sigla_orgao;tipo_orgao;valores_codigo;valores_data;valores_valor;valores_descricao
5053;Tipo de impacto ocorrido no município devido a eventos climáticos extremos;"Tipo de impacto ocorrido no município devido a eventos climáticos extremos - Cidades Sustentáveis - Indicador ""Impactos humanos e materiais dos eventos climáticos extremos""";SESEG - SECRETARIA MUNICIPAL DE SEGURANÇA / DEPRODEC - DEFESA CIVIL;T;779;SESEG;secretarias;2467;2016-12-31 00:00:00;0.00;
5053;Tipo de impacto ocorrido no município devido a eventos climáticos extremos;"Tipo de impacto ocorrido no município devido a eventos climáticos extremos - Cidades Sustentáveis - Indicador ""Impactos humanos e materiais dos eventos climáticos extremos""";SESEG - SECRETARIA MUNICIPAL DE SEGURANÇA / DEPRODEC - DEFESA CIVIL;T;779;SESEG;secretarias;2468;2017-12-31 00:00:00;0.00;
5053;Tipo de impacto ocorrido no município devido a eventos climáticos extremos;"Tipo de impacto ocorrido no município devido a eventos climáticos extremos - Cidades Sustentáveis - Indicador ""Impactos humanos e materiais dos eventos climáticos extremos""";SESEG - SECRETARIA MUNICIPAL DE SEGURANÇA / DEPRODEC - DEFESA CIVIL;T;779;SESEG;secretarias;2469;2013-12-31 00:00:00;0.00;
5053;Tipo de impacto ocorrido no município devido a eventos climáticos extremos;"Tipo de impacto ocorrido no município devido a eventos climáticos extremos - Cidades Sustentáveis - Indicador ""Impactos humanos e materiais dos eventos climáticos extremos""";SESEG - SECRETARIA MUNICIPAL DE SEGURANÇA / DEPRODEC - DEFESA CIVIL;T;779;SESEG;secretarias;2470;2014-12-31 00:00:00;0.00;
5053;Tipo de impacto ocorrido no município devido a eventos climáticos extremos;"Tipo de impacto ocorrido no município devido a eventos climáticos extremos - Cidades Sustentáveis - Indicador ""Impactos humanos e materiais dos eventos climáticos extremos""";SESEG - SECRETARIA MUNICIPAL DE SEGURANÇA / DEPRODEC - DEFESA CIVIL;T;779;SESEG;secretarias;2471;2015-12-31 00:00:00;0.00;
