codigo;nome;descricao;fonte;tipoValor;id_orgao;sigla_orgao;tipo_orgao;valores_codigo;valores_data;valores_valor;valores_descricao
5054;Quais foram os impactos financeiros (R$) devido a eventos climáticos extremos?;"Quais foram os impactos financeiros (R$) devido a eventos climáticos extremos? - Cidades Sustentáveis - Indicador ""Impactos humanos e materiais dos eventos climáticos extremos""";SESEG - SECRETARIA MUNICIPAL DE SEGURANÇA / DEPRODEC - DEFESA CIVIL;D;779;SESEG;secretarias;2472;2016-12-31 00:00:00;9622000.00;
5054;Quais foram os impactos financeiros (R$) devido a eventos climáticos extremos?;"Quais foram os impactos financeiros (R$) devido a eventos climáticos extremos? - Cidades Sustentáveis - Indicador ""Impactos humanos e materiais dos eventos climáticos extremos""";SESEG - SECRETARIA MUNICIPAL DE SEGURANÇA / DEPRODEC - DEFESA CIVIL;D;779;SESEG;secretarias;2473;2015-12-31 00:00:00;1530000.00;
5054;Quais foram os impactos financeiros (R$) devido a eventos climáticos extremos?;"Quais foram os impactos financeiros (R$) devido a eventos climáticos extremos? - Cidades Sustentáveis - Indicador ""Impactos humanos e materiais dos eventos climáticos extremos""";SESEG - SECRETARIA MUNICIPAL DE SEGURANÇA / DEPRODEC - DEFESA CIVIL;D;779;SESEG;secretarias;2474;2013-12-31 00:00:00;0.00;
5054;Quais foram os impactos financeiros (R$) devido a eventos climáticos extremos?;"Quais foram os impactos financeiros (R$) devido a eventos climáticos extremos? - Cidades Sustentáveis - Indicador ""Impactos humanos e materiais dos eventos climáticos extremos""";SESEG - SECRETARIA MUNICIPAL DE SEGURANÇA / DEPRODEC - DEFESA CIVIL;D;779;SESEG;secretarias;2475;2014-12-31 00:00:00;3294000.00;
5054;Quais foram os impactos financeiros (R$) devido a eventos climáticos extremos?;"Quais foram os impactos financeiros (R$) devido a eventos climáticos extremos? - Cidades Sustentáveis - Indicador ""Impactos humanos e materiais dos eventos climáticos extremos""";SESEG - SECRETARIA MUNICIPAL DE SEGURANÇA / DEPRODEC - DEFESA CIVIL;D;779;SESEG;secretarias;2476;2017-12-31 00:00:00;98214.17;
5054;Quais foram os impactos financeiros (R$) devido a eventos climáticos extremos?;"Quais foram os impactos financeiros (R$) devido a eventos climáticos extremos? - Cidades Sustentáveis - Indicador ""Impactos humanos e materiais dos eventos climáticos extremos""";SESEG - SECRETARIA MUNICIPAL DE SEGURANÇA / DEPRODEC - DEFESA CIVIL;D;779;SESEG;secretarias;3733;2018-12-31 00:00:00;837151.00;
5054;Quais foram os impactos financeiros (R$) devido a eventos climáticos extremos?;"Quais foram os impactos financeiros (R$) devido a eventos climáticos extremos? - Cidades Sustentáveis - Indicador ""Impactos humanos e materiais dos eventos climáticos extremos""";SESEG - SECRETARIA MUNICIPAL DE SEGURANÇA / DEPRODEC - DEFESA CIVIL;D;779;SESEG;secretarias;4348;2019-12-31 00:00:00;1600000.00;
5054;Quais foram os impactos financeiros (R$) devido a eventos climáticos extremos?;"Quais foram os impactos financeiros (R$) devido a eventos climáticos extremos? - Cidades Sustentáveis - Indicador ""Impactos humanos e materiais dos eventos climáticos extremos""";SESEG - SECRETARIA MUNICIPAL DE SEGURANÇA / DEPRODEC - DEFESA CIVIL;D;779;SESEG;secretarias;4877;2020-12-31 00:00:00;105000000.00;
5054;Quais foram os impactos financeiros (R$) devido a eventos climáticos extremos?;"Quais foram os impactos financeiros (R$) devido a eventos climáticos extremos? - Cidades Sustentáveis - Indicador ""Impactos humanos e materiais dos eventos climáticos extremos""";SESEG - SECRETARIA MUNICIPAL DE SEGURANÇA / DEPRODEC - DEFESA CIVIL;D;779;SESEG;secretarias;5402;2021-12-31 00:00:00;0.00;
5054;Quais foram os impactos financeiros (R$) devido a eventos climáticos extremos?;"Quais foram os impactos financeiros (R$) devido a eventos climáticos extremos? - Cidades Sustentáveis - Indicador ""Impactos humanos e materiais dos eventos climáticos extremos""";SESEG - SECRETARIA MUNICIPAL DE SEGURANÇA / DEPRODEC - DEFESA CIVIL;D;779;SESEG;secretarias;6611;2022-12-31 00:00:00;0.00;
