codigo;nome;descricao;fonte;tipoValor;id_orgao;sigla_orgao;tipo_orgao;valores_codigo;valores_data;valores_valor;valores_descricao
5055;Quais foram os impactos materiais devido a eventos climáticos extremos?;"Quais foram os impactos materiais devido a eventos climáticos extremos? - Cidades Sustentáveis - Indicador ""Impactos humanos e materiais dos eventos climáticos extremos""";SESEG - SECRETARIA MUNICIPAL DE SEGURANÇA / DEPRODEC - DEFESA CIVIL;T;779;SESEG;secretarias;2477;2016-12-31 00:00:00;0.00;
5055;Quais foram os impactos materiais devido a eventos climáticos extremos?;"Quais foram os impactos materiais devido a eventos climáticos extremos? - Cidades Sustentáveis - Indicador ""Impactos humanos e materiais dos eventos climáticos extremos""";SESEG - SECRETARIA MUNICIPAL DE SEGURANÇA / DEPRODEC - DEFESA CIVIL;T;779;SESEG;secretarias;2478;2015-12-31 00:00:00;0.00;
5055;Quais foram os impactos materiais devido a eventos climáticos extremos?;"Quais foram os impactos materiais devido a eventos climáticos extremos? - Cidades Sustentáveis - Indicador ""Impactos humanos e materiais dos eventos climáticos extremos""";SESEG - SECRETARIA MUNICIPAL DE SEGURANÇA / DEPRODEC - DEFESA CIVIL;T;779;SESEG;secretarias;2479;2013-12-31 00:00:00;0.00;
5055;Quais foram os impactos materiais devido a eventos climáticos extremos?;"Quais foram os impactos materiais devido a eventos climáticos extremos? - Cidades Sustentáveis - Indicador ""Impactos humanos e materiais dos eventos climáticos extremos""";SESEG - SECRETARIA MUNICIPAL DE SEGURANÇA / DEPRODEC - DEFESA CIVIL;T;779;SESEG;secretarias;2480;2014-12-31 00:00:00;0.00;
5055;Quais foram os impactos materiais devido a eventos climáticos extremos?;"Quais foram os impactos materiais devido a eventos climáticos extremos? - Cidades Sustentáveis - Indicador ""Impactos humanos e materiais dos eventos climáticos extremos""";SESEG - SECRETARIA MUNICIPAL DE SEGURANÇA / DEPRODEC - DEFESA CIVIL;T;779;SESEG;secretarias;2481;2017-12-31 00:00:00;0.00;
