codigo;nome;descricao;fonte;tipoValor;id_orgao;sigla_orgao;tipo_orgao;valores_codigo;valores_data;valores_valor;valores_descricao
5056;Quantidade de pessoas feridas em eventos climáticos extremos;"Quantidade de pessoas feridas em eventos climáticos extremos - Cidades Sustentáveis - Indicador ""Impactos humanos e materiais dos eventos climáticos extremos""";SESEG - SECRETARIA MUNICIPAL DE SEGURANÇA / DEPRODEC - DEFESA CIVIL;I;779;SESEG;secretarias;2482;2016-12-31 00:00:00;0.00;
5056;Quantidade de pessoas feridas em eventos climáticos extremos;"Quantidade de pessoas feridas em eventos climáticos extremos - Cidades Sustentáveis - Indicador ""Impactos humanos e materiais dos eventos climáticos extremos""";SESEG - SECRETARIA MUNICIPAL DE SEGURANÇA / DEPRODEC - DEFESA CIVIL;I;779;SESEG;secretarias;2483;2017-12-31 00:00:00;0.00;
5056;Quantidade de pessoas feridas em eventos climáticos extremos;"Quantidade de pessoas feridas em eventos climáticos extremos - Cidades Sustentáveis - Indicador ""Impactos humanos e materiais dos eventos climáticos extremos""";SESEG - SECRETARIA MUNICIPAL DE SEGURANÇA / DEPRODEC - DEFESA CIVIL;I;779;SESEG;secretarias;2484;2013-12-31 00:00:00;0.00;
5056;Quantidade de pessoas feridas em eventos climáticos extremos;"Quantidade de pessoas feridas em eventos climáticos extremos - Cidades Sustentáveis - Indicador ""Impactos humanos e materiais dos eventos climáticos extremos""";SESEG - SECRETARIA MUNICIPAL DE SEGURANÇA / DEPRODEC - DEFESA CIVIL;I;779;SESEG;secretarias;2485;2014-12-31 00:00:00;0.00;
5056;Quantidade de pessoas feridas em eventos climáticos extremos;"Quantidade de pessoas feridas em eventos climáticos extremos - Cidades Sustentáveis - Indicador ""Impactos humanos e materiais dos eventos climáticos extremos""";SESEG - SECRETARIA MUNICIPAL DE SEGURANÇA / DEPRODEC - DEFESA CIVIL;I;779;SESEG;secretarias;2486;2015-12-31 00:00:00;0.00;
5056;Quantidade de pessoas feridas em eventos climáticos extremos;"Quantidade de pessoas feridas em eventos climáticos extremos - Cidades Sustentáveis - Indicador ""Impactos humanos e materiais dos eventos climáticos extremos""";SESEG - SECRETARIA MUNICIPAL DE SEGURANÇA / DEPRODEC - DEFESA CIVIL;I;779;SESEG;secretarias;3735;2018-12-31 00:00:00;0.00;
5056;Quantidade de pessoas feridas em eventos climáticos extremos;"Quantidade de pessoas feridas em eventos climáticos extremos - Cidades Sustentáveis - Indicador ""Impactos humanos e materiais dos eventos climáticos extremos""";SESEG - SECRETARIA MUNICIPAL DE SEGURANÇA / DEPRODEC - DEFESA CIVIL;I;779;SESEG;secretarias;4350;2019-12-31 00:00:00;0.00;
5056;Quantidade de pessoas feridas em eventos climáticos extremos;"Quantidade de pessoas feridas em eventos climáticos extremos - Cidades Sustentáveis - Indicador ""Impactos humanos e materiais dos eventos climáticos extremos""";SESEG - SECRETARIA MUNICIPAL DE SEGURANÇA / DEPRODEC - DEFESA CIVIL;I;779;SESEG;secretarias;4879;2020-12-31 00:00:00;10.00;
5056;Quantidade de pessoas feridas em eventos climáticos extremos;"Quantidade de pessoas feridas em eventos climáticos extremos - Cidades Sustentáveis - Indicador ""Impactos humanos e materiais dos eventos climáticos extremos""";SESEG - SECRETARIA MUNICIPAL DE SEGURANÇA / DEPRODEC - DEFESA CIVIL;I;779;SESEG;secretarias;5404;2021-12-31 00:00:00;0.00;
5056;Quantidade de pessoas feridas em eventos climáticos extremos;"Quantidade de pessoas feridas em eventos climáticos extremos - Cidades Sustentáveis - Indicador ""Impactos humanos e materiais dos eventos climáticos extremos""";SESEG - SECRETARIA MUNICIPAL DE SEGURANÇA / DEPRODEC - DEFESA CIVIL;I;779;SESEG;secretarias;6613;2022-12-31 00:00:00;0.00;
