codigo;nome;descricao;fonte;tipoValor;id_orgao;sigla_orgao;tipo_orgao;valores_codigo;valores_data;valores_valor;valores_descricao
5057;Quantidade de pessoas mortas em eventos climáticos extremos;"Quantidade de pessoas mortas em eventos climáticos extremos - Cidades Sustentáveis - Indicador ""Impactos humanos e materiais dos eventos climáticos extremos""";SESEG - SECRETARIA MUNICIPAL DE SEGURANÇA / DEPRODEC - DEFESA CIVIL;I;779;SESEG;secretarias;2487;2016-12-31 00:00:00;0.00;
5057;Quantidade de pessoas mortas em eventos climáticos extremos;"Quantidade de pessoas mortas em eventos climáticos extremos - Cidades Sustentáveis - Indicador ""Impactos humanos e materiais dos eventos climáticos extremos""";SESEG - SECRETARIA MUNICIPAL DE SEGURANÇA / DEPRODEC - DEFESA CIVIL;I;779;SESEG;secretarias;2488;2017-12-31 00:00:00;0.00;
5057;Quantidade de pessoas mortas em eventos climáticos extremos;"Quantidade de pessoas mortas em eventos climáticos extremos - Cidades Sustentáveis - Indicador ""Impactos humanos e materiais dos eventos climáticos extremos""";SESEG - SECRETARIA MUNICIPAL DE SEGURANÇA / DEPRODEC - DEFESA CIVIL;I;779;SESEG;secretarias;2489;2013-12-31 00:00:00;0.00;
5057;Quantidade de pessoas mortas em eventos climáticos extremos;"Quantidade de pessoas mortas em eventos climáticos extremos - Cidades Sustentáveis - Indicador ""Impactos humanos e materiais dos eventos climáticos extremos""";SESEG - SECRETARIA MUNICIPAL DE SEGURANÇA / DEPRODEC - DEFESA CIVIL;I;779;SESEG;secretarias;2490;2014-12-31 00:00:00;0.00;
5057;Quantidade de pessoas mortas em eventos climáticos extremos;"Quantidade de pessoas mortas em eventos climáticos extremos - Cidades Sustentáveis - Indicador ""Impactos humanos e materiais dos eventos climáticos extremos""";SESEG - SECRETARIA MUNICIPAL DE SEGURANÇA / DEPRODEC - DEFESA CIVIL;I;779;SESEG;secretarias;2491;2015-12-31 00:00:00;0.00;
5057;Quantidade de pessoas mortas em eventos climáticos extremos;"Quantidade de pessoas mortas em eventos climáticos extremos - Cidades Sustentáveis - Indicador ""Impactos humanos e materiais dos eventos climáticos extremos""";SESEG - SECRETARIA MUNICIPAL DE SEGURANÇA / DEPRODEC - DEFESA CIVIL;I;779;SESEG;secretarias;3736;2018-12-31 00:00:00;0.00;
5057;Quantidade de pessoas mortas em eventos climáticos extremos;"Quantidade de pessoas mortas em eventos climáticos extremos - Cidades Sustentáveis - Indicador ""Impactos humanos e materiais dos eventos climáticos extremos""";SESEG - SECRETARIA MUNICIPAL DE SEGURANÇA / DEPRODEC - DEFESA CIVIL;I;779;SESEG;secretarias;4351;2019-12-31 00:00:00;0.00;
5057;Quantidade de pessoas mortas em eventos climáticos extremos;"Quantidade de pessoas mortas em eventos climáticos extremos - Cidades Sustentáveis - Indicador ""Impactos humanos e materiais dos eventos climáticos extremos""";SESEG - SECRETARIA MUNICIPAL DE SEGURANÇA / DEPRODEC - DEFESA CIVIL;I;779;SESEG;secretarias;4880;2020-12-31 00:00:00;8.00;
5057;Quantidade de pessoas mortas em eventos climáticos extremos;"Quantidade de pessoas mortas em eventos climáticos extremos - Cidades Sustentáveis - Indicador ""Impactos humanos e materiais dos eventos climáticos extremos""";SESEG - SECRETARIA MUNICIPAL DE SEGURANÇA / DEPRODEC - DEFESA CIVIL;I;779;SESEG;secretarias;5405;2021-12-31 00:00:00;0.00;
5057;Quantidade de pessoas mortas em eventos climáticos extremos;"Quantidade de pessoas mortas em eventos climáticos extremos - Cidades Sustentáveis - Indicador ""Impactos humanos e materiais dos eventos climáticos extremos""";SESEG - SECRETARIA MUNICIPAL DE SEGURANÇA / DEPRODEC - DEFESA CIVIL;I;779;SESEG;secretarias;6614;2022-12-31 00:00:00;0.00;
