codigo;nome;descricao;fonte;tipoValor;id_orgao;sigla_orgao;tipo_orgao;valores_codigo;valores_data;valores_valor;valores_descricao
5067;Valor do investimento público em infraestrutura;Valor do investimento público em infraestrutura - Cidades Sustentaveis;Sefin;D;4681;SEFIN;secretarias;2537;2013-12-31 00:00:00;24493505.71;
5067;Valor do investimento público em infraestrutura;Valor do investimento público em infraestrutura - Cidades Sustentaveis;Sefin;D;4681;SEFIN;secretarias;2538;2016-12-31 00:00:00;30053310.00;
5067;Valor do investimento público em infraestrutura;Valor do investimento público em infraestrutura - Cidades Sustentaveis;Sefin;D;4681;SEFIN;secretarias;2539;2014-12-31 00:00:00;46033903.60;
5067;Valor do investimento público em infraestrutura;Valor do investimento público em infraestrutura - Cidades Sustentaveis;Sefin;D;4681;SEFIN;secretarias;2540;2017-12-31 00:00:00;34711122.86;
5067;Valor do investimento público em infraestrutura;Valor do investimento público em infraestrutura - Cidades Sustentaveis;Sefin;D;4681;SEFIN;secretarias;2541;2015-12-31 00:00:00;47167757.27;
5067;Valor do investimento público em infraestrutura;Valor do investimento público em infraestrutura - Cidades Sustentaveis;Sefin;D;4681;SEFIN;secretarias;3590;2018-12-31 00:00:00;17569932.72;
5067;Valor do investimento público em infraestrutura;Valor do investimento público em infraestrutura - Cidades Sustentaveis;Sefin;D;4681;SEFIN;secretarias;4543;2019-12-31 00:00:00;141387614.93;
5067;Valor do investimento público em infraestrutura;Valor do investimento público em infraestrutura - Cidades Sustentaveis;Sefin;D;4681;SEFIN;secretarias;4961;2020-12-31 00:00:00;121859404.87;
5067;Valor do investimento público em infraestrutura;Valor do investimento público em infraestrutura - Cidades Sustentaveis;Sefin;D;4681;SEFIN;secretarias;5450;2021-12-31 00:00:00;72285330.59;
5067;Valor do investimento público em infraestrutura;Valor do investimento público em infraestrutura - Cidades Sustentaveis;Sefin;D;4681;SEFIN;secretarias;6902;2022-12-31 00:00:00;22571841.08;
5067;Valor do investimento público em infraestrutura;Valor do investimento público em infraestrutura - Cidades Sustentaveis;Sefin;D;4681;SEFIN;secretarias;7524;2023-12-31 00:00:00;430044827.25;
