codigo;nome;descricao;fonte;tipoValor;id_orgao;sigla_orgao;tipo_orgao;valores_codigo;valores_data;valores_valor;valores_descricao
5082;Número de óbitos por agressão;"Número de óbitos por agressão - Cidades Sustentáveis - Indicador ""Mortes por agressão""";Secretaria de Segurança Pública do Estado de São Paulo - Polícia Civil (Deinter 6);I;779;SESEG;secretarias;2612;2015-12-31 00:00:00;0.00;
5082;Número de óbitos por agressão;"Número de óbitos por agressão - Cidades Sustentáveis - Indicador ""Mortes por agressão""";Secretaria de Segurança Pública do Estado de São Paulo - Polícia Civil (Deinter 6);I;779;SESEG;secretarias;2613;2017-12-31 00:00:00;6.00;
5082;Número de óbitos por agressão;"Número de óbitos por agressão - Cidades Sustentáveis - Indicador ""Mortes por agressão""";Secretaria de Segurança Pública do Estado de São Paulo - Polícia Civil (Deinter 6);I;779;SESEG;secretarias;2614;2016-12-31 00:00:00;7.00;
5082;Número de óbitos por agressão;"Número de óbitos por agressão - Cidades Sustentáveis - Indicador ""Mortes por agressão""";Secretaria de Segurança Pública do Estado de São Paulo - Polícia Civil (Deinter 6);I;779;SESEG;secretarias;2615;2013-12-31 00:00:00;0.00;
5082;Número de óbitos por agressão;"Número de óbitos por agressão - Cidades Sustentáveis - Indicador ""Mortes por agressão""";Secretaria de Segurança Pública do Estado de São Paulo - Polícia Civil (Deinter 6);I;779;SESEG;secretarias;2616;2014-12-31 00:00:00;0.00;
5082;Número de óbitos por agressão;"Número de óbitos por agressão - Cidades Sustentáveis - Indicador ""Mortes por agressão""";Secretaria de Segurança Pública do Estado de São Paulo - Polícia Civil (Deinter 6);I;779;SESEG;secretarias;3737;2018-12-31 00:00:00;5.00;
5082;Número de óbitos por agressão;"Número de óbitos por agressão - Cidades Sustentáveis - Indicador ""Mortes por agressão""";Secretaria de Segurança Pública do Estado de São Paulo - Polícia Civil (Deinter 6);I;779;SESEG;secretarias;4289;2019-12-31 00:00:00;13.00;
5082;Número de óbitos por agressão;"Número de óbitos por agressão - Cidades Sustentáveis - Indicador ""Mortes por agressão""";Secretaria de Segurança Pública do Estado de São Paulo - Polícia Civil (Deinter 6);I;779;SESEG;secretarias;4835;2020-12-31 00:00:00;4.00;
5082;Número de óbitos por agressão;"Número de óbitos por agressão - Cidades Sustentáveis - Indicador ""Mortes por agressão""";Secretaria de Segurança Pública do Estado de São Paulo - Polícia Civil (Deinter 6);I;779;SESEG;secretarias;5374;2021-12-31 00:00:00;1.00;
5082;Número de óbitos por agressão;"Número de óbitos por agressão - Cidades Sustentáveis - Indicador ""Mortes por agressão""";Secretaria de Segurança Pública do Estado de São Paulo - Polícia Civil (Deinter 6);I;779;SESEG;secretarias;6565;2022-12-31 00:00:00;3.00;
