codigo;nome;descricao;fonte;tipoValor;id_orgao;sigla_orgao;tipo_orgao;valores_codigo;valores_data;valores_valor;valores_descricao
5084;Número de óbitos por armas de fogo;"Número de óbitos por armas de fogo - Cidades Sustentáveis - Indicador ""Mortes por armas de fogo""";Secretaria de Segurança Pública do Estado de São Paulo - Polícia Civil (Deinter 6);I;779;SESEG;secretarias;2622;2014-01-31 00:00:00;0.00;
5084;Número de óbitos por armas de fogo;"Número de óbitos por armas de fogo - Cidades Sustentáveis - Indicador ""Mortes por armas de fogo""";Secretaria de Segurança Pública do Estado de São Paulo - Polícia Civil (Deinter 6);I;779;SESEG;secretarias;2623;2015-12-31 00:00:00;0.00;
5084;Número de óbitos por armas de fogo;"Número de óbitos por armas de fogo - Cidades Sustentáveis - Indicador ""Mortes por armas de fogo""";Secretaria de Segurança Pública do Estado de São Paulo - Polícia Civil (Deinter 6);I;779;SESEG;secretarias;2624;2016-12-31 00:00:00;14.00;
5084;Número de óbitos por armas de fogo;"Número de óbitos por armas de fogo - Cidades Sustentáveis - Indicador ""Mortes por armas de fogo""";Secretaria de Segurança Pública do Estado de São Paulo - Polícia Civil (Deinter 6);I;779;SESEG;secretarias;2625;2013-12-31 00:00:00;0.00;
5084;Número de óbitos por armas de fogo;"Número de óbitos por armas de fogo - Cidades Sustentáveis - Indicador ""Mortes por armas de fogo""";Secretaria de Segurança Pública do Estado de São Paulo - Polícia Civil (Deinter 6);I;779;SESEG;secretarias;2626;2017-12-31 00:00:00;7.00;
5084;Número de óbitos por armas de fogo;"Número de óbitos por armas de fogo - Cidades Sustentáveis - Indicador ""Mortes por armas de fogo""";Secretaria de Segurança Pública do Estado de São Paulo - Polícia Civil (Deinter 6);I;779;SESEG;secretarias;3738;2018-12-31 00:00:00;9.00;
5084;Número de óbitos por armas de fogo;"Número de óbitos por armas de fogo - Cidades Sustentáveis - Indicador ""Mortes por armas de fogo""";Secretaria de Segurança Pública do Estado de São Paulo - Polícia Civil (Deinter 6);I;779;SESEG;secretarias;4290;2019-12-31 00:00:00;7.00;
5084;Número de óbitos por armas de fogo;"Número de óbitos por armas de fogo - Cidades Sustentáveis - Indicador ""Mortes por armas de fogo""";Secretaria de Segurança Pública do Estado de São Paulo - Polícia Civil (Deinter 6);I;779;SESEG;secretarias;4836;2020-12-31 00:00:00;7.00;
5084;Número de óbitos por armas de fogo;"Número de óbitos por armas de fogo - Cidades Sustentáveis - Indicador ""Mortes por armas de fogo""";Secretaria de Segurança Pública do Estado de São Paulo - Polícia Civil (Deinter 6);I;779;SESEG;secretarias;5375;2021-12-31 00:00:00;7.00;
5084;Número de óbitos por armas de fogo;"Número de óbitos por armas de fogo - Cidades Sustentáveis - Indicador ""Mortes por armas de fogo""";Secretaria de Segurança Pública do Estado de São Paulo - Polícia Civil (Deinter 6);I;779;SESEG;secretarias;6566;2022-12-31 00:00:00;16.00;
