codigo;nome;descricao;fonte;tipoValor;id_orgao;sigla_orgao;tipo_orgao;valores_codigo;valores_data;valores_valor;valores_descricao
5089;Valor da tarifa de ônibus preponderante no município multiplicado por 50 viagens;Valor da tarifa de ônibus preponderante no município multiplicado por 50 viagens - Cidades Sustentaveis;CET;D;822;CET;autarquias;2647;2013-12-31 00:00:00;0.00;
5089;Valor da tarifa de ônibus preponderante no município multiplicado por 50 viagens;Valor da tarifa de ônibus preponderante no município multiplicado por 50 viagens - Cidades Sustentaveis;CET;D;822;CET;autarquias;2648;2017-12-31 00:00:00;192.50;
5089;Valor da tarifa de ônibus preponderante no município multiplicado por 50 viagens;Valor da tarifa de ônibus preponderante no município multiplicado por 50 viagens - Cidades Sustentaveis;CET;D;822;CET;autarquias;2649;2014-12-31 00:00:00;0.00;
5089;Valor da tarifa de ônibus preponderante no município multiplicado por 50 viagens;Valor da tarifa de ônibus preponderante no município multiplicado por 50 viagens - Cidades Sustentaveis;CET;D;822;CET;autarquias;2650;2016-12-31 00:00:00;172.50;
5089;Valor da tarifa de ônibus preponderante no município multiplicado por 50 viagens;Valor da tarifa de ônibus preponderante no município multiplicado por 50 viagens - Cidades Sustentaveis;CET;D;822;CET;autarquias;2651;2015-12-31 00:00:00;0.00;
5089;Valor da tarifa de ônibus preponderante no município multiplicado por 50 viagens;Valor da tarifa de ônibus preponderante no município multiplicado por 50 viagens - Cidades Sustentaveis;CET;D;822;CET;autarquias;3860;2018-12-31 00:00:00;202.50;
5089;Valor da tarifa de ônibus preponderante no município multiplicado por 50 viagens;Valor da tarifa de ônibus preponderante no município multiplicado por 50 viagens - Cidades Sustentaveis;CET;D;822;CET;autarquias;4315;2019-12-31 00:00:00;232.50;
5089;Valor da tarifa de ônibus preponderante no município multiplicado por 50 viagens;Valor da tarifa de ônibus preponderante no município multiplicado por 50 viagens - Cidades Sustentaveis;CET;D;822;CET;autarquias;5164;2020-12-31 00:00:00;232.50;
5089;Valor da tarifa de ônibus preponderante no município multiplicado por 50 viagens;Valor da tarifa de ônibus preponderante no município multiplicado por 50 viagens - Cidades Sustentaveis;CET;D;822;CET;autarquias;6804;2022-12-31 00:00:00;247.50;
5089;Valor da tarifa de ônibus preponderante no município multiplicado por 50 viagens;Valor da tarifa de ônibus preponderante no município multiplicado por 50 viagens - Cidades Sustentaveis;CET;D;822;CET;autarquias;7016;2023-12-31 00:00:00;262.50;
