codigo;nome;descricao;fonte;tipoValor;id_orgao;sigla_orgao;tipo_orgao;valores_codigo;valores_data;valores_valor;valores_descricao
5100;Valor dos recursos públicos municipais para cultura;Valor dos recursos públicos municipais para cultura - Cidades Sustentaveis;Sefin;D;4681;SEFIN;secretarias;2702;2015-12-31 00:00:00;3880409.23;
5100;Valor dos recursos públicos municipais para cultura;Valor dos recursos públicos municipais para cultura - Cidades Sustentaveis;Sefin;D;4681;SEFIN;secretarias;2703;2014-12-31 00:00:00;38657245.89;
5100;Valor dos recursos públicos municipais para cultura;Valor dos recursos públicos municipais para cultura - Cidades Sustentaveis;Sefin;D;4681;SEFIN;secretarias;2704;2017-12-31 00:00:00;26909822.75;
5100;Valor dos recursos públicos municipais para cultura;Valor dos recursos públicos municipais para cultura - Cidades Sustentaveis;Sefin;D;4681;SEFIN;secretarias;2705;2013-12-31 00:00:00;29792615.58;
5100;Valor dos recursos públicos municipais para cultura;Valor dos recursos públicos municipais para cultura - Cidades Sustentaveis;Sefin;D;4681;SEFIN;secretarias;2706;2016-12-31 00:00:00;37725933.00;
5100;Valor dos recursos públicos municipais para cultura;Valor dos recursos públicos municipais para cultura - Cidades Sustentaveis;Sefin;D;4681;SEFIN;secretarias;3592;2018-12-31 00:00:00;9053236.00;
5100;Valor dos recursos públicos municipais para cultura;Valor dos recursos públicos municipais para cultura - Cidades Sustentaveis;Sefin;D;4681;SEFIN;secretarias;4545;2019-12-31 00:00:00;18243750.01;
5100;Valor dos recursos públicos municipais para cultura;Valor dos recursos públicos municipais para cultura - Cidades Sustentaveis;Sefin;D;4681;SEFIN;secretarias;4963;2020-12-31 00:00:00;18851899.06;
5100;Valor dos recursos públicos municipais para cultura;Valor dos recursos públicos municipais para cultura - Cidades Sustentaveis;Sefin;D;4681;SEFIN;secretarias;5427;2021-12-31 00:00:00;10818910.10;
5100;Valor dos recursos públicos municipais para cultura;Valor dos recursos públicos municipais para cultura - Cidades Sustentaveis;Sefin;D;4681;SEFIN;secretarias;6895;2022-12-31 00:00:00;20769984.07;
5100;Valor dos recursos públicos municipais para cultura;Valor dos recursos públicos municipais para cultura - Cidades Sustentaveis;Sefin;D;4681;SEFIN;secretarias;7526;2023-12-31 00:00:00;40754115.44;
