codigo;nome;descricao;fonte;tipoValor;id_orgao;sigla_orgao;tipo_orgao;valores_codigo;valores_data;valores_valor;valores_descricao
5112;Valor de receitas arrecadadas no município;Valor de receitas arrecadadas no município - Cidades Sustentaveis;Sefin;D;4681;SEFIN;secretarias;2762;2015-12-31 00:00:00;1935778784.57;
5112;Valor de receitas arrecadadas no município;Valor de receitas arrecadadas no município - Cidades Sustentaveis;Sefin;D;4681;SEFIN;secretarias;2763;2014-12-31 00:00:00;1809730288.22;
5112;Valor de receitas arrecadadas no município;Valor de receitas arrecadadas no município - Cidades Sustentaveis;Sefin;D;4681;SEFIN;secretarias;2764;2013-12-31 00:00:00;1643151645.89;
5112;Valor de receitas arrecadadas no município;Valor de receitas arrecadadas no município - Cidades Sustentaveis;Sefin;D;4681;SEFIN;secretarias;2765;2016-12-31 00:00:00;1529425687.00;
5112;Valor de receitas arrecadadas no município;Valor de receitas arrecadadas no município - Cidades Sustentaveis;Sefin;D;4681;SEFIN;secretarias;2766;2017-12-31 00:00:00;1602003033.05;
5112;Valor de receitas arrecadadas no município;Valor de receitas arrecadadas no município - Cidades Sustentaveis;Sefin;D;4681;SEFIN;secretarias;3593;2018-12-31 00:00:00;1845939093.00;
5112;Valor de receitas arrecadadas no município;Valor de receitas arrecadadas no município - Cidades Sustentaveis;Sefin;D;4681;SEFIN;secretarias;4546;2019-12-31 00:00:00;2225876357.34;
5112;Valor de receitas arrecadadas no município;Valor de receitas arrecadadas no município - Cidades Sustentaveis;Sefin;D;4681;SEFIN;secretarias;5090;2020-12-31 00:00:00;2008210092.10;
5112;Valor de receitas arrecadadas no município;Valor de receitas arrecadadas no município - Cidades Sustentaveis;Sefin;D;4681;SEFIN;secretarias;5447;2021-12-31 00:00:00;2283693423.65;
5112;Valor de receitas arrecadadas no município;Valor de receitas arrecadadas no município - Cidades Sustentaveis;Sefin;D;4681;SEFIN;secretarias;6893;2022-12-31 00:00:00;2808350601.86;
5112;Valor de receitas arrecadadas no município;Valor de receitas arrecadadas no município - Cidades Sustentaveis;Sefin;D;4681;SEFIN;secretarias;7523;2023-12-31 00:00:00;2221266176.34;
