codigo;nome;descricao;fonte;tipoValor;id_orgao;sigla_orgao;tipo_orgao;valores_codigo;valores_data;valores_valor;valores_descricao
5113;Valor total de receitas do município;Valor total de receitas do município - Cidades Sustentaveis;Sefin;D;4681;SEFIN;secretarias;2767;2017-12-31 00:00:00;2011227719.69;
5113;Valor total de receitas do município;Valor total de receitas do município - Cidades Sustentaveis;Sefin;D;4681;SEFIN;secretarias;2768;2016-12-31 00:00:00;1927733138.00;
5113;Valor total de receitas do município;Valor total de receitas do município - Cidades Sustentaveis;Sefin;D;4681;SEFIN;secretarias;2769;2015-10-31 00:00:00;1935778784.57;
5113;Valor total de receitas do município;Valor total de receitas do município - Cidades Sustentaveis;Sefin;D;4681;SEFIN;secretarias;2770;2014-12-31 00:00:00;1809730288.22;
5113;Valor total de receitas do município;Valor total de receitas do município - Cidades Sustentaveis;Sefin;D;4681;SEFIN;secretarias;2771;2013-12-31 00:00:00;1643151645.89;
5113;Valor total de receitas do município;Valor total de receitas do município - Cidades Sustentaveis;Sefin;D;4681;SEFIN;secretarias;3594;2018-12-31 00:00:00;2429241964.30;
5113;Valor total de receitas do município;Valor total de receitas do município - Cidades Sustentaveis;Sefin;D;4681;SEFIN;secretarias;4547;2019-12-31 00:00:00;2748087314.44;
5113;Valor total de receitas do município;Valor total de receitas do município - Cidades Sustentaveis;Sefin;D;4681;SEFIN;secretarias;5091;2020-12-31 00:00:00;2795284744.38;
5113;Valor total de receitas do município;Valor total de receitas do município - Cidades Sustentaveis;Sefin;D;4681;SEFIN;secretarias;5451;2021-12-31 00:00:00;2998374362.84;
5113;Valor total de receitas do município;Valor total de receitas do município - Cidades Sustentaveis;Sefin;D;4681;SEFIN;secretarias;6896;2022-12-31 00:00:00;3490564468.34;
5113;Valor total de receitas do município;Valor total de receitas do município - Cidades Sustentaveis;Sefin;D;4681;SEFIN;secretarias;7527;2023-12-31 00:00:00;4169069742.99;
