codigo;nome;descricao;fonte;tipoValor;id_orgao;sigla_orgao;tipo_orgao;valores_codigo;valores_data;valores_valor;valores_descricao
5117;Número de ônibus coletivos que utilizam sistemas de energia sustentável (elétrico, híbrido e combustíveis renováveis e limpos);Número de ônibus coletivos que utilizam sistemas de energia sustentável (elétrico, híbrido e combustíveis renováveis e limpos) - Cidades Sustentaveis;CET;I;822;CET;autarquias;2787;2017-12-31 00:00:00;305.00;
5117;Número de ônibus coletivos que utilizam sistemas de energia sustentável (elétrico, híbrido e combustíveis renováveis e limpos);Número de ônibus coletivos que utilizam sistemas de energia sustentável (elétrico, híbrido e combustíveis renováveis e limpos) - Cidades Sustentaveis;CET;I;822;CET;autarquias;2788;2013-12-31 00:00:00;305.00;
5117;Número de ônibus coletivos que utilizam sistemas de energia sustentável (elétrico, híbrido e combustíveis renováveis e limpos);Número de ônibus coletivos que utilizam sistemas de energia sustentável (elétrico, híbrido e combustíveis renováveis e limpos) - Cidades Sustentaveis;CET;I;822;CET;autarquias;2789;2015-12-31 00:00:00;305.00;
5117;Número de ônibus coletivos que utilizam sistemas de energia sustentável (elétrico, híbrido e combustíveis renováveis e limpos);Número de ônibus coletivos que utilizam sistemas de energia sustentável (elétrico, híbrido e combustíveis renováveis e limpos) - Cidades Sustentaveis;CET;I;822;CET;autarquias;2790;2014-12-31 00:00:00;305.00;
5117;Número de ônibus coletivos que utilizam sistemas de energia sustentável (elétrico, híbrido e combustíveis renováveis e limpos);Número de ônibus coletivos que utilizam sistemas de energia sustentável (elétrico, híbrido e combustíveis renováveis e limpos) - Cidades Sustentaveis;CET;I;822;CET;autarquias;2791;2016-12-31 00:00:00;305.00;
5117;Número de ônibus coletivos que utilizam sistemas de energia sustentável (elétrico, híbrido e combustíveis renováveis e limpos);Número de ônibus coletivos que utilizam sistemas de energia sustentável (elétrico, híbrido e combustíveis renováveis e limpos) - Cidades Sustentaveis;CET;I;822;CET;autarquias;3805;2018-12-31 00:00:00;293.00;
5117;Número de ônibus coletivos que utilizam sistemas de energia sustentável (elétrico, híbrido e combustíveis renováveis e limpos);Número de ônibus coletivos que utilizam sistemas de energia sustentável (elétrico, híbrido e combustíveis renováveis e limpos) - Cidades Sustentaveis;CET;I;822;CET;autarquias;4435;2019-12-31 00:00:00;293.00;
5117;Número de ônibus coletivos que utilizam sistemas de energia sustentável (elétrico, híbrido e combustíveis renováveis e limpos);Número de ônibus coletivos que utilizam sistemas de energia sustentável (elétrico, híbrido e combustíveis renováveis e limpos) - Cidades Sustentaveis;CET;I;822;CET;autarquias;5012;2020-12-31 00:00:00;273.00;
5117;Número de ônibus coletivos que utilizam sistemas de energia sustentável (elétrico, híbrido e combustíveis renováveis e limpos);Número de ônibus coletivos que utilizam sistemas de energia sustentável (elétrico, híbrido e combustíveis renováveis e limpos) - Cidades Sustentaveis;CET;I;822;CET;autarquias;5570;2021-12-31 00:00:00;224.00;
5117;Número de ônibus coletivos que utilizam sistemas de energia sustentável (elétrico, híbrido e combustíveis renováveis e limpos);Número de ônibus coletivos que utilizam sistemas de energia sustentável (elétrico, híbrido e combustíveis renováveis e limpos) - Cidades Sustentaveis;CET;I;822;CET;autarquias;6999;2023-12-31 00:00:00;8.00;
