codigo;nome;descricao;fonte;tipoValor;id_orgao;sigla_orgao;tipo_orgao;valores_codigo;valores_data;valores_valor;valores_descricao
5146;Número de professores da rede pública com formação em nível superior;Número de professores da rede pública com formação em nível superior - Cidades Sustentaveis;Seduc;I;2907;SEDUC;secretarias;2933;2017-12-31 00:00:00;3080.00;
5146;Número de professores da rede pública com formação em nível superior;Número de professores da rede pública com formação em nível superior - Cidades Sustentaveis;Seduc;I;2907;SEDUC;secretarias;2934;2013-08-31 00:00:00;3019.00;
5146;Número de professores da rede pública com formação em nível superior;Número de professores da rede pública com formação em nível superior - Cidades Sustentaveis;Seduc;I;2907;SEDUC;secretarias;2935;2014-08-31 00:00:00;3058.00;
5146;Número de professores da rede pública com formação em nível superior;Número de professores da rede pública com formação em nível superior - Cidades Sustentaveis;Seduc;I;2907;SEDUC;secretarias;2936;2015-08-31 00:00:00;3053.00;
5146;Número de professores da rede pública com formação em nível superior;Número de professores da rede pública com formação em nível superior - Cidades Sustentaveis;Seduc;I;2907;SEDUC;secretarias;2937;2016-12-31 00:00:00;3058.00;
5146;Número de professores da rede pública com formação em nível superior;Número de professores da rede pública com formação em nível superior - Cidades Sustentaveis;Seduc;I;2907;SEDUC;secretarias;3776;2018-12-31 00:00:00;3076.00;
5146;Número de professores da rede pública com formação em nível superior;Número de professores da rede pública com formação em nível superior - Cidades Sustentaveis;Seduc;I;2907;SEDUC;secretarias;4373;2019-12-31 00:00:00;3168.00;
5146;Número de professores da rede pública com formação em nível superior;Número de professores da rede pública com formação em nível superior - Cidades Sustentaveis;Seduc;I;2907;SEDUC;secretarias;5007;2020-12-31 00:00:00;3150.00;
5146;Número de professores da rede pública com formação em nível superior;Número de professores da rede pública com formação em nível superior - Cidades Sustentaveis;Seduc;I;2907;SEDUC;secretarias;5639;2021-12-21 00:00:00;3150.00;
5146;Número de professores da rede pública com formação em nível superior;Número de professores da rede pública com formação em nível superior - Cidades Sustentaveis;Seduc;I;2907;SEDUC;secretarias;6434;2022-12-31 00:00:00;2900.00;
5146;Número de professores da rede pública com formação em nível superior;Número de professores da rede pública com formação em nível superior - Cidades Sustentaveis;Seduc;I;2907;SEDUC;secretarias;7071;2023-12-31 00:00:00;3086.00;
