codigo;nome;descricao;fonte;tipoValor;id_orgao;sigla_orgao;tipo_orgao;valores_codigo;valores_data;valores_valor;valores_descricao
5147;Número total de professores da rede pública;Número total de professores da rede pública - Cidades Sustentaveis;Seduc;I;2907;SEDUC;secretarias;2938;2013-08-31 00:00:00;3019.00;
5147;Número total de professores da rede pública;Número total de professores da rede pública - Cidades Sustentaveis;Seduc;I;2907;SEDUC;secretarias;2939;2017-12-31 00:00:00;3080.00;
5147;Número total de professores da rede pública;Número total de professores da rede pública - Cidades Sustentaveis;Seduc;I;2907;SEDUC;secretarias;2940;2014-08-31 00:00:00;3058.00;
5147;Número total de professores da rede pública;Número total de professores da rede pública - Cidades Sustentaveis;Seduc;I;2907;SEDUC;secretarias;2941;2015-08-31 00:00:00;3053.00;
5147;Número total de professores da rede pública;Número total de professores da rede pública - Cidades Sustentaveis;Seduc;I;2907;SEDUC;secretarias;2942;2016-12-31 00:00:00;3058.00;
5147;Número total de professores da rede pública;Número total de professores da rede pública - Cidades Sustentaveis;Seduc;I;2907;SEDUC;secretarias;3777;2018-12-31 00:00:00;3076.00;
5147;Número total de professores da rede pública;Número total de professores da rede pública - Cidades Sustentaveis;Seduc;I;2907;SEDUC;secretarias;4374;2019-12-31 00:00:00;3168.00;
5147;Número total de professores da rede pública;Número total de professores da rede pública - Cidades Sustentaveis;Seduc;I;2907;SEDUC;secretarias;5118;2020-12-31 00:00:00;3234.00;
5147;Número total de professores da rede pública;Número total de professores da rede pública - Cidades Sustentaveis;Seduc;I;2907;SEDUC;secretarias;5557;2021-12-21 00:00:00;2635.00;
5147;Número total de professores da rede pública;Número total de professores da rede pública - Cidades Sustentaveis;Seduc;I;2907;SEDUC;secretarias;6453;2022-12-31 00:00:00;3033.00;
5147;Número total de professores da rede pública;Número total de professores da rede pública - Cidades Sustentaveis;Seduc;I;2907;SEDUC;secretarias;7362;2023-12-31 00:00:00;2297.00;
