codigo;nome;descricao;fonte;tipoValor;id_orgao;sigla_orgao;tipo_orgao;valores_codigo;valores_data;valores_valor;valores_descricao
5148;Número de professores nos anos finais do ensino fundamental e no ensino médio da rede pública com licenciatura nas áreas em que atuam;Número de professores nos anos finais do ensino fundamental e no ensino médio da rede pública com licenciatura nas áreas em que atuam - Cidades Sustentaveis;Diretoria Regional de Ensino do Estado + Seduc;I;2907;SEDUC;secretarias;2943;2016-12-31 00:00:00;711.00;
5148;Número de professores nos anos finais do ensino fundamental e no ensino médio da rede pública com licenciatura nas áreas em que atuam;Número de professores nos anos finais do ensino fundamental e no ensino médio da rede pública com licenciatura nas áreas em que atuam - Cidades Sustentaveis;Diretoria Regional de Ensino do Estado + Seduc;I;2907;SEDUC;secretarias;2944;2017-12-31 00:00:00;716.00;
5148;Número de professores nos anos finais do ensino fundamental e no ensino médio da rede pública com licenciatura nas áreas em que atuam;Número de professores nos anos finais do ensino fundamental e no ensino médio da rede pública com licenciatura nas áreas em que atuam - Cidades Sustentaveis;Diretoria Regional de Ensino do Estado + Seduc;I;2907;SEDUC;secretarias;2945;2013-08-31 00:00:00;719.00;
5148;Número de professores nos anos finais do ensino fundamental e no ensino médio da rede pública com licenciatura nas áreas em que atuam;Número de professores nos anos finais do ensino fundamental e no ensino médio da rede pública com licenciatura nas áreas em que atuam - Cidades Sustentaveis;Diretoria Regional de Ensino do Estado + Seduc;I;2907;SEDUC;secretarias;2946;2014-08-31 00:00:00;756.00;
5148;Número de professores nos anos finais do ensino fundamental e no ensino médio da rede pública com licenciatura nas áreas em que atuam;Número de professores nos anos finais do ensino fundamental e no ensino médio da rede pública com licenciatura nas áreas em que atuam - Cidades Sustentaveis;Diretoria Regional de Ensino do Estado + Seduc;I;2907;SEDUC;secretarias;2947;2015-08-31 00:00:00;729.00;
5148;Número de professores nos anos finais do ensino fundamental e no ensino médio da rede pública com licenciatura nas áreas em que atuam;Número de professores nos anos finais do ensino fundamental e no ensino médio da rede pública com licenciatura nas áreas em que atuam - Cidades Sustentaveis;Diretoria Regional de Ensino do Estado + Seduc;I;2907;SEDUC;secretarias;3778;2018-12-31 00:00:00;716.00;
5148;Número de professores nos anos finais do ensino fundamental e no ensino médio da rede pública com licenciatura nas áreas em que atuam;Número de professores nos anos finais do ensino fundamental e no ensino médio da rede pública com licenciatura nas áreas em que atuam - Cidades Sustentaveis;Diretoria Regional de Ensino do Estado + Seduc;I;2907;SEDUC;secretarias;4496;2019-12-31 00:00:00;758.00;
5148;Número de professores nos anos finais do ensino fundamental e no ensino médio da rede pública com licenciatura nas áreas em que atuam;Número de professores nos anos finais do ensino fundamental e no ensino médio da rede pública com licenciatura nas áreas em que atuam - Cidades Sustentaveis;Diretoria Regional de Ensino do Estado + Seduc;I;2907;SEDUC;secretarias;5008;2020-12-31 00:00:00;725.00;
5148;Número de professores nos anos finais do ensino fundamental e no ensino médio da rede pública com licenciatura nas áreas em que atuam;Número de professores nos anos finais do ensino fundamental e no ensino médio da rede pública com licenciatura nas áreas em que atuam - Cidades Sustentaveis;Diretoria Regional de Ensino do Estado + Seduc;I;2907;SEDUC;secretarias;5640;2021-12-21 00:00:00;725.00;
5148;Número de professores nos anos finais do ensino fundamental e no ensino médio da rede pública com licenciatura nas áreas em que atuam;Número de professores nos anos finais do ensino fundamental e no ensino médio da rede pública com licenciatura nas áreas em que atuam - Cidades Sustentaveis;Diretoria Regional de Ensino do Estado + Seduc;I;2907;SEDUC;secretarias;6438;2022-12-31 00:00:00;3679.00;
5148;Número de professores nos anos finais do ensino fundamental e no ensino médio da rede pública com licenciatura nas áreas em que atuam;Número de professores nos anos finais do ensino fundamental e no ensino médio da rede pública com licenciatura nas áreas em que atuam - Cidades Sustentaveis;Diretoria Regional de Ensino do Estado + Seduc;I;2907;SEDUC;secretarias;7076;2023-12-31 00:00:00;1971.00;
