codigo;nome;descricao;fonte;tipoValor;id_orgao;sigla_orgao;tipo_orgao;valores_codigo;valores_data;valores_valor;valores_descricao
5149;Número de professores nos anos finais do Ensino Fundamental e no Ensino Médio da rede pública;Número de professores nos anos finais do Ensino Fundamental e no Ensino Médio da rede pública - Cidades Sustentaveis;Diretoria Regional de Ensino do Estado + Seduc;I;2907;SEDUC;secretarias;2948;2017-12-31 00:00:00;716.00;
5149;Número de professores nos anos finais do Ensino Fundamental e no Ensino Médio da rede pública;Número de professores nos anos finais do Ensino Fundamental e no Ensino Médio da rede pública - Cidades Sustentaveis;Diretoria Regional de Ensino do Estado + Seduc;I;2907;SEDUC;secretarias;2949;2014-08-31 00:00:00;756.00;
5149;Número de professores nos anos finais do Ensino Fundamental e no Ensino Médio da rede pública;Número de professores nos anos finais do Ensino Fundamental e no Ensino Médio da rede pública - Cidades Sustentaveis;Diretoria Regional de Ensino do Estado + Seduc;I;2907;SEDUC;secretarias;2950;2013-08-31 00:00:00;719.00;
5149;Número de professores nos anos finais do Ensino Fundamental e no Ensino Médio da rede pública;Número de professores nos anos finais do Ensino Fundamental e no Ensino Médio da rede pública - Cidades Sustentaveis;Diretoria Regional de Ensino do Estado + Seduc;I;2907;SEDUC;secretarias;2951;2015-08-31 00:00:00;729.00;
5149;Número de professores nos anos finais do Ensino Fundamental e no Ensino Médio da rede pública;Número de professores nos anos finais do Ensino Fundamental e no Ensino Médio da rede pública - Cidades Sustentaveis;Diretoria Regional de Ensino do Estado + Seduc;I;2907;SEDUC;secretarias;2952;2016-12-31 00:00:00;711.00;
5149;Número de professores nos anos finais do Ensino Fundamental e no Ensino Médio da rede pública;Número de professores nos anos finais do Ensino Fundamental e no Ensino Médio da rede pública - Cidades Sustentaveis;Diretoria Regional de Ensino do Estado + Seduc;I;2907;SEDUC;secretarias;3779;2018-12-31 00:00:00;716.00;
5149;Número de professores nos anos finais do Ensino Fundamental e no Ensino Médio da rede pública;Número de professores nos anos finais do Ensino Fundamental e no Ensino Médio da rede pública - Cidades Sustentaveis;Diretoria Regional de Ensino do Estado + Seduc;I;2907;SEDUC;secretarias;4502;2019-12-31 00:00:00;1339.00;
5149;Número de professores nos anos finais do Ensino Fundamental e no Ensino Médio da rede pública;Número de professores nos anos finais do Ensino Fundamental e no Ensino Médio da rede pública - Cidades Sustentaveis;Diretoria Regional de Ensino do Estado + Seduc;I;2907;SEDUC;secretarias;5209;2020-12-31 00:00:00;1769.00;
5149;Número de professores nos anos finais do Ensino Fundamental e no Ensino Médio da rede pública;Número de professores nos anos finais do Ensino Fundamental e no Ensino Médio da rede pública - Cidades Sustentaveis;Diretoria Regional de Ensino do Estado + Seduc;I;2907;SEDUC;secretarias;5641;2021-12-21 00:00:00;1769.00;
5149;Número de professores nos anos finais do Ensino Fundamental e no Ensino Médio da rede pública;Número de professores nos anos finais do Ensino Fundamental e no Ensino Médio da rede pública - Cidades Sustentaveis;Diretoria Regional de Ensino do Estado + Seduc;I;2907;SEDUC;secretarias;6437;2022-12-31 00:00:00;3679.00;
5149;Número de professores nos anos finais do Ensino Fundamental e no Ensino Médio da rede pública;Número de professores nos anos finais do Ensino Fundamental e no Ensino Médio da rede pública - Cidades Sustentaveis;Diretoria Regional de Ensino do Estado + Seduc;I;2907;SEDUC;secretarias;7075;2023-12-31 00:00:00;1971.00;
