codigo;nome;descricao;fonte;tipoValor;id_orgao;sigla_orgao;tipo_orgao;valores_codigo;valores_data;valores_valor;valores_descricao
5150;Número de professores da educação básica com formação em educação especial;Número de professores da educação básica com formação em educação especial - Cidades Sustentaveis;Diretoria Regional de Ensino do Estado + Seduc;I;2907;SEDUC;secretarias;2953;2015-08-31 00:00:00;157.00;
5150;Número de professores da educação básica com formação em educação especial;Número de professores da educação básica com formação em educação especial - Cidades Sustentaveis;Diretoria Regional de Ensino do Estado + Seduc;I;2907;SEDUC;secretarias;2954;2014-08-31 00:00:00;166.00;
5150;Número de professores da educação básica com formação em educação especial;Número de professores da educação básica com formação em educação especial - Cidades Sustentaveis;Diretoria Regional de Ensino do Estado + Seduc;I;2907;SEDUC;secretarias;2955;2017-12-31 00:00:00;152.00;
5150;Número de professores da educação básica com formação em educação especial;Número de professores da educação básica com formação em educação especial - Cidades Sustentaveis;Diretoria Regional de Ensino do Estado + Seduc;I;2907;SEDUC;secretarias;2956;2016-12-31 00:00:00;155.00;
5150;Número de professores da educação básica com formação em educação especial;Número de professores da educação básica com formação em educação especial - Cidades Sustentaveis;Diretoria Regional de Ensino do Estado + Seduc;I;2907;SEDUC;secretarias;2957;2013-08-31 00:00:00;179.00;
5150;Número de professores da educação básica com formação em educação especial;Número de professores da educação básica com formação em educação especial - Cidades Sustentaveis;Diretoria Regional de Ensino do Estado + Seduc;I;2907;SEDUC;secretarias;3781;2018-12-31 00:00:00;152.00;
5150;Número de professores da educação básica com formação em educação especial;Número de professores da educação básica com formação em educação especial - Cidades Sustentaveis;Diretoria Regional de Ensino do Estado + Seduc;I;2907;SEDUC;secretarias;4498;2019-12-31 00:00:00;149.00;
5150;Número de professores da educação básica com formação em educação especial;Número de professores da educação básica com formação em educação especial - Cidades Sustentaveis;Diretoria Regional de Ensino do Estado + Seduc;I;2907;SEDUC;secretarias;5010;2020-12-31 00:00:00;147.00;
5150;Número de professores da educação básica com formação em educação especial;Número de professores da educação básica com formação em educação especial - Cidades Sustentaveis;Diretoria Regional de Ensino do Estado + Seduc;I;2907;SEDUC;secretarias;5642;2021-12-21 00:00:00;149.00;
5150;Número de professores da educação básica com formação em educação especial;Número de professores da educação básica com formação em educação especial - Cidades Sustentaveis;Diretoria Regional de Ensino do Estado + Seduc;I;2907;SEDUC;secretarias;6433;2022-12-31 00:00:00;3485.00;
5150;Número de professores da educação básica com formação em educação especial;Número de professores da educação básica com formação em educação especial - Cidades Sustentaveis;Diretoria Regional de Ensino do Estado + Seduc;I;2907;SEDUC;secretarias;7070;2023-12-31 00:00:00;241.00;
