codigo;nome;descricao;fonte;tipoValor;id_orgao;sigla_orgao;tipo_orgao;valores_codigo;valores_data;valores_valor;valores_descricao
5151;Número total de professores da educação básica;Número total de professores da educação básica - Cidades Sustentaveis;Diretoria Regional de Ensino do Estado + Seduc;I;2907;SEDUC;secretarias;2958;2017-12-31 00:00:00;3080.00;
5151;Número total de professores da educação básica;Número total de professores da educação básica - Cidades Sustentaveis;Diretoria Regional de Ensino do Estado + Seduc;I;2907;SEDUC;secretarias;2959;2014-08-31 00:00:00;3058.00;
5151;Número total de professores da educação básica;Número total de professores da educação básica - Cidades Sustentaveis;Diretoria Regional de Ensino do Estado + Seduc;I;2907;SEDUC;secretarias;2960;2016-12-31 00:00:00;3058.00;
5151;Número total de professores da educação básica;Número total de professores da educação básica - Cidades Sustentaveis;Diretoria Regional de Ensino do Estado + Seduc;I;2907;SEDUC;secretarias;2961;2013-08-31 00:00:00;3019.00;
5151;Número total de professores da educação básica;Número total de professores da educação básica - Cidades Sustentaveis;Diretoria Regional de Ensino do Estado + Seduc;I;2907;SEDUC;secretarias;2962;2015-08-31 00:00:00;3053.00;
5151;Número total de professores da educação básica;Número total de professores da educação básica - Cidades Sustentaveis;Diretoria Regional de Ensino do Estado + Seduc;I;2907;SEDUC;secretarias;3782;2018-12-31 00:00:00;3076.00;
5151;Número total de professores da educação básica;Número total de professores da educação básica - Cidades Sustentaveis;Diretoria Regional de Ensino do Estado + Seduc;I;2907;SEDUC;secretarias;4499;2019-12-31 00:00:00;3168.00;
5151;Número total de professores da educação básica;Número total de professores da educação básica - Cidades Sustentaveis;Diretoria Regional de Ensino do Estado + Seduc;I;2907;SEDUC;secretarias;5119;2020-12-31 00:00:00;3234.00;
5151;Número total de professores da educação básica;Número total de professores da educação básica - Cidades Sustentaveis;Diretoria Regional de Ensino do Estado + Seduc;I;2907;SEDUC;secretarias;5643;2021-12-21 00:00:00;3234.00;
5151;Número total de professores da educação básica;Número total de professores da educação básica - Cidades Sustentaveis;Diretoria Regional de Ensino do Estado + Seduc;I;2907;SEDUC;secretarias;6452;2022-12-31 00:00:00;9056.00;
5151;Número total de professores da educação básica;Número total de professores da educação básica - Cidades Sustentaveis;Diretoria Regional de Ensino do Estado + Seduc;I;2907;SEDUC;secretarias;7361;2023-12-31 00:00:00;3323.00;
