codigo;nome;descricao;fonte;tipoValor;id_orgao;sigla_orgao;tipo_orgao;valores_codigo;valores_data;valores_valor;valores_descricao
5156;Número de imóveis locados no município;Número de imóveis locados no município - Cidades Sustentaveis;SEFIN, ANTIGA SEGES;I;4681;SEFIN;secretarias;2983;2017-12-31 00:00:00;99.00;
5156;Número de imóveis locados no município;Número de imóveis locados no município - Cidades Sustentaveis;SEFIN, ANTIGA SEGES;I;4681;SEFIN;secretarias;2984;2013-12-31 00:00:00;0.00;
5156;Número de imóveis locados no município;Número de imóveis locados no município - Cidades Sustentaveis;SEFIN, ANTIGA SEGES;I;4681;SEFIN;secretarias;2985;2014-12-31 00:00:00;0.00;
5156;Número de imóveis locados no município;Número de imóveis locados no município - Cidades Sustentaveis;SEFIN, ANTIGA SEGES;I;4681;SEFIN;secretarias;2986;2015-12-31 00:00:00;0.00;
5156;Número de imóveis locados no município;Número de imóveis locados no município - Cidades Sustentaveis;SEFIN, ANTIGA SEGES;I;4681;SEFIN;secretarias;2987;2016-12-31 00:00:00;99.00;
5156;Número de imóveis locados no município;Número de imóveis locados no município - Cidades Sustentaveis;SEFIN, ANTIGA SEGES;I;4681;SEFIN;secretarias;3955;2018-12-31 00:00:00;100.00;
5156;Número de imóveis locados no município;Número de imóveis locados no município - Cidades Sustentaveis;SEFIN, ANTIGA SEGES;I;4681;SEFIN;secretarias;4148;2019-12-31 00:00:00;103.00;
5156;Número de imóveis locados no município;Número de imóveis locados no município - Cidades Sustentaveis;SEFIN, ANTIGA SEGES;I;4681;SEFIN;secretarias;5187;2020-12-31 00:00:00;103.00;
5156;Número de imóveis locados no município;Número de imóveis locados no município - Cidades Sustentaveis;SEFIN, ANTIGA SEGES;I;4681;SEFIN;secretarias;6033;2021-12-30 00:00:00;103.00;
5156;Número de imóveis locados no município;Número de imóveis locados no município - Cidades Sustentaveis;SEFIN, ANTIGA SEGES;I;4681;SEFIN;secretarias;6867;2022-12-31 00:00:00;106.00;
5156;Número de imóveis locados no município;Número de imóveis locados no município - Cidades Sustentaveis;SEFIN, ANTIGA SEGES;I;4681;SEFIN;secretarias;7529;2023-12-31 00:00:00;113.00;
