codigo;nome;descricao;fonte;tipoValor;id_orgao;sigla_orgao;tipo_orgao;valores_codigo;valores_data;valores_valor;valores_descricao
5158;Nota de Língua Portuguesa da Prova Brasil;Nota de língua portuguesa da Prova Brasil - Cidades Sustentaveis;Seduc;I;2907;SEDUC;secretarias;2993;2017-12-31 00:00:00;263.00;
5158;Nota de Língua Portuguesa da Prova Brasil;Nota de língua portuguesa da Prova Brasil - Cidades Sustentaveis;Seduc;I;2907;SEDUC;secretarias;2995;2014-08-31 00:00:00;242.00;
5158;Nota de Língua Portuguesa da Prova Brasil;Nota de língua portuguesa da Prova Brasil - Cidades Sustentaveis;Seduc;I;2907;SEDUC;secretarias;2996;2013-08-31 00:00:00;242.00;
5158;Nota de Língua Portuguesa da Prova Brasil;Nota de língua portuguesa da Prova Brasil - Cidades Sustentaveis;Seduc;I;2907;SEDUC;secretarias;2997;2015-08-31 00:00:00;264.00;
5158;Nota de Língua Portuguesa da Prova Brasil;Nota de língua portuguesa da Prova Brasil - Cidades Sustentaveis;Seduc;I;2907;SEDUC;secretarias;2998;2016-08-31 00:00:00;264.00;
5158;Nota de Língua Portuguesa da Prova Brasil;Nota de língua portuguesa da Prova Brasil - Cidades Sustentaveis;Seduc;I;2907;SEDUC;secretarias;3783;2018-12-31 00:00:00;263.00;
5158;Nota de Língua Portuguesa da Prova Brasil;Nota de língua portuguesa da Prova Brasil - Cidades Sustentaveis;Seduc;I;2907;SEDUC;secretarias;4503;2019-12-31 00:00:00;263.00;
5158;Nota de Língua Portuguesa da Prova Brasil;Nota de língua portuguesa da Prova Brasil - Cidades Sustentaveis;Seduc;I;2907;SEDUC;secretarias;5013;2020-12-31 00:00:00;263.00;
5158;Nota de Língua Portuguesa da Prova Brasil;Nota de língua portuguesa da Prova Brasil - Cidades Sustentaveis;Seduc;I;2907;SEDUC;secretarias;5648;2021-12-21 00:00:00;263.00;
5158;Nota de Língua Portuguesa da Prova Brasil;Nota de língua portuguesa da Prova Brasil - Cidades Sustentaveis;Seduc;I;2907;SEDUC;secretarias;6409;2022-12-31 00:00:00;21388.00;
5158;Nota de Língua Portuguesa da Prova Brasil;Nota de língua portuguesa da Prova Brasil - Cidades Sustentaveis;Seduc;I;2907;SEDUC;secretarias;7029;2023-12-31 00:00:00;21388.00;
