codigo;nome;descricao;fonte;tipoValor;id_orgao;sigla_orgao;tipo_orgao;valores_codigo;valores_data;valores_valor;valores_descricao
5159;Nota de Matemática da Prova Brasil;Nota de matemática da Prova Brasil - Cidades Sustentaveis;Seduc;I;2907;SEDUC;secretarias;3000;2013-08-31 00:00:00;248.00;
5159;Nota de Matemática da Prova Brasil;Nota de matemática da Prova Brasil - Cidades Sustentaveis;Seduc;I;2907;SEDUC;secretarias;3001;2017-12-31 00:00:00;260.00;
5159;Nota de Matemática da Prova Brasil;Nota de matemática da Prova Brasil - Cidades Sustentaveis;Seduc;I;2907;SEDUC;secretarias;3002;2016-08-31 00:00:00;268.00;
5159;Nota de Matemática da Prova Brasil;Nota de matemática da Prova Brasil - Cidades Sustentaveis;Seduc;I;2907;SEDUC;secretarias;3003;2015-08-31 00:00:00;268.00;
5159;Nota de Matemática da Prova Brasil;Nota de matemática da Prova Brasil - Cidades Sustentaveis;Seduc;I;2907;SEDUC;secretarias;3004;2014-08-31 00:00:00;248.00;
5159;Nota de Matemática da Prova Brasil;Nota de matemática da Prova Brasil - Cidades Sustentaveis;Seduc;I;2907;SEDUC;secretarias;3784;2018-12-31 00:00:00;260.00;
5159;Nota de Matemática da Prova Brasil;Nota de matemática da Prova Brasil - Cidades Sustentaveis;Seduc;I;2907;SEDUC;secretarias;4504;2019-12-31 00:00:00;262.00;
5159;Nota de Matemática da Prova Brasil;Nota de matemática da Prova Brasil - Cidades Sustentaveis;Seduc;I;2907;SEDUC;secretarias;5015;2020-12-31 00:00:00;262.00;
5159;Nota de Matemática da Prova Brasil;Nota de matemática da Prova Brasil - Cidades Sustentaveis;Seduc;I;2907;SEDUC;secretarias;5649;2021-12-21 00:00:00;262.00;
5159;Nota de Matemática da Prova Brasil;Nota de matemática da Prova Brasil - Cidades Sustentaveis;Seduc;I;2907;SEDUC;secretarias;6410;2022-12-31 00:00:00;22398.00;
5159;Nota de Matemática da Prova Brasil;Nota de matemática da Prova Brasil - Cidades Sustentaveis;Seduc;I;2907;SEDUC;secretarias;7030;2023-12-31 00:00:00;22398.00;
