codigo;nome;descricao;fonte;tipoValor;id_orgao;sigla_orgao;tipo_orgao;valores_codigo;valores_data;valores_valor;valores_descricao
5160;População que vive em um raio de até 300 metros de estações de metrô ou ponto de ônibus;População que vive em um raio de até 300 metros de estações de metrô ou ponto de ônibus - Cidades Sustentaveis;CET;I;822;CET;autarquias;3005;2013-12-31 00:00:00;402624.00;
5160;População que vive em um raio de até 300 metros de estações de metrô ou ponto de ônibus;População que vive em um raio de até 300 metros de estações de metrô ou ponto de ônibus - Cidades Sustentaveis;CET;I;822;CET;autarquias;3006;2016-12-31 00:00:00;402624.00;
5160;População que vive em um raio de até 300 metros de estações de metrô ou ponto de ônibus;População que vive em um raio de até 300 metros de estações de metrô ou ponto de ônibus - Cidades Sustentaveis;CET;I;822;CET;autarquias;3007;2015-12-31 00:00:00;402624.00;
5160;População que vive em um raio de até 300 metros de estações de metrô ou ponto de ônibus;População que vive em um raio de até 300 metros de estações de metrô ou ponto de ônibus - Cidades Sustentaveis;CET;I;822;CET;autarquias;3008;2017-12-31 00:00:00;402624.00;
5160;População que vive em um raio de até 300 metros de estações de metrô ou ponto de ônibus;População que vive em um raio de até 300 metros de estações de metrô ou ponto de ônibus - Cidades Sustentaveis;CET;I;822;CET;autarquias;3009;2014-12-31 00:00:00;402624.00;
5160;População que vive em um raio de até 300 metros de estações de metrô ou ponto de ônibus;População que vive em um raio de até 300 metros de estações de metrô ou ponto de ônibus - Cidades Sustentaveis;CET;I;822;CET;autarquias;3806;2018-12-31 00:00:00;402624.00;
5160;População que vive em um raio de até 300 metros de estações de metrô ou ponto de ônibus;População que vive em um raio de até 300 metros de estações de metrô ou ponto de ônibus - Cidades Sustentaveis;CET;I;822;CET;autarquias;4436;2019-12-31 00:00:00;402624.00;
5160;População que vive em um raio de até 300 metros de estações de metrô ou ponto de ônibus;População que vive em um raio de até 300 metros de estações de metrô ou ponto de ônibus - Cidades Sustentaveis;CET;I;822;CET;autarquias;5014;2020-12-31 00:00:00;406000.00;
5160;População que vive em um raio de até 300 metros de estações de metrô ou ponto de ônibus;População que vive em um raio de até 300 metros de estações de metrô ou ponto de ônibus - Cidades Sustentaveis;CET;I;822;CET;autarquias;5571;2021-12-31 00:00:00;432000.00;
5160;População que vive em um raio de até 300 metros de estações de metrô ou ponto de ônibus;População que vive em um raio de até 300 metros de estações de metrô ou ponto de ônibus - Cidades Sustentaveis;CET;I;822;CET;autarquias;7006;2023-12-31 00:00:00;440000.00;
