codigo;nome;descricao;fonte;tipoValor;id_orgao;sigla_orgao;tipo_orgao;valores_codigo;valores_data;valores_valor;valores_descricao
5162;Número de professores na pré-escola;Número de professores na pré-escola - Cidades Sustentaveis;Seduc;I;2907;SEDUC;secretarias;3015;2015-08-31 00:00:00;1710.00;
5162;Número de professores na pré-escola;Número de professores na pré-escola - Cidades Sustentaveis;Seduc;I;2907;SEDUC;secretarias;3016;2014-08-31 00:00:00;1716.00;
5162;Número de professores na pré-escola;Número de professores na pré-escola - Cidades Sustentaveis;Seduc;I;2907;SEDUC;secretarias;3017;2013-08-31 00:00:00;1278.00;
5162;Número de professores na pré-escola;Número de professores na pré-escola - Cidades Sustentaveis;Seduc;I;2907;SEDUC;secretarias;3018;2017-12-31 00:00:00;1256.00;
5162;Número de professores na pré-escola;Número de professores na pré-escola - Cidades Sustentaveis;Seduc;I;2907;SEDUC;secretarias;3019;2016-12-31 00:00:00;1964.00;
5162;Número de professores na pré-escola;Número de professores na pré-escola - Cidades Sustentaveis;Seduc;I;2907;SEDUC;secretarias;3785;2018-12-31 00:00:00;1256.00;
5162;Número de professores na pré-escola;Número de professores na pré-escola - Cidades Sustentaveis;Seduc;I;2907;SEDUC;secretarias;4375;2019-12-31 00:00:00;1375.00;
5162;Número de professores na pré-escola;Número de professores na pré-escola - Cidades Sustentaveis;Seduc;I;2907;SEDUC;secretarias;5016;2020-12-31 00:00:00;1283.00;
5162;Número de professores na pré-escola;Número de professores na pré-escola - Cidades Sustentaveis;Seduc;I;2907;SEDUC;secretarias;5558;2021-12-21 00:00:00;286.00;
5162;Número de professores na pré-escola;Número de professores na pré-escola - Cidades Sustentaveis;Seduc;I;2907;SEDUC;secretarias;6435;2022-12-31 00:00:00;167.00;
5162;Número de professores na pré-escola;Número de professores na pré-escola - Cidades Sustentaveis;Seduc;I;2907;SEDUC;secretarias;7072;2023-12-31 00:00:00;335.00;
