codigo;nome;descricao;fonte;tipoValor;id_orgao;sigla_orgao;tipo_orgao;valores_codigo;valores_data;valores_valor;valores_descricao
5163;Número de professores no ensino fundamental;Número de professores no ensino fundamental - Cidades Sustentaveis;Seduc;I;2907;SEDUC;secretarias;3020;2013-08-31 00:00:00;1706.00;
5163;Número de professores no ensino fundamental;Número de professores no ensino fundamental - Cidades Sustentaveis;Seduc;I;2907;SEDUC;secretarias;3021;2016-12-31 00:00:00;1660.00;
5163;Número de professores no ensino fundamental;Número de professores no ensino fundamental - Cidades Sustentaveis;Seduc;I;2907;SEDUC;secretarias;3022;2017-12-31 00:00:00;1922.00;
5163;Número de professores no ensino fundamental;Número de professores no ensino fundamental - Cidades Sustentaveis;Seduc;I;2907;SEDUC;secretarias;3023;2014-08-31 00:00:00;1716.00;
5163;Número de professores no ensino fundamental;Número de professores no ensino fundamental - Cidades Sustentaveis;Seduc;I;2907;SEDUC;secretarias;3024;2015-08-31 00:00:00;1710.00;
5163;Número de professores no ensino fundamental;Número de professores no ensino fundamental - Cidades Sustentaveis;Seduc;I;2907;SEDUC;secretarias;3924;2018-12-31 00:00:00;1915.00;
5163;Número de professores no ensino fundamental;Número de professores no ensino fundamental - Cidades Sustentaveis;Seduc;I;2907;SEDUC;secretarias;4376;2019-12-31 00:00:00;1372.00;
5163;Número de professores no ensino fundamental;Número de professores no ensino fundamental - Cidades Sustentaveis;Seduc;I;2907;SEDUC;secretarias;5018;2020-12-31 00:00:00;1168.00;
5163;Número de professores no ensino fundamental;Número de professores no ensino fundamental - Cidades Sustentaveis;Seduc;I;2907;SEDUC;secretarias;5559;2021-12-21 00:00:00;652.00;
5163;Número de professores no ensino fundamental;Número de professores no ensino fundamental - Cidades Sustentaveis;Seduc;I;2907;SEDUC;secretarias;6436;2022-12-31 00:00:00;1468.00;
5163;Número de professores no ensino fundamental;Número de professores no ensino fundamental - Cidades Sustentaveis;Seduc;I;2907;SEDUC;secretarias;7073;2023-12-31 00:00:00;1445.00;
