codigo;nome;descricao;fonte;tipoValor;id_orgao;sigla_orgao;tipo_orgao;valores_codigo;valores_data;valores_valor;valores_descricao
5164;Número de professores no ensino médio;Número de professores no ensino médio - Cidades Sustentaveis;Diretoria Regional de Ensino do Estado;I;2907;SEDUC;secretarias;3025;2016-12-31 00:00:00;0.00;
5164;Número de professores no ensino médio;Número de professores no ensino médio - Cidades Sustentaveis;Diretoria Regional de Ensino do Estado;I;2907;SEDUC;secretarias;3026;2017-12-31 00:00:00;0.00;
5164;Número de professores no ensino médio;Número de professores no ensino médio - Cidades Sustentaveis;Diretoria Regional de Ensino do Estado;I;2907;SEDUC;secretarias;3027;2014-12-31 00:00:00;0.00;
5164;Número de professores no ensino médio;Número de professores no ensino médio - Cidades Sustentaveis;Diretoria Regional de Ensino do Estado;I;2907;SEDUC;secretarias;3028;2013-12-31 00:00:00;0.00;
5164;Número de professores no ensino médio;Número de professores no ensino médio - Cidades Sustentaveis;Diretoria Regional de Ensino do Estado;I;2907;SEDUC;secretarias;3029;2015-12-31 00:00:00;0.00;
5164;Número de professores no ensino médio;Número de professores no ensino médio - Cidades Sustentaveis;Diretoria Regional de Ensino do Estado;I;2907;SEDUC;secretarias;3787;2018-12-31 00:00:00;0.00;
5164;Número de professores no ensino médio;Número de professores no ensino médio - Cidades Sustentaveis;Diretoria Regional de Ensino do Estado;I;2907;SEDUC;secretarias;4513;2019-12-31 00:00:00;858.00;
5164;Número de professores no ensino médio;Número de professores no ensino médio - Cidades Sustentaveis;Diretoria Regional de Ensino do Estado;I;2907;SEDUC;secretarias;5197;2020-12-31 00:00:00;950.00;
5164;Número de professores no ensino médio;Número de professores no ensino médio - Cidades Sustentaveis;Diretoria Regional de Ensino do Estado;I;2907;SEDUC;secretarias;5650;2021-12-21 00:00:00;950.00;
5164;Número de professores no ensino médio;Número de professores no ensino médio - Cidades Sustentaveis;Diretoria Regional de Ensino do Estado;I;2907;SEDUC;secretarias;6819;2022-12-31 00:00:00;1276.00;
5164;Número de professores no ensino médio;Número de professores no ensino médio - Cidades Sustentaveis;Diretoria Regional de Ensino do Estado;I;2907;SEDUC;secretarias;7074;2023-12-31 00:00:00;1276.00;
