codigo;nome;descricao;fonte;tipoValor;id_orgao;sigla_orgao;tipo_orgao;valores_codigo;valores_data;valores_valor;valores_descricao
5165;Número de alunos na pré-escola;Número de alunos na pré-escola - Cidades Sustentaveis;Seduc;I;2907;SEDUC;secretarias;3030;2014-12-31 00:00:00;5579.00;
5165;Número de alunos na pré-escola;Número de alunos na pré-escola - Cidades Sustentaveis;Seduc;I;2907;SEDUC;secretarias;3031;2015-12-31 00:00:00;5367.00;
5165;Número de alunos na pré-escola;Número de alunos na pré-escola - Cidades Sustentaveis;Seduc;I;2907;SEDUC;secretarias;3032;2016-12-31 00:00:00;8113.00;
5165;Número de alunos na pré-escola;Número de alunos na pré-escola - Cidades Sustentaveis;Seduc;I;2907;SEDUC;secretarias;3033;2017-12-31 00:00:00;4260.00;
5165;Número de alunos na pré-escola;Número de alunos na pré-escola - Cidades Sustentaveis;Seduc;I;2907;SEDUC;secretarias;3034;2013-12-31 00:00:00;5703.00;
5165;Número de alunos na pré-escola;Número de alunos na pré-escola - Cidades Sustentaveis;Seduc;I;2907;SEDUC;secretarias;3836;2018-12-31 00:00:00;4103.00;
5165;Número de alunos na pré-escola;Número de alunos na pré-escola - Cidades Sustentaveis;Seduc;I;2907;SEDUC;secretarias;4377;2019-12-31 00:00:00;4189.00;
5165;Número de alunos na pré-escola;Número de alunos na pré-escola - Cidades Sustentaveis;Seduc;I;2907;SEDUC;secretarias;5022;2020-12-31 00:00:00;4243.00;
5165;Número de alunos na pré-escola;Número de alunos na pré-escola - Cidades Sustentaveis;Seduc;I;2907;SEDUC;secretarias;5465;2021-12-21 00:00:00;3747.00;
5165;Número de alunos na pré-escola;Número de alunos na pré-escola - Cidades Sustentaveis;Seduc;I;2907;SEDUC;secretarias;6420;2022-12-31 00:00:00;5423.00;
5165;Número de alunos na pré-escola;Número de alunos na pré-escola - Cidades Sustentaveis;Seduc;I;2907;SEDUC;secretarias;7356;2023-12-31 00:00:00;5605.00;
