codigo;nome;descricao;fonte;tipoValor;id_orgao;sigla_orgao;tipo_orgao;valores_codigo;valores_data;valores_valor;valores_descricao
5166;Número de alunos no ensino fundamental;Número de alunos no ensino fundamental - Cidades Sustentaveis;Seduc;I;2907;SEDUC;secretarias;3035;2017-12-31 00:00:00;17944.00;
5166;Número de alunos no ensino fundamental;Número de alunos no ensino fundamental - Cidades Sustentaveis;Seduc;I;2907;SEDUC;secretarias;3036;2016-12-31 00:00:00;19302.00;
5166;Número de alunos no ensino fundamental;Número de alunos no ensino fundamental - Cidades Sustentaveis;Seduc;I;2907;SEDUC;secretarias;3037;2015-12-31 00:00:00;19191.00;
5166;Número de alunos no ensino fundamental;Número de alunos no ensino fundamental - Cidades Sustentaveis;Seduc;I;2907;SEDUC;secretarias;3038;2013-12-31 00:00:00;19161.00;
5166;Número de alunos no ensino fundamental;Número de alunos no ensino fundamental - Cidades Sustentaveis;Seduc;I;2907;SEDUC;secretarias;3039;2014-12-31 00:00:00;19025.00;
5166;Número de alunos no ensino fundamental;Número de alunos no ensino fundamental - Cidades Sustentaveis;Seduc;I;2907;SEDUC;secretarias;3786;2018-12-31 00:00:00;19284.00;
5166;Número de alunos no ensino fundamental;Número de alunos no ensino fundamental - Cidades Sustentaveis;Seduc;I;2907;SEDUC;secretarias;4378;2019-12-31 00:00:00;19436.00;
5166;Número de alunos no ensino fundamental;Número de alunos no ensino fundamental - Cidades Sustentaveis;Seduc;I;2907;SEDUC;secretarias;5023;2020-12-31 00:00:00;19440.00;
5166;Número de alunos no ensino fundamental;Número de alunos no ensino fundamental - Cidades Sustentaveis;Seduc;I;2907;SEDUC;secretarias;5466;2021-12-21 00:00:00;19321.00;
5166;Número de alunos no ensino fundamental;Número de alunos no ensino fundamental - Cidades Sustentaveis;Seduc;I;2907;SEDUC;secretarias;6421;2022-12-31 00:00:00;19400.00;
5166;Número de alunos no ensino fundamental;Número de alunos no ensino fundamental - Cidades Sustentaveis;Seduc;I;2907;SEDUC;secretarias;7055;2023-12-31 00:00:00;18720.00;
