codigo;nome;descricao;fonte;tipoValor;id_orgao;sigla_orgao;tipo_orgao;valores_codigo;valores_data;valores_valor;valores_descricao
5167;Número de alunos no ensino médio;Número de alunos no ensino médio - Cidades Sustentaveis;Diretoria Regional de Ensino do Estado;I;2907;SEDUC;secretarias;3040;2016-12-31 00:00:00;0.00;
5167;Número de alunos no ensino médio;Número de alunos no ensino médio - Cidades Sustentaveis;Diretoria Regional de Ensino do Estado;I;2907;SEDUC;secretarias;3041;2013-12-31 00:00:00;0.00;
5167;Número de alunos no ensino médio;Número de alunos no ensino médio - Cidades Sustentaveis;Diretoria Regional de Ensino do Estado;I;2907;SEDUC;secretarias;3042;2017-12-31 00:00:00;0.00;
5167;Número de alunos no ensino médio;Número de alunos no ensino médio - Cidades Sustentaveis;Diretoria Regional de Ensino do Estado;I;2907;SEDUC;secretarias;3043;2015-12-31 00:00:00;0.00;
5167;Número de alunos no ensino médio;Número de alunos no ensino médio - Cidades Sustentaveis;Diretoria Regional de Ensino do Estado;I;2907;SEDUC;secretarias;3044;2014-12-31 00:00:00;0.00;
5167;Número de alunos no ensino médio;Número de alunos no ensino médio - Cidades Sustentaveis;Diretoria Regional de Ensino do Estado;I;2907;SEDUC;secretarias;3788;2018-12-31 00:00:00;14294.00;
5167;Número de alunos no ensino médio;Número de alunos no ensino médio - Cidades Sustentaveis;Diretoria Regional de Ensino do Estado;I;2907;SEDUC;secretarias;4416;2019-12-31 00:00:00;11732.00;
5167;Número de alunos no ensino médio;Número de alunos no ensino médio - Cidades Sustentaveis;Diretoria Regional de Ensino do Estado;I;2907;SEDUC;secretarias;5117;2020-12-31 00:00:00;9828.00;
5167;Número de alunos no ensino médio;Número de alunos no ensino médio - Cidades Sustentaveis;Diretoria Regional de Ensino do Estado;I;2907;SEDUC;secretarias;5606;2021-12-21 00:00:00;13732.00;
5167;Número de alunos no ensino médio;Número de alunos no ensino médio - Cidades Sustentaveis;Diretoria Regional de Ensino do Estado;I;2907;SEDUC;secretarias;6820;2022-12-31 00:00:00;16999.00;
5167;Número de alunos no ensino médio;Número de alunos no ensino médio - Cidades Sustentaveis;Diretoria Regional de Ensino do Estado;I;2907;SEDUC;secretarias;7054;2023-12-31 00:00:00;16999.00;
