codigo;nome;descricao;fonte;tipoValor;id_orgao;sigla_orgao;tipo_orgao;valores_codigo;valores_data;valores_valor;valores_descricao
5188;Número de acidentes envolvendo ciclistas;Número de acidentes envolvendo ciclistas - Cidades Sustentaveis;CET;I;822;CET;autarquias;3140;2017-12-31 00:00:00;216.00;
5188;Número de acidentes envolvendo ciclistas;Número de acidentes envolvendo ciclistas - Cidades Sustentaveis;CET;I;822;CET;autarquias;3141;2016-12-31 00:00:00;218.00;
5188;Número de acidentes envolvendo ciclistas;Número de acidentes envolvendo ciclistas - Cidades Sustentaveis;CET;I;822;CET;autarquias;3142;2015-12-31 00:00:00;217.00;
5188;Número de acidentes envolvendo ciclistas;Número de acidentes envolvendo ciclistas - Cidades Sustentaveis;CET;I;822;CET;autarquias;3143;2014-12-31 00:00:00;231.00;
5188;Número de acidentes envolvendo ciclistas;Número de acidentes envolvendo ciclistas - Cidades Sustentaveis;CET;I;822;CET;autarquias;3144;2013-12-31 00:00:00;322.00;
5188;Número de acidentes envolvendo ciclistas;Número de acidentes envolvendo ciclistas - Cidades Sustentaveis;CET;I;822;CET;autarquias;3808;2018-12-31 00:00:00;137.00;
5188;Número de acidentes envolvendo ciclistas;Número de acidentes envolvendo ciclistas - Cidades Sustentaveis;CET;I;822;CET;autarquias;4438;2019-12-31 00:00:00;152.00;
5188;Número de acidentes envolvendo ciclistas;Número de acidentes envolvendo ciclistas - Cidades Sustentaveis;CET;I;822;CET;autarquias;5019;2020-12-31 00:00:00;126.00;
5188;Número de acidentes envolvendo ciclistas;Número de acidentes envolvendo ciclistas - Cidades Sustentaveis;CET;I;822;CET;autarquias;5573;2021-12-31 00:00:00;162.00;
5188;Número de acidentes envolvendo ciclistas;Número de acidentes envolvendo ciclistas - Cidades Sustentaveis;CET;I;822;CET;autarquias;6996;2023-12-31 00:00:00;152.00;
