codigo;nome;descricao;fonte;tipoValor;id_orgao;sigla_orgao;tipo_orgao;valores_codigo;valores_data;valores_valor;valores_descricao
5189;População na faixa etária de 4 a 17 anos;População na faixa etária de 4 a 17 anos - Cidades Sustentáveis - IBGE;Seduc;I;2907;SEDUC;secretarias;3145;2017-12-31 00:00:00;69540.00;
5189;População na faixa etária de 4 a 17 anos;População na faixa etária de 4 a 17 anos - Cidades Sustentáveis - IBGE;Seduc;I;2907;SEDUC;secretarias;3146;2016-12-31 00:00:00;69540.00;
5189;População na faixa etária de 4 a 17 anos;População na faixa etária de 4 a 17 anos - Cidades Sustentáveis - IBGE;Seduc;I;2907;SEDUC;secretarias;3147;2014-12-31 00:00:00;69540.00;
5189;População na faixa etária de 4 a 17 anos;População na faixa etária de 4 a 17 anos - Cidades Sustentáveis - IBGE;Seduc;I;2907;SEDUC;secretarias;3148;2013-12-31 00:00:00;69540.00;
5189;População na faixa etária de 4 a 17 anos;População na faixa etária de 4 a 17 anos - Cidades Sustentáveis - IBGE;Seduc;I;2907;SEDUC;secretarias;3149;2015-12-31 00:00:00;69540.00;
5189;População na faixa etária de 4 a 17 anos;População na faixa etária de 4 a 17 anos - Cidades Sustentáveis - IBGE;Seduc;I;2907;SEDUC;secretarias;3789;2018-12-31 00:00:00;69540.00;
5189;População na faixa etária de 4 a 17 anos;População na faixa etária de 4 a 17 anos - Cidades Sustentáveis - IBGE;Seduc;I;2907;SEDUC;secretarias;4379;2019-12-31 00:00:00;69540.00;
5189;População na faixa etária de 4 a 17 anos;População na faixa etária de 4 a 17 anos - Cidades Sustentáveis - IBGE;Seduc;I;2907;SEDUC;secretarias;5128;2020-12-31 00:00:00;69540.00;
5189;População na faixa etária de 4 a 17 anos;População na faixa etária de 4 a 17 anos - Cidades Sustentáveis - IBGE;Seduc;I;2907;SEDUC;secretarias;5607;2021-12-21 00:00:00;30511.00;
5189;População na faixa etária de 4 a 17 anos;População na faixa etária de 4 a 17 anos - Cidades Sustentáveis - IBGE;Seduc;I;2907;SEDUC;secretarias;6455;2022-12-31 00:00:00;30511.00;
5189;População na faixa etária de 4 a 17 anos;População na faixa etária de 4 a 17 anos - Cidades Sustentáveis - IBGE;Seduc;I;2907;SEDUC;secretarias;7100;2023-12-31 00:00:00;30511.00;
