codigo;nome;descricao;fonte;tipoValor;id_orgao;sigla_orgao;tipo_orgao;valores_codigo;valores_data;valores_valor;valores_descricao
5191;População masculina na faixa etária de 15 a 29 anos;"População masculina na faixa etária de 15 a 29 anos - Cidades Sustentáveis - Indicador ""Homicídio juvenil""";IBGE - CENSO;I;779;SESEG;secretarias;3151;2014-12-31 00:00:00;44885.00;
5191;População masculina na faixa etária de 15 a 29 anos;"População masculina na faixa etária de 15 a 29 anos - Cidades Sustentáveis - Indicador ""Homicídio juvenil""";IBGE - CENSO;I;779;SESEG;secretarias;3152;2016-12-31 00:00:00;44885.00;
5191;População masculina na faixa etária de 15 a 29 anos;"População masculina na faixa etária de 15 a 29 anos - Cidades Sustentáveis - Indicador ""Homicídio juvenil""";IBGE - CENSO;I;779;SESEG;secretarias;3153;2015-12-31 00:00:00;44885.00;
5191;População masculina na faixa etária de 15 a 29 anos;"População masculina na faixa etária de 15 a 29 anos - Cidades Sustentáveis - Indicador ""Homicídio juvenil""";IBGE - CENSO;I;779;SESEG;secretarias;3154;2013-12-31 00:00:00;44885.00;
5191;População masculina na faixa etária de 15 a 29 anos;"População masculina na faixa etária de 15 a 29 anos - Cidades Sustentáveis - Indicador ""Homicídio juvenil""";IBGE - CENSO;I;779;SESEG;secretarias;3759;2018-12-31 00:00:00;44885.00;
5191;População masculina na faixa etária de 15 a 29 anos;"População masculina na faixa etária de 15 a 29 anos - Cidades Sustentáveis - Indicador ""Homicídio juvenil""";IBGE - CENSO;I;779;SESEG;secretarias;4353;2019-12-31 00:00:00;44855.00;
5191;População masculina na faixa etária de 15 a 29 anos;"População masculina na faixa etária de 15 a 29 anos - Cidades Sustentáveis - Indicador ""Homicídio juvenil""";IBGE - CENSO;I;779;SESEG;secretarias;4837;2020-12-31 00:00:00;44855.00;
5191;População masculina na faixa etária de 15 a 29 anos;"População masculina na faixa etária de 15 a 29 anos - Cidades Sustentáveis - Indicador ""Homicídio juvenil""";IBGE - CENSO;I;779;SESEG;secretarias;5241;2017-12-31 00:00:00;44855.00;
5191;População masculina na faixa etária de 15 a 29 anos;"População masculina na faixa etária de 15 a 29 anos - Cidades Sustentáveis - Indicador ""Homicídio juvenil""";IBGE - CENSO;I;779;SESEG;secretarias;5384;2021-12-31 00:00:00;4.00;
5191;População masculina na faixa etária de 15 a 29 anos;"População masculina na faixa etária de 15 a 29 anos - Cidades Sustentáveis - Indicador ""Homicídio juvenil""";IBGE - CENSO;I;779;SESEG;secretarias;6575;2022-12-31 00:00:00;44885.00;
