codigo;nome;descricao;fonte;tipoValor;id_orgao;sigla_orgao;tipo_orgao;valores_codigo;valores_data;valores_valor;valores_descricao
5192;População na faixa etária de 5 a 8 anos de idade;População na faixa etária de 5 a 8 anos de idade - Cidades Sustentáveis - IBGE;Seduc;I;2907;SEDUC;secretarias;3155;2017-12-31 00:00:00;22529.00;
5192;População na faixa etária de 5 a 8 anos de idade;População na faixa etária de 5 a 8 anos de idade - Cidades Sustentáveis - IBGE;Seduc;I;2907;SEDUC;secretarias;3156;2013-12-31 00:00:00;22529.00;
5192;População na faixa etária de 5 a 8 anos de idade;População na faixa etária de 5 a 8 anos de idade - Cidades Sustentáveis - IBGE;Seduc;I;2907;SEDUC;secretarias;3157;2015-12-31 00:00:00;22529.00;
5192;População na faixa etária de 5 a 8 anos de idade;População na faixa etária de 5 a 8 anos de idade - Cidades Sustentáveis - IBGE;Seduc;I;2907;SEDUC;secretarias;3158;2014-12-31 00:00:00;22529.00;
5192;População na faixa etária de 5 a 8 anos de idade;População na faixa etária de 5 a 8 anos de idade - Cidades Sustentáveis - IBGE;Seduc;I;2907;SEDUC;secretarias;3159;2016-12-31 00:00:00;22529.00;
5192;População na faixa etária de 5 a 8 anos de idade;População na faixa etária de 5 a 8 anos de idade - Cidades Sustentáveis - IBGE;Seduc;I;2907;SEDUC;secretarias;3790;2018-12-31 00:00:00;22529.00;
5192;População na faixa etária de 5 a 8 anos de idade;População na faixa etária de 5 a 8 anos de idade - Cidades Sustentáveis - IBGE;Seduc;I;2907;SEDUC;secretarias;4380;2019-12-31 00:00:00;22529.00;
5192;População na faixa etária de 5 a 8 anos de idade;População na faixa etária de 5 a 8 anos de idade - Cidades Sustentáveis - IBGE;Seduc;I;2907;SEDUC;secretarias;5200;2020-12-31 00:00:00;22529.00;
5192;População na faixa etária de 5 a 8 anos de idade;População na faixa etária de 5 a 8 anos de idade - Cidades Sustentáveis - IBGE;Seduc;I;2907;SEDUC;secretarias;5651;2021-12-21 00:00:00;22529.00;
5192;População na faixa etária de 5 a 8 anos de idade;População na faixa etária de 5 a 8 anos de idade - Cidades Sustentáveis - IBGE;Seduc;I;2907;SEDUC;secretarias;6456;2022-12-31 00:00:00;22529.00;
5192;População na faixa etária de 5 a 8 anos de idade;População na faixa etária de 5 a 8 anos de idade - Cidades Sustentáveis - IBGE;Seduc;I;2907;SEDUC;secretarias;7101;2023-12-31 00:00:00;22529.00;
