codigo;nome;descricao;fonte;tipoValor;id_orgao;sigla_orgao;tipo_orgao;valores_codigo;valores_data;valores_valor;valores_descricao
5194;População com 25 anos ou mais;População com 25 anos ou mais - Cidades Sustentáveis - IBGE;Seduc;I;2907;SEDUC;secretarias;3161;2017-12-31 00:00:00;302311.00;
5194;População com 25 anos ou mais;População com 25 anos ou mais - Cidades Sustentáveis - IBGE;Seduc;I;2907;SEDUC;secretarias;3162;2015-12-31 00:00:00;313540.00;
5194;População com 25 anos ou mais;População com 25 anos ou mais - Cidades Sustentáveis - IBGE;Seduc;I;2907;SEDUC;secretarias;3163;2014-12-31 00:00:00;313540.00;
5194;População com 25 anos ou mais;População com 25 anos ou mais - Cidades Sustentáveis - IBGE;Seduc;I;2907;SEDUC;secretarias;3164;2013-12-31 00:00:00;313540.00;
5194;População com 25 anos ou mais;População com 25 anos ou mais - Cidades Sustentáveis - IBGE;Seduc;I;2907;SEDUC;secretarias;3165;2016-12-31 00:00:00;313540.00;
5194;População com 25 anos ou mais;População com 25 anos ou mais - Cidades Sustentáveis - IBGE;Seduc;I;2907;SEDUC;secretarias;3791;2018-12-31 00:00:00;302311.00;
5194;População com 25 anos ou mais;População com 25 anos ou mais - Cidades Sustentáveis - IBGE;Seduc;I;2907;SEDUC;secretarias;4141;2019-12-31 00:00:00;302311.00;
5194;População com 25 anos ou mais;População com 25 anos ou mais - Cidades Sustentáveis - IBGE;Seduc;I;2907;SEDUC;secretarias;5122;2020-12-31 00:00:00;308625.00;
5194;População com 25 anos ou mais;População com 25 anos ou mais - Cidades Sustentáveis - IBGE;Seduc;I;2907;SEDUC;secretarias;5457;2021-12-21 00:00:00;308625.00;
5194;População com 25 anos ou mais;População com 25 anos ou mais - Cidades Sustentáveis - IBGE;Seduc;I;2907;SEDUC;secretarias;6454;2022-12-31 00:00:00;308625.00;
5194;População com 25 anos ou mais;População com 25 anos ou mais - Cidades Sustentáveis - IBGE;Seduc;I;2907;SEDUC;secretarias;7099;2023-12-31 00:00:00;308625.00;
