codigo;nome;descricao;fonte;tipoValor;id_orgao;sigla_orgao;tipo_orgao;valores_codigo;valores_data;valores_valor;valores_descricao
5196;Número total de domicílios do município;Número total de domicílios do município (209.321) - Cidades Sustentaveis;SEFIN, ANTIGA SEGES;I;4681;SEFIN;secretarias;3171;2016-12-31 00:00:00;150118.00;
5196;Número total de domicílios do município;Número total de domicílios do município (209.321) - Cidades Sustentaveis;SEFIN, ANTIGA SEGES;I;4681;SEFIN;secretarias;3172;2013-12-31 00:00:00;147317.00;
5196;Número total de domicílios do município;Número total de domicílios do município (209.321) - Cidades Sustentaveis;SEFIN, ANTIGA SEGES;I;4681;SEFIN;secretarias;3173;2017-12-31 00:00:00;151086.00;
5196;Número total de domicílios do município;Número total de domicílios do município (209.321) - Cidades Sustentaveis;SEFIN, ANTIGA SEGES;I;4681;SEFIN;secretarias;3174;2014-12-31 00:00:00;148234.00;
5196;Número total de domicílios do município;Número total de domicílios do município (209.321) - Cidades Sustentaveis;SEFIN, ANTIGA SEGES;I;4681;SEFIN;secretarias;3175;2015-12-31 00:00:00;149156.00;
5196;Número total de domicílios do município;Número total de domicílios do município (209.321) - Cidades Sustentaveis;SEFIN, ANTIGA SEGES;I;4681;SEFIN;secretarias;3707;2018-12-31 00:00:00;152061.00;
5196;Número total de domicílios do município;Número total de domicílios do município (209.321) - Cidades Sustentaveis;SEFIN, ANTIGA SEGES;I;4681;SEFIN;secretarias;4145;2019-12-31 00:00:00;153042.00;
5196;Número total de domicílios do município;Número total de domicílios do município (209.321) - Cidades Sustentaveis;SEFIN, ANTIGA SEGES;I;4681;SEFIN;secretarias;6057;2021-12-30 00:00:00;153042.00;
5196;Número total de domicílios do município;Número total de domicílios do município (209.321) - Cidades Sustentaveis;SEFIN, ANTIGA SEGES;I;4681;SEFIN;secretarias;7580;2023-12-31 00:00:00;184362.00;
