codigo;nome;descricao;fonte;tipoValor;id_orgao;sigla_orgao;tipo_orgao;valores_codigo;valores_data;valores_valor;valores_descricao
5203;Número total, em quilômetros (km), de ciclovias;Número total, em quilômetros (km), de ciclovias - Cidades Sustentaveis;CET;D;822;CET;autarquias;1378;2017-12-31 00:00:00;47.83;
5203;Número total, em quilômetros (km), de ciclovias;Número total, em quilômetros (km), de ciclovias - Cidades Sustentaveis;CET;D;822;CET;autarquias;1379;2016-12-31 00:00:00;47.83;
5203;Número total, em quilômetros (km), de ciclovias;Número total, em quilômetros (km), de ciclovias - Cidades Sustentaveis;CET;D;822;CET;autarquias;3809;2018-12-31 00:00:00;49.30;
5203;Número total, em quilômetros (km), de ciclovias;Número total, em quilômetros (km), de ciclovias - Cidades Sustentaveis;CET;D;822;CET;autarquias;4439;2019-12-31 00:00:00;51.00;
5203;Número total, em quilômetros (km), de ciclovias;Número total, em quilômetros (km), de ciclovias - Cidades Sustentaveis;CET;D;822;CET;autarquias;5020;2020-12-31 00:00:00;51.00;
5203;Número total, em quilômetros (km), de ciclovias;Número total, em quilômetros (km), de ciclovias - Cidades Sustentaveis;CET;D;822;CET;autarquias;5574;2021-12-31 00:00:00;51.00;
5203;Número total, em quilômetros (km), de ciclovias;Número total, em quilômetros (km), de ciclovias - Cidades Sustentaveis;CET;D;822;CET;autarquias;7038;2023-12-31 00:00:00;52.00;
