codigo;nome;descricao;fonte;tipoValor;id_orgao;sigla_orgao;tipo_orgao;valores_codigo;valores_data;valores_valor;valores_descricao
5204;Número total, em quilômetros (km), de ciclofaixas permanentes;Número total, em quilômetros (km), de ciclofaixas permanentes - Cidades Sustentaveis;CET;D;822;CET;autarquias;1380;2017-12-31 00:00:00;0.00;
5204;Número total, em quilômetros (km), de ciclofaixas permanentes;Número total, em quilômetros (km), de ciclofaixas permanentes - Cidades Sustentaveis;CET;D;822;CET;autarquias;1381;2016-12-31 00:00:00;0.00;
5204;Número total, em quilômetros (km), de ciclofaixas permanentes;Número total, em quilômetros (km), de ciclofaixas permanentes - Cidades Sustentaveis;CET;D;822;CET;autarquias;3902;2018-12-31 00:00:00;0.00;
5204;Número total, em quilômetros (km), de ciclofaixas permanentes;Número total, em quilômetros (km), de ciclofaixas permanentes - Cidades Sustentaveis;CET;D;822;CET;autarquias;4038;2019-12-31 00:00:00;400.00;
5204;Número total, em quilômetros (km), de ciclofaixas permanentes;Número total, em quilômetros (km), de ciclofaixas permanentes - Cidades Sustentaveis;CET;D;822;CET;autarquias;5021;2020-12-31 00:00:00;0.40;
5204;Número total, em quilômetros (km), de ciclofaixas permanentes;Número total, em quilômetros (km), de ciclofaixas permanentes - Cidades Sustentaveis;CET;D;822;CET;autarquias;5575;2021-12-31 00:00:00;0.40;
5204;Número total, em quilômetros (km), de ciclofaixas permanentes;Número total, em quilômetros (km), de ciclofaixas permanentes - Cidades Sustentaveis;CET;D;822;CET;autarquias;7037;2023-12-31 00:00:00;0.40;
