codigo;nome;descricao;fonte;tipoValor;id_orgao;sigla_orgao;tipo_orgao;valores_codigo;valores_data;valores_valor;valores_descricao
5205;Homicídios na população branca;"Número de óbitos por homicídio na população branca - Cidades Sustentáveis - Indicador ""Homicídios na população branca e negra""";Secretaria de Segurança Pública do Estado de São Paulo - Polícia Civil (Deinter 6);I;779;SESEG;secretarias;1382;2017-12-31 00:00:00;1.00;
5205;Homicídios na população branca;"Número de óbitos por homicídio na população branca - Cidades Sustentáveis - Indicador ""Homicídios na população branca e negra""";Secretaria de Segurança Pública do Estado de São Paulo - Polícia Civil (Deinter 6);I;779;SESEG;secretarias;1383;2016-12-31 00:00:00;11.00;
5205;Homicídios na população branca;"Número de óbitos por homicídio na população branca - Cidades Sustentáveis - Indicador ""Homicídios na população branca e negra""";Secretaria de Segurança Pública do Estado de São Paulo - Polícia Civil (Deinter 6);I;779;SESEG;secretarias;1384;2014-12-31 00:00:00;0.00;
5205;Homicídios na população branca;"Número de óbitos por homicídio na população branca - Cidades Sustentáveis - Indicador ""Homicídios na população branca e negra""";Secretaria de Segurança Pública do Estado de São Paulo - Polícia Civil (Deinter 6);I;779;SESEG;secretarias;1385;2013-12-31 00:00:00;0.00;
5205;Homicídios na população branca;"Número de óbitos por homicídio na população branca - Cidades Sustentáveis - Indicador ""Homicídios na população branca e negra""";Secretaria de Segurança Pública do Estado de São Paulo - Polícia Civil (Deinter 6);I;779;SESEG;secretarias;1386;2015-12-31 00:00:00;0.00;
5205;Homicídios na população branca;"Número de óbitos por homicídio na população branca - Cidades Sustentáveis - Indicador ""Homicídios na população branca e negra""";Secretaria de Segurança Pública do Estado de São Paulo - Polícia Civil (Deinter 6);I;779;SESEG;secretarias;3739;2018-12-31 00:00:00;9.00;
5205;Homicídios na população branca;"Número de óbitos por homicídio na população branca - Cidades Sustentáveis - Indicador ""Homicídios na população branca e negra""";Secretaria de Segurança Pública do Estado de São Paulo - Polícia Civil (Deinter 6);I;779;SESEG;secretarias;4291;2019-12-31 00:00:00;9.00;
5205;Homicídios na população branca;"Número de óbitos por homicídio na população branca - Cidades Sustentáveis - Indicador ""Homicídios na população branca e negra""";Secretaria de Segurança Pública do Estado de São Paulo - Polícia Civil (Deinter 6);I;779;SESEG;secretarias;4838;2020-12-31 00:00:00;5.00;
5205;Homicídios na população branca;"Número de óbitos por homicídio na população branca - Cidades Sustentáveis - Indicador ""Homicídios na população branca e negra""";Secretaria de Segurança Pública do Estado de São Paulo - Polícia Civil (Deinter 6);I;779;SESEG;secretarias;5362;2021-12-31 00:00:00;4.00;
5205;Homicídios na população branca;"Número de óbitos por homicídio na população branca - Cidades Sustentáveis - Indicador ""Homicídios na população branca e negra""";Secretaria de Segurança Pública do Estado de São Paulo - Polícia Civil (Deinter 6);I;779;SESEG;secretarias;6551;2022-12-31 00:00:00;9.00;
