codigo;nome;descricao;fonte;tipoValor;id_orgao;sigla_orgao;tipo_orgao;valores_codigo;valores_data;valores_valor;valores_descricao
5206;Homicídios na população negra;"Número de óbitos por homicídio na população negra - Cidades Sustentáveis - Indicador ""Homicídios na população branca e negra""";Secretaria de Segurança Pública do Estado de São Paulo - Polícia Civil (Deinter 6);I;779;SESEG;secretarias;1387;2016-12-31 00:00:00;19.00;
5206;Homicídios na população negra;"Número de óbitos por homicídio na população negra - Cidades Sustentáveis - Indicador ""Homicídios na população branca e negra""";Secretaria de Segurança Pública do Estado de São Paulo - Polícia Civil (Deinter 6);I;779;SESEG;secretarias;1388;2013-12-31 00:00:00;0.00;
5206;Homicídios na população negra;"Número de óbitos por homicídio na população negra - Cidades Sustentáveis - Indicador ""Homicídios na população branca e negra""";Secretaria de Segurança Pública do Estado de São Paulo - Polícia Civil (Deinter 6);I;779;SESEG;secretarias;1389;2014-12-31 00:00:00;0.00;
5206;Homicídios na população negra;"Número de óbitos por homicídio na população negra - Cidades Sustentáveis - Indicador ""Homicídios na população branca e negra""";Secretaria de Segurança Pública do Estado de São Paulo - Polícia Civil (Deinter 6);I;779;SESEG;secretarias;1390;2015-12-31 00:00:00;0.00;
5206;Homicídios na população negra;"Número de óbitos por homicídio na população negra - Cidades Sustentáveis - Indicador ""Homicídios na população branca e negra""";Secretaria de Segurança Pública do Estado de São Paulo - Polícia Civil (Deinter 6);I;779;SESEG;secretarias;1391;2017-12-31 00:00:00;12.00;
5206;Homicídios na população negra;"Número de óbitos por homicídio na população negra - Cidades Sustentáveis - Indicador ""Homicídios na população branca e negra""";Secretaria de Segurança Pública do Estado de São Paulo - Polícia Civil (Deinter 6);I;779;SESEG;secretarias;3740;2018-12-31 00:00:00;7.00;
5206;Homicídios na população negra;"Número de óbitos por homicídio na população negra - Cidades Sustentáveis - Indicador ""Homicídios na população branca e negra""";Secretaria de Segurança Pública do Estado de São Paulo - Polícia Civil (Deinter 6);I;779;SESEG;secretarias;4292;2019-12-31 00:00:00;10.00;
5206;Homicídios na população negra;"Número de óbitos por homicídio na população negra - Cidades Sustentáveis - Indicador ""Homicídios na população branca e negra""";Secretaria de Segurança Pública do Estado de São Paulo - Polícia Civil (Deinter 6);I;779;SESEG;secretarias;4839;2020-12-31 00:00:00;6.00;
5206;Homicídios na população negra;"Número de óbitos por homicídio na população negra - Cidades Sustentáveis - Indicador ""Homicídios na população branca e negra""";Secretaria de Segurança Pública do Estado de São Paulo - Polícia Civil (Deinter 6);I;779;SESEG;secretarias;5363;2021-12-31 00:00:00;2.00;
5206;Homicídios na população negra;"Número de óbitos por homicídio na população negra - Cidades Sustentáveis - Indicador ""Homicídios na população branca e negra""";Secretaria de Segurança Pública do Estado de São Paulo - Polícia Civil (Deinter 6);I;779;SESEG;secretarias;6552;2022-12-31 00:00:00;13.00;
