codigo;nome;descricao;fonte;tipoValor;id_orgao;sigla_orgao;tipo_orgao;valores_codigo;valores_data;valores_valor;valores_descricao
5207;Consumo total de água (indústria, comércio, agricultura e doméstico), em metros cúbicos (m³);"Consumo total de água (indústria, comércio, agricultura e doméstico), em metros cúbicos (m³) - Cidades Sustentáveis - Indicador ""Consumo de água na atividade econômica local""";SEFIN;D;4681;SEFIN;secretarias;3208;2016-12-31 00:00:00;36268073.00;
5207;Consumo total de água (indústria, comércio, agricultura e doméstico), em metros cúbicos (m³);"Consumo total de água (indústria, comércio, agricultura e doméstico), em metros cúbicos (m³) - Cidades Sustentáveis - Indicador ""Consumo de água na atividade econômica local""";SEFIN;D;4681;SEFIN;secretarias;3209;2015-12-31 00:00:00;36301965.00;
5207;Consumo total de água (indústria, comércio, agricultura e doméstico), em metros cúbicos (m³);"Consumo total de água (indústria, comércio, agricultura e doméstico), em metros cúbicos (m³) - Cidades Sustentáveis - Indicador ""Consumo de água na atividade econômica local""";SEFIN;D;4681;SEFIN;secretarias;3211;2017-12-31 00:00:00;36555609.00;
5207;Consumo total de água (indústria, comércio, agricultura e doméstico), em metros cúbicos (m³);"Consumo total de água (indústria, comércio, agricultura e doméstico), em metros cúbicos (m³) - Cidades Sustentáveis - Indicador ""Consumo de água na atividade econômica local""";SEFIN;D;4681;SEFIN;secretarias;3213;2013-12-31 00:00:00;38583579.00;
5207;Consumo total de água (indústria, comércio, agricultura e doméstico), em metros cúbicos (m³);"Consumo total de água (indústria, comércio, agricultura e doméstico), em metros cúbicos (m³) - Cidades Sustentáveis - Indicador ""Consumo de água na atividade econômica local""";SEFIN;D;4681;SEFIN;secretarias;3215;2014-12-31 00:00:00;38389766.00;
5207;Consumo total de água (indústria, comércio, agricultura e doméstico), em metros cúbicos (m³);"Consumo total de água (indústria, comércio, agricultura e doméstico), em metros cúbicos (m³) - Cidades Sustentáveis - Indicador ""Consumo de água na atividade econômica local""";SEFIN;D;4681;SEFIN;secretarias;3708;2018-12-31 00:00:00;36842720.00;
5207;Consumo total de água (indústria, comércio, agricultura e doméstico), em metros cúbicos (m³);"Consumo total de água (indústria, comércio, agricultura e doméstico), em metros cúbicos (m³) - Cidades Sustentáveis - Indicador ""Consumo de água na atividade econômica local""";SEFIN;D;4681;SEFIN;secretarias;4146;2019-12-31 00:00:00;37387835.00;
5207;Consumo total de água (indústria, comércio, agricultura e doméstico), em metros cúbicos (m³);"Consumo total de água (indústria, comércio, agricultura e doméstico), em metros cúbicos (m³) - Cidades Sustentáveis - Indicador ""Consumo de água na atividade econômica local""";SEFIN;D;4681;SEFIN;secretarias;5191;2020-12-31 00:00:00;37438552.00;
5207;Consumo total de água (indústria, comércio, agricultura e doméstico), em metros cúbicos (m³);"Consumo total de água (indústria, comércio, agricultura e doméstico), em metros cúbicos (m³) - Cidades Sustentáveis - Indicador ""Consumo de água na atividade econômica local""";SEFIN;D;4681;SEFIN;secretarias;5983;2021-12-30 00:00:00;36470881.00;
5207;Consumo total de água (indústria, comércio, agricultura e doméstico), em metros cúbicos (m³);"Consumo total de água (indústria, comércio, agricultura e doméstico), em metros cúbicos (m³) - Cidades Sustentáveis - Indicador ""Consumo de água na atividade econômica local""";SEFIN;D;4681;SEFIN;secretarias;7530;2023-12-31 00:00:00;37325232.00;
