codigo;nome;descricao;fonte;tipoValor;id_orgao;sigla_orgao;tipo_orgao;valores_codigo;valores_data;valores_valor;valores_descricao
5209;Total de mortes com automóveis e caminhonetes;Total de mortes com automóveis e caminhonetes - Cidades Sustentaveis;CET;I;822;CET;autarquias;1392;2016-12-31 00:00:00;16.00;
5209;Total de mortes com automóveis e caminhonetes;Total de mortes com automóveis e caminhonetes - Cidades Sustentaveis;CET;I;822;CET;autarquias;1393;2017-12-31 00:00:00;1.00;
5209;Total de mortes com automóveis e caminhonetes;Total de mortes com automóveis e caminhonetes - Cidades Sustentaveis;CET;I;822;CET;autarquias;3810;2018-12-31 00:00:00;4.00;
5209;Total de mortes com automóveis e caminhonetes;Total de mortes com automóveis e caminhonetes - Cidades Sustentaveis;CET;I;822;CET;autarquias;4440;2019-12-31 00:00:00;8.00;
5209;Total de mortes com automóveis e caminhonetes;Total de mortes com automóveis e caminhonetes - Cidades Sustentaveis;CET;I;822;CET;autarquias;5024;2020-12-31 00:00:00;4.00;
5209;Total de mortes com automóveis e caminhonetes;Total de mortes com automóveis e caminhonetes - Cidades Sustentaveis;CET;I;822;CET;autarquias;5577;2021-12-31 00:00:00;5.00;
5209;Total de mortes com automóveis e caminhonetes;Total de mortes com automóveis e caminhonetes - Cidades Sustentaveis;CET;I;822;CET;autarquias;7012;2023-12-31 00:00:00;1.00;
