codigo;nome;descricao;fonte;tipoValor;id_orgao;sigla_orgao;tipo_orgao;valores_codigo;valores_data;valores_valor;valores_descricao
5210;Total de mortes com bicicleta;Total de mortes com bicicleta - Cidades Sustentaveis;CET;I;822;CET;autarquias;1394;2016-12-31 00:00:00;4.00;
5210;Total de mortes com bicicleta;Total de mortes com bicicleta - Cidades Sustentaveis;CET;I;822;CET;autarquias;1395;2017-12-31 00:00:00;5.00;
5210;Total de mortes com bicicleta;Total de mortes com bicicleta - Cidades Sustentaveis;CET;I;822;CET;autarquias;3811;2018-12-31 00:00:00;6.00;
5210;Total de mortes com bicicleta;Total de mortes com bicicleta - Cidades Sustentaveis;CET;I;822;CET;autarquias;4441;2019-12-31 00:00:00;11.00;
5210;Total de mortes com bicicleta;Total de mortes com bicicleta - Cidades Sustentaveis;CET;I;822;CET;autarquias;5025;2020-12-31 00:00:00;0.00;
5210;Total de mortes com bicicleta;Total de mortes com bicicleta - Cidades Sustentaveis;CET;I;822;CET;autarquias;5578;2021-12-31 00:00:00;0.00;
5210;Total de mortes com bicicleta;Total de mortes com bicicleta - Cidades Sustentaveis;CET;I;822;CET;autarquias;7013;2023-12-31 00:00:00;0.00;
