codigo;nome;descricao;fonte;tipoValor;id_orgao;sigla_orgao;tipo_orgao;valores_codigo;valores_data;valores_valor;valores_descricao
5211;Total de mortes com motocicleta;Total de mortes com motocicleta - Cidades Sustentaveis;CET;I;822;CET;autarquias;1396;2016-12-31 00:00:00;20.00;
5211;Total de mortes com motocicleta;Total de mortes com motocicleta - Cidades Sustentaveis;CET;I;822;CET;autarquias;1397;2017-12-31 00:00:00;11.00;
5211;Total de mortes com motocicleta;Total de mortes com motocicleta - Cidades Sustentaveis;CET;I;822;CET;autarquias;3812;2018-12-31 00:00:00;12.00;
5211;Total de mortes com motocicleta;Total de mortes com motocicleta - Cidades Sustentaveis;CET;I;822;CET;autarquias;4442;2019-12-31 00:00:00;14.00;
5211;Total de mortes com motocicleta;Total de mortes com motocicleta - Cidades Sustentaveis;CET;I;822;CET;autarquias;5026;2020-12-31 00:00:00;5.00;
5211;Total de mortes com motocicleta;Total de mortes com motocicleta - Cidades Sustentaveis;CET;I;822;CET;autarquias;5579;2021-12-31 00:00:00;3.00;
5211;Total de mortes com motocicleta;Total de mortes com motocicleta - Cidades Sustentaveis;CET;I;822;CET;autarquias;7014;2023-12-31 00:00:00;8.00;
