codigo;nome;descricao;fonte;tipoValor;id_orgao;sigla_orgao;tipo_orgao;valores_codigo;valores_data;valores_valor;valores_descricao
5212;Total de mortes por atropelamentos;Total de mortes por atropelamentos - Cidades Sustentaveis;CET;I;822;CET;autarquias;1398;2015-12-31 00:00:00;13.00;
5212;Total de mortes por atropelamentos;Total de mortes por atropelamentos - Cidades Sustentaveis;CET;I;822;CET;autarquias;1399;2017-12-31 00:00:00;10.00;
5212;Total de mortes por atropelamentos;Total de mortes por atropelamentos - Cidades Sustentaveis;CET;I;822;CET;autarquias;1400;2016-12-31 00:00:00;10.00;
5212;Total de mortes por atropelamentos;Total de mortes por atropelamentos - Cidades Sustentaveis;CET;I;822;CET;autarquias;3813;2018-12-31 00:00:00;14.00;
5212;Total de mortes por atropelamentos;Total de mortes por atropelamentos - Cidades Sustentaveis;CET;I;822;CET;autarquias;4443;2019-12-31 00:00:00;8.00;
5212;Total de mortes por atropelamentos;Total de mortes por atropelamentos - Cidades Sustentaveis;CET;I;822;CET;autarquias;5027;2020-12-31 00:00:00;1.00;
5212;Total de mortes por atropelamentos;Total de mortes por atropelamentos - Cidades Sustentaveis;CET;I;822;CET;autarquias;5581;2021-12-31 00:00:00;1.00;
5212;Total de mortes por atropelamentos;Total de mortes por atropelamentos - Cidades Sustentaveis;CET;I;822;CET;autarquias;7015;2023-12-31 00:00:00;12.00;
