codigo;nome;descricao;fonte;tipoValor;id_orgao;sigla_orgao;tipo_orgao;valores_codigo;valores_data;valores_valor;valores_descricao
5218;Consumo total de água doméstico, em metros cúbicos (m³);"Consumo total de água doméstico, em metros cúbicos (m³) - Cidades Sustentáveis - Indicador ""Consumo de água na atividade econômica local""";SEFIN;D;4681;SEFIN;secretarias;1411;2016-12-31 00:00:00;29218591.00;
5218;Consumo total de água doméstico, em metros cúbicos (m³);"Consumo total de água doméstico, em metros cúbicos (m³) - Cidades Sustentáveis - Indicador ""Consumo de água na atividade econômica local""";SEFIN;D;4681;SEFIN;secretarias;1412;2017-12-31 00:00:00;29218591.00;
5218;Consumo total de água doméstico, em metros cúbicos (m³);"Consumo total de água doméstico, em metros cúbicos (m³) - Cidades Sustentáveis - Indicador ""Consumo de água na atividade econômica local""";SEFIN;D;4681;SEFIN;secretarias;3872;2018-12-31 00:00:00;29218591.00;
5218;Consumo total de água doméstico, em metros cúbicos (m³);"Consumo total de água doméstico, em metros cúbicos (m³) - Cidades Sustentáveis - Indicador ""Consumo de água na atividade econômica local""";SEFIN;D;4681;SEFIN;secretarias;4327;2019-12-31 00:00:00;29218591.00;
5218;Consumo total de água doméstico, em metros cúbicos (m³);"Consumo total de água doméstico, em metros cúbicos (m³) - Cidades Sustentáveis - Indicador ""Consumo de água na atividade econômica local""";SEFIN;D;4681;SEFIN;secretarias;5172;2020-12-31 00:00:00;29218591.00;
5218;Consumo total de água doméstico, em metros cúbicos (m³);"Consumo total de água doméstico, em metros cúbicos (m³) - Cidades Sustentáveis - Indicador ""Consumo de água na atividade econômica local""";SEFIN;D;4681;SEFIN;secretarias;7531;2023-12-31 00:00:00;29879199.00;
