codigo;nome;descricao;fonte;tipoValor;id_orgao;sigla_orgao;tipo_orgao;valores_codigo;valores_data;valores_valor;valores_descricao
5228;Número de ônibus com piso rebaixado para pessoas com deficiência;Número de ônibus com piso rebaixado para pessoas com deficiência - Cidades Sustentaveis;CET;I;822;CET;autarquias;1450;2017-12-31 00:00:00;6.00;
5228;Número de ônibus com piso rebaixado para pessoas com deficiência;Número de ônibus com piso rebaixado para pessoas com deficiência - Cidades Sustentaveis;CET;I;822;CET;autarquias;1451;2016-12-31 00:00:00;6.00;
5228;Número de ônibus com piso rebaixado para pessoas com deficiência;Número de ônibus com piso rebaixado para pessoas com deficiência - Cidades Sustentaveis;CET;I;822;CET;autarquias;3815;2018-12-31 00:00:00;6.00;
5228;Número de ônibus com piso rebaixado para pessoas com deficiência;Número de ônibus com piso rebaixado para pessoas com deficiência - Cidades Sustentaveis;CET;I;822;CET;autarquias;4444;2019-12-31 00:00:00;6.00;
5228;Número de ônibus com piso rebaixado para pessoas com deficiência;Número de ônibus com piso rebaixado para pessoas com deficiência - Cidades Sustentaveis;CET;I;822;CET;autarquias;5030;2020-12-31 00:00:00;81.00;
5228;Número de ônibus com piso rebaixado para pessoas com deficiência;Número de ônibus com piso rebaixado para pessoas com deficiência - Cidades Sustentaveis;CET;I;822;CET;autarquias;5620;2021-12-31 00:00:00;1.00;
5228;Número de ônibus com piso rebaixado para pessoas com deficiência;Número de ônibus com piso rebaixado para pessoas com deficiência - Cidades Sustentaveis;CET;I;822;CET;autarquias;7001;2023-12-31 00:00:00;1.00;
