codigo;nome;descricao;fonte;tipoValor;id_orgao;sigla_orgao;tipo_orgao;valores_codigo;valores_data;valores_valor;valores_descricao
5230;Número de ônibus com elevador para pessoas com deficiência;Número de ônibus com elevador para pessoas com deficiência - Cidades Sustentaveis;CET;I;822;CET;autarquias;1452;2016-12-31 00:00:00;116.00;
5230;Número de ônibus com elevador para pessoas com deficiência;Número de ônibus com elevador para pessoas com deficiência - Cidades Sustentaveis;CET;I;822;CET;autarquias;1453;2017-12-31 00:00:00;147.00;
5230;Número de ônibus com elevador para pessoas com deficiência;Número de ônibus com elevador para pessoas com deficiência - Cidades Sustentaveis;CET;I;822;CET;autarquias;3819;2018-12-31 00:00:00;81.00;
5230;Número de ônibus com elevador para pessoas com deficiência;Número de ônibus com elevador para pessoas com deficiência - Cidades Sustentaveis;CET;I;822;CET;autarquias;4445;2019-12-31 00:00:00;81.00;
5230;Número de ônibus com elevador para pessoas com deficiência;Número de ônibus com elevador para pessoas com deficiência - Cidades Sustentaveis;CET;I;822;CET;autarquias;5032;2020-12-31 00:00:00;81.00;
5230;Número de ônibus com elevador para pessoas com deficiência;Número de ônibus com elevador para pessoas com deficiência - Cidades Sustentaveis;CET;I;822;CET;autarquias;5619;2021-12-31 00:00:00;218.00;
5230;Número de ônibus com elevador para pessoas com deficiência;Número de ônibus com elevador para pessoas com deficiência - Cidades Sustentaveis;CET;I;822;CET;autarquias;7000;2023-12-31 00:00:00;217.00;
