codigo;nome;descricao;fonte;tipoValor;id_orgao;sigla_orgao;tipo_orgao;valores_codigo;valores_data;valores_valor;valores_descricao
5233;Gastos públicos em cada área administrativa do município – Administração;Gastos públicos em cada área administrativa do município – Administração - Cidades Sustentaveis;Sefin;D;4681;SEFIN;secretarias;1464;2016-12-31 00:00:00;351779440.00;
5233;Gastos públicos em cada área administrativa do município – Administração;Gastos públicos em cada área administrativa do município – Administração - Cidades Sustentaveis;Sefin;D;4681;SEFIN;secretarias;1468;2017-12-31 00:00:00;317281557.51;
5233;Gastos públicos em cada área administrativa do município – Administração;Gastos públicos em cada área administrativa do município – Administração - Cidades Sustentaveis;Sefin;D;4681;SEFIN;secretarias;3595;2018-12-31 00:00:00;486761361.31;
5233;Gastos públicos em cada área administrativa do município – Administração;Gastos públicos em cada área administrativa do município – Administração - Cidades Sustentaveis;Sefin;D;4681;SEFIN;secretarias;4548;2019-12-31 00:00:00;507485261.76;
5233;Gastos públicos em cada área administrativa do município – Administração;Gastos públicos em cada área administrativa do município – Administração - Cidades Sustentaveis;Sefin;D;4681;SEFIN;secretarias;4964;2020-12-31 00:00:00;503915200.98;
5233;Gastos públicos em cada área administrativa do município – Administração;Gastos públicos em cada área administrativa do município – Administração - Cidades Sustentaveis;Sefin;D;4681;SEFIN;secretarias;5413;2021-12-31 00:00:00;527720910.23;
5233;Gastos públicos em cada área administrativa do município – Administração;Gastos públicos em cada área administrativa do município – Administração - Cidades Sustentaveis;Sefin;D;4681;SEFIN;secretarias;6834;2022-12-31 00:00:00;699490949.80;
5233;Gastos públicos em cada área administrativa do município – Administração;Gastos públicos em cada área administrativa do município – Administração - Cidades Sustentaveis;Sefin;D;4681;SEFIN;secretarias;7506;2023-12-31 00:00:00;817702134.20;
