codigo;nome;descricao;fonte;tipoValor;id_orgao;sigla_orgao;tipo_orgao;valores_codigo;valores_data;valores_valor;valores_descricao
5234;Total de gastos em todas as áreas administrativas do município;Total de gastos em todas as áreas administrativas do município - Cidades Sustentaveis;Sefin;D;4681;SEFIN;secretarias;1466;2017-12-31 00:00:00;317282033.01;
5234;Total de gastos em todas as áreas administrativas do município;Total de gastos em todas as áreas administrativas do município - Cidades Sustentaveis;Sefin;D;4681;SEFIN;secretarias;1469;2016-12-31 00:00:00;233378689.90;
5234;Total de gastos em todas as áreas administrativas do município;Total de gastos em todas as áreas administrativas do município - Cidades Sustentaveis;Sefin;D;4681;SEFIN;secretarias;3598;2018-12-31 00:00:00;486959039.05;
5234;Total de gastos em todas as áreas administrativas do município;Total de gastos em todas as áreas administrativas do município - Cidades Sustentaveis;Sefin;D;4681;SEFIN;secretarias;4549;2019-12-31 00:00:00;507468135.78;
5234;Total de gastos em todas as áreas administrativas do município;Total de gastos em todas as áreas administrativas do município - Cidades Sustentaveis;Sefin;D;4681;SEFIN;secretarias;4966;2020-12-31 00:00:00;503915200.98;
5234;Total de gastos em todas as áreas administrativas do município;Total de gastos em todas as áreas administrativas do município - Cidades Sustentaveis;Sefin;D;4681;SEFIN;secretarias;5672;2021-12-31 00:00:00;527720910.23;
5234;Total de gastos em todas as áreas administrativas do município;Total de gastos em todas as áreas administrativas do município - Cidades Sustentaveis;Sefin;D;4681;SEFIN;secretarias;6889;2022-12-31 00:00:00;822806127.72;
5234;Total de gastos em todas as áreas administrativas do município;Total de gastos em todas as áreas administrativas do município - Cidades Sustentaveis;Sefin;D;4681;SEFIN;secretarias;7521;2023-12-31 00:00:00;3556500313.68;
