codigo;nome;descricao;fonte;tipoValor;id_orgao;sigla_orgao;tipo_orgao;valores_codigo;valores_data;valores_valor;valores_descricao
5237;Gastos públicos em cada área administrativa do município – Segurança Pública;Gastos públicos em cada área administrativa do município – Segurança Pública - Cidades Sustentaveis;Sefin;D;4681;SEFIN;secretarias;1472;2016-12-31 00:00:00;37395287.00;
5237;Gastos públicos em cada área administrativa do município – Segurança Pública;Gastos públicos em cada área administrativa do município – Segurança Pública - Cidades Sustentaveis;Sefin;D;4681;SEFIN;secretarias;1473;2017-12-31 00:00:00;32525919.88;
5237;Gastos públicos em cada área administrativa do município – Segurança Pública;Gastos públicos em cada área administrativa do município – Segurança Pública - Cidades Sustentaveis;Sefin;D;4681;SEFIN;secretarias;3605;2018-12-31 00:00:00;2738638.50;
5237;Gastos públicos em cada área administrativa do município – Segurança Pública;Gastos públicos em cada área administrativa do município – Segurança Pública - Cidades Sustentaveis;Sefin;D;4681;SEFIN;secretarias;4550;2019-12-31 00:00:00;2665094.38;
5237;Gastos públicos em cada área administrativa do município – Segurança Pública;Gastos públicos em cada área administrativa do município – Segurança Pública - Cidades Sustentaveis;Sefin;D;4681;SEFIN;secretarias;4967;2020-12-31 00:00:00;4888931.24;
5237;Gastos públicos em cada área administrativa do município – Segurança Pública;Gastos públicos em cada área administrativa do município – Segurança Pública - Cidades Sustentaveis;Sefin;D;4681;SEFIN;secretarias;5425;2021-12-31 00:00:00;4970083.56;
5237;Gastos públicos em cada área administrativa do município – Segurança Pública;Gastos públicos em cada área administrativa do município – Segurança Pública - Cidades Sustentaveis;Sefin;D;4681;SEFIN;secretarias;6856;2022-12-31 00:00:00;5787650.26;
5237;Gastos públicos em cada área administrativa do município – Segurança Pública;Gastos públicos em cada área administrativa do município – Segurança Pública - Cidades Sustentaveis;Sefin;D;4681;SEFIN;secretarias;7519;2023-12-31 00:00:00;5977479.22;
