codigo;nome;descricao;fonte;tipoValor;id_orgao;sigla_orgao;tipo_orgao;valores_codigo;valores_data;valores_valor;valores_descricao
5238;Gastos públicos em cada área administrativa do município – Ciência e Tecnologia;Gastos públicos em cada área administrativa do município – Ciência e Tecnologia - Cidades Sustentaveis;Sefin;D;4681;SEFIN;secretarias;1474;2016-12-31 00:00:00;100098.99;
5238;Gastos públicos em cada área administrativa do município – Ciência e Tecnologia;Gastos públicos em cada área administrativa do município – Ciência e Tecnologia - Cidades Sustentaveis;Sefin;D;4681;SEFIN;secretarias;1475;2017-12-31 00:00:00;1402770.83;
5238;Gastos públicos em cada área administrativa do município – Ciência e Tecnologia;Gastos públicos em cada área administrativa do município – Ciência e Tecnologia - Cidades Sustentaveis;Sefin;D;4681;SEFIN;secretarias;3609;2018-12-31 00:00:00;1059484.25;
5238;Gastos públicos em cada área administrativa do município – Ciência e Tecnologia;Gastos públicos em cada área administrativa do município – Ciência e Tecnologia - Cidades Sustentaveis;Sefin;D;4681;SEFIN;secretarias;4551;2019-12-31 00:00:00;1034711.97;
5238;Gastos públicos em cada área administrativa do município – Ciência e Tecnologia;Gastos públicos em cada área administrativa do município – Ciência e Tecnologia - Cidades Sustentaveis;Sefin;D;4681;SEFIN;secretarias;4968;2020-12-31 00:00:00;3060348.91;
5238;Gastos públicos em cada área administrativa do município – Ciência e Tecnologia;Gastos públicos em cada área administrativa do município – Ciência e Tecnologia - Cidades Sustentaveis;Sefin;D;4681;SEFIN;secretarias;5433;2021-12-31 00:00:00;1235461.94;
5238;Gastos públicos em cada área administrativa do município – Ciência e Tecnologia;Gastos públicos em cada área administrativa do município – Ciência e Tecnologia - Cidades Sustentaveis;Sefin;D;4681;SEFIN;secretarias;6837;2022-12-31 00:00:00;14145604.39;
5238;Gastos públicos em cada área administrativa do município – Ciência e Tecnologia;Gastos públicos em cada área administrativa do município – Ciência e Tecnologia - Cidades Sustentaveis;Sefin;D;4681;SEFIN;secretarias;7508;2023-12-31 00:00:00;27246333.53;
