codigo;nome;descricao;fonte;tipoValor;id_orgao;sigla_orgao;tipo_orgao;valores_codigo;valores_data;valores_valor;valores_descricao
5239;Gastos públicos em cada área administrativa do município – Saneamento;Gastos públicos em cada área administrativa do município – Saneamento - Cidades Sustentaveis;Sefin;D;4681;SEFIN;secretarias;1476;2016-12-31 00:00:00;14100.00;
5239;Gastos públicos em cada área administrativa do município – Saneamento;Gastos públicos em cada área administrativa do município – Saneamento - Cidades Sustentaveis;Sefin;D;4681;SEFIN;secretarias;1477;2017-12-31 00:00:00;95000.00;
5239;Gastos públicos em cada área administrativa do município – Saneamento;Gastos públicos em cada área administrativa do município – Saneamento - Cidades Sustentaveis;Sefin;D;4681;SEFIN;secretarias;3612;2018-12-31 00:00:00;0.00;
5239;Gastos públicos em cada área administrativa do município – Saneamento;Gastos públicos em cada área administrativa do município – Saneamento - Cidades Sustentaveis;Sefin;D;4681;SEFIN;secretarias;4552;2019-12-31 00:00:00;121300.00;
5239;Gastos públicos em cada área administrativa do município – Saneamento;Gastos públicos em cada área administrativa do município – Saneamento - Cidades Sustentaveis;Sefin;D;4681;SEFIN;secretarias;4969;2020-12-31 00:00:00;11879.21;
5239;Gastos públicos em cada área administrativa do município – Saneamento;Gastos públicos em cada área administrativa do município – Saneamento - Cidades Sustentaveis;Sefin;D;4681;SEFIN;secretarias;5423;2021-12-31 00:00:00;357821.71;
5239;Gastos públicos em cada área administrativa do município – Saneamento;Gastos públicos em cada área administrativa do município – Saneamento - Cidades Sustentaveis;Sefin;D;4681;SEFIN;secretarias;6854;2022-12-31 00:00:00;17391611.84;
5239;Gastos públicos em cada área administrativa do município – Saneamento;Gastos públicos em cada área administrativa do município – Saneamento - Cidades Sustentaveis;Sefin;D;4681;SEFIN;secretarias;7517;2023-12-31 00:00:00;15424002.13;
