codigo;nome;descricao;fonte;tipoValor;id_orgao;sigla_orgao;tipo_orgao;valores_codigo;valores_data;valores_valor;valores_descricao
5240;Gastos públicos em cada área administrativa do município – Saúde;Gastos públicos em cada área administrativa do município – Saúde - Cidades Sustentaveis;Sefin;D;4681;SEFIN;secretarias;1478;2017-12-31 00:00:00;523125471.38;
5240;Gastos públicos em cada área administrativa do município – Saúde;Gastos públicos em cada área administrativa do município – Saúde - Cidades Sustentaveis;Sefin;D;4681;SEFIN;secretarias;1479;2016-12-31 00:00:00;513310748.00;
5240;Gastos públicos em cada área administrativa do município – Saúde;Gastos públicos em cada área administrativa do município – Saúde - Cidades Sustentaveis;Sefin;D;4681;SEFIN;secretarias;3613;2018-12-31 00:00:00;545374619.10;
5240;Gastos públicos em cada área administrativa do município – Saúde;Gastos públicos em cada área administrativa do município – Saúde - Cidades Sustentaveis;Sefin;D;4681;SEFIN;secretarias;4553;2019-12-31 00:00:00;631774846.51;
5240;Gastos públicos em cada área administrativa do município – Saúde;Gastos públicos em cada área administrativa do município – Saúde - Cidades Sustentaveis;Sefin;D;4681;SEFIN;secretarias;4970;2020-12-31 00:00:00;733055677.86;
5240;Gastos públicos em cada área administrativa do município – Saúde;Gastos públicos em cada área administrativa do município – Saúde - Cidades Sustentaveis;Sefin;D;4681;SEFIN;secretarias;5424;2021-12-31 00:00:00;832097147.32;
5240;Gastos públicos em cada área administrativa do município – Saúde;Gastos públicos em cada área administrativa do município – Saúde - Cidades Sustentaveis;Sefin;D;4681;SEFIN;secretarias;6855;2022-12-31 00:00:00;833711387.33;
5240;Gastos públicos em cada área administrativa do município – Saúde;Gastos públicos em cada área administrativa do município – Saúde - Cidades Sustentaveis;Sefin;D;4681;SEFIN;secretarias;7518;2023-12-31 00:00:00;934228239.79;
