codigo;nome;descricao;fonte;tipoValor;id_orgao;sigla_orgao;tipo_orgao;valores_codigo;valores_data;valores_valor;valores_descricao
5241;Gastos públicos em cada área administrativa do município – Gestão Ambiental;Gastos públicos em cada área administrativa do município – Gestão Ambiental - Cidades Sustentaveis;Sefin;D;4681;SEFIN;secretarias;1480;2017-12-31 00:00:00;20635988.82;
5241;Gastos públicos em cada área administrativa do município – Gestão Ambiental;Gastos públicos em cada área administrativa do município – Gestão Ambiental - Cidades Sustentaveis;Sefin;D;4681;SEFIN;secretarias;1481;2016-12-31 00:00:00;23063439.00;
5241;Gastos públicos em cada área administrativa do município – Gestão Ambiental;Gastos públicos em cada área administrativa do município – Gestão Ambiental - Cidades Sustentaveis;Sefin;D;4681;SEFIN;secretarias;3614;2018-12-31 00:00:00;10595655.26;
5241;Gastos públicos em cada área administrativa do município – Gestão Ambiental;Gastos públicos em cada área administrativa do município – Gestão Ambiental - Cidades Sustentaveis;Sefin;D;4681;SEFIN;secretarias;4554;2019-12-31 00:00:00;8219694.41;
5241;Gastos públicos em cada área administrativa do município – Gestão Ambiental;Gastos públicos em cada área administrativa do município – Gestão Ambiental - Cidades Sustentaveis;Sefin;D;4681;SEFIN;secretarias;4972;2020-12-31 00:00:00;7373854.76;
5241;Gastos públicos em cada área administrativa do município – Gestão Ambiental;Gastos públicos em cada área administrativa do município – Gestão Ambiental - Cidades Sustentaveis;Sefin;D;4681;SEFIN;secretarias;5420;2021-12-31 00:00:00;6934902.89;
5241;Gastos públicos em cada área administrativa do município – Gestão Ambiental;Gastos públicos em cada área administrativa do município – Gestão Ambiental - Cidades Sustentaveis;Sefin;D;4681;SEFIN;secretarias;6850;2022-12-31 00:00:00;11156862.21;
5241;Gastos públicos em cada área administrativa do município – Gestão Ambiental;Gastos públicos em cada área administrativa do município – Gestão Ambiental - Cidades Sustentaveis;Sefin;D;4681;SEFIN;secretarias;7514;2023-12-31 00:00:00;12928493.31;
