codigo;nome;descricao;fonte;tipoValor;id_orgao;sigla_orgao;tipo_orgao;valores_codigo;valores_data;valores_valor;valores_descricao
5243;Número total, em quilowatt-hora (kWh), de energia consumida pelo município;Número total, em quilowatt-hora (kWh), de energia consumida pelo município - Cidades Sustentaveis;SEFIN, ANTIGA SEGES;I;4681;SEFIN;secretarias;3231;2013-12-31 00:00:00;1369134.00;
5243;Número total, em quilowatt-hora (kWh), de energia consumida pelo município;Número total, em quilowatt-hora (kWh), de energia consumida pelo município - Cidades Sustentaveis;SEFIN, ANTIGA SEGES;I;4681;SEFIN;secretarias;3232;2017-12-31 00:00:00;1394371.00;
5243;Número total, em quilowatt-hora (kWh), de energia consumida pelo município;Número total, em quilowatt-hora (kWh), de energia consumida pelo município - Cidades Sustentaveis;SEFIN, ANTIGA SEGES;I;4681;SEFIN;secretarias;3233;2016-12-31 00:00:00;1359823.00;
5243;Número total, em quilowatt-hora (kWh), de energia consumida pelo município;Número total, em quilowatt-hora (kWh), de energia consumida pelo município - Cidades Sustentaveis;SEFIN, ANTIGA SEGES;I;4681;SEFIN;secretarias;3234;2014-12-31 00:00:00;1437591.00;
5243;Número total, em quilowatt-hora (kWh), de energia consumida pelo município;Número total, em quilowatt-hora (kWh), de energia consumida pelo município - Cidades Sustentaveis;SEFIN, ANTIGA SEGES;I;4681;SEFIN;secretarias;3235;2015-12-31 00:00:00;1418896.00;
5243;Número total, em quilowatt-hora (kWh), de energia consumida pelo município;Número total, em quilowatt-hora (kWh), de energia consumida pelo município - Cidades Sustentaveis;SEFIN, ANTIGA SEGES;I;4681;SEFIN;secretarias;3709;2018-12-31 00:00:00;1394715413.00;
5243;Número total, em quilowatt-hora (kWh), de energia consumida pelo município;Número total, em quilowatt-hora (kWh), de energia consumida pelo município - Cidades Sustentaveis;SEFIN, ANTIGA SEGES;I;4681;SEFIN;secretarias;4147;2019-12-31 00:00:00;1417743439.00;
5243;Número total, em quilowatt-hora (kWh), de energia consumida pelo município;Número total, em quilowatt-hora (kWh), de energia consumida pelo município - Cidades Sustentaveis;SEFIN, ANTIGA SEGES;I;4681;SEFIN;secretarias;5073;2020-12-31 00:00:00;1315945064.00;
5243;Número total, em quilowatt-hora (kWh), de energia consumida pelo município;Número total, em quilowatt-hora (kWh), de energia consumida pelo município - Cidades Sustentaveis;SEFIN, ANTIGA SEGES;I;4681;SEFIN;secretarias;6103;2021-12-31 00:00:00;1347176131.00;
5243;Número total, em quilowatt-hora (kWh), de energia consumida pelo município;Número total, em quilowatt-hora (kWh), de energia consumida pelo município - Cidades Sustentaveis;SEFIN, ANTIGA SEGES;I;4681;SEFIN;secretarias;7589;2023-12-31 00:00:00;124537000.00;
