codigo;nome;descricao;fonte;tipoValor;id_orgao;sigla_orgao;tipo_orgao;valores_codigo;valores_data;valores_valor;valores_descricao
5244;Gastos públicos em cada área administrativa do município – Habitação;Gastos públicos em cada área administrativa do município – Habitação - Cidades Sustentaveis;Sefin;D;4681;SEFIN;secretarias;1484;2016-12-31 00:00:00;23981527.00;
5244;Gastos públicos em cada área administrativa do município – Habitação;Gastos públicos em cada área administrativa do município – Habitação - Cidades Sustentaveis;Sefin;D;4681;SEFIN;secretarias;1485;2017-12-31 00:00:00;16412800.00;
5244;Gastos públicos em cada área administrativa do município – Habitação;Gastos públicos em cada área administrativa do município – Habitação - Cidades Sustentaveis;Sefin;D;4681;SEFIN;secretarias;3615;2018-12-31 00:00:00;17692000.00;
5244;Gastos públicos em cada área administrativa do município – Habitação;Gastos públicos em cada área administrativa do município – Habitação - Cidades Sustentaveis;Sefin;D;4681;SEFIN;secretarias;4555;2019-12-31 00:00:00;21331000.00;
5244;Gastos públicos em cada área administrativa do município – Habitação;Gastos públicos em cada área administrativa do município – Habitação - Cidades Sustentaveis;Sefin;D;4681;SEFIN;secretarias;4973;2020-12-31 00:00:00;20025000.00;
5244;Gastos públicos em cada área administrativa do município – Habitação;Gastos públicos em cada área administrativa do município – Habitação - Cidades Sustentaveis;Sefin;D;4681;SEFIN;secretarias;5421;2021-12-31 00:00:00;30845265.88;
5244;Gastos públicos em cada área administrativa do município – Habitação;Gastos públicos em cada área administrativa do município – Habitação - Cidades Sustentaveis;Sefin;D;4681;SEFIN;secretarias;6851;2022-12-31 00:00:00;33513402.45;
5244;Gastos públicos em cada área administrativa do município – Habitação;Gastos públicos em cada área administrativa do município – Habitação - Cidades Sustentaveis;Sefin;D;4681;SEFIN;secretarias;7515;2023-12-31 00:00:00;40608533.50;
