codigo;nome;descricao;fonte;tipoValor;id_orgao;sigla_orgao;tipo_orgao;valores_codigo;valores_data;valores_valor;valores_descricao
5246;Gastos públicos em cada área administrativa do município – Educação;Gastos públicos em cada área administrativa do município – Educação - Cidades Sustentaveis;Sefin;D;4681;SEFIN;secretarias;1489;2016-12-31 00:00:00;535610023.00;
5246;Gastos públicos em cada área administrativa do município – Educação;Gastos públicos em cada área administrativa do município – Educação - Cidades Sustentaveis;Sefin;D;4681;SEFIN;secretarias;1490;2017-12-31 00:00:00;542845029.26;
5246;Gastos públicos em cada área administrativa do município – Educação;Gastos públicos em cada área administrativa do município – Educação - Cidades Sustentaveis;Sefin;D;4681;SEFIN;secretarias;3617;2018-12-31 00:00:00;593792070.90;
5246;Gastos públicos em cada área administrativa do município – Educação;Gastos públicos em cada área administrativa do município – Educação - Cidades Sustentaveis;Sefin;D;4681;SEFIN;secretarias;4556;2019-12-31 00:00:00;622797579.15;
5246;Gastos públicos em cada área administrativa do município – Educação;Gastos públicos em cada área administrativa do município – Educação - Cidades Sustentaveis;Sefin;D;4681;SEFIN;secretarias;4974;2020-12-31 00:00:00;599209265.97;
5246;Gastos públicos em cada área administrativa do município – Educação;Gastos públicos em cada área administrativa do município – Educação - Cidades Sustentaveis;Sefin;D;4681;SEFIN;secretarias;5418;2021-12-31 00:00:00;607830588.08;
5246;Gastos públicos em cada área administrativa do município – Educação;Gastos públicos em cada área administrativa do município – Educação - Cidades Sustentaveis;Sefin;D;4681;SEFIN;secretarias;6841;2022-12-31 00:00:00;780512134.16;
5246;Gastos públicos em cada área administrativa do município – Educação;Gastos públicos em cada área administrativa do município – Educação - Cidades Sustentaveis;Sefin;D;4681;SEFIN;secretarias;7512;2023-12-31 00:00:00;863873909.56;
