codigo;nome;descricao;fonte;tipoValor;id_orgao;sigla_orgao;tipo_orgao;valores_codigo;valores_data;valores_valor;valores_descricao
5248;Gastos públicos em cada área administrativa do município – Legislativa;Gastos públicos em cada área administrativa do município – Legislativa - Cidades Sustentaveis;Sefin;D;4681;SEFIN;secretarias;1493;2017-12-31 00:00:00;59363209.33;
5248;Gastos públicos em cada área administrativa do município – Legislativa;Gastos públicos em cada área administrativa do município – Legislativa - Cidades Sustentaveis;Sefin;D;4681;SEFIN;secretarias;1494;2016-12-31 00:00:00;59620907.00;
5248;Gastos públicos em cada área administrativa do município – Legislativa;Gastos públicos em cada área administrativa do município – Legislativa - Cidades Sustentaveis;Sefin;D;4681;SEFIN;secretarias;3619;2018-12-31 00:00:00;54927029.33;
5248;Gastos públicos em cada área administrativa do município – Legislativa;Gastos públicos em cada área administrativa do município – Legislativa - Cidades Sustentaveis;Sefin;D;4681;SEFIN;secretarias;4557;2019-12-31 00:00:00;52285775.79;
5248;Gastos públicos em cada área administrativa do município – Legislativa;Gastos públicos em cada área administrativa do município – Legislativa - Cidades Sustentaveis;Sefin;D;4681;SEFIN;secretarias;4975;2020-12-31 00:00:00;86677366.17;
5248;Gastos públicos em cada área administrativa do município – Legislativa;Gastos públicos em cada área administrativa do município – Legislativa - Cidades Sustentaveis;Sefin;D;4681;SEFIN;secretarias;5422;2021-12-31 00:00:00;52952138.63;
5248;Gastos públicos em cada área administrativa do município – Legislativa;Gastos públicos em cada área administrativa do município – Legislativa - Cidades Sustentaveis;Sefin;D;4681;SEFIN;secretarias;6852;2022-12-31 00:00:00;68294587.40;
5248;Gastos públicos em cada área administrativa do município – Legislativa;Gastos públicos em cada área administrativa do município – Legislativa - Cidades Sustentaveis;Sefin;D;4681;SEFIN;secretarias;7516;2023-12-31 00:00:00;118281000.00;
