codigo;nome;descricao;fonte;tipoValor;id_orgao;sigla_orgao;tipo_orgao;valores_codigo;valores_data;valores_valor;valores_descricao
5251;Gastos públicos em cada área administrativa do município – Previdência Social;Gastos públicos em cada área administrativa do município – Previdência Social - Cidades Sustentaveis;Sefin;D;4681;SEFIN;secretarias;1499;2017-12-31 00:00:00;31130356.03;
5251;Gastos públicos em cada área administrativa do município – Previdência Social;Gastos públicos em cada área administrativa do município – Previdência Social - Cidades Sustentaveis;Sefin;D;4681;SEFIN;secretarias;1500;2016-12-31 00:00:00;30707877.70;
5251;Gastos públicos em cada área administrativa do município – Previdência Social;Gastos públicos em cada área administrativa do município – Previdência Social - Cidades Sustentaveis;Sefin;D;4681;SEFIN;secretarias;3622;2018-12-31 00:00:00;369882614.15;
5251;Gastos públicos em cada área administrativa do município – Previdência Social;Gastos públicos em cada área administrativa do município – Previdência Social - Cidades Sustentaveis;Sefin;D;4681;SEFIN;secretarias;4558;2019-12-31 00:00:00;406206434.37;
5251;Gastos públicos em cada área administrativa do município – Previdência Social;Gastos públicos em cada área administrativa do município – Previdência Social - Cidades Sustentaveis;Sefin;D;4681;SEFIN;secretarias;4976;2020-12-31 00:00:00;435817956.37;
5251;Gastos públicos em cada área administrativa do município – Previdência Social;Gastos públicos em cada área administrativa do município – Previdência Social - Cidades Sustentaveis;Sefin;D;4681;SEFIN;secretarias;5435;2021-12-31 00:00:00;452432564.15;
5251;Gastos públicos em cada área administrativa do município – Previdência Social;Gastos públicos em cada área administrativa do município – Previdência Social - Cidades Sustentaveis;Sefin;D;4681;SEFIN;secretarias;6853;2022-12-31 00:00:00;507496452.52;
5251;Gastos públicos em cada área administrativa do município – Previdência Social;Gastos públicos em cada área administrativa do município – Previdência Social - Cidades Sustentaveis;Sefin;D;4681;SEFIN;secretarias;7585;2023-12-31 00:00:00;584707338.44;
