codigo;nome;descricao;fonte;tipoValor;id_orgao;sigla_orgao;tipo_orgao;valores_codigo;valores_data;valores_valor;valores_descricao
5253;Gastos públicos em cada área administrativa do município – Comunicações;Gastos públicos em cada área administrativa do município – Comunicações - Cidades Sustentaveis;Sefin;D;4681;SEFIN;secretarias;1503;2016-12-31 00:00:00;0.00;
5253;Gastos públicos em cada área administrativa do município – Comunicações;Gastos públicos em cada área administrativa do município – Comunicações - Cidades Sustentaveis;Sefin;D;4681;SEFIN;secretarias;1504;2017-12-31 00:00:00;16571255.29;
5253;Gastos públicos em cada área administrativa do município – Comunicações;Gastos públicos em cada área administrativa do município – Comunicações - Cidades Sustentaveis;Sefin;D;4681;SEFIN;secretarias;3646;2018-12-31 00:00:00;11302663.91;
5253;Gastos públicos em cada área administrativa do município – Comunicações;Gastos públicos em cada área administrativa do município – Comunicações - Cidades Sustentaveis;Sefin;D;4681;SEFIN;secretarias;4559;2019-12-31 00:00:00;15180793.84;
5253;Gastos públicos em cada área administrativa do município – Comunicações;Gastos públicos em cada área administrativa do município – Comunicações - Cidades Sustentaveis;Sefin;D;4681;SEFIN;secretarias;4977;2020-12-31 00:00:00;15831949.63;
5253;Gastos públicos em cada área administrativa do município – Comunicações;Gastos públicos em cada área administrativa do município – Comunicações - Cidades Sustentaveis;Sefin;D;4681;SEFIN;secretarias;5434;2021-12-31 00:00:00;14905013.75;
5253;Gastos públicos em cada área administrativa do município – Comunicações;Gastos públicos em cada área administrativa do município – Comunicações - Cidades Sustentaveis;Sefin;D;4681;SEFIN;secretarias;6838;2022-12-31 00:00:00;13875233.25;
5253;Gastos públicos em cada área administrativa do município – Comunicações;Gastos públicos em cada área administrativa do município – Comunicações - Cidades Sustentaveis;Sefin;D;4681;SEFIN;secretarias;7509;2023-12-31 00:00:00;30257487.58;
