codigo;nome;descricao;fonte;tipoValor;id_orgao;sigla_orgao;tipo_orgao;valores_codigo;valores_data;valores_valor;valores_descricao
5255;Gastos públicos em cada área administrativa do município – Encargos Especiais;Gastos públicos em cada área administrativa do município – Encargos Especiais - Cidades Sustentaveis;Sefin;D;4681;SEFIN;secretarias;1505;2016-12-31 00:00:00;59930422.00;
5255;Gastos públicos em cada área administrativa do município – Encargos Especiais;Gastos públicos em cada área administrativa do município – Encargos Especiais - Cidades Sustentaveis;Sefin;D;4681;SEFIN;secretarias;1506;2017-12-31 00:00:00;72197680.22;
5255;Gastos públicos em cada área administrativa do município – Encargos Especiais;Gastos públicos em cada área administrativa do município – Encargos Especiais - Cidades Sustentaveis;Sefin;D;4681;SEFIN;secretarias;3624;2018-12-31 00:00:00;81114552.03;
5255;Gastos públicos em cada área administrativa do município – Encargos Especiais;Gastos públicos em cada área administrativa do município – Encargos Especiais - Cidades Sustentaveis;Sefin;D;4681;SEFIN;secretarias;4560;2019-12-31 00:00:00;100114173.72;
5255;Gastos públicos em cada área administrativa do município – Encargos Especiais;Gastos públicos em cada área administrativa do município – Encargos Especiais - Cidades Sustentaveis;Sefin;D;4681;SEFIN;secretarias;4978;2020-12-31 00:00:00;97190233.28;
5255;Gastos públicos em cada área administrativa do município – Encargos Especiais;Gastos públicos em cada área administrativa do município – Encargos Especiais - Cidades Sustentaveis;Sefin;D;4681;SEFIN;secretarias;5419;2021-12-31 00:00:00;136900397.54;
5255;Gastos públicos em cada área administrativa do município – Encargos Especiais;Gastos públicos em cada área administrativa do município – Encargos Especiais - Cidades Sustentaveis;Sefin;D;4681;SEFIN;secretarias;6842;2022-12-31 00:00:00;150091666.21;
5255;Gastos públicos em cada área administrativa do município – Encargos Especiais;Gastos públicos em cada área administrativa do município – Encargos Especiais - Cidades Sustentaveis;Sefin;D;4681;SEFIN;secretarias;7513;2023-12-31 00:00:00;170224215.32;
