codigo;nome;descricao;fonte;tipoValor;id_orgao;sigla_orgao;tipo_orgao;valores_codigo;valores_data;valores_valor;valores_descricao
5260;Gastos públicos em cada área administrativa do município – Urbanismo;Gastos públicos em cada área administrativa do município – Urbanismo - Cidades Sustentaveis;Sefin;D;4681;SEFIN;secretarias;1515;2017-12-31 00:00:00;256861929.63;
5260;Gastos públicos em cada área administrativa do município – Urbanismo;Gastos públicos em cada área administrativa do município – Urbanismo - Cidades Sustentaveis;Sefin;D;4681;SEFIN;secretarias;1516;2016-12-31 00:00:00;288851706.00;
5260;Gastos públicos em cada área administrativa do município – Urbanismo;Gastos públicos em cada área administrativa do município – Urbanismo - Cidades Sustentaveis;Sefin;D;4681;SEFIN;secretarias;3629;2018-12-31 00:00:00;194654596.32;
5260;Gastos públicos em cada área administrativa do município – Urbanismo;Gastos públicos em cada área administrativa do município – Urbanismo - Cidades Sustentaveis;Sefin;D;4681;SEFIN;secretarias;4562;2019-12-31 00:00:00;356672227.48;
5260;Gastos públicos em cada área administrativa do município – Urbanismo;Gastos públicos em cada área administrativa do município – Urbanismo - Cidades Sustentaveis;Sefin;D;4681;SEFIN;secretarias;4979;2020-12-31 00:00:00;364817281.91;
5260;Gastos públicos em cada área administrativa do município – Urbanismo;Gastos públicos em cada área administrativa do município – Urbanismo - Cidades Sustentaveis;Sefin;D;4681;SEFIN;secretarias;5426;2021-12-31 00:00:00;365972909.93;
5260;Gastos públicos em cada área administrativa do município – Urbanismo;Gastos públicos em cada área administrativa do município – Urbanismo - Cidades Sustentaveis;Sefin;D;4681;SEFIN;secretarias;6857;2022-12-31 00:00:00;341194456.18;
5260;Gastos públicos em cada área administrativa do município – Urbanismo;Gastos públicos em cada área administrativa do município – Urbanismo - Cidades Sustentaveis;Sefin;D;4681;SEFIN;secretarias;7520;2023-12-31 00:00:00;540415581.07;
