codigo;nome;descricao;fonte;tipoValor;id_orgao;sigla_orgao;tipo_orgao;valores_codigo;valores_data;valores_valor;valores_descricao
5261;Gastos públicos em cada área administrativa do município – Desporto e Lazer;Gastos públicos em cada área administrativa do município – Desporto e Lazer - Cidades Sustentaveis;Sefin;D;4681;SEFIN;secretarias;1517;2017-12-31 00:00:00;19065883.65;
5261;Gastos públicos em cada área administrativa do município – Desporto e Lazer;Gastos públicos em cada área administrativa do município – Desporto e Lazer - Cidades Sustentaveis;Sefin;D;4681;SEFIN;secretarias;1518;2016-12-31 00:00:00;26395028.00;
5261;Gastos públicos em cada área administrativa do município – Desporto e Lazer;Gastos públicos em cada área administrativa do município – Desporto e Lazer - Cidades Sustentaveis;Sefin;D;4681;SEFIN;secretarias;3630;2018-12-31 00:00:00;2377858.93;
5261;Gastos públicos em cada área administrativa do município – Desporto e Lazer;Gastos públicos em cada área administrativa do município – Desporto e Lazer - Cidades Sustentaveis;Sefin;D;4681;SEFIN;secretarias;4563;2019-12-31 00:00:00;3560655.38;
5261;Gastos públicos em cada área administrativa do município – Desporto e Lazer;Gastos públicos em cada área administrativa do município – Desporto e Lazer - Cidades Sustentaveis;Sefin;D;4681;SEFIN;secretarias;4980;2020-12-31 00:00:00;3932450.18;
5261;Gastos públicos em cada área administrativa do município – Desporto e Lazer;Gastos públicos em cada área administrativa do município – Desporto e Lazer - Cidades Sustentaveis;Sefin;D;4681;SEFIN;secretarias;5416;2021-12-31 00:00:00;4361695.44;
5261;Gastos públicos em cada área administrativa do município – Desporto e Lazer;Gastos públicos em cada área administrativa do município – Desporto e Lazer - Cidades Sustentaveis;Sefin;D;4681;SEFIN;secretarias;6839;2022-12-31 00:00:00;7019917.44;
5261;Gastos públicos em cada área administrativa do município – Desporto e Lazer;Gastos públicos em cada área administrativa do município – Desporto e Lazer - Cidades Sustentaveis;Sefin;D;4681;SEFIN;secretarias;7510;2023-12-31 00:00:00;8119173.45;
