codigo;nome;descricao;fonte;tipoValor;id_orgao;sigla_orgao;tipo_orgao;valores_codigo;valores_data;valores_valor;valores_descricao
5262;Gastos públicos em cada área administrativa do município – Direitos da Cidadania;Gastos públicos em cada área administrativa do município – Direitos da Cidadania - Cidades Sustentaveis;Sefin;D;4681;SEFIN;secretarias;1519;2016-12-31 00:00:00;8350783.00;
5262;Gastos públicos em cada área administrativa do município – Direitos da Cidadania;Gastos públicos em cada área administrativa do município – Direitos da Cidadania - Cidades Sustentaveis;Sefin;D;4681;SEFIN;secretarias;1520;2017-12-31 00:00:00;8888606.43;
5262;Gastos públicos em cada área administrativa do município – Direitos da Cidadania;Gastos públicos em cada área administrativa do município – Direitos da Cidadania - Cidades Sustentaveis;Sefin;D;4681;SEFIN;secretarias;3631;2018-12-31 00:00:00;1715055.77;
5262;Gastos públicos em cada área administrativa do município – Direitos da Cidadania;Gastos públicos em cada área administrativa do município – Direitos da Cidadania - Cidades Sustentaveis;Sefin;D;4681;SEFIN;secretarias;4564;2019-12-31 00:00:00;1087574.52;
5262;Gastos públicos em cada área administrativa do município – Direitos da Cidadania;Gastos públicos em cada área administrativa do município – Direitos da Cidadania - Cidades Sustentaveis;Sefin;D;4681;SEFIN;secretarias;4981;2020-12-31 00:00:00;1923234.93;
5262;Gastos públicos em cada área administrativa do município – Direitos da Cidadania;Gastos públicos em cada área administrativa do município – Direitos da Cidadania - Cidades Sustentaveis;Sefin;D;4681;SEFIN;secretarias;5417;2021-12-31 00:00:00;796012.72;
5262;Gastos públicos em cada área administrativa do município – Direitos da Cidadania;Gastos públicos em cada área administrativa do município – Direitos da Cidadania - Cidades Sustentaveis;Sefin;D;4681;SEFIN;secretarias;6840;2022-12-31 00:00:00;411588.66;
5262;Gastos públicos em cada área administrativa do município – Direitos da Cidadania;Gastos públicos em cada área administrativa do município – Direitos da Cidadania - Cidades Sustentaveis;Sefin;D;4681;SEFIN;secretarias;7511;2023-12-31 00:00:00;2862296.85;
