codigo;nome;descricao;fonte;tipoValor;id_orgao;sigla_orgao;tipo_orgao;valores_codigo;valores_data;valores_valor;valores_descricao
5263;Gastos públicos em cada área administrativa do município – Comércio e Serviços;Gastos públicos em cada área administrativa do município – Comércio e Serviços - Cidades Sustentaveis;Sefin;D;4681;SEFIN;secretarias;1521;2017-12-31 00:00:00;999999.99;
5263;Gastos públicos em cada área administrativa do município – Comércio e Serviços;Gastos públicos em cada área administrativa do município – Comércio e Serviços - Cidades Sustentaveis;Sefin;D;4681;SEFIN;secretarias;1522;2016-12-31 00:00:00;999999.99;
5263;Gastos públicos em cada área administrativa do município – Comércio e Serviços;Gastos públicos em cada área administrativa do município – Comércio e Serviços - Cidades Sustentaveis;Sefin;D;4681;SEFIN;secretarias;3632;2018-12-31 00:00:00;3558711.02;
5263;Gastos públicos em cada área administrativa do município – Comércio e Serviços;Gastos públicos em cada área administrativa do município – Comércio e Serviços - Cidades Sustentaveis;Sefin;D;4681;SEFIN;secretarias;4565;2019-12-31 00:00:00;1238687.32;
5263;Gastos públicos em cada área administrativa do município – Comércio e Serviços;Gastos públicos em cada área administrativa do município – Comércio e Serviços - Cidades Sustentaveis;Sefin;D;4681;SEFIN;secretarias;4982;2020-12-31 00:00:00;1000577.50;
5263;Gastos públicos em cada área administrativa do município – Comércio e Serviços;Gastos públicos em cada área administrativa do município – Comércio e Serviços - Cidades Sustentaveis;Sefin;D;4681;SEFIN;secretarias;5415;2021-12-31 00:00:00;6949336.67;
5263;Gastos públicos em cada área administrativa do município – Comércio e Serviços;Gastos públicos em cada área administrativa do município – Comércio e Serviços - Cidades Sustentaveis;Sefin;D;4681;SEFIN;secretarias;6836;2022-12-31 00:00:00;7446381.04;
5263;Gastos públicos em cada área administrativa do município – Comércio e Serviços;Gastos públicos em cada área administrativa do município – Comércio e Serviços - Cidades Sustentaveis;Sefin;D;4681;SEFIN;secretarias;7590;2023-12-31 00:00:00;0.00;
