codigo;nome;descricao;fonte;tipoValor;id_orgao;sigla_orgao;tipo_orgao;valores_codigo;valores_data;valores_valor;valores_descricao
5264;Gastos públicos em cada área administrativa do município -Cultura;Gastos públicos em cada área administrativa do município -Cultura - Cidades Sustentaveis;Sefin;D;4681;SEFIN;secretarias;1523;2017-12-31 00:00:00;26976947.60;
5264;Gastos públicos em cada área administrativa do município -Cultura;Gastos públicos em cada área administrativa do município -Cultura - Cidades Sustentaveis;Sefin;D;4681;SEFIN;secretarias;1524;2016-12-31 00:00:00;37725933.00;
5264;Gastos públicos em cada área administrativa do município -Cultura;Gastos públicos em cada área administrativa do município -Cultura - Cidades Sustentaveis;Sefin;D;4681;SEFIN;secretarias;3633;2018-12-31 00:00:00;9053236.00;
5264;Gastos públicos em cada área administrativa do município -Cultura;Gastos públicos em cada área administrativa do município -Cultura - Cidades Sustentaveis;Sefin;D;4681;SEFIN;secretarias;4566;2019-12-31 00:00:00;18243750.01;
5264;Gastos públicos em cada área administrativa do município -Cultura;Gastos públicos em cada área administrativa do município -Cultura - Cidades Sustentaveis;Sefin;D;4681;SEFIN;secretarias;4983;2020-12-31 00:00:00;18851899.06;
5264;Gastos públicos em cada área administrativa do município -Cultura;Gastos públicos em cada área administrativa do município -Cultura - Cidades Sustentaveis;Sefin;D;4681;SEFIN;secretarias;5412;2021-12-31 00:00:00;10818910.10;
5264;Gastos públicos em cada área administrativa do município -Cultura;Gastos públicos em cada área administrativa do município -Cultura - Cidades Sustentaveis;Sefin;D;4681;SEFIN;secretarias;6833;2022-12-31 00:00:00;20769984.07;
5264;Gastos públicos em cada área administrativa do município -Cultura;Gastos públicos em cada área administrativa do município -Cultura - Cidades Sustentaveis;Sefin;D;4681;SEFIN;secretarias;7505;2023-12-31 00:00:00;40754115.44;
