codigo;nome;descricao;fonte;tipoValor;id_orgao;sigla_orgao;tipo_orgao;valores_codigo;valores_data;valores_valor;valores_descricao
5265;Gastos públicos em cada área administrativa do município – Assistência Social;Gastos públicos em cada área administrativa do município – Assistência Social - Cidades Sustentaveis;Sefin;D;4681;SEFIN;secretarias;1525;2017-12-31 00:00:00;54983131.36;
5265;Gastos públicos em cada área administrativa do município – Assistência Social;Gastos públicos em cada área administrativa do município – Assistência Social - Cidades Sustentaveis;Sefin;D;4681;SEFIN;secretarias;1526;2016-12-31 00:00:00;52073398.00;
5265;Gastos públicos em cada área administrativa do município – Assistência Social;Gastos públicos em cada área administrativa do município – Assistência Social - Cidades Sustentaveis;Sefin;D;4681;SEFIN;secretarias;3634;2018-12-31 00:00:00;63901408.57;
5265;Gastos públicos em cada área administrativa do município – Assistência Social;Gastos públicos em cada área administrativa do município – Assistência Social - Cidades Sustentaveis;Sefin;D;4681;SEFIN;secretarias;4567;2019-12-31 00:00:00;67506914.44;
5265;Gastos públicos em cada área administrativa do município – Assistência Social;Gastos públicos em cada área administrativa do município – Assistência Social - Cidades Sustentaveis;Sefin;D;4681;SEFIN;secretarias;4985;2020-12-31 00:00:00;68487848.28;
5265;Gastos públicos em cada área administrativa do município – Assistência Social;Gastos públicos em cada área administrativa do município – Assistência Social - Cidades Sustentaveis;Sefin;D;4681;SEFIN;secretarias;5414;2021-12-31 00:00:00;76068079.63;
5265;Gastos públicos em cada área administrativa do município – Assistência Social;Gastos públicos em cada área administrativa do município – Assistência Social - Cidades Sustentaveis;Sefin;D;4681;SEFIN;secretarias;6835;2022-12-31 00:00:00;91078161.61;
5265;Gastos públicos em cada área administrativa do município – Assistência Social;Gastos públicos em cada área administrativa do município – Assistência Social - Cidades Sustentaveis;Sefin;D;4681;SEFIN;secretarias;7507;2023-12-31 00:00:00;93103243.14;
