codigo;nome;descricao;fonte;tipoValor;id_orgao;sigla_orgao;tipo_orgao;valores_codigo;valores_data;valores_valor;valores_descricao
5266;Nota do Índice de Desenvolvimento da Educação Básica (IDEB) - Rede municipal - anos iniciais;Nota do Índice de Desenvolvimento da Educação Básica (IDEB) - Rede municipal - anos iniciais - Cidades Sustentaveis;Inep;D;2907;SEDUC;secretarias;3241;2015-08-31 00:00:00;6.10;
5266;Nota do Índice de Desenvolvimento da Educação Básica (IDEB) - Rede municipal - anos iniciais;Nota do Índice de Desenvolvimento da Educação Básica (IDEB) - Rede municipal - anos iniciais - Cidades Sustentaveis;Inep;D;2907;SEDUC;secretarias;3242;2016-12-31 00:00:00;6.10;
5266;Nota do Índice de Desenvolvimento da Educação Básica (IDEB) - Rede municipal - anos iniciais;Nota do Índice de Desenvolvimento da Educação Básica (IDEB) - Rede municipal - anos iniciais - Cidades Sustentaveis;Inep;D;2907;SEDUC;secretarias;3243;2014-08-31 00:00:00;5.60;
5266;Nota do Índice de Desenvolvimento da Educação Básica (IDEB) - Rede municipal - anos iniciais;Nota do Índice de Desenvolvimento da Educação Básica (IDEB) - Rede municipal - anos iniciais - Cidades Sustentaveis;Inep;D;2907;SEDUC;secretarias;3244;2013-08-31 00:00:00;5.60;
5266;Nota do Índice de Desenvolvimento da Educação Básica (IDEB) - Rede municipal - anos iniciais;Nota do Índice de Desenvolvimento da Educação Básica (IDEB) - Rede municipal - anos iniciais - Cidades Sustentaveis;Inep;D;2907;SEDUC;secretarias;3245;2017-12-31 00:00:00;6.00;
5266;Nota do Índice de Desenvolvimento da Educação Básica (IDEB) - Rede municipal - anos iniciais;Nota do Índice de Desenvolvimento da Educação Básica (IDEB) - Rede municipal - anos iniciais - Cidades Sustentaveis;Inep;D;2907;SEDUC;secretarias;3792;2018-12-31 00:00:00;6.00;
5266;Nota do Índice de Desenvolvimento da Educação Básica (IDEB) - Rede municipal - anos iniciais;Nota do Índice de Desenvolvimento da Educação Básica (IDEB) - Rede municipal - anos iniciais - Cidades Sustentaveis;Inep;D;2907;SEDUC;secretarias;4505;2019-12-31 00:00:00;6.00;
5266;Nota do Índice de Desenvolvimento da Educação Básica (IDEB) - Rede municipal - anos iniciais;Nota do Índice de Desenvolvimento da Educação Básica (IDEB) - Rede municipal - anos iniciais - Cidades Sustentaveis;Inep;D;2907;SEDUC;secretarias;5116;2020-12-31 00:00:00;5.80;
5266;Nota do Índice de Desenvolvimento da Educação Básica (IDEB) - Rede municipal - anos iniciais;Nota do Índice de Desenvolvimento da Educação Básica (IDEB) - Rede municipal - anos iniciais - Cidades Sustentaveis;Inep;D;2907;SEDUC;secretarias;5608;2021-12-21 00:00:00;5.80;
5266;Nota do Índice de Desenvolvimento da Educação Básica (IDEB) - Rede municipal - anos iniciais;Nota do Índice de Desenvolvimento da Educação Básica (IDEB) - Rede municipal - anos iniciais - Cidades Sustentaveis;Inep;D;2907;SEDUC;secretarias;6412;2022-12-31 00:00:00;5.90;
5266;Nota do Índice de Desenvolvimento da Educação Básica (IDEB) - Rede municipal - anos iniciais;Nota do Índice de Desenvolvimento da Educação Básica (IDEB) - Rede municipal - anos iniciais - Cidades Sustentaveis;Inep;D;2907;SEDUC;secretarias;7032;2023-12-31 00:00:00;5.90;
