codigo;nome;descricao;fonte;tipoValor;id_orgao;sigla_orgao;tipo_orgao;valores_codigo;valores_data;valores_valor;valores_descricao
5269;Número de matrículas em creches municipais;Número de matrículas em creches municipais - Cidades Sustentaveis;Seduc;I;2907;SEDUC;secretarias;3256;2015-08-31 00:00:00;3689.00;
5269;Número de matrículas em creches municipais;Número de matrículas em creches municipais - Cidades Sustentaveis;Seduc;I;2907;SEDUC;secretarias;3257;2013-08-31 00:00:00;3335.00;
5269;Número de matrículas em creches municipais;Número de matrículas em creches municipais - Cidades Sustentaveis;Seduc;I;2907;SEDUC;secretarias;3258;2014-08-31 00:00:00;3456.00;
5269;Número de matrículas em creches municipais;Número de matrículas em creches municipais - Cidades Sustentaveis;Seduc;I;2907;SEDUC;secretarias;3259;2016-12-31 00:00:00;3981.00;
5269;Número de matrículas em creches municipais;Número de matrículas em creches municipais - Cidades Sustentaveis;Seduc;I;2907;SEDUC;secretarias;3260;2017-12-31 00:00:00;3986.00;
5269;Número de matrículas em creches municipais;Número de matrículas em creches municipais - Cidades Sustentaveis;Seduc;I;2907;SEDUC;secretarias;3837;2018-12-31 00:00:00;3733.00;
5269;Número de matrículas em creches municipais;Número de matrículas em creches municipais - Cidades Sustentaveis;Seduc;I;2907;SEDUC;secretarias;4381;2019-12-31 00:00:00;3821.00;
5269;Número de matrículas em creches municipais;Número de matrículas em creches municipais - Cidades Sustentaveis;Seduc;I;2907;SEDUC;secretarias;5113;2020-12-31 00:00:00;3570.00;
5269;Número de matrículas em creches municipais;Número de matrículas em creches municipais - Cidades Sustentaveis;Seduc;I;2907;SEDUC;secretarias;5467;2021-12-21 00:00:00;3418.00;
5269;Número de matrículas em creches municipais;Número de matrículas em creches municipais - Cidades Sustentaveis;Seduc;I;2907;SEDUC;secretarias;6432;2022-12-31 00:00:00;3447.00;
5269;Número de matrículas em creches municipais;Número de matrículas em creches municipais - Cidades Sustentaveis;Seduc;I;2907;SEDUC;secretarias;7357;2023-12-31 00:00:00;3416.00;
