codigo;nome;descricao;fonte;tipoValor;id_orgao;sigla_orgao;tipo_orgao;valores_codigo;valores_data;valores_valor;valores_descricao
5270;Número total de inscritos em creches (matrículas efetuadas + vagas solicitadas);Número total de inscritos em creches (matrículas efetuadas + vagas solicitadas) - Cidades Sustentaveis;Seduc;I;2907;SEDUC;secretarias;3261;2016-12-31 00:00:00;4219.00;
5270;Número total de inscritos em creches (matrículas efetuadas + vagas solicitadas);Número total de inscritos em creches (matrículas efetuadas + vagas solicitadas) - Cidades Sustentaveis;Seduc;I;2907;SEDUC;secretarias;3262;2013-08-31 00:00:00;3549.00;
5270;Número total de inscritos em creches (matrículas efetuadas + vagas solicitadas);Número total de inscritos em creches (matrículas efetuadas + vagas solicitadas) - Cidades Sustentaveis;Seduc;I;2907;SEDUC;secretarias;3263;2014-08-31 00:00:00;3841.00;
5270;Número total de inscritos em creches (matrículas efetuadas + vagas solicitadas);Número total de inscritos em creches (matrículas efetuadas + vagas solicitadas) - Cidades Sustentaveis;Seduc;I;2907;SEDUC;secretarias;3264;2015-08-31 00:00:00;4063.00;
5270;Número total de inscritos em creches (matrículas efetuadas + vagas solicitadas);Número total de inscritos em creches (matrículas efetuadas + vagas solicitadas) - Cidades Sustentaveis;Seduc;I;2907;SEDUC;secretarias;3265;2017-12-31 00:00:00;4144.00;
5270;Número total de inscritos em creches (matrículas efetuadas + vagas solicitadas);Número total de inscritos em creches (matrículas efetuadas + vagas solicitadas) - Cidades Sustentaveis;Seduc;I;2907;SEDUC;secretarias;3852;2018-12-31 00:00:00;4045.00;
5270;Número total de inscritos em creches (matrículas efetuadas + vagas solicitadas);Número total de inscritos em creches (matrículas efetuadas + vagas solicitadas) - Cidades Sustentaveis;Seduc;I;2907;SEDUC;secretarias;4382;2019-12-31 00:00:00;3841.00;
5270;Número total de inscritos em creches (matrículas efetuadas + vagas solicitadas);Número total de inscritos em creches (matrículas efetuadas + vagas solicitadas) - Cidades Sustentaveis;Seduc;I;2907;SEDUC;secretarias;5028;2020-12-31 00:00:00;4052.00;
5270;Número total de inscritos em creches (matrículas efetuadas + vagas solicitadas);Número total de inscritos em creches (matrículas efetuadas + vagas solicitadas) - Cidades Sustentaveis;Seduc;I;2907;SEDUC;secretarias;5468;2021-12-21 00:00:00;3418.00;
5270;Número total de inscritos em creches (matrículas efetuadas + vagas solicitadas);Número total de inscritos em creches (matrículas efetuadas + vagas solicitadas) - Cidades Sustentaveis;Seduc;I;2907;SEDUC;secretarias;6446;2022-12-31 00:00:00;6980.00;
5270;Número total de inscritos em creches (matrículas efetuadas + vagas solicitadas);Número total de inscritos em creches (matrículas efetuadas + vagas solicitadas) - Cidades Sustentaveis;Seduc;I;2907;SEDUC;secretarias;7359;2023-12-31 00:00:00;7252.00;
