codigo;nome;descricao;fonte;tipoValor;id_orgao;sigla_orgao;tipo_orgao;valores_codigo;valores_data;valores_valor;valores_descricao
5273;Número total de mortes por homicídio de jovens homens com idade entre 15 e 29 anos;"Número total de mortes por homicídio de jovens homens com idade entre 15 e 29 anos - Cidades Sustentáveis - Indicador ""Homicídio juvenil""!";Secretaria de Segurança Pública do Estado de São Paulo - Polícia Civil (Deinter 6);I;779;SESEG;secretarias;3271;2014-12-31 00:00:00;0.00;
5273;Número total de mortes por homicídio de jovens homens com idade entre 15 e 29 anos;"Número total de mortes por homicídio de jovens homens com idade entre 15 e 29 anos - Cidades Sustentáveis - Indicador ""Homicídio juvenil""!";Secretaria de Segurança Pública do Estado de São Paulo - Polícia Civil (Deinter 6);I;779;SESEG;secretarias;3272;2016-12-31 00:00:00;10.00;
5273;Número total de mortes por homicídio de jovens homens com idade entre 15 e 29 anos;"Número total de mortes por homicídio de jovens homens com idade entre 15 e 29 anos - Cidades Sustentáveis - Indicador ""Homicídio juvenil""!";Secretaria de Segurança Pública do Estado de São Paulo - Polícia Civil (Deinter 6);I;779;SESEG;secretarias;3273;2017-12-31 00:00:00;3.00;
5273;Número total de mortes por homicídio de jovens homens com idade entre 15 e 29 anos;"Número total de mortes por homicídio de jovens homens com idade entre 15 e 29 anos - Cidades Sustentáveis - Indicador ""Homicídio juvenil""!";Secretaria de Segurança Pública do Estado de São Paulo - Polícia Civil (Deinter 6);I;779;SESEG;secretarias;3274;2013-12-31 00:00:00;0.00;
5273;Número total de mortes por homicídio de jovens homens com idade entre 15 e 29 anos;"Número total de mortes por homicídio de jovens homens com idade entre 15 e 29 anos - Cidades Sustentáveis - Indicador ""Homicídio juvenil""!";Secretaria de Segurança Pública do Estado de São Paulo - Polícia Civil (Deinter 6);I;779;SESEG;secretarias;3275;2015-12-31 00:00:00;0.00;
5273;Número total de mortes por homicídio de jovens homens com idade entre 15 e 29 anos;"Número total de mortes por homicídio de jovens homens com idade entre 15 e 29 anos - Cidades Sustentáveis - Indicador ""Homicídio juvenil""!";Secretaria de Segurança Pública do Estado de São Paulo - Polícia Civil (Deinter 6);I;779;SESEG;secretarias;3741;2018-12-31 00:00:00;2.00;
5273;Número total de mortes por homicídio de jovens homens com idade entre 15 e 29 anos;"Número total de mortes por homicídio de jovens homens com idade entre 15 e 29 anos - Cidades Sustentáveis - Indicador ""Homicídio juvenil""!";Secretaria de Segurança Pública do Estado de São Paulo - Polícia Civil (Deinter 6);I;779;SESEG;secretarias;4293;2019-12-31 00:00:00;2.00;
5273;Número total de mortes por homicídio de jovens homens com idade entre 15 e 29 anos;"Número total de mortes por homicídio de jovens homens com idade entre 15 e 29 anos - Cidades Sustentáveis - Indicador ""Homicídio juvenil""!";Secretaria de Segurança Pública do Estado de São Paulo - Polícia Civil (Deinter 6);I;779;SESEG;secretarias;4840;2020-12-31 00:00:00;1.00;
5273;Número total de mortes por homicídio de jovens homens com idade entre 15 e 29 anos;"Número total de mortes por homicídio de jovens homens com idade entre 15 e 29 anos - Cidades Sustentáveis - Indicador ""Homicídio juvenil""!";Secretaria de Segurança Pública do Estado de São Paulo - Polícia Civil (Deinter 6);I;779;SESEG;secretarias;5382;2021-12-31 00:00:00;4.00;
5273;Número total de mortes por homicídio de jovens homens com idade entre 15 e 29 anos;"Número total de mortes por homicídio de jovens homens com idade entre 15 e 29 anos - Cidades Sustentáveis - Indicador ""Homicídio juvenil""!";Secretaria de Segurança Pública do Estado de São Paulo - Polícia Civil (Deinter 6);I;779;SESEG;secretarias;6573;2022-12-31 00:00:00;7.00;
