codigo;nome;descricao;fonte;tipoValor;id_orgao;sigla_orgao;tipo_orgao;valores_codigo;valores_data;valores_valor;valores_descricao
5274;Número total de roubos no município;"Número total de roubos no município - Cidades Sustentáveis - Indicador ""Roubos""";Secretaria de Segurança Pública do Estado de São Paulo - Polícia Civil (Deinter 6);I;779;SESEG;secretarias;3276;2013-12-31 00:00:00;4145.00;
5274;Número total de roubos no município;"Número total de roubos no município - Cidades Sustentáveis - Indicador ""Roubos""";Secretaria de Segurança Pública do Estado de São Paulo - Polícia Civil (Deinter 6);I;779;SESEG;secretarias;3277;2015-12-31 00:00:00;4540.00;
5274;Número total de roubos no município;"Número total de roubos no município - Cidades Sustentáveis - Indicador ""Roubos""";Secretaria de Segurança Pública do Estado de São Paulo - Polícia Civil (Deinter 6);I;779;SESEG;secretarias;3278;2014-12-31 00:00:00;5370.00;
5274;Número total de roubos no município;"Número total de roubos no município - Cidades Sustentáveis - Indicador ""Roubos""";Secretaria de Segurança Pública do Estado de São Paulo - Polícia Civil (Deinter 6);I;779;SESEG;secretarias;3279;2016-12-31 00:00:00;4378.00;
5274;Número total de roubos no município;"Número total de roubos no município - Cidades Sustentáveis - Indicador ""Roubos""";Secretaria de Segurança Pública do Estado de São Paulo - Polícia Civil (Deinter 6);I;779;SESEG;secretarias;3280;2017-12-31 00:00:00;3724.00;
5274;Número total de roubos no município;"Número total de roubos no município - Cidades Sustentáveis - Indicador ""Roubos""";Secretaria de Segurança Pública do Estado de São Paulo - Polícia Civil (Deinter 6);I;779;SESEG;secretarias;3742;2018-12-31 00:00:00;3017.00;
5274;Número total de roubos no município;"Número total de roubos no município - Cidades Sustentáveis - Indicador ""Roubos""";Secretaria de Segurança Pública do Estado de São Paulo - Polícia Civil (Deinter 6);I;779;SESEG;secretarias;4294;2019-12-31 00:00:00;2523.00;
5274;Número total de roubos no município;"Número total de roubos no município - Cidades Sustentáveis - Indicador ""Roubos""";Secretaria de Segurança Pública do Estado de São Paulo - Polícia Civil (Deinter 6);I;779;SESEG;secretarias;4841;2020-12-31 00:00:00;1877.00;
5274;Número total de roubos no município;"Número total de roubos no município - Cidades Sustentáveis - Indicador ""Roubos""";Secretaria de Segurança Pública do Estado de São Paulo - Polícia Civil (Deinter 6);I;779;SESEG;secretarias;5383;2021-12-31 00:00:00;1757.00;
5274;Número total de roubos no município;"Número total de roubos no município - Cidades Sustentáveis - Indicador ""Roubos""";Secretaria de Segurança Pública do Estado de São Paulo - Polícia Civil (Deinter 6);I;779;SESEG;secretarias;6574;2022-12-31 00:00:00;684.00;
