codigo;nome;descricao;fonte;tipoValor;id_orgao;sigla_orgao;tipo_orgao;valores_codigo;valores_data;valores_valor;valores_descricao
5276;Número total de ônibus coletivos no município;Número total de ônibus coletivos no município - Cidades Sustentaveis;CET;I;822;CET;autarquias;3281;2016-12-31 00:00:00;311.00;
5276;Número total de ônibus coletivos no município;Número total de ônibus coletivos no município - Cidades Sustentaveis;CET;I;822;CET;autarquias;3282;2017-12-31 00:00:00;311.00;
5276;Número total de ônibus coletivos no município;Número total de ônibus coletivos no município - Cidades Sustentaveis;CET;I;822;CET;autarquias;3283;2016-12-31 00:00:00;311.00;
5276;Número total de ônibus coletivos no município;Número total de ônibus coletivos no município - Cidades Sustentaveis;CET;I;822;CET;autarquias;3284;2017-12-31 00:00:00;311.00;
5276;Número total de ônibus coletivos no município;Número total de ônibus coletivos no município - Cidades Sustentaveis;CET;I;822;CET;autarquias;3285;2015-12-31 00:00:00;311.00;
5276;Número total de ônibus coletivos no município;Número total de ônibus coletivos no município - Cidades Sustentaveis;CET;I;822;CET;autarquias;3286;2015-12-31 00:00:00;311.00;
5276;Número total de ônibus coletivos no município;Número total de ônibus coletivos no município - Cidades Sustentaveis;CET;I;822;CET;autarquias;3287;2014-12-31 00:00:00;311.00;
5276;Número total de ônibus coletivos no município;Número total de ônibus coletivos no município - Cidades Sustentaveis;CET;I;822;CET;autarquias;3288;2014-12-31 00:00:00;311.00;
5276;Número total de ônibus coletivos no município;Número total de ônibus coletivos no município - Cidades Sustentaveis;CET;I;822;CET;autarquias;3289;2013-12-31 00:00:00;311.00;
5276;Número total de ônibus coletivos no município;Número total de ônibus coletivos no município - Cidades Sustentaveis;CET;I;822;CET;autarquias;3290;2013-12-31 00:00:00;311.00;
5276;Número total de ônibus coletivos no município;Número total de ônibus coletivos no município - Cidades Sustentaveis;CET;I;822;CET;autarquias;3820;2018-12-31 00:00:00;293.00;
5276;Número total de ônibus coletivos no município;Número total de ônibus coletivos no município - Cidades Sustentaveis;CET;I;822;CET;autarquias;4446;2019-12-31 00:00:00;293.00;
5276;Número total de ônibus coletivos no município;Número total de ônibus coletivos no município - Cidades Sustentaveis;CET;I;822;CET;autarquias;5034;2020-12-31 00:00:00;273.00;
5276;Número total de ônibus coletivos no município;Número total de ônibus coletivos no município - Cidades Sustentaveis;CET;I;822;CET;autarquias;5582;2021-12-31 00:00:00;224.00;
5276;Número total de ônibus coletivos no município;Número total de ônibus coletivos no município - Cidades Sustentaveis;CET;I;822;CET;autarquias;7004;2023-12-31 00:00:00;224.00;
