codigo;nome;descricao;fonte;tipoValor;id_orgao;sigla_orgao;tipo_orgao;valores_codigo;valores_data;valores_valor;valores_descricao
5280;Frota de Veículos;Frota de Veículos - Cidade Aberta;Prodesp;I;822;CET;autarquias;26;2015-12-31 00:00:00;305195.00;
5280;Frota de Veículos;Frota de Veículos - Cidade Aberta;Prodesp;I;822;CET;autarquias;27;2014-12-31 00:00:00;303423.00;
5280;Frota de Veículos;Frota de Veículos - Cidade Aberta;Prodesp;I;822;CET;autarquias;28;2013-12-31 00:00:00;300666.00;
5280;Frota de Veículos;Frota de Veículos - Cidade Aberta;Prodesp;I;822;CET;autarquias;29;2012-12-31 00:00:00;293659.00;
5280;Frota de Veículos;Frota de Veículos - Cidade Aberta;Prodesp;I;822;CET;autarquias;30;2011-12-31 00:00:00;284009.00;
5280;Frota de Veículos;Frota de Veículos - Cidade Aberta;Prodesp;I;822;CET;autarquias;31;2010-12-31 00:00:00;272139.00;
5280;Frota de Veículos;Frota de Veículos - Cidade Aberta;Prodesp;I;822;CET;autarquias;32;2016-12-31 00:00:00;305381.00;
5280;Frota de Veículos;Frota de Veículos - Cidade Aberta;Prodesp;I;822;CET;autarquias;33;2009-12-31 00:00:00;259880.00;
5280;Frota de Veículos;Frota de Veículos - Cidade Aberta;Prodesp;I;822;CET;autarquias;3903;2018-12-31 00:00:00;309254.00;
5280;Frota de Veículos;Frota de Veículos - Cidade Aberta;Prodesp;I;822;CET;autarquias;4482;2019-12-31 00:00:00;271241.00;
5280;Frota de Veículos;Frota de Veículos - Cidade Aberta;Prodesp;I;822;CET;autarquias;5037;2020-12-31 00:00:00;278459.00;
5280;Frota de Veículos;Frota de Veículos - Cidade Aberta;Prodesp;I;822;CET;autarquias;5583;2021-12-31 00:00:00;279003.00;
5280;Frota de Veículos;Frota de Veículos - Cidade Aberta;Prodesp;I;822;CET;autarquias;6993;2023-12-31 00:00:00;284562.00;
