codigo;nome;descricao;fonte;tipoValor;id_orgao;sigla_orgao;tipo_orgao;valores_codigo;valores_data;valores_valor;valores_descricao
5281;IPK – Índice de passageiros por quilômetro;IPK – Índice de passageiros por quilômetro - Cidade Aberta;Piracicabana;D;822;CET;autarquias;34;2011-12-31 00:00:00;2.40;
5281;IPK – Índice de passageiros por quilômetro;IPK – Índice de passageiros por quilômetro - Cidade Aberta;Piracicabana;D;822;CET;autarquias;35;2012-12-31 00:00:00;2.40;
5281;IPK – Índice de passageiros por quilômetro;IPK – Índice de passageiros por quilômetro - Cidade Aberta;Piracicabana;D;822;CET;autarquias;36;2013-12-31 00:00:00;2.40;
5281;IPK – Índice de passageiros por quilômetro;IPK – Índice de passageiros por quilômetro - Cidade Aberta;Piracicabana;D;822;CET;autarquias;37;2014-12-31 00:00:00;2.50;
5281;IPK – Índice de passageiros por quilômetro;IPK – Índice de passageiros por quilômetro - Cidade Aberta;Piracicabana;D;822;CET;autarquias;38;2009-12-31 00:00:00;2.30;
5281;IPK – Índice de passageiros por quilômetro;IPK – Índice de passageiros por quilômetro - Cidade Aberta;Piracicabana;D;822;CET;autarquias;39;2016-12-31 00:00:00;2.40;
5281;IPK – Índice de passageiros por quilômetro;IPK – Índice de passageiros por quilômetro - Cidade Aberta;Piracicabana;D;822;CET;autarquias;40;2010-12-31 00:00:00;2.30;
5281;IPK – Índice de passageiros por quilômetro;IPK – Índice de passageiros por quilômetro - Cidade Aberta;Piracicabana;D;822;CET;autarquias;41;2015-12-31 00:00:00;2.40;
5281;IPK – Índice de passageiros por quilômetro;IPK – Índice de passageiros por quilômetro - Cidade Aberta;Piracicabana;D;822;CET;autarquias;3904;2018-12-31 00:00:00;2.30;
5281;IPK – Índice de passageiros por quilômetro;IPK – Índice de passageiros por quilômetro - Cidade Aberta;Piracicabana;D;822;CET;autarquias;4447;2019-12-31 00:00:00;2.18;
5281;IPK – Índice de passageiros por quilômetro;IPK – Índice de passageiros por quilômetro - Cidade Aberta;Piracicabana;D;822;CET;autarquias;5040;2020-12-31 00:00:00;2.20;
5281;IPK – Índice de passageiros por quilômetro;IPK – Índice de passageiros por quilômetro - Cidade Aberta;Piracicabana;D;822;CET;autarquias;5584;2021-12-31 00:00:00;1.80;
5281;IPK – Índice de passageiros por quilômetro;IPK – Índice de passageiros por quilômetro - Cidade Aberta;Piracicabana;D;822;CET;autarquias;6994;2023-12-31 00:00:00;2.20;
