codigo;nome;descricao;fonte;tipoValor;id_orgao;sigla_orgao;tipo_orgao;valores_codigo;valores_data;valores_valor;valores_descricao
5282;Nº de vítimas fatais - Faixa Viva - 1 ano;Nº de vítimas fatais - Faixa Viva - 1 ano - Cidade Aberta;CET;I;822;CET;autarquias;42;2015-12-31 00:00:00;12.00;
5282;Nº de vítimas fatais - Faixa Viva - 1 ano;Nº de vítimas fatais - Faixa Viva - 1 ano - Cidade Aberta;CET;I;822;CET;autarquias;43;2016-12-31 00:00:00;10.00;
5282;Nº de vítimas fatais - Faixa Viva - 1 ano;Nº de vítimas fatais - Faixa Viva - 1 ano - Cidade Aberta;CET;I;822;CET;autarquias;3905;2018-12-31 00:00:00;6.00;
5282;Nº de vítimas fatais - Faixa Viva - 1 ano;Nº de vítimas fatais - Faixa Viva - 1 ano - Cidade Aberta;CET;I;822;CET;autarquias;4449;2019-12-31 00:00:00;1.00;
5282;Nº de vítimas fatais - Faixa Viva - 1 ano;Nº de vítimas fatais - Faixa Viva - 1 ano - Cidade Aberta;CET;I;822;CET;autarquias;5042;2020-12-31 00:00:00;1.00;
5282;Nº de vítimas fatais - Faixa Viva - 1 ano;Nº de vítimas fatais - Faixa Viva - 1 ano - Cidade Aberta;CET;I;822;CET;autarquias;5585;2021-12-31 00:00:00;1.00;
5282;Nº de vítimas fatais - Faixa Viva - 1 ano;Nº de vítimas fatais - Faixa Viva - 1 ano - Cidade Aberta;CET;I;822;CET;autarquias;6995;2023-12-31 00:00:00;4.00;
