codigo;nome;descricao;fonte;tipoValor;id_orgao;sigla_orgao;tipo_orgao;valores_codigo;valores_data;valores_valor;valores_descricao
5284;Número de atropelamentos;Número de atropelamentos - Cidade Aberta;CET;I;822;CET;autarquias;52;2013-12-31 00:00:00;239.00;
5284;Número de atropelamentos;Número de atropelamentos - Cidade Aberta;CET;I;822;CET;autarquias;53;2011-12-31 00:00:00;331.00;
5284;Número de atropelamentos;Número de atropelamentos - Cidade Aberta;CET;I;822;CET;autarquias;54;2009-12-31 00:00:00;338.00;
5284;Número de atropelamentos;Número de atropelamentos - Cidade Aberta;CET;I;822;CET;autarquias;55;2014-12-31 00:00:00;219.00;
5284;Número de atropelamentos;Número de atropelamentos - Cidade Aberta;CET;I;822;CET;autarquias;56;2015-12-31 00:00:00;250.00;
5284;Número de atropelamentos;Número de atropelamentos - Cidade Aberta;CET;I;822;CET;autarquias;57;2016-12-31 00:00:00;227.00;
5284;Número de atropelamentos;Número de atropelamentos - Cidade Aberta;CET;I;822;CET;autarquias;58;2012-12-31 00:00:00;285.00;
5284;Número de atropelamentos;Número de atropelamentos - Cidade Aberta;CET;I;822;CET;autarquias;59;2010-12-31 00:00:00;333.00;
5284;Número de atropelamentos;Número de atropelamentos - Cidade Aberta;CET;I;822;CET;autarquias;3906;2019-12-31 00:00:00;119.00;
5284;Número de atropelamentos;Número de atropelamentos - Cidade Aberta;CET;I;822;CET;autarquias;5044;2020-12-31 00:00:00;66.00;
5284;Número de atropelamentos;Número de atropelamentos - Cidade Aberta;CET;I;822;CET;autarquias;5586;2021-12-31 00:00:00;93.00;
5284;Número de atropelamentos;Número de atropelamentos - Cidade Aberta;CET;I;822;CET;autarquias;6998;2023-12-31 00:00:00;146.00;
