codigo;nome;descricao;fonte;tipoValor;id_orgao;sigla_orgao;tipo_orgao;valores_codigo;valores_data;valores_valor;valores_descricao
5316;Alfabetização até 08 anos;Alfabetização até 08 Anos - Cidade Aberta;SEDUC/SIGES;I;2907;SEDUC;secretarias;301;2015-12-31 00:00:00;5912.00;
5316;Alfabetização até 08 anos;Alfabetização até 08 Anos - Cidade Aberta;SEDUC/SIGES;I;2907;SEDUC;secretarias;302;2014-12-31 00:00:00;2814.00;
5316;Alfabetização até 08 anos;Alfabetização até 08 Anos - Cidade Aberta;SEDUC/SIGES;I;2907;SEDUC;secretarias;303;2013-12-31 00:00:00;2693.00;
5316;Alfabetização até 08 anos;Alfabetização até 08 Anos - Cidade Aberta;SEDUC/SIGES;I;2907;SEDUC;secretarias;304;2016-12-31 00:00:00;2812.00;
5316;Alfabetização até 08 anos;Alfabetização até 08 Anos - Cidade Aberta;SEDUC/SIGES;I;2907;SEDUC;secretarias;305;2011-12-31 00:00:00;3082.00;
5316;Alfabetização até 08 anos;Alfabetização até 08 Anos - Cidade Aberta;SEDUC/SIGES;I;2907;SEDUC;secretarias;306;2010-12-31 00:00:00;3080.00;
5316;Alfabetização até 08 anos;Alfabetização até 08 Anos - Cidade Aberta;SEDUC/SIGES;I;2907;SEDUC;secretarias;307;2009-12-31 00:00:00;3899.00;
5316;Alfabetização até 08 anos;Alfabetização até 08 Anos - Cidade Aberta;SEDUC/SIGES;I;2907;SEDUC;secretarias;308;2012-12-31 00:00:00;3117.00;
5316;Alfabetização até 08 anos;Alfabetização até 08 Anos - Cidade Aberta;SEDUC/SIGES;I;2907;SEDUC;secretarias;3887;2018-12-31 00:00:00;8291.00;
5316;Alfabetização até 08 anos;Alfabetização até 08 Anos - Cidade Aberta;SEDUC/SIGES;I;2907;SEDUC;secretarias;4417;2019-12-31 00:00:00;8658.00;
5316;Alfabetização até 08 anos;Alfabetização até 08 Anos - Cidade Aberta;SEDUC/SIGES;I;2907;SEDUC;secretarias;5029;2020-12-31 00:00:00;3004.00;
5316;Alfabetização até 08 anos;Alfabetização até 08 Anos - Cidade Aberta;SEDUC/SIGES;I;2907;SEDUC;secretarias;5469;2021-12-21 00:00:00;2796.00;
5316;Alfabetização até 08 anos;Alfabetização até 08 Anos - Cidade Aberta;SEDUC/SIGES;I;2907;SEDUC;secretarias;6399;2022-12-31 00:00:00;3568.00;
5316;Alfabetização até 08 anos;Alfabetização até 08 Anos - Cidade Aberta;SEDUC/SIGES;I;2907;SEDUC;secretarias;7020;2023-12-31 00:00:00;3493.00;
