codigo;nome;descricao;fonte;tipoValor;id_orgao;sigla_orgao;tipo_orgao;valores_codigo;valores_data;valores_valor;valores_descricao
5317;Alunos de inclusão atendidos em classes regulares;Alunos de Inclusão Atendidos em Classes Regulares - Cidade Aberta;Censo Inep;I;2907;SEDUC;secretarias;309;2009-12-31 00:00:00;502.00;
5317;Alunos de inclusão atendidos em classes regulares;Alunos de Inclusão Atendidos em Classes Regulares - Cidade Aberta;Censo Inep;I;2907;SEDUC;secretarias;310;2010-12-31 00:00:00;764.00;
5317;Alunos de inclusão atendidos em classes regulares;Alunos de Inclusão Atendidos em Classes Regulares - Cidade Aberta;Censo Inep;I;2907;SEDUC;secretarias;311;2011-12-31 00:00:00;332.00;
5317;Alunos de inclusão atendidos em classes regulares;Alunos de Inclusão Atendidos em Classes Regulares - Cidade Aberta;Censo Inep;I;2907;SEDUC;secretarias;312;2012-12-31 00:00:00;1000.00;
5317;Alunos de inclusão atendidos em classes regulares;Alunos de Inclusão Atendidos em Classes Regulares - Cidade Aberta;Censo Inep;I;2907;SEDUC;secretarias;313;2013-12-31 00:00:00;909.00;
5317;Alunos de inclusão atendidos em classes regulares;Alunos de Inclusão Atendidos em Classes Regulares - Cidade Aberta;Censo Inep;I;2907;SEDUC;secretarias;314;2014-12-31 00:00:00;881.00;
5317;Alunos de inclusão atendidos em classes regulares;Alunos de Inclusão Atendidos em Classes Regulares - Cidade Aberta;Censo Inep;I;2907;SEDUC;secretarias;315;2016-12-31 00:00:00;1009.00;
5317;Alunos de inclusão atendidos em classes regulares;Alunos de Inclusão Atendidos em Classes Regulares - Cidade Aberta;Censo Inep;I;2907;SEDUC;secretarias;316;2015-12-31 00:00:00;929.00;
5317;Alunos de inclusão atendidos em classes regulares;Alunos de Inclusão Atendidos em Classes Regulares - Cidade Aberta;Censo Inep;I;2907;SEDUC;secretarias;3838;2018-12-31 00:00:00;973.00;
5317;Alunos de inclusão atendidos em classes regulares;Alunos de Inclusão Atendidos em Classes Regulares - Cidade Aberta;Censo Inep;I;2907;SEDUC;secretarias;4383;2019-12-31 00:00:00;1043.00;
5317;Alunos de inclusão atendidos em classes regulares;Alunos de Inclusão Atendidos em Classes Regulares - Cidade Aberta;Censo Inep;I;2907;SEDUC;secretarias;5031;2020-12-31 00:00:00;1190.00;
5317;Alunos de inclusão atendidos em classes regulares;Alunos de Inclusão Atendidos em Classes Regulares - Cidade Aberta;Censo Inep;I;2907;SEDUC;secretarias;5470;2021-12-21 00:00:00;1185.00;
5317;Alunos de inclusão atendidos em classes regulares;Alunos de Inclusão Atendidos em Classes Regulares - Cidade Aberta;Censo Inep;I;2907;SEDUC;secretarias;6400;2022-12-31 00:00:00;1554.00;
5317;Alunos de inclusão atendidos em classes regulares;Alunos de Inclusão Atendidos em Classes Regulares - Cidade Aberta;Censo Inep;I;2907;SEDUC;secretarias;7021;2023-12-31 00:00:00;2369.00;
