codigo;nome;descricao;fonte;tipoValor;id_orgao;sigla_orgao;tipo_orgao;valores_codigo;valores_data;valores_valor;valores_descricao
5318;Alunos no Ensino Fundamental com idade acima da recomendada;Alunos no Ensino Fundamental com idade acima da recomendada - Cidade Aberta;SEDUC/SIGES;I;2907;SEDUC;secretarias;317;2009-12-31 00:00:00;3014.00;
5318;Alunos no Ensino Fundamental com idade acima da recomendada;Alunos no Ensino Fundamental com idade acima da recomendada - Cidade Aberta;SEDUC/SIGES;I;2907;SEDUC;secretarias;318;2010-12-31 00:00:00;3181.00;
5318;Alunos no Ensino Fundamental com idade acima da recomendada;Alunos no Ensino Fundamental com idade acima da recomendada - Cidade Aberta;SEDUC/SIGES;I;2907;SEDUC;secretarias;319;2011-12-31 00:00:00;3052.00;
5318;Alunos no Ensino Fundamental com idade acima da recomendada;Alunos no Ensino Fundamental com idade acima da recomendada - Cidade Aberta;SEDUC/SIGES;I;2907;SEDUC;secretarias;320;2012-12-31 00:00:00;2109.00;
5318;Alunos no Ensino Fundamental com idade acima da recomendada;Alunos no Ensino Fundamental com idade acima da recomendada - Cidade Aberta;SEDUC/SIGES;I;2907;SEDUC;secretarias;321;2013-12-31 00:00:00;2174.00;
5318;Alunos no Ensino Fundamental com idade acima da recomendada;Alunos no Ensino Fundamental com idade acima da recomendada - Cidade Aberta;SEDUC/SIGES;I;2907;SEDUC;secretarias;322;2015-12-31 00:00:00;1878.00;
5318;Alunos no Ensino Fundamental com idade acima da recomendada;Alunos no Ensino Fundamental com idade acima da recomendada - Cidade Aberta;SEDUC/SIGES;I;2907;SEDUC;secretarias;323;2014-12-31 00:00:00;2170.00;
5318;Alunos no Ensino Fundamental com idade acima da recomendada;Alunos no Ensino Fundamental com idade acima da recomendada - Cidade Aberta;SEDUC/SIGES;I;2907;SEDUC;secretarias;324;2016-12-31 00:00:00;1875.00;
5318;Alunos no Ensino Fundamental com idade acima da recomendada;Alunos no Ensino Fundamental com idade acima da recomendada - Cidade Aberta;SEDUC/SIGES;I;2907;SEDUC;secretarias;3839;2018-12-31 00:00:00;2353.00;
5318;Alunos no Ensino Fundamental com idade acima da recomendada;Alunos no Ensino Fundamental com idade acima da recomendada - Cidade Aberta;SEDUC/SIGES;I;2907;SEDUC;secretarias;4418;2019-12-31 00:00:00;1726.00;
5318;Alunos no Ensino Fundamental com idade acima da recomendada;Alunos no Ensino Fundamental com idade acima da recomendada - Cidade Aberta;SEDUC/SIGES;I;2907;SEDUC;secretarias;5033;2020-12-31 00:00:00;1731.00;
5318;Alunos no Ensino Fundamental com idade acima da recomendada;Alunos no Ensino Fundamental com idade acima da recomendada - Cidade Aberta;SEDUC/SIGES;I;2907;SEDUC;secretarias;5471;2021-12-21 00:00:00;1561.00;
5318;Alunos no Ensino Fundamental com idade acima da recomendada;Alunos no Ensino Fundamental com idade acima da recomendada - Cidade Aberta;SEDUC/SIGES;I;2907;SEDUC;secretarias;6401;2022-12-31 00:00:00;1477.00;
5318;Alunos no Ensino Fundamental com idade acima da recomendada;Alunos no Ensino Fundamental com idade acima da recomendada - Cidade Aberta;SEDUC/SIGES;I;2907;SEDUC;secretarias;7022;2023-12-31 00:00:00;1328.00;
