codigo;nome;descricao;fonte;tipoValor;id_orgao;sigla_orgao;tipo_orgao;valores_codigo;valores_data;valores_valor;valores_descricao
5319;Atendimento na Educação de Jovens e Adultos (EJA);Atendimento Adultos (EJA) - Cidade Aberta;Censo Inep;I;2907;SEDUC;secretarias;325;2013-12-31 00:00:00;1751.00;
5319;Atendimento na Educação de Jovens e Adultos (EJA);Atendimento Adultos (EJA) - Cidade Aberta;Censo Inep;I;2907;SEDUC;secretarias;326;2014-12-31 00:00:00;1622.00;
5319;Atendimento na Educação de Jovens e Adultos (EJA);Atendimento Adultos (EJA) - Cidade Aberta;Censo Inep;I;2907;SEDUC;secretarias;327;2015-12-31 00:00:00;1421.00;
5319;Atendimento na Educação de Jovens e Adultos (EJA);Atendimento Adultos (EJA) - Cidade Aberta;Censo Inep;I;2907;SEDUC;secretarias;328;2012-12-31 00:00:00;1897.00;
5319;Atendimento na Educação de Jovens e Adultos (EJA);Atendimento Adultos (EJA) - Cidade Aberta;Censo Inep;I;2907;SEDUC;secretarias;329;2011-12-31 00:00:00;1946.00;
5319;Atendimento na Educação de Jovens e Adultos (EJA);Atendimento Adultos (EJA) - Cidade Aberta;Censo Inep;I;2907;SEDUC;secretarias;330;2010-12-31 00:00:00;1750.00;
5319;Atendimento na Educação de Jovens e Adultos (EJA);Atendimento Adultos (EJA) - Cidade Aberta;Censo Inep;I;2907;SEDUC;secretarias;331;2016-12-31 00:00:00;950.00;
5319;Atendimento na Educação de Jovens e Adultos (EJA);Atendimento Adultos (EJA) - Cidade Aberta;Censo Inep;I;2907;SEDUC;secretarias;332;2009-12-31 00:00:00;2317.00;
5319;Atendimento na Educação de Jovens e Adultos (EJA);Atendimento Adultos (EJA) - Cidade Aberta;Censo Inep;I;2907;SEDUC;secretarias;3869;2018-12-31 00:00:00;7325.00;
5319;Atendimento na Educação de Jovens e Adultos (EJA);Atendimento Adultos (EJA) - Cidade Aberta;Censo Inep;I;2907;SEDUC;secretarias;4384;2019-12-31 00:00:00;5973.00;
5319;Atendimento na Educação de Jovens e Adultos (EJA);Atendimento Adultos (EJA) - Cidade Aberta;Censo Inep;I;2907;SEDUC;secretarias;5035;2020-12-31 00:00:00;638.00;
5319;Atendimento na Educação de Jovens e Adultos (EJA);Atendimento Adultos (EJA) - Cidade Aberta;Censo Inep;I;2907;SEDUC;secretarias;5472;2021-12-21 00:00:00;606.00;
5319;Atendimento na Educação de Jovens e Adultos (EJA);Atendimento Adultos (EJA) - Cidade Aberta;Censo Inep;I;2907;SEDUC;secretarias;6406;2022-12-31 00:00:00;541.00;
5319;Atendimento na Educação de Jovens e Adultos (EJA);Atendimento Adultos (EJA) - Cidade Aberta;Censo Inep;I;2907;SEDUC;secretarias;7027;2023-12-31 00:00:00;628.00;
