codigo;nome;descricao;fonte;tipoValor;id_orgao;sigla_orgao;tipo_orgao;valores_codigo;valores_data;valores_valor;valores_descricao
5320;Atendimento de Educação Infantil (creche e pré-escola);Atendimento de Educação Infantil (Creche e Pré-escola) - Cidade Aberta;Censo Inep;I;2907;SEDUC;secretarias;333;2012-12-31 00:00:00;12465.00;
5320;Atendimento de Educação Infantil (creche e pré-escola);Atendimento de Educação Infantil (Creche e Pré-escola) - Cidade Aberta;Censo Inep;I;2907;SEDUC;secretarias;334;2011-12-31 00:00:00;12139.00;
5320;Atendimento de Educação Infantil (creche e pré-escola);Atendimento de Educação Infantil (Creche e Pré-escola) - Cidade Aberta;Censo Inep;I;2907;SEDUC;secretarias;335;2016-12-31 00:00:00;8120.00;
5320;Atendimento de Educação Infantil (creche e pré-escola);Atendimento de Educação Infantil (Creche e Pré-escola) - Cidade Aberta;Censo Inep;I;2907;SEDUC;secretarias;336;2010-12-31 00:00:00;13384.00;
5320;Atendimento de Educação Infantil (creche e pré-escola);Atendimento de Educação Infantil (Creche e Pré-escola) - Cidade Aberta;Censo Inep;I;2907;SEDUC;secretarias;337;2009-12-31 00:00:00;13192.00;
5320;Atendimento de Educação Infantil (creche e pré-escola);Atendimento de Educação Infantil (Creche e Pré-escola) - Cidade Aberta;Censo Inep;I;2907;SEDUC;secretarias;338;2015-12-31 00:00:00;12531.00;
5320;Atendimento de Educação Infantil (creche e pré-escola);Atendimento de Educação Infantil (Creche e Pré-escola) - Cidade Aberta;Censo Inep;I;2907;SEDUC;secretarias;339;2013-12-31 00:00:00;12411.00;
5320;Atendimento de Educação Infantil (creche e pré-escola);Atendimento de Educação Infantil (Creche e Pré-escola) - Cidade Aberta;Censo Inep;I;2907;SEDUC;secretarias;340;2014-12-31 00:00:00;12430.00;
5320;Atendimento de Educação Infantil (creche e pré-escola);Atendimento de Educação Infantil (Creche e Pré-escola) - Cidade Aberta;Censo Inep;I;2907;SEDUC;secretarias;3871;2018-12-31 00:00:00;7836.00;
5320;Atendimento de Educação Infantil (creche e pré-escola);Atendimento de Educação Infantil (Creche e Pré-escola) - Cidade Aberta;Censo Inep;I;2907;SEDUC;secretarias;4385;2019-12-31 00:00:00;7979.00;
5320;Atendimento de Educação Infantil (creche e pré-escola);Atendimento de Educação Infantil (Creche e Pré-escola) - Cidade Aberta;Censo Inep;I;2907;SEDUC;secretarias;5036;2020-12-31 00:00:00;7807.00;
5320;Atendimento de Educação Infantil (creche e pré-escola);Atendimento de Educação Infantil (Creche e Pré-escola) - Cidade Aberta;Censo Inep;I;2907;SEDUC;secretarias;5473;2021-12-21 00:00:00;7165.00;
5320;Atendimento de Educação Infantil (creche e pré-escola);Atendimento de Educação Infantil (Creche e Pré-escola) - Cidade Aberta;Censo Inep;I;2907;SEDUC;secretarias;6404;2022-12-31 00:00:00;12403.00;
5320;Atendimento de Educação Infantil (creche e pré-escola);Atendimento de Educação Infantil (Creche e Pré-escola) - Cidade Aberta;Censo Inep;I;2907;SEDUC;secretarias;7351;2023-12-31 00:00:00;19790.00;
