codigo;nome;descricao;fonte;tipoValor;id_orgao;sigla_orgao;tipo_orgao;valores_codigo;valores_data;valores_valor;valores_descricao
5321;Atendimento de matrículas (Ensino Infantil e Ensino Fundamental);Atendimento de matrículas (Ensino Infantil e Ensino Fundamental) - Cidade Aberta;Censo Inep;I;2907;SEDUC;secretarias;341;2016-12-31 00:00:00;27422.00;
5321;Atendimento de matrículas (Ensino Infantil e Ensino Fundamental);Atendimento de matrículas (Ensino Infantil e Ensino Fundamental) - Cidade Aberta;Censo Inep;I;2907;SEDUC;secretarias;342;2010-12-31 00:00:00;33379.00;
5321;Atendimento de matrículas (Ensino Infantil e Ensino Fundamental);Atendimento de matrículas (Ensino Infantil e Ensino Fundamental) - Cidade Aberta;Censo Inep;I;2907;SEDUC;secretarias;343;2011-12-31 00:00:00;33548.00;
5321;Atendimento de matrículas (Ensino Infantil e Ensino Fundamental);Atendimento de matrículas (Ensino Infantil e Ensino Fundamental) - Cidade Aberta;Censo Inep;I;2907;SEDUC;secretarias;344;2012-12-31 00:00:00;32180.00;
5321;Atendimento de matrículas (Ensino Infantil e Ensino Fundamental);Atendimento de matrículas (Ensino Infantil e Ensino Fundamental) - Cidade Aberta;Censo Inep;I;2907;SEDUC;secretarias;345;2009-12-31 00:00:00;33936.00;
5321;Atendimento de matrículas (Ensino Infantil e Ensino Fundamental);Atendimento de matrículas (Ensino Infantil e Ensino Fundamental) - Cidade Aberta;Censo Inep;I;2907;SEDUC;secretarias;346;2014-12-31 00:00:00;31690.00;
5321;Atendimento de matrículas (Ensino Infantil e Ensino Fundamental);Atendimento de matrículas (Ensino Infantil e Ensino Fundamental) - Cidade Aberta;Censo Inep;I;2907;SEDUC;secretarias;347;2013-12-31 00:00:00;31978.00;
5321;Atendimento de matrículas (Ensino Infantil e Ensino Fundamental);Atendimento de matrículas (Ensino Infantil e Ensino Fundamental) - Cidade Aberta;Censo Inep;I;2907;SEDUC;secretarias;348;2015-12-31 00:00:00;31973.00;
5321;Atendimento de matrículas (Ensino Infantil e Ensino Fundamental);Atendimento de matrículas (Ensino Infantil e Ensino Fundamental) - Cidade Aberta;Censo Inep;I;2907;SEDUC;secretarias;3875;2018-12-31 00:00:00;27120.00;
5321;Atendimento de matrículas (Ensino Infantil e Ensino Fundamental);Atendimento de matrículas (Ensino Infantil e Ensino Fundamental) - Cidade Aberta;Censo Inep;I;2907;SEDUC;secretarias;4386;2019-12-31 00:00:00;27415.00;
5321;Atendimento de matrículas (Ensino Infantil e Ensino Fundamental);Atendimento de matrículas (Ensino Infantil e Ensino Fundamental) - Cidade Aberta;Censo Inep;I;2907;SEDUC;secretarias;5038;2020-12-31 00:00:00;27198.00;
5321;Atendimento de matrículas (Ensino Infantil e Ensino Fundamental);Atendimento de matrículas (Ensino Infantil e Ensino Fundamental) - Cidade Aberta;Censo Inep;I;2907;SEDUC;secretarias;5474;2021-12-21 00:00:00;32687.00;
5321;Atendimento de matrículas (Ensino Infantil e Ensino Fundamental);Atendimento de matrículas (Ensino Infantil e Ensino Fundamental) - Cidade Aberta;Censo Inep;I;2907;SEDUC;secretarias;6405;2022-12-31 00:00:00;31803.00;
5321;Atendimento de matrículas (Ensino Infantil e Ensino Fundamental);Atendimento de matrículas (Ensino Infantil e Ensino Fundamental) - Cidade Aberta;Censo Inep;I;2907;SEDUC;secretarias;7352;2023-12-31 00:00:00;26749.00;
