codigo;nome;descricao;fonte;tipoValor;id_orgao;sigla_orgao;tipo_orgao;valores_codigo;valores_data;valores_valor;valores_descricao
5322;Atendimento de 0 a 3 anos (creche);Atendimento de 0 a 3 anos (creche) - Cidade Aberta;Censo Inep;I;2907;SEDUC;secretarias;349;2010-12-31 00:00:00;7041.00;
5322;Atendimento de 0 a 3 anos (creche);Atendimento de 0 a 3 anos (creche) - Cidade Aberta;Censo Inep;I;2907;SEDUC;secretarias;350;2012-12-31 00:00:00;6880.00;
5322;Atendimento de 0 a 3 anos (creche);Atendimento de 0 a 3 anos (creche) - Cidade Aberta;Censo Inep;I;2907;SEDUC;secretarias;351;2013-12-31 00:00:00;6908.00;
5322;Atendimento de 0 a 3 anos (creche);Atendimento de 0 a 3 anos (creche) - Cidade Aberta;Censo Inep;I;2907;SEDUC;secretarias;352;2014-12-31 00:00:00;6949.00;
5322;Atendimento de 0 a 3 anos (creche);Atendimento de 0 a 3 anos (creche) - Cidade Aberta;Censo Inep;I;2907;SEDUC;secretarias;353;2015-12-31 00:00:00;7332.00;
5322;Atendimento de 0 a 3 anos (creche);Atendimento de 0 a 3 anos (creche) - Cidade Aberta;Censo Inep;I;2907;SEDUC;secretarias;354;2011-12-31 00:00:00;7490.00;
5322;Atendimento de 0 a 3 anos (creche);Atendimento de 0 a 3 anos (creche) - Cidade Aberta;Censo Inep;I;2907;SEDUC;secretarias;355;2016-12-31 00:00:00;3986.00;
5322;Atendimento de 0 a 3 anos (creche);Atendimento de 0 a 3 anos (creche) - Cidade Aberta;Censo Inep;I;2907;SEDUC;secretarias;356;2009-12-31 00:00:00;4768.00;
5322;Atendimento de 0 a 3 anos (creche);Atendimento de 0 a 3 anos (creche) - Cidade Aberta;Censo Inep;I;2907;SEDUC;secretarias;3878;2018-12-31 00:00:00;3733.00;
5322;Atendimento de 0 a 3 anos (creche);Atendimento de 0 a 3 anos (creche) - Cidade Aberta;Censo Inep;I;2907;SEDUC;secretarias;4387;2019-12-31 00:00:00;3821.00;
5322;Atendimento de 0 a 3 anos (creche);Atendimento de 0 a 3 anos (creche) - Cidade Aberta;Censo Inep;I;2907;SEDUC;secretarias;5039;2020-12-31 00:00:00;3568.00;
5322;Atendimento de 0 a 3 anos (creche);Atendimento de 0 a 3 anos (creche) - Cidade Aberta;Censo Inep;I;2907;SEDUC;secretarias;5476;2021-12-21 00:00:00;3418.00;
5322;Atendimento de 0 a 3 anos (creche);Atendimento de 0 a 3 anos (creche) - Cidade Aberta;Censo Inep;I;2907;SEDUC;secretarias;6402;2022-12-31 00:00:00;6980.00;
5322;Atendimento de 0 a 3 anos (creche);Atendimento de 0 a 3 anos (creche) - Cidade Aberta;Censo Inep;I;2907;SEDUC;secretarias;7349;2023-12-31 00:00:00;7252.00;
