codigo;nome;descricao;fonte;tipoValor;id_orgao;sigla_orgao;tipo_orgao;valores_codigo;valores_data;valores_valor;valores_descricao
5323;Atendimento de 4 a 5 anos (pré-escola);Atendimento de 4 a 5 anos (pré-escola) - Cidade Aberta;Censo Inep;I;2907;SEDUC;secretarias;357;2009-12-31 00:00:00;8487.00;
5323;Atendimento de 4 a 5 anos (pré-escola);Atendimento de 4 a 5 anos (pré-escola) - Cidade Aberta;Censo Inep;I;2907;SEDUC;secretarias;358;2010-12-31 00:00:00;6631.00;
5323;Atendimento de 4 a 5 anos (pré-escola);Atendimento de 4 a 5 anos (pré-escola) - Cidade Aberta;Censo Inep;I;2907;SEDUC;secretarias;359;2011-12-31 00:00:00;6023.00;
5323;Atendimento de 4 a 5 anos (pré-escola);Atendimento de 4 a 5 anos (pré-escola) - Cidade Aberta;Censo Inep;I;2907;SEDUC;secretarias;360;2012-12-31 00:00:00;5585.00;
5323;Atendimento de 4 a 5 anos (pré-escola);Atendimento de 4 a 5 anos (pré-escola) - Cidade Aberta;Censo Inep;I;2907;SEDUC;secretarias;361;2013-12-31 00:00:00;5503.00;
5323;Atendimento de 4 a 5 anos (pré-escola);Atendimento de 4 a 5 anos (pré-escola) - Cidade Aberta;Censo Inep;I;2907;SEDUC;secretarias;362;2014-12-31 00:00:00;5481.00;
5323;Atendimento de 4 a 5 anos (pré-escola);Atendimento de 4 a 5 anos (pré-escola) - Cidade Aberta;Censo Inep;I;2907;SEDUC;secretarias;363;2015-12-31 00:00:00;5199.00;
5323;Atendimento de 4 a 5 anos (pré-escola);Atendimento de 4 a 5 anos (pré-escola) - Cidade Aberta;Censo Inep;I;2907;SEDUC;secretarias;364;2016-12-31 00:00:00;4134.00;
5323;Atendimento de 4 a 5 anos (pré-escola);Atendimento de 4 a 5 anos (pré-escola) - Cidade Aberta;Censo Inep;I;2907;SEDUC;secretarias;3879;2018-12-31 00:00:00;4103.00;
5323;Atendimento de 4 a 5 anos (pré-escola);Atendimento de 4 a 5 anos (pré-escola) - Cidade Aberta;Censo Inep;I;2907;SEDUC;secretarias;4388;2019-12-31 00:00:00;4158.00;
5323;Atendimento de 4 a 5 anos (pré-escola);Atendimento de 4 a 5 anos (pré-escola) - Cidade Aberta;Censo Inep;I;2907;SEDUC;secretarias;5041;2020-12-31 00:00:00;4239.00;
5323;Atendimento de 4 a 5 anos (pré-escola);Atendimento de 4 a 5 anos (pré-escola) - Cidade Aberta;Censo Inep;I;2907;SEDUC;secretarias;5477;2021-12-21 00:00:00;3747.00;
5323;Atendimento de 4 a 5 anos (pré-escola);Atendimento de 4 a 5 anos (pré-escola) - Cidade Aberta;Censo Inep;I;2907;SEDUC;secretarias;6403;2022-12-31 00:00:00;5423.00;
5323;Atendimento de 4 a 5 anos (pré-escola);Atendimento de 4 a 5 anos (pré-escola) - Cidade Aberta;Censo Inep;I;2907;SEDUC;secretarias;7350;2023-12-31 00:00:00;5605.00;
