codigo;nome;descricao;fonte;tipoValor;id_orgao;sigla_orgao;tipo_orgao;valores_codigo;valores_data;valores_valor;valores_descricao
5324;Demanda atendida na Unidade Municipal de Educação Especial;Demanda atendida na Unidade Municipal de Educação Especial - Cidade Aberta;Censo Inep;I;2907;SEDUC;secretarias;365;2010-12-31 00:00:00;187.00;
5324;Demanda atendida na Unidade Municipal de Educação Especial;Demanda atendida na Unidade Municipal de Educação Especial - Cidade Aberta;Censo Inep;I;2907;SEDUC;secretarias;366;2009-12-31 00:00:00;216.00;
5324;Demanda atendida na Unidade Municipal de Educação Especial;Demanda atendida na Unidade Municipal de Educação Especial - Cidade Aberta;Censo Inep;I;2907;SEDUC;secretarias;367;2016-12-31 00:00:00;101.00;
5324;Demanda atendida na Unidade Municipal de Educação Especial;Demanda atendida na Unidade Municipal de Educação Especial - Cidade Aberta;Censo Inep;I;2907;SEDUC;secretarias;368;2015-12-31 00:00:00;87.00;
5324;Demanda atendida na Unidade Municipal de Educação Especial;Demanda atendida na Unidade Municipal de Educação Especial - Cidade Aberta;Censo Inep;I;2907;SEDUC;secretarias;369;2014-12-31 00:00:00;116.00;
5324;Demanda atendida na Unidade Municipal de Educação Especial;Demanda atendida na Unidade Municipal de Educação Especial - Cidade Aberta;Censo Inep;I;2907;SEDUC;secretarias;370;2013-12-31 00:00:00;131.00;
5324;Demanda atendida na Unidade Municipal de Educação Especial;Demanda atendida na Unidade Municipal de Educação Especial - Cidade Aberta;Censo Inep;I;2907;SEDUC;secretarias;371;2012-12-31 00:00:00;146.00;
5324;Demanda atendida na Unidade Municipal de Educação Especial;Demanda atendida na Unidade Municipal de Educação Especial - Cidade Aberta;Censo Inep;I;2907;SEDUC;secretarias;372;2011-12-31 00:00:00;164.00;
5324;Demanda atendida na Unidade Municipal de Educação Especial;Demanda atendida na Unidade Municipal de Educação Especial - Cidade Aberta;Censo Inep;I;2907;SEDUC;secretarias;3880;2018-12-31 00:00:00;80.00;
5324;Demanda atendida na Unidade Municipal de Educação Especial;Demanda atendida na Unidade Municipal de Educação Especial - Cidade Aberta;Censo Inep;I;2907;SEDUC;secretarias;4389;2019-12-31 00:00:00;63.00;
5324;Demanda atendida na Unidade Municipal de Educação Especial;Demanda atendida na Unidade Municipal de Educação Especial - Cidade Aberta;Censo Inep;I;2907;SEDUC;secretarias;5043;2020-12-31 00:00:00;46.00;
5324;Demanda atendida na Unidade Municipal de Educação Especial;Demanda atendida na Unidade Municipal de Educação Especial - Cidade Aberta;Censo Inep;I;2907;SEDUC;secretarias;5484;2021-12-21 00:00:00;66.00;
5324;Demanda atendida na Unidade Municipal de Educação Especial;Demanda atendida na Unidade Municipal de Educação Especial - Cidade Aberta;Censo Inep;I;2907;SEDUC;secretarias;6407;2022-12-31 00:00:00;31.00;
5324;Demanda atendida na Unidade Municipal de Educação Especial;Demanda atendida na Unidade Municipal de Educação Especial - Cidade Aberta;Censo Inep;I;2907;SEDUC;secretarias;7358;2023-12-31 00:00:00;24.00;
