codigo;nome;descricao;fonte;tipoValor;id_orgao;sigla_orgao;tipo_orgao;valores_codigo;valores_data;valores_valor;valores_descricao
5325;Evasão escolar;Evasão - Cidade Aberta;Censo Inep;I;2907;SEDUC;secretarias;373;2016-12-31 00:00:00;0.00;
5325;Evasão escolar;Evasão - Cidade Aberta;Censo Inep;I;2907;SEDUC;secretarias;374;2015-12-31 00:00:00;149.00;
5325;Evasão escolar;Evasão - Cidade Aberta;Censo Inep;I;2907;SEDUC;secretarias;375;2014-12-31 00:00:00;136.00;
5325;Evasão escolar;Evasão - Cidade Aberta;Censo Inep;I;2907;SEDUC;secretarias;376;2013-12-31 00:00:00;168.00;
5325;Evasão escolar;Evasão - Cidade Aberta;Censo Inep;I;2907;SEDUC;secretarias;377;2012-12-31 00:00:00;250.00;
5325;Evasão escolar;Evasão - Cidade Aberta;Censo Inep;I;2907;SEDUC;secretarias;378;2011-12-31 00:00:00;280.00;
5325;Evasão escolar;Evasão - Cidade Aberta;Censo Inep;I;2907;SEDUC;secretarias;379;2010-12-31 00:00:00;374.00;
5325;Evasão escolar;Evasão - Cidade Aberta;Censo Inep;I;2907;SEDUC;secretarias;380;2009-12-31 00:00:00;283.00;
5325;Evasão escolar;Evasão - Cidade Aberta;Censo Inep;I;2907;SEDUC;secretarias;3893;2018-12-31 00:00:00;143.00;
5325;Evasão escolar;Evasão - Cidade Aberta;Censo Inep;I;2907;SEDUC;secretarias;4506;2019-12-31 00:00:00;143.00;
5325;Evasão escolar;Evasão - Cidade Aberta;Censo Inep;I;2907;SEDUC;secretarias;5123;2020-12-31 00:00:00;9.00;
5325;Evasão escolar;Evasão - Cidade Aberta;Censo Inep;I;2907;SEDUC;secretarias;5661;2021-12-21 00:00:00;597.00;
5325;Evasão escolar;Evasão - Cidade Aberta;Censo Inep;I;2907;SEDUC;secretarias;6427;2022-12-31 00:00:00;201.00;
5325;Evasão escolar;Evasão - Cidade Aberta;Censo Inep;I;2907;SEDUC;secretarias;7028;2023-12-31 00:00:00;201.00;
