codigo;nome;descricao;fonte;tipoValor;id_orgao;sigla_orgao;tipo_orgao;valores_codigo;valores_data;valores_valor;valores_descricao
5326;Incidência de retenção;Incidência de retenção - Cidade Aberta;Siges;I;2907;SEDUC;secretarias;381;2009-12-31 00:00:00;1201.00;
5326;Incidência de retenção;Incidência de retenção - Cidade Aberta;Siges;I;2907;SEDUC;secretarias;382;2016-12-31 00:00:00;628.00;
5326;Incidência de retenção;Incidência de retenção - Cidade Aberta;Siges;I;2907;SEDUC;secretarias;383;2015-12-31 00:00:00;644.00;
5326;Incidência de retenção;Incidência de retenção - Cidade Aberta;Siges;I;2907;SEDUC;secretarias;384;2014-12-31 00:00:00;897.00;
5326;Incidência de retenção;Incidência de retenção - Cidade Aberta;Siges;I;2907;SEDUC;secretarias;385;2013-12-31 00:00:00;1233.00;
5326;Incidência de retenção;Incidência de retenção - Cidade Aberta;Siges;I;2907;SEDUC;secretarias;386;2012-12-31 00:00:00;1054.00;
5326;Incidência de retenção;Incidência de retenção - Cidade Aberta;Siges;I;2907;SEDUC;secretarias;387;2011-12-31 00:00:00;1101.00;
5326;Incidência de retenção;Incidência de retenção - Cidade Aberta;Siges;I;2907;SEDUC;secretarias;388;2010-12-31 00:00:00;1063.00;
5326;Incidência de retenção;Incidência de retenção - Cidade Aberta;Siges;I;2907;SEDUC;secretarias;3895;2018-12-31 00:00:00;757.00;
5326;Incidência de retenção;Incidência de retenção - Cidade Aberta;Siges;I;2907;SEDUC;secretarias;4419;2019-12-31 00:00:00;720.00;
5326;Incidência de retenção;Incidência de retenção - Cidade Aberta;Siges;I;2907;SEDUC;secretarias;5047;2020-12-31 00:00:00;235.00;
5326;Incidência de retenção;Incidência de retenção - Cidade Aberta;Siges;I;2907;SEDUC;secretarias;5246;2017-12-29 00:00:00;708.00;
5326;Incidência de retenção;Incidência de retenção - Cidade Aberta;Siges;I;2907;SEDUC;secretarias;5485;2021-12-21 00:00:00;345.00;
5326;Incidência de retenção;Incidência de retenção - Cidade Aberta;Siges;I;2907;SEDUC;secretarias;6408;2022-12-31 00:00:00;446.00;
5326;Incidência de retenção;Incidência de retenção - Cidade Aberta;Siges;I;2907;SEDUC;secretarias;7353;2023-12-31 00:00:00;446.00;
