codigo;nome;descricao;fonte;tipoValor;id_orgao;sigla_orgao;tipo_orgao;valores_codigo;valores_data;valores_valor;valores_descricao
5328;Número de escolas por 1000 crianças;Número de Escolas por 1000 crianças - Cidade Aberta;Censo Inep;I;2907;SEDUC;secretarias;397;2012-12-31 00:00:00;3.00;
5328;Número de escolas por 1000 crianças;Número de Escolas por 1000 crianças - Cidade Aberta;Censo Inep;I;2907;SEDUC;secretarias;398;2013-12-31 00:00:00;2.00;
5328;Número de escolas por 1000 crianças;Número de Escolas por 1000 crianças - Cidade Aberta;Censo Inep;I;2907;SEDUC;secretarias;399;2010-12-31 00:00:00;3.00;
5328;Número de escolas por 1000 crianças;Número de Escolas por 1000 crianças - Cidade Aberta;Censo Inep;I;2907;SEDUC;secretarias;400;2011-12-31 00:00:00;3.00;
5328;Número de escolas por 1000 crianças;Número de Escolas por 1000 crianças - Cidade Aberta;Censo Inep;I;2907;SEDUC;secretarias;401;2009-12-31 00:00:00;3.00;
5328;Número de escolas por 1000 crianças;Número de Escolas por 1000 crianças - Cidade Aberta;Censo Inep;I;2907;SEDUC;secretarias;402;2015-12-31 00:00:00;1.00;
5328;Número de escolas por 1000 crianças;Número de Escolas por 1000 crianças - Cidade Aberta;Censo Inep;I;2907;SEDUC;secretarias;403;2016-12-31 00:00:00;1.00;
5328;Número de escolas por 1000 crianças;Número de Escolas por 1000 crianças - Cidade Aberta;Censo Inep;I;2907;SEDUC;secretarias;404;2014-12-31 00:00:00;2.00;
5328;Número de escolas por 1000 crianças;Número de Escolas por 1000 crianças - Cidade Aberta;Censo Inep;I;2907;SEDUC;secretarias;3919;2018-12-31 00:00:00;3.00;
5328;Número de escolas por 1000 crianças;Número de Escolas por 1000 crianças - Cidade Aberta;Censo Inep;I;2907;SEDUC;secretarias;4390;2019-12-31 00:00:00;3.00;
5328;Número de escolas por 1000 crianças;Número de Escolas por 1000 crianças - Cidade Aberta;Censo Inep;I;2907;SEDUC;secretarias;5205;2020-12-31 00:00:00;3.00;
5328;Número de escolas por 1000 crianças;Número de Escolas por 1000 crianças - Cidade Aberta;Censo Inep;I;2907;SEDUC;secretarias;5486;2021-12-21 00:00:00;3.00;
5328;Número de escolas por 1000 crianças;Número de Escolas por 1000 crianças - Cidade Aberta;Censo Inep;I;2907;SEDUC;secretarias;6428;2022-12-31 00:00:00;3.00;
5328;Número de escolas por 1000 crianças;Número de Escolas por 1000 crianças - Cidade Aberta;Censo Inep;I;2907;SEDUC;secretarias;7063;2023-12-31 00:00:00;3.00;
