codigo;nome;descricao;fonte;tipoValor;id_orgao;sigla_orgao;tipo_orgao;valores_codigo;valores_data;valores_valor;valores_descricao
5329;Taxa de aprovação;Taxa de Aprovação - Cidade Aberta;Siges;D;2907;SEDUC;secretarias;405;2011-12-31 00:00:00;95.05;
5329;Taxa de aprovação;Taxa de Aprovação - Cidade Aberta;Siges;D;2907;SEDUC;secretarias;406;2015-12-31 00:00:00;96.38;
5329;Taxa de aprovação;Taxa de Aprovação - Cidade Aberta;Siges;D;2907;SEDUC;secretarias;407;2014-12-31 00:00:00;94.55;
5329;Taxa de aprovação;Taxa de Aprovação - Cidade Aberta;Siges;D;2907;SEDUC;secretarias;408;2013-12-31 00:00:00;92.69;
5329;Taxa de aprovação;Taxa de Aprovação - Cidade Aberta;Siges;D;2907;SEDUC;secretarias;409;2010-12-31 00:00:00;95.08;
5329;Taxa de aprovação;Taxa de Aprovação - Cidade Aberta;Siges;D;2907;SEDUC;secretarias;410;2009-12-31 00:00:00;94.68;
5329;Taxa de aprovação;Taxa de Aprovação - Cidade Aberta;Siges;D;2907;SEDUC;secretarias;411;2016-12-31 00:00:00;96.75;
5329;Taxa de aprovação;Taxa de Aprovação - Cidade Aberta;Siges;D;2907;SEDUC;secretarias;412;2012-12-31 00:00:00;93.27;
5329;Taxa de aprovação;Taxa de Aprovação - Cidade Aberta;Siges;D;2907;SEDUC;secretarias;3899;2018-12-31 00:00:00;96.90;
5329;Taxa de aprovação;Taxa de Aprovação - Cidade Aberta;Siges;D;2907;SEDUC;secretarias;4420;2019-12-31 00:00:00;95.65;
5329;Taxa de aprovação;Taxa de Aprovação - Cidade Aberta;Siges;D;2907;SEDUC;secretarias;5050;2020-12-31 00:00:00;98.89;
5329;Taxa de aprovação;Taxa de Aprovação - Cidade Aberta;Siges;D;2907;SEDUC;secretarias;5487;2021-12-21 00:00:00;98.21;
5329;Taxa de aprovação;Taxa de Aprovação - Cidade Aberta;Siges;D;2907;SEDUC;secretarias;6459;2022-12-31 00:00:00;97.70;
5329;Taxa de aprovação;Taxa de Aprovação - Cidade Aberta;Siges;D;2907;SEDUC;secretarias;7104;2023-12-31 00:00:00;97.84;
