codigo;nome;descricao;fonte;tipoValor;id_orgao;sigla_orgao;tipo_orgao;valores_codigo;valores_data;valores_valor;valores_descricao
5330;Valores Aplicados no Ensino;Valores Aplicados no Ensino - Cidade Aberta;PROGAMA SIG - PRODATA - Execução da LOA (valores previstos e efetivamente aplicados) e LRF (limites mínimos);D;2907;SEDUC;secretarias;413;2013-12-31 00:00:00;999999.99;
5330;Valores Aplicados no Ensino;Valores Aplicados no Ensino - Cidade Aberta;PROGAMA SIG - PRODATA - Execução da LOA (valores previstos e efetivamente aplicados) e LRF (limites mínimos);D;2907;SEDUC;secretarias;414;2009-12-31 00:00:00;999999.99;
5330;Valores Aplicados no Ensino;Valores Aplicados no Ensino - Cidade Aberta;PROGAMA SIG - PRODATA - Execução da LOA (valores previstos e efetivamente aplicados) e LRF (limites mínimos);D;2907;SEDUC;secretarias;415;2012-12-31 00:00:00;999999.99;
5330;Valores Aplicados no Ensino;Valores Aplicados no Ensino - Cidade Aberta;PROGAMA SIG - PRODATA - Execução da LOA (valores previstos e efetivamente aplicados) e LRF (limites mínimos);D;2907;SEDUC;secretarias;416;2016-12-31 00:00:00;999999.99;
5330;Valores Aplicados no Ensino;Valores Aplicados no Ensino - Cidade Aberta;PROGAMA SIG - PRODATA - Execução da LOA (valores previstos e efetivamente aplicados) e LRF (limites mínimos);D;2907;SEDUC;secretarias;417;2014-12-31 00:00:00;999999.99;
5330;Valores Aplicados no Ensino;Valores Aplicados no Ensino - Cidade Aberta;PROGAMA SIG - PRODATA - Execução da LOA (valores previstos e efetivamente aplicados) e LRF (limites mínimos);D;2907;SEDUC;secretarias;418;2010-12-31 00:00:00;999999.99;
5330;Valores Aplicados no Ensino;Valores Aplicados no Ensino - Cidade Aberta;PROGAMA SIG - PRODATA - Execução da LOA (valores previstos e efetivamente aplicados) e LRF (limites mínimos);D;2907;SEDUC;secretarias;419;2011-12-31 00:00:00;999999.99;
5330;Valores Aplicados no Ensino;Valores Aplicados no Ensino - Cidade Aberta;PROGAMA SIG - PRODATA - Execução da LOA (valores previstos e efetivamente aplicados) e LRF (limites mínimos);D;2907;SEDUC;secretarias;420;2015-12-31 00:00:00;999999.99;
5330;Valores Aplicados no Ensino;Valores Aplicados no Ensino - Cidade Aberta;PROGAMA SIG - PRODATA - Execução da LOA (valores previstos e efetivamente aplicados) e LRF (limites mínimos);D;2907;SEDUC;secretarias;3795;2018-12-31 00:00:00;999999.99;
5330;Valores Aplicados no Ensino;Valores Aplicados no Ensino - Cidade Aberta;PROGAMA SIG - PRODATA - Execução da LOA (valores previstos e efetivamente aplicados) e LRF (limites mínimos);D;2907;SEDUC;secretarias;4391;2019-12-31 00:00:00;622797579.15;
5330;Valores Aplicados no Ensino;Valores Aplicados no Ensino - Cidade Aberta;PROGAMA SIG - PRODATA - Execução da LOA (valores previstos e efetivamente aplicados) e LRF (limites mínimos);D;2907;SEDUC;secretarias;5218;2020-12-31 00:00:00;599209265.97;
5330;Valores Aplicados no Ensino;Valores Aplicados no Ensino - Cidade Aberta;PROGAMA SIG - PRODATA - Execução da LOA (valores previstos e efetivamente aplicados) e LRF (limites mínimos);D;2907;SEDUC;secretarias;5652;2021-12-21 00:00:00;599209265.97;
5330;Valores Aplicados no Ensino;Valores Aplicados no Ensino - Cidade Aberta;PROGAMA SIG - PRODATA - Execução da LOA (valores previstos e efetivamente aplicados) e LRF (limites mínimos);D;2907;SEDUC;secretarias;7109;2023-12-31 00:00:00;809245374.51;
