codigo;nome;descricao;fonte;tipoValor;id_orgao;sigla_orgao;tipo_orgao;valores_codigo;valores_data;valores_valor;valores_descricao
5339;Quantidade total de estagiários;Controle da quantidade de estagiários - Cidade Aberta;SEFIN, ANTIGA SEGES;I;4681;SEFIN;secretarias;485;2010-12-31 00:00:00;217.00;
5339;Quantidade total de estagiários;Controle da quantidade de estagiários - Cidade Aberta;SEFIN, ANTIGA SEGES;I;4681;SEFIN;secretarias;486;2011-12-31 00:00:00;121.00;
5339;Quantidade total de estagiários;Controle da quantidade de estagiários - Cidade Aberta;SEFIN, ANTIGA SEGES;I;4681;SEFIN;secretarias;487;2013-12-31 00:00:00;94.00;
5339;Quantidade total de estagiários;Controle da quantidade de estagiários - Cidade Aberta;SEFIN, ANTIGA SEGES;I;4681;SEFIN;secretarias;488;2014-12-31 00:00:00;114.00;
5339;Quantidade total de estagiários;Controle da quantidade de estagiários - Cidade Aberta;SEFIN, ANTIGA SEGES;I;4681;SEFIN;secretarias;489;2015-12-31 00:00:00;131.00;
5339;Quantidade total de estagiários;Controle da quantidade de estagiários - Cidade Aberta;SEFIN, ANTIGA SEGES;I;4681;SEFIN;secretarias;490;2012-12-31 00:00:00;117.00;
5339;Quantidade total de estagiários;Controle da quantidade de estagiários - Cidade Aberta;SEFIN, ANTIGA SEGES;I;4681;SEFIN;secretarias;491;2016-12-31 00:00:00;180.00;
5339;Quantidade total de estagiários;Controle da quantidade de estagiários - Cidade Aberta;SEFIN, ANTIGA SEGES;I;4681;SEFIN;secretarias;492;2009-12-31 00:00:00;255.00;
5339;Quantidade total de estagiários;Controle da quantidade de estagiários - Cidade Aberta;SEFIN, ANTIGA SEGES;I;4681;SEFIN;secretarias;3957;2018-12-31 00:00:00;93.00;
5339;Quantidade total de estagiários;Controle da quantidade de estagiários - Cidade Aberta;SEFIN, ANTIGA SEGES;I;4681;SEFIN;secretarias;4118;2019-12-31 00:00:00;89.00;
5339;Quantidade total de estagiários;Controle da quantidade de estagiários - Cidade Aberta;SEFIN, ANTIGA SEGES;I;4681;SEFIN;secretarias;5074;2020-12-31 00:00:00;206.00;
5339;Quantidade total de estagiários;Controle da quantidade de estagiários - Cidade Aberta;SEFIN, ANTIGA SEGES;I;4681;SEFIN;secretarias;5992;2021-12-30 00:00:00;137.00;
5339;Quantidade total de estagiários;Controle da quantidade de estagiários - Cidade Aberta;SEFIN, ANTIGA SEGES;I;4681;SEFIN;secretarias;6881;2022-12-31 00:00:00;184.00;
5339;Quantidade total de estagiários;Controle da quantidade de estagiários - Cidade Aberta;SEFIN, ANTIGA SEGES;I;4681;SEFIN;secretarias;7574;2023-12-31 00:00:00;234.00;
