codigo;nome;descricao;fonte;tipoValor;id_orgao;sigla_orgao;tipo_orgao;valores_codigo;valores_data;valores_valor;valores_descricao
5344;Total de afastamentos por dependência química;Índice de afastamentos por dependência química - Cidade Aberta;SEFIN, ANTIGA SEGES;I;4681;SEFIN;secretarias;525;2014-12-31 00:00:00;102.00;
5344;Total de afastamentos por dependência química;Índice de afastamentos por dependência química - Cidade Aberta;SEFIN, ANTIGA SEGES;I;4681;SEFIN;secretarias;526;2016-12-31 00:00:00;96.00;
5344;Total de afastamentos por dependência química;Índice de afastamentos por dependência química - Cidade Aberta;SEFIN, ANTIGA SEGES;I;4681;SEFIN;secretarias;527;2015-12-31 00:00:00;107.00;
5344;Total de afastamentos por dependência química;Índice de afastamentos por dependência química - Cidade Aberta;SEFIN, ANTIGA SEGES;I;4681;SEFIN;secretarias;3889;2018-12-31 00:00:00;115.00;
5344;Total de afastamentos por dependência química;Índice de afastamentos por dependência química - Cidade Aberta;SEFIN, ANTIGA SEGES;I;4681;SEFIN;secretarias;4119;2019-12-31 00:00:00;26.00;
5344;Total de afastamentos por dependência química;Índice de afastamentos por dependência química - Cidade Aberta;SEFIN, ANTIGA SEGES;I;4681;SEFIN;secretarias;5985;2021-12-30 00:00:00;26.00;
5344;Total de afastamentos por dependência química;Índice de afastamentos por dependência química - Cidade Aberta;SEFIN, ANTIGA SEGES;I;4681;SEFIN;secretarias;6885;2022-12-31 00:00:00;44.00;
5344;Total de afastamentos por dependência química;Índice de afastamentos por dependência química - Cidade Aberta;SEFIN, ANTIGA SEGES;I;4681;SEFIN;secretarias;7586;2023-12-31 00:00:00;48.00;
