codigo;nome;descricao;fonte;tipoValor;id_orgao;sigla_orgao;tipo_orgao;valores_codigo;valores_data;valores_valor;valores_descricao
5345;Total de atendimentos psicológicos individuais;Índice de disponibilidade de atendimento psicológico individual - Cidade Aberta;SEFIN, ANTIGA SEGES;I;4681;SEFIN;secretarias;528;2014-12-31 00:00:00;5384.00;
5345;Total de atendimentos psicológicos individuais;Índice de disponibilidade de atendimento psicológico individual - Cidade Aberta;SEFIN, ANTIGA SEGES;I;4681;SEFIN;secretarias;529;2015-12-31 00:00:00;4944.00;
5345;Total de atendimentos psicológicos individuais;Índice de disponibilidade de atendimento psicológico individual - Cidade Aberta;SEFIN, ANTIGA SEGES;I;4681;SEFIN;secretarias;530;2016-12-31 00:00:00;4467.00;
5345;Total de atendimentos psicológicos individuais;Índice de disponibilidade de atendimento psicológico individual - Cidade Aberta;SEFIN, ANTIGA SEGES;I;4681;SEFIN;secretarias;3890;2018-12-31 00:00:00;3792.00;
5345;Total de atendimentos psicológicos individuais;Índice de disponibilidade de atendimento psicológico individual - Cidade Aberta;SEFIN, ANTIGA SEGES;I;4681;SEFIN;secretarias;4120;2019-12-31 00:00:00;621.00;
5345;Total de atendimentos psicológicos individuais;Índice de disponibilidade de atendimento psicológico individual - Cidade Aberta;SEFIN, ANTIGA SEGES;I;4681;SEFIN;secretarias;5104;2020-12-31 00:00:00;1706.00;
5345;Total de atendimentos psicológicos individuais;Índice de disponibilidade de atendimento psicológico individual - Cidade Aberta;SEFIN, ANTIGA SEGES;I;4681;SEFIN;secretarias;5989;2021-12-30 00:00:00;1150.00;
5345;Total de atendimentos psicológicos individuais;Índice de disponibilidade de atendimento psicológico individual - Cidade Aberta;SEFIN, ANTIGA SEGES;I;4681;SEFIN;secretarias;6886;2022-12-31 00:00:00;1334.00;
5345;Total de atendimentos psicológicos individuais;Índice de disponibilidade de atendimento psicológico individual - Cidade Aberta;SEFIN, ANTIGA SEGES;I;4681;SEFIN;secretarias;7587;2023-12-31 00:00:00;1339.00;
