codigo;nome;descricao;fonte;tipoValor;id_orgao;sigla_orgao;tipo_orgao;valores_codigo;valores_data;valores_valor;valores_descricao
5347;Número de avaliação psicológicas individuais realizadas;Número de avaliação psicológicas individuais realizadas - Cidade Aberta;SEFIN, ANTIGA SEGES;I;4681;SEFIN;secretarias;536;2009-12-31 00:00:00;0.00;
5347;Número de avaliação psicológicas individuais realizadas;Número de avaliação psicológicas individuais realizadas - Cidade Aberta;SEFIN, ANTIGA SEGES;I;4681;SEFIN;secretarias;537;2016-12-31 00:00:00;53.00;
5347;Número de avaliação psicológicas individuais realizadas;Número de avaliação psicológicas individuais realizadas - Cidade Aberta;SEFIN, ANTIGA SEGES;I;4681;SEFIN;secretarias;538;2015-12-31 00:00:00;0.00;
5347;Número de avaliação psicológicas individuais realizadas;Número de avaliação psicológicas individuais realizadas - Cidade Aberta;SEFIN, ANTIGA SEGES;I;4681;SEFIN;secretarias;539;2015-11-30 00:00:00;0.00;
5347;Número de avaliação psicológicas individuais realizadas;Número de avaliação psicológicas individuais realizadas - Cidade Aberta;SEFIN, ANTIGA SEGES;I;4681;SEFIN;secretarias;540;2015-10-31 00:00:00;0.00;
5347;Número de avaliação psicológicas individuais realizadas;Número de avaliação psicológicas individuais realizadas - Cidade Aberta;SEFIN, ANTIGA SEGES;I;4681;SEFIN;secretarias;541;2015-09-30 00:00:00;0.00;
5347;Número de avaliação psicológicas individuais realizadas;Número de avaliação psicológicas individuais realizadas - Cidade Aberta;SEFIN, ANTIGA SEGES;I;4681;SEFIN;secretarias;542;2015-08-31 00:00:00;0.00;
5347;Número de avaliação psicológicas individuais realizadas;Número de avaliação psicológicas individuais realizadas - Cidade Aberta;SEFIN, ANTIGA SEGES;I;4681;SEFIN;secretarias;543;2015-07-31 00:00:00;0.00;
5347;Número de avaliação psicológicas individuais realizadas;Número de avaliação psicológicas individuais realizadas - Cidade Aberta;SEFIN, ANTIGA SEGES;I;4681;SEFIN;secretarias;544;2015-06-30 00:00:00;0.00;
5347;Número de avaliação psicológicas individuais realizadas;Número de avaliação psicológicas individuais realizadas - Cidade Aberta;SEFIN, ANTIGA SEGES;I;4681;SEFIN;secretarias;545;2015-05-31 00:00:00;6.00;
5347;Número de avaliação psicológicas individuais realizadas;Número de avaliação psicológicas individuais realizadas - Cidade Aberta;SEFIN, ANTIGA SEGES;I;4681;SEFIN;secretarias;546;2015-04-30 00:00:00;7.00;
5347;Número de avaliação psicológicas individuais realizadas;Número de avaliação psicológicas individuais realizadas - Cidade Aberta;SEFIN, ANTIGA SEGES;I;4681;SEFIN;secretarias;547;2015-03-31 00:00:00;10.00;
5347;Número de avaliação psicológicas individuais realizadas;Número de avaliação psicológicas individuais realizadas - Cidade Aberta;SEFIN, ANTIGA SEGES;I;4681;SEFIN;secretarias;548;2015-02-28 00:00:00;3.00;
5347;Número de avaliação psicológicas individuais realizadas;Número de avaliação psicológicas individuais realizadas - Cidade Aberta;SEFIN, ANTIGA SEGES;I;4681;SEFIN;secretarias;549;2015-01-31 00:00:00;5.00;
5347;Número de avaliação psicológicas individuais realizadas;Número de avaliação psicológicas individuais realizadas - Cidade Aberta;SEFIN, ANTIGA SEGES;I;4681;SEFIN;secretarias;550;2013-12-31 00:00:00;4.00;
5347;Número de avaliação psicológicas individuais realizadas;Número de avaliação psicológicas individuais realizadas - Cidade Aberta;SEFIN, ANTIGA SEGES;I;4681;SEFIN;secretarias;551;2013-11-30 00:00:00;10.00;
5347;Número de avaliação psicológicas individuais realizadas;Número de avaliação psicológicas individuais realizadas - Cidade Aberta;SEFIN, ANTIGA SEGES;I;4681;SEFIN;secretarias;552;2013-10-31 00:00:00;15.00;
5347;Número de avaliação psicológicas individuais realizadas;Número de avaliação psicológicas individuais realizadas - Cidade Aberta;SEFIN, ANTIGA SEGES;I;4681;SEFIN;secretarias;553;2013-09-30 00:00:00;20.00;
5347;Número de avaliação psicológicas individuais realizadas;Número de avaliação psicológicas individuais realizadas - Cidade Aberta;SEFIN, ANTIGA SEGES;I;4681;SEFIN;secretarias;554;2013-08-31 00:00:00;18.00;
5347;Número de avaliação psicológicas individuais realizadas;Número de avaliação psicológicas individuais realizadas - Cidade Aberta;SEFIN, ANTIGA SEGES;I;4681;SEFIN;secretarias;555;2013-07-31 00:00:00;10.00;
5347;Número de avaliação psicológicas individuais realizadas;Número de avaliação psicológicas individuais realizadas - Cidade Aberta;SEFIN, ANTIGA SEGES;I;4681;SEFIN;secretarias;556;2013-06-30 00:00:00;0.00;
5347;Número de avaliação psicológicas individuais realizadas;Número de avaliação psicológicas individuais realizadas - Cidade Aberta;SEFIN, ANTIGA SEGES;I;4681;SEFIN;secretarias;557;2013-05-31 00:00:00;0.00;
5347;Número de avaliação psicológicas individuais realizadas;Número de avaliação psicológicas individuais realizadas - Cidade Aberta;SEFIN, ANTIGA SEGES;I;4681;SEFIN;secretarias;558;2013-04-30 00:00:00;0.00;
5347;Número de avaliação psicológicas individuais realizadas;Número de avaliação psicológicas individuais realizadas - Cidade Aberta;SEFIN, ANTIGA SEGES;I;4681;SEFIN;secretarias;559;2013-03-31 00:00:00;0.00;
5347;Número de avaliação psicológicas individuais realizadas;Número de avaliação psicológicas individuais realizadas - Cidade Aberta;SEFIN, ANTIGA SEGES;I;4681;SEFIN;secretarias;560;2013-02-28 00:00:00;0.00;
5347;Número de avaliação psicológicas individuais realizadas;Número de avaliação psicológicas individuais realizadas - Cidade Aberta;SEFIN, ANTIGA SEGES;I;4681;SEFIN;secretarias;561;2013-01-31 00:00:00;0.00;
5347;Número de avaliação psicológicas individuais realizadas;Número de avaliação psicológicas individuais realizadas - Cidade Aberta;SEFIN, ANTIGA SEGES;I;4681;SEFIN;secretarias;562;2012-12-31 00:00:00;0.00;
5347;Número de avaliação psicológicas individuais realizadas;Número de avaliação psicológicas individuais realizadas - Cidade Aberta;SEFIN, ANTIGA SEGES;I;4681;SEFIN;secretarias;563;2011-12-31 00:00:00;0.00;
5347;Número de avaliação psicológicas individuais realizadas;Número de avaliação psicológicas individuais realizadas - Cidade Aberta;SEFIN, ANTIGA SEGES;I;4681;SEFIN;secretarias;564;2010-12-31 00:00:00;0.00;
5347;Número de avaliação psicológicas individuais realizadas;Número de avaliação psicológicas individuais realizadas - Cidade Aberta;SEFIN, ANTIGA SEGES;I;4681;SEFIN;secretarias;565;2014-12-31 00:00:00;9.00;
5347;Número de avaliação psicológicas individuais realizadas;Número de avaliação psicológicas individuais realizadas - Cidade Aberta;SEFIN, ANTIGA SEGES;I;4681;SEFIN;secretarias;566;2014-11-30 00:00:00;17.00;
5347;Número de avaliação psicológicas individuais realizadas;Número de avaliação psicológicas individuais realizadas - Cidade Aberta;SEFIN, ANTIGA SEGES;I;4681;SEFIN;secretarias;567;2014-10-31 00:00:00;13.00;
5347;Número de avaliação psicológicas individuais realizadas;Número de avaliação psicológicas individuais realizadas - Cidade Aberta;SEFIN, ANTIGA SEGES;I;4681;SEFIN;secretarias;568;2014-09-30 00:00:00;3.00;
5347;Número de avaliação psicológicas individuais realizadas;Número de avaliação psicológicas individuais realizadas - Cidade Aberta;SEFIN, ANTIGA SEGES;I;4681;SEFIN;secretarias;569;2014-08-31 00:00:00;11.00;
5347;Número de avaliação psicológicas individuais realizadas;Número de avaliação psicológicas individuais realizadas - Cidade Aberta;SEFIN, ANTIGA SEGES;I;4681;SEFIN;secretarias;570;2014-07-31 00:00:00;16.00;
5347;Número de avaliação psicológicas individuais realizadas;Número de avaliação psicológicas individuais realizadas - Cidade Aberta;SEFIN, ANTIGA SEGES;I;4681;SEFIN;secretarias;571;2014-06-30 00:00:00;15.00;
5347;Número de avaliação psicológicas individuais realizadas;Número de avaliação psicológicas individuais realizadas - Cidade Aberta;SEFIN, ANTIGA SEGES;I;4681;SEFIN;secretarias;572;2014-05-31 00:00:00;14.00;
5347;Número de avaliação psicológicas individuais realizadas;Número de avaliação psicológicas individuais realizadas - Cidade Aberta;SEFIN, ANTIGA SEGES;I;4681;SEFIN;secretarias;573;2014-04-30 00:00:00;16.00;
5347;Número de avaliação psicológicas individuais realizadas;Número de avaliação psicológicas individuais realizadas - Cidade Aberta;SEFIN, ANTIGA SEGES;I;4681;SEFIN;secretarias;574;2014-03-31 00:00:00;5.00;
5347;Número de avaliação psicológicas individuais realizadas;Número de avaliação psicológicas individuais realizadas - Cidade Aberta;SEFIN, ANTIGA SEGES;I;4681;SEFIN;secretarias;575;2014-02-28 00:00:00;20.00;
5347;Número de avaliação psicológicas individuais realizadas;Número de avaliação psicológicas individuais realizadas - Cidade Aberta;SEFIN, ANTIGA SEGES;I;4681;SEFIN;secretarias;576;2014-01-31 00:00:00;2.00;
5347;Número de avaliação psicológicas individuais realizadas;Número de avaliação psicológicas individuais realizadas - Cidade Aberta;SEFIN, ANTIGA SEGES;I;4681;SEFIN;secretarias;3891;2018-12-31 00:00:00;39.00;
5347;Número de avaliação psicológicas individuais realizadas;Número de avaliação psicológicas individuais realizadas - Cidade Aberta;SEFIN, ANTIGA SEGES;I;4681;SEFIN;secretarias;4121;2019-12-31 00:00:00;30.00;
5347;Número de avaliação psicológicas individuais realizadas;Número de avaliação psicológicas individuais realizadas - Cidade Aberta;SEFIN, ANTIGA SEGES;I;4681;SEFIN;secretarias;5103;2020-12-31 00:00:00;9.00;
5347;Número de avaliação psicológicas individuais realizadas;Número de avaliação psicológicas individuais realizadas - Cidade Aberta;SEFIN, ANTIGA SEGES;I;4681;SEFIN;secretarias;5995;2021-12-30 00:00:00;6.00;
5347;Número de avaliação psicológicas individuais realizadas;Número de avaliação psicológicas individuais realizadas - Cidade Aberta;SEFIN, ANTIGA SEGES;I;4681;SEFIN;secretarias;6865;2022-12-31 00:00:00;5.00;
5347;Número de avaliação psicológicas individuais realizadas;Número de avaliação psicológicas individuais realizadas - Cidade Aberta;SEFIN, ANTIGA SEGES;I;4681;SEFIN;secretarias;7563;2023-12-31 00:00:00;4.00;
