codigo;nome;descricao;fonte;tipoValor;id_orgao;sigla_orgao;tipo_orgao;valores_codigo;valores_data;valores_valor;valores_descricao
5348;Número de casos emergenciais atendidos;Número de casos emergenciais atendidos - Cidade Aberta;SEFIN, ANTIGA SEGES;I;4681;SEFIN;secretarias;577;2012-12-31 00:00:00;0.00;
5348;Número de casos emergenciais atendidos;Número de casos emergenciais atendidos - Cidade Aberta;SEFIN, ANTIGA SEGES;I;4681;SEFIN;secretarias;578;2015-02-28 00:00:00;1.00;
5348;Número de casos emergenciais atendidos;Número de casos emergenciais atendidos - Cidade Aberta;SEFIN, ANTIGA SEGES;I;4681;SEFIN;secretarias;579;2010-12-31 00:00:00;0.00;
5348;Número de casos emergenciais atendidos;Número de casos emergenciais atendidos - Cidade Aberta;SEFIN, ANTIGA SEGES;I;4681;SEFIN;secretarias;580;2016-12-31 00:00:00;35.00;
5348;Número de casos emergenciais atendidos;Número de casos emergenciais atendidos - Cidade Aberta;SEFIN, ANTIGA SEGES;I;4681;SEFIN;secretarias;581;2013-12-31 00:00:00;4.00;
5348;Número de casos emergenciais atendidos;Número de casos emergenciais atendidos - Cidade Aberta;SEFIN, ANTIGA SEGES;I;4681;SEFIN;secretarias;582;2013-11-30 00:00:00;10.00;
5348;Número de casos emergenciais atendidos;Número de casos emergenciais atendidos - Cidade Aberta;SEFIN, ANTIGA SEGES;I;4681;SEFIN;secretarias;583;2013-10-31 00:00:00;7.00;
5348;Número de casos emergenciais atendidos;Número de casos emergenciais atendidos - Cidade Aberta;SEFIN, ANTIGA SEGES;I;4681;SEFIN;secretarias;584;2013-09-30 00:00:00;8.00;
5348;Número de casos emergenciais atendidos;Número de casos emergenciais atendidos - Cidade Aberta;SEFIN, ANTIGA SEGES;I;4681;SEFIN;secretarias;585;2013-08-31 00:00:00;10.00;
5348;Número de casos emergenciais atendidos;Número de casos emergenciais atendidos - Cidade Aberta;SEFIN, ANTIGA SEGES;I;4681;SEFIN;secretarias;586;2013-07-31 00:00:00;3.00;
5348;Número de casos emergenciais atendidos;Número de casos emergenciais atendidos - Cidade Aberta;SEFIN, ANTIGA SEGES;I;4681;SEFIN;secretarias;587;2013-06-30 00:00:00;0.00;
5348;Número de casos emergenciais atendidos;Número de casos emergenciais atendidos - Cidade Aberta;SEFIN, ANTIGA SEGES;I;4681;SEFIN;secretarias;588;2013-05-31 00:00:00;0.00;
5348;Número de casos emergenciais atendidos;Número de casos emergenciais atendidos - Cidade Aberta;SEFIN, ANTIGA SEGES;I;4681;SEFIN;secretarias;589;2013-04-30 00:00:00;0.00;
5348;Número de casos emergenciais atendidos;Número de casos emergenciais atendidos - Cidade Aberta;SEFIN, ANTIGA SEGES;I;4681;SEFIN;secretarias;590;2013-03-31 00:00:00;0.00;
5348;Número de casos emergenciais atendidos;Número de casos emergenciais atendidos - Cidade Aberta;SEFIN, ANTIGA SEGES;I;4681;SEFIN;secretarias;591;2013-02-28 00:00:00;0.00;
5348;Número de casos emergenciais atendidos;Número de casos emergenciais atendidos - Cidade Aberta;SEFIN, ANTIGA SEGES;I;4681;SEFIN;secretarias;592;2013-01-31 00:00:00;0.00;
5348;Número de casos emergenciais atendidos;Número de casos emergenciais atendidos - Cidade Aberta;SEFIN, ANTIGA SEGES;I;4681;SEFIN;secretarias;593;2009-12-31 00:00:00;0.00;
5348;Número de casos emergenciais atendidos;Número de casos emergenciais atendidos - Cidade Aberta;SEFIN, ANTIGA SEGES;I;4681;SEFIN;secretarias;594;2014-12-31 00:00:00;5.00;
5348;Número de casos emergenciais atendidos;Número de casos emergenciais atendidos - Cidade Aberta;SEFIN, ANTIGA SEGES;I;4681;SEFIN;secretarias;595;2014-11-30 00:00:00;1.00;
5348;Número de casos emergenciais atendidos;Número de casos emergenciais atendidos - Cidade Aberta;SEFIN, ANTIGA SEGES;I;4681;SEFIN;secretarias;596;2014-10-31 00:00:00;4.00;
5348;Número de casos emergenciais atendidos;Número de casos emergenciais atendidos - Cidade Aberta;SEFIN, ANTIGA SEGES;I;4681;SEFIN;secretarias;597;2014-09-30 00:00:00;3.00;
5348;Número de casos emergenciais atendidos;Número de casos emergenciais atendidos - Cidade Aberta;SEFIN, ANTIGA SEGES;I;4681;SEFIN;secretarias;598;2014-08-31 00:00:00;4.00;
5348;Número de casos emergenciais atendidos;Número de casos emergenciais atendidos - Cidade Aberta;SEFIN, ANTIGA SEGES;I;4681;SEFIN;secretarias;599;2014-07-31 00:00:00;7.00;
5348;Número de casos emergenciais atendidos;Número de casos emergenciais atendidos - Cidade Aberta;SEFIN, ANTIGA SEGES;I;4681;SEFIN;secretarias;600;2014-06-30 00:00:00;3.00;
5348;Número de casos emergenciais atendidos;Número de casos emergenciais atendidos - Cidade Aberta;SEFIN, ANTIGA SEGES;I;4681;SEFIN;secretarias;601;2014-05-31 00:00:00;3.00;
5348;Número de casos emergenciais atendidos;Número de casos emergenciais atendidos - Cidade Aberta;SEFIN, ANTIGA SEGES;I;4681;SEFIN;secretarias;602;2014-04-30 00:00:00;0.00;
5348;Número de casos emergenciais atendidos;Número de casos emergenciais atendidos - Cidade Aberta;SEFIN, ANTIGA SEGES;I;4681;SEFIN;secretarias;603;2014-03-31 00:00:00;8.00;
5348;Número de casos emergenciais atendidos;Número de casos emergenciais atendidos - Cidade Aberta;SEFIN, ANTIGA SEGES;I;4681;SEFIN;secretarias;604;2014-02-28 00:00:00;2.00;
5348;Número de casos emergenciais atendidos;Número de casos emergenciais atendidos - Cidade Aberta;SEFIN, ANTIGA SEGES;I;4681;SEFIN;secretarias;605;2014-01-31 00:00:00;5.00;
5348;Número de casos emergenciais atendidos;Número de casos emergenciais atendidos - Cidade Aberta;SEFIN, ANTIGA SEGES;I;4681;SEFIN;secretarias;606;2015-12-31 00:00:00;0.00;
5348;Número de casos emergenciais atendidos;Número de casos emergenciais atendidos - Cidade Aberta;SEFIN, ANTIGA SEGES;I;4681;SEFIN;secretarias;607;2015-11-30 00:00:00;0.00;
5348;Número de casos emergenciais atendidos;Número de casos emergenciais atendidos - Cidade Aberta;SEFIN, ANTIGA SEGES;I;4681;SEFIN;secretarias;608;2015-10-31 00:00:00;0.00;
5348;Número de casos emergenciais atendidos;Número de casos emergenciais atendidos - Cidade Aberta;SEFIN, ANTIGA SEGES;I;4681;SEFIN;secretarias;609;2015-09-30 00:00:00;0.00;
5348;Número de casos emergenciais atendidos;Número de casos emergenciais atendidos - Cidade Aberta;SEFIN, ANTIGA SEGES;I;4681;SEFIN;secretarias;610;2015-08-31 00:00:00;0.00;
5348;Número de casos emergenciais atendidos;Número de casos emergenciais atendidos - Cidade Aberta;SEFIN, ANTIGA SEGES;I;4681;SEFIN;secretarias;611;2015-01-31 00:00:00;5.00;
5348;Número de casos emergenciais atendidos;Número de casos emergenciais atendidos - Cidade Aberta;SEFIN, ANTIGA SEGES;I;4681;SEFIN;secretarias;612;2015-07-31 00:00:00;0.00;
5348;Número de casos emergenciais atendidos;Número de casos emergenciais atendidos - Cidade Aberta;SEFIN, ANTIGA SEGES;I;4681;SEFIN;secretarias;613;2015-06-30 00:00:00;0.00;
5348;Número de casos emergenciais atendidos;Número de casos emergenciais atendidos - Cidade Aberta;SEFIN, ANTIGA SEGES;I;4681;SEFIN;secretarias;614;2015-05-31 00:00:00;7.00;
5348;Número de casos emergenciais atendidos;Número de casos emergenciais atendidos - Cidade Aberta;SEFIN, ANTIGA SEGES;I;4681;SEFIN;secretarias;615;2015-04-30 00:00:00;6.00;
5348;Número de casos emergenciais atendidos;Número de casos emergenciais atendidos - Cidade Aberta;SEFIN, ANTIGA SEGES;I;4681;SEFIN;secretarias;616;2015-03-31 00:00:00;9.00;
5348;Número de casos emergenciais atendidos;Número de casos emergenciais atendidos - Cidade Aberta;SEFIN, ANTIGA SEGES;I;4681;SEFIN;secretarias;617;2011-12-31 00:00:00;0.00;
5348;Número de casos emergenciais atendidos;Número de casos emergenciais atendidos - Cidade Aberta;SEFIN, ANTIGA SEGES;I;4681;SEFIN;secretarias;3892;2018-12-31 00:00:00;53.00;
5348;Número de casos emergenciais atendidos;Número de casos emergenciais atendidos - Cidade Aberta;SEFIN, ANTIGA SEGES;I;4681;SEFIN;secretarias;4122;2019-12-31 00:00:00;67.00;
5348;Número de casos emergenciais atendidos;Número de casos emergenciais atendidos - Cidade Aberta;SEFIN, ANTIGA SEGES;I;4681;SEFIN;secretarias;5190;2020-12-31 00:00:00;27.00;
5348;Número de casos emergenciais atendidos;Número de casos emergenciais atendidos - Cidade Aberta;SEFIN, ANTIGA SEGES;I;4681;SEFIN;secretarias;5996;2021-12-30 00:00:00;3.00;
5348;Número de casos emergenciais atendidos;Número de casos emergenciais atendidos - Cidade Aberta;SEFIN, ANTIGA SEGES;I;4681;SEFIN;secretarias;6866;2022-12-31 00:00:00;32.00;
5348;Número de casos emergenciais atendidos;Número de casos emergenciais atendidos - Cidade Aberta;SEFIN, ANTIGA SEGES;I;4681;SEFIN;secretarias;7564;2023-12-31 00:00:00;43.00;
