codigo;nome;descricao;fonte;tipoValor;id_orgao;sigla_orgao;tipo_orgao;valores_codigo;valores_data;valores_valor;valores_descricao
5350;Número de publicações da estabilidade;Publicação da estabilidade - Cidade Aberta;SEFIN, ANTIGA SEGES;I;4681;SEFIN;secretarias;659;2014-12-31 00:00:00;274.00;
5350;Número de publicações da estabilidade;Publicação da estabilidade - Cidade Aberta;SEFIN, ANTIGA SEGES;I;4681;SEFIN;secretarias;660;2009-12-31 00:00:00;248.00;
5350;Número de publicações da estabilidade;Publicação da estabilidade - Cidade Aberta;SEFIN, ANTIGA SEGES;I;4681;SEFIN;secretarias;661;2010-12-31 00:00:00;895.00;
5350;Número de publicações da estabilidade;Publicação da estabilidade - Cidade Aberta;SEFIN, ANTIGA SEGES;I;4681;SEFIN;secretarias;662;2011-12-31 00:00:00;795.00;
5350;Número de publicações da estabilidade;Publicação da estabilidade - Cidade Aberta;SEFIN, ANTIGA SEGES;I;4681;SEFIN;secretarias;663;2012-12-31 00:00:00;362.00;
5350;Número de publicações da estabilidade;Publicação da estabilidade - Cidade Aberta;SEFIN, ANTIGA SEGES;I;4681;SEFIN;secretarias;664;2013-12-31 00:00:00;335.00;
5350;Número de publicações da estabilidade;Publicação da estabilidade - Cidade Aberta;SEFIN, ANTIGA SEGES;I;4681;SEFIN;secretarias;665;2016-12-31 00:00:00;1016.00;
5350;Número de publicações da estabilidade;Publicação da estabilidade - Cidade Aberta;SEFIN, ANTIGA SEGES;I;4681;SEFIN;secretarias;666;2015-12-31 00:00:00;1176.00;
5350;Número de publicações da estabilidade;Publicação da estabilidade - Cidade Aberta;SEFIN, ANTIGA SEGES;I;4681;SEFIN;secretarias;3956;2018-12-31 00:00:00;643.00;
5350;Número de publicações da estabilidade;Publicação da estabilidade - Cidade Aberta;SEFIN, ANTIGA SEGES;I;4681;SEFIN;secretarias;4123;2019-12-31 00:00:00;299.00;
5350;Número de publicações da estabilidade;Publicação da estabilidade - Cidade Aberta;SEFIN, ANTIGA SEGES;I;4681;SEFIN;secretarias;5075;2020-12-31 00:00:00;494.00;
5350;Número de publicações da estabilidade;Publicação da estabilidade - Cidade Aberta;SEFIN, ANTIGA SEGES;I;4681;SEFIN;secretarias;6000;2021-12-30 00:00:00;865.00;
5350;Número de publicações da estabilidade;Publicação da estabilidade - Cidade Aberta;SEFIN, ANTIGA SEGES;I;4681;SEFIN;secretarias;6872;2022-12-31 00:00:00;286.00;
5350;Número de publicações da estabilidade;Publicação da estabilidade - Cidade Aberta;SEFIN, ANTIGA SEGES;I;4681;SEFIN;secretarias;7569;2023-12-31 00:00:00;174.00;
