codigo;nome;descricao;fonte;tipoValor;id_orgao;sigla_orgao;tipo_orgao;valores_codigo;valores_data;valores_valor;valores_descricao
5352;Quantidade de servidores atendidos em grupo;Quantidade de servidores atendidos em grupo - Cidade Aberta;SEFIN, ANTIGA SEGES;I;4681;SEFIN;secretarias;670;2012-12-31 00:00:00;0.00;
5352;Quantidade de servidores atendidos em grupo;Quantidade de servidores atendidos em grupo - Cidade Aberta;SEFIN, ANTIGA SEGES;I;4681;SEFIN;secretarias;671;2011-12-31 00:00:00;0.00;
5352;Quantidade de servidores atendidos em grupo;Quantidade de servidores atendidos em grupo - Cidade Aberta;SEFIN, ANTIGA SEGES;I;4681;SEFIN;secretarias;672;2015-01-31 00:00:00;25.00;
5352;Quantidade de servidores atendidos em grupo;Quantidade de servidores atendidos em grupo - Cidade Aberta;SEFIN, ANTIGA SEGES;I;4681;SEFIN;secretarias;673;2015-02-28 00:00:00;53.00;
5352;Quantidade de servidores atendidos em grupo;Quantidade de servidores atendidos em grupo - Cidade Aberta;SEFIN, ANTIGA SEGES;I;4681;SEFIN;secretarias;674;2015-03-31 00:00:00;73.00;
5352;Quantidade de servidores atendidos em grupo;Quantidade de servidores atendidos em grupo - Cidade Aberta;SEFIN, ANTIGA SEGES;I;4681;SEFIN;secretarias;675;2015-04-30 00:00:00;44.00;
5352;Quantidade de servidores atendidos em grupo;Quantidade de servidores atendidos em grupo - Cidade Aberta;SEFIN, ANTIGA SEGES;I;4681;SEFIN;secretarias;676;2015-05-31 00:00:00;47.00;
5352;Quantidade de servidores atendidos em grupo;Quantidade de servidores atendidos em grupo - Cidade Aberta;SEFIN, ANTIGA SEGES;I;4681;SEFIN;secretarias;677;2015-06-30 00:00:00;0.00;
5352;Quantidade de servidores atendidos em grupo;Quantidade de servidores atendidos em grupo - Cidade Aberta;SEFIN, ANTIGA SEGES;I;4681;SEFIN;secretarias;678;2015-07-31 00:00:00;0.00;
5352;Quantidade de servidores atendidos em grupo;Quantidade de servidores atendidos em grupo - Cidade Aberta;SEFIN, ANTIGA SEGES;I;4681;SEFIN;secretarias;679;2015-08-31 00:00:00;0.00;
5352;Quantidade de servidores atendidos em grupo;Quantidade de servidores atendidos em grupo - Cidade Aberta;SEFIN, ANTIGA SEGES;I;4681;SEFIN;secretarias;680;2015-09-30 00:00:00;0.00;
5352;Quantidade de servidores atendidos em grupo;Quantidade de servidores atendidos em grupo - Cidade Aberta;SEFIN, ANTIGA SEGES;I;4681;SEFIN;secretarias;681;2015-10-31 00:00:00;0.00;
5352;Quantidade de servidores atendidos em grupo;Quantidade de servidores atendidos em grupo - Cidade Aberta;SEFIN, ANTIGA SEGES;I;4681;SEFIN;secretarias;682;2015-11-30 00:00:00;0.00;
5352;Quantidade de servidores atendidos em grupo;Quantidade de servidores atendidos em grupo - Cidade Aberta;SEFIN, ANTIGA SEGES;I;4681;SEFIN;secretarias;683;2015-12-31 00:00:00;0.00;
5352;Quantidade de servidores atendidos em grupo;Quantidade de servidores atendidos em grupo - Cidade Aberta;SEFIN, ANTIGA SEGES;I;4681;SEFIN;secretarias;684;2010-12-31 00:00:00;0.00;
5352;Quantidade de servidores atendidos em grupo;Quantidade de servidores atendidos em grupo - Cidade Aberta;SEFIN, ANTIGA SEGES;I;4681;SEFIN;secretarias;685;2009-12-31 00:00:00;0.00;
5352;Quantidade de servidores atendidos em grupo;Quantidade de servidores atendidos em grupo - Cidade Aberta;SEFIN, ANTIGA SEGES;I;4681;SEFIN;secretarias;686;2016-12-31 00:00:00;467.00;
5352;Quantidade de servidores atendidos em grupo;Quantidade de servidores atendidos em grupo - Cidade Aberta;SEFIN, ANTIGA SEGES;I;4681;SEFIN;secretarias;687;2014-12-31 00:00:00;47.00;
5352;Quantidade de servidores atendidos em grupo;Quantidade de servidores atendidos em grupo - Cidade Aberta;SEFIN, ANTIGA SEGES;I;4681;SEFIN;secretarias;688;2014-11-30 00:00:00;121.00;
5352;Quantidade de servidores atendidos em grupo;Quantidade de servidores atendidos em grupo - Cidade Aberta;SEFIN, ANTIGA SEGES;I;4681;SEFIN;secretarias;689;2014-10-31 00:00:00;76.00;
5352;Quantidade de servidores atendidos em grupo;Quantidade de servidores atendidos em grupo - Cidade Aberta;SEFIN, ANTIGA SEGES;I;4681;SEFIN;secretarias;690;2014-09-30 00:00:00;195.00;
5352;Quantidade de servidores atendidos em grupo;Quantidade de servidores atendidos em grupo - Cidade Aberta;SEFIN, ANTIGA SEGES;I;4681;SEFIN;secretarias;691;2014-08-31 00:00:00;241.00;
5352;Quantidade de servidores atendidos em grupo;Quantidade de servidores atendidos em grupo - Cidade Aberta;SEFIN, ANTIGA SEGES;I;4681;SEFIN;secretarias;692;2014-07-31 00:00:00;116.00;
5352;Quantidade de servidores atendidos em grupo;Quantidade de servidores atendidos em grupo - Cidade Aberta;SEFIN, ANTIGA SEGES;I;4681;SEFIN;secretarias;693;2014-06-30 00:00:00;75.00;
5352;Quantidade de servidores atendidos em grupo;Quantidade de servidores atendidos em grupo - Cidade Aberta;SEFIN, ANTIGA SEGES;I;4681;SEFIN;secretarias;694;2014-05-31 00:00:00;145.00;
5352;Quantidade de servidores atendidos em grupo;Quantidade de servidores atendidos em grupo - Cidade Aberta;SEFIN, ANTIGA SEGES;I;4681;SEFIN;secretarias;695;2014-04-30 00:00:00;128.00;
5352;Quantidade de servidores atendidos em grupo;Quantidade de servidores atendidos em grupo - Cidade Aberta;SEFIN, ANTIGA SEGES;I;4681;SEFIN;secretarias;696;2014-03-31 00:00:00;79.00;
5352;Quantidade de servidores atendidos em grupo;Quantidade de servidores atendidos em grupo - Cidade Aberta;SEFIN, ANTIGA SEGES;I;4681;SEFIN;secretarias;697;2014-02-28 00:00:00;33.00;
5352;Quantidade de servidores atendidos em grupo;Quantidade de servidores atendidos em grupo - Cidade Aberta;SEFIN, ANTIGA SEGES;I;4681;SEFIN;secretarias;698;2014-01-31 00:00:00;46.00;
5352;Quantidade de servidores atendidos em grupo;Quantidade de servidores atendidos em grupo - Cidade Aberta;SEFIN, ANTIGA SEGES;I;4681;SEFIN;secretarias;699;2013-01-31 00:00:00;0.00;
5352;Quantidade de servidores atendidos em grupo;Quantidade de servidores atendidos em grupo - Cidade Aberta;SEFIN, ANTIGA SEGES;I;4681;SEFIN;secretarias;700;2013-12-31 00:00:00;106.00;
5352;Quantidade de servidores atendidos em grupo;Quantidade de servidores atendidos em grupo - Cidade Aberta;SEFIN, ANTIGA SEGES;I;4681;SEFIN;secretarias;701;2013-11-30 00:00:00;221.00;
5352;Quantidade de servidores atendidos em grupo;Quantidade de servidores atendidos em grupo - Cidade Aberta;SEFIN, ANTIGA SEGES;I;4681;SEFIN;secretarias;702;2013-10-31 00:00:00;141.00;
5352;Quantidade de servidores atendidos em grupo;Quantidade de servidores atendidos em grupo - Cidade Aberta;SEFIN, ANTIGA SEGES;I;4681;SEFIN;secretarias;703;2013-09-30 00:00:00;119.00;
5352;Quantidade de servidores atendidos em grupo;Quantidade de servidores atendidos em grupo - Cidade Aberta;SEFIN, ANTIGA SEGES;I;4681;SEFIN;secretarias;704;2013-08-31 00:00:00;42.00;
5352;Quantidade de servidores atendidos em grupo;Quantidade de servidores atendidos em grupo - Cidade Aberta;SEFIN, ANTIGA SEGES;I;4681;SEFIN;secretarias;705;2013-07-31 00:00:00;69.00;
5352;Quantidade de servidores atendidos em grupo;Quantidade de servidores atendidos em grupo - Cidade Aberta;SEFIN, ANTIGA SEGES;I;4681;SEFIN;secretarias;706;2013-06-30 00:00:00;0.00;
5352;Quantidade de servidores atendidos em grupo;Quantidade de servidores atendidos em grupo - Cidade Aberta;SEFIN, ANTIGA SEGES;I;4681;SEFIN;secretarias;707;2013-05-31 00:00:00;0.00;
5352;Quantidade de servidores atendidos em grupo;Quantidade de servidores atendidos em grupo - Cidade Aberta;SEFIN, ANTIGA SEGES;I;4681;SEFIN;secretarias;708;2013-04-30 00:00:00;0.00;
5352;Quantidade de servidores atendidos em grupo;Quantidade de servidores atendidos em grupo - Cidade Aberta;SEFIN, ANTIGA SEGES;I;4681;SEFIN;secretarias;709;2013-03-31 00:00:00;0.00;
5352;Quantidade de servidores atendidos em grupo;Quantidade de servidores atendidos em grupo - Cidade Aberta;SEFIN, ANTIGA SEGES;I;4681;SEFIN;secretarias;710;2013-02-28 00:00:00;0.00;
5352;Quantidade de servidores atendidos em grupo;Quantidade de servidores atendidos em grupo - Cidade Aberta;SEFIN, ANTIGA SEGES;I;4681;SEFIN;secretarias;3894;2018-12-31 00:00:00;260.00;
5352;Quantidade de servidores atendidos em grupo;Quantidade de servidores atendidos em grupo - Cidade Aberta;SEFIN, ANTIGA SEGES;I;4681;SEFIN;secretarias;4124;2019-12-31 00:00:00;343.00;
5352;Quantidade de servidores atendidos em grupo;Quantidade de servidores atendidos em grupo - Cidade Aberta;SEFIN, ANTIGA SEGES;I;4681;SEFIN;secretarias;5106;2020-12-31 00:00:00;248.00;
5352;Quantidade de servidores atendidos em grupo;Quantidade de servidores atendidos em grupo - Cidade Aberta;SEFIN, ANTIGA SEGES;I;4681;SEFIN;secretarias;5990;2021-12-30 00:00:00;389.00;
5352;Quantidade de servidores atendidos em grupo;Quantidade de servidores atendidos em grupo - Cidade Aberta;SEFIN, ANTIGA SEGES;I;4681;SEFIN;secretarias;6877;2022-12-31 00:00:00;854.00;
5352;Quantidade de servidores atendidos em grupo;Quantidade de servidores atendidos em grupo - Cidade Aberta;SEFIN, ANTIGA SEGES;I;4681;SEFIN;secretarias;7575;2023-12-31 00:00:00;1281.00;
