codigo;nome;descricao;fonte;tipoValor;id_orgao;sigla_orgao;tipo_orgao;valores_codigo;valores_data;valores_valor;valores_descricao
5354;Número total de servidores atendidos pelo Serviço Social;Servidores atendidos pelo Serviço Social - Cidade Aberta;SEFIN, ANTIGA SEGES;I;4681;SEFIN;secretarias;716;2012-12-31 00:00:00;4.00;
5354;Número total de servidores atendidos pelo Serviço Social;Servidores atendidos pelo Serviço Social - Cidade Aberta;SEFIN, ANTIGA SEGES;I;4681;SEFIN;secretarias;717;2013-12-31 00:00:00;5.00;
5354;Número total de servidores atendidos pelo Serviço Social;Servidores atendidos pelo Serviço Social - Cidade Aberta;SEFIN, ANTIGA SEGES;I;4681;SEFIN;secretarias;718;2016-12-31 00:00:00;2520.00;
5354;Número total de servidores atendidos pelo Serviço Social;Servidores atendidos pelo Serviço Social - Cidade Aberta;SEFIN, ANTIGA SEGES;I;4681;SEFIN;secretarias;719;2015-12-31 00:00:00;2044.00;
5354;Número total de servidores atendidos pelo Serviço Social;Servidores atendidos pelo Serviço Social - Cidade Aberta;SEFIN, ANTIGA SEGES;I;4681;SEFIN;secretarias;720;2011-12-31 00:00:00;3.00;
5354;Número total de servidores atendidos pelo Serviço Social;Servidores atendidos pelo Serviço Social - Cidade Aberta;SEFIN, ANTIGA SEGES;I;4681;SEFIN;secretarias;721;2009-12-31 00:00:00;1.00;
5354;Número total de servidores atendidos pelo Serviço Social;Servidores atendidos pelo Serviço Social - Cidade Aberta;SEFIN, ANTIGA SEGES;I;4681;SEFIN;secretarias;722;2014-12-31 00:00:00;6.00;
5354;Número total de servidores atendidos pelo Serviço Social;Servidores atendidos pelo Serviço Social - Cidade Aberta;SEFIN, ANTIGA SEGES;I;4681;SEFIN;secretarias;723;2010-12-31 00:00:00;2.00;
5354;Número total de servidores atendidos pelo Serviço Social;Servidores atendidos pelo Serviço Social - Cidade Aberta;SEFIN, ANTIGA SEGES;I;4681;SEFIN;secretarias;3896;2018-12-31 00:00:00;2063.00;
5354;Número total de servidores atendidos pelo Serviço Social;Servidores atendidos pelo Serviço Social - Cidade Aberta;SEFIN, ANTIGA SEGES;I;4681;SEFIN;secretarias;4125;2019-12-31 00:00:00;1185.00;
5354;Número total de servidores atendidos pelo Serviço Social;Servidores atendidos pelo Serviço Social - Cidade Aberta;SEFIN, ANTIGA SEGES;I;4681;SEFIN;secretarias;5102;2020-12-31 00:00:00;991.00;
5354;Número total de servidores atendidos pelo Serviço Social;Servidores atendidos pelo Serviço Social - Cidade Aberta;SEFIN, ANTIGA SEGES;I;4681;SEFIN;secretarias;5994;2021-12-30 00:00:00;1167.00;
5354;Número total de servidores atendidos pelo Serviço Social;Servidores atendidos pelo Serviço Social - Cidade Aberta;SEFIN, ANTIGA SEGES;I;4681;SEFIN;secretarias;6876;2022-12-31 00:00:00;1048.00;
5354;Número total de servidores atendidos pelo Serviço Social;Servidores atendidos pelo Serviço Social - Cidade Aberta;SEFIN, ANTIGA SEGES;I;4681;SEFIN;secretarias;7573;2023-12-31 00:00:00;1619.00;
