codigo;nome;descricao;fonte;tipoValor;id_orgao;sigla_orgao;tipo_orgao;valores_codigo;valores_data;valores_valor;valores_descricao
5355;Total de servidores incluídos na readaptação;Servidores inclusos na readaptação - Cidade Aberta;SEFIN, ANTIGA SEGES;I;4681;SEFIN;secretarias;724;2015-12-31 00:00:00;0.00;
5355;Total de servidores incluídos na readaptação;Servidores inclusos na readaptação - Cidade Aberta;SEFIN, ANTIGA SEGES;I;4681;SEFIN;secretarias;725;2013-01-31 00:00:00;0.00;
5355;Total de servidores incluídos na readaptação;Servidores inclusos na readaptação - Cidade Aberta;SEFIN, ANTIGA SEGES;I;4681;SEFIN;secretarias;726;2015-10-31 00:00:00;0.00;
5355;Total de servidores incluídos na readaptação;Servidores inclusos na readaptação - Cidade Aberta;SEFIN, ANTIGA SEGES;I;4681;SEFIN;secretarias;727;2015-09-30 00:00:00;0.00;
5355;Total de servidores incluídos na readaptação;Servidores inclusos na readaptação - Cidade Aberta;SEFIN, ANTIGA SEGES;I;4681;SEFIN;secretarias;728;2015-08-31 00:00:00;0.00;
5355;Total de servidores incluídos na readaptação;Servidores inclusos na readaptação - Cidade Aberta;SEFIN, ANTIGA SEGES;I;4681;SEFIN;secretarias;729;2015-07-31 00:00:00;0.00;
5355;Total de servidores incluídos na readaptação;Servidores inclusos na readaptação - Cidade Aberta;SEFIN, ANTIGA SEGES;I;4681;SEFIN;secretarias;730;2015-06-30 00:00:00;0.00;
5355;Total de servidores incluídos na readaptação;Servidores inclusos na readaptação - Cidade Aberta;SEFIN, ANTIGA SEGES;I;4681;SEFIN;secretarias;731;2015-05-31 00:00:00;17.00;
5355;Total de servidores incluídos na readaptação;Servidores inclusos na readaptação - Cidade Aberta;SEFIN, ANTIGA SEGES;I;4681;SEFIN;secretarias;732;2015-04-30 00:00:00;18.00;
5355;Total de servidores incluídos na readaptação;Servidores inclusos na readaptação - Cidade Aberta;SEFIN, ANTIGA SEGES;I;4681;SEFIN;secretarias;733;2015-03-31 00:00:00;8.00;
5355;Total de servidores incluídos na readaptação;Servidores inclusos na readaptação - Cidade Aberta;SEFIN, ANTIGA SEGES;I;4681;SEFIN;secretarias;734;2015-02-28 00:00:00;5.00;
5355;Total de servidores incluídos na readaptação;Servidores inclusos na readaptação - Cidade Aberta;SEFIN, ANTIGA SEGES;I;4681;SEFIN;secretarias;735;2015-01-31 00:00:00;7.00;
5355;Total de servidores incluídos na readaptação;Servidores inclusos na readaptação - Cidade Aberta;SEFIN, ANTIGA SEGES;I;4681;SEFIN;secretarias;736;2015-11-30 00:00:00;0.00;
5355;Total de servidores incluídos na readaptação;Servidores inclusos na readaptação - Cidade Aberta;SEFIN, ANTIGA SEGES;I;4681;SEFIN;secretarias;737;2013-02-28 00:00:00;0.00;
5355;Total de servidores incluídos na readaptação;Servidores inclusos na readaptação - Cidade Aberta;SEFIN, ANTIGA SEGES;I;4681;SEFIN;secretarias;738;2013-03-31 00:00:00;0.00;
5355;Total de servidores incluídos na readaptação;Servidores inclusos na readaptação - Cidade Aberta;SEFIN, ANTIGA SEGES;I;4681;SEFIN;secretarias;739;2013-04-30 00:00:00;0.00;
5355;Total de servidores incluídos na readaptação;Servidores inclusos na readaptação - Cidade Aberta;SEFIN, ANTIGA SEGES;I;4681;SEFIN;secretarias;740;2013-05-31 00:00:00;0.00;
5355;Total de servidores incluídos na readaptação;Servidores inclusos na readaptação - Cidade Aberta;SEFIN, ANTIGA SEGES;I;4681;SEFIN;secretarias;741;2013-06-30 00:00:00;0.00;
5355;Total de servidores incluídos na readaptação;Servidores inclusos na readaptação - Cidade Aberta;SEFIN, ANTIGA SEGES;I;4681;SEFIN;secretarias;742;2013-07-31 00:00:00;17.00;
5355;Total de servidores incluídos na readaptação;Servidores inclusos na readaptação - Cidade Aberta;SEFIN, ANTIGA SEGES;I;4681;SEFIN;secretarias;743;2013-08-31 00:00:00;18.00;
5355;Total de servidores incluídos na readaptação;Servidores inclusos na readaptação - Cidade Aberta;SEFIN, ANTIGA SEGES;I;4681;SEFIN;secretarias;744;2016-12-31 00:00:00;154.00;
5355;Total de servidores incluídos na readaptação;Servidores inclusos na readaptação - Cidade Aberta;SEFIN, ANTIGA SEGES;I;4681;SEFIN;secretarias;745;2014-12-31 00:00:00;14.00;
5355;Total de servidores incluídos na readaptação;Servidores inclusos na readaptação - Cidade Aberta;SEFIN, ANTIGA SEGES;I;4681;SEFIN;secretarias;746;2014-11-30 00:00:00;13.00;
5355;Total de servidores incluídos na readaptação;Servidores inclusos na readaptação - Cidade Aberta;SEFIN, ANTIGA SEGES;I;4681;SEFIN;secretarias;747;2014-10-31 00:00:00;22.00;
5355;Total de servidores incluídos na readaptação;Servidores inclusos na readaptação - Cidade Aberta;SEFIN, ANTIGA SEGES;I;4681;SEFIN;secretarias;748;2014-09-30 00:00:00;8.00;
5355;Total de servidores incluídos na readaptação;Servidores inclusos na readaptação - Cidade Aberta;SEFIN, ANTIGA SEGES;I;4681;SEFIN;secretarias;749;2014-08-31 00:00:00;2.00;
5355;Total de servidores incluídos na readaptação;Servidores inclusos na readaptação - Cidade Aberta;SEFIN, ANTIGA SEGES;I;4681;SEFIN;secretarias;750;2014-07-31 00:00:00;11.00;
5355;Total de servidores incluídos na readaptação;Servidores inclusos na readaptação - Cidade Aberta;SEFIN, ANTIGA SEGES;I;4681;SEFIN;secretarias;751;2014-06-30 00:00:00;7.00;
5355;Total de servidores incluídos na readaptação;Servidores inclusos na readaptação - Cidade Aberta;SEFIN, ANTIGA SEGES;I;4681;SEFIN;secretarias;752;2014-05-31 00:00:00;7.00;
5355;Total de servidores incluídos na readaptação;Servidores inclusos na readaptação - Cidade Aberta;SEFIN, ANTIGA SEGES;I;4681;SEFIN;secretarias;753;2014-04-30 00:00:00;2.00;
5355;Total de servidores incluídos na readaptação;Servidores inclusos na readaptação - Cidade Aberta;SEFIN, ANTIGA SEGES;I;4681;SEFIN;secretarias;754;2014-03-31 00:00:00;9.00;
5355;Total de servidores incluídos na readaptação;Servidores inclusos na readaptação - Cidade Aberta;SEFIN, ANTIGA SEGES;I;4681;SEFIN;secretarias;755;2014-02-28 00:00:00;21.00;
5355;Total de servidores incluídos na readaptação;Servidores inclusos na readaptação - Cidade Aberta;SEFIN, ANTIGA SEGES;I;4681;SEFIN;secretarias;756;2014-01-31 00:00:00;22.00;
5355;Total de servidores incluídos na readaptação;Servidores inclusos na readaptação - Cidade Aberta;SEFIN, ANTIGA SEGES;I;4681;SEFIN;secretarias;757;2012-12-31 00:00:00;0.00;
5355;Total de servidores incluídos na readaptação;Servidores inclusos na readaptação - Cidade Aberta;SEFIN, ANTIGA SEGES;I;4681;SEFIN;secretarias;758;2011-12-31 00:00:00;0.00;
5355;Total de servidores incluídos na readaptação;Servidores inclusos na readaptação - Cidade Aberta;SEFIN, ANTIGA SEGES;I;4681;SEFIN;secretarias;759;2010-12-31 00:00:00;0.00;
5355;Total de servidores incluídos na readaptação;Servidores inclusos na readaptação - Cidade Aberta;SEFIN, ANTIGA SEGES;I;4681;SEFIN;secretarias;760;2009-12-31 00:00:00;0.00;
5355;Total de servidores incluídos na readaptação;Servidores inclusos na readaptação - Cidade Aberta;SEFIN, ANTIGA SEGES;I;4681;SEFIN;secretarias;761;2013-12-31 00:00:00;19.00;
5355;Total de servidores incluídos na readaptação;Servidores inclusos na readaptação - Cidade Aberta;SEFIN, ANTIGA SEGES;I;4681;SEFIN;secretarias;762;2013-11-30 00:00:00;7.00;
5355;Total de servidores incluídos na readaptação;Servidores inclusos na readaptação - Cidade Aberta;SEFIN, ANTIGA SEGES;I;4681;SEFIN;secretarias;763;2013-10-31 00:00:00;18.00;
5355;Total de servidores incluídos na readaptação;Servidores inclusos na readaptação - Cidade Aberta;SEFIN, ANTIGA SEGES;I;4681;SEFIN;secretarias;764;2013-09-30 00:00:00;22.00;
5355;Total de servidores incluídos na readaptação;Servidores inclusos na readaptação - Cidade Aberta;SEFIN, ANTIGA SEGES;I;4681;SEFIN;secretarias;3897;2018-12-31 00:00:00;74.00;
5355;Total de servidores incluídos na readaptação;Servidores inclusos na readaptação - Cidade Aberta;SEFIN, ANTIGA SEGES;I;4681;SEFIN;secretarias;4126;2019-12-31 00:00:00;85.00;
5355;Total de servidores incluídos na readaptação;Servidores inclusos na readaptação - Cidade Aberta;SEFIN, ANTIGA SEGES;I;4681;SEFIN;secretarias;5100;2020-12-31 00:00:00;49.00;
5355;Total de servidores incluídos na readaptação;Servidores inclusos na readaptação - Cidade Aberta;SEFIN, ANTIGA SEGES;I;4681;SEFIN;secretarias;5984;2021-12-30 00:00:00;81.00;
5355;Total de servidores incluídos na readaptação;Servidores inclusos na readaptação - Cidade Aberta;SEFIN, ANTIGA SEGES;I;4681;SEFIN;secretarias;6891;2022-12-31 00:00:00;235.00;
5355;Total de servidores incluídos na readaptação;Servidores inclusos na readaptação - Cidade Aberta;SEFIN, ANTIGA SEGES;I;4681;SEFIN;secretarias;7578;2023-12-31 00:00:00;348.00;
