codigo;nome;descricao;fonte;tipoValor;id_orgao;sigla_orgao;tipo_orgao;valores_codigo;valores_data;valores_valor;valores_descricao
5381;Danos ao patrimônio;Casos de dano ao patrimônio público municipal - Cidade Aberta;SESEG - SECRETARIA MUNICIPAL DE SEGURANÇA / DGCM;I;779;SESEG;secretarias;954;2012-12-31 00:00:00;203.00;
5381;Danos ao patrimônio;Casos de dano ao patrimônio público municipal - Cidade Aberta;SESEG - SECRETARIA MUNICIPAL DE SEGURANÇA / DGCM;I;779;SESEG;secretarias;955;2015-12-31 00:00:00;276.00;
5381;Danos ao patrimônio;Casos de dano ao patrimônio público municipal - Cidade Aberta;SESEG - SECRETARIA MUNICIPAL DE SEGURANÇA / DGCM;I;779;SESEG;secretarias;956;2013-12-31 00:00:00;188.00;
5381;Danos ao patrimônio;Casos de dano ao patrimônio público municipal - Cidade Aberta;SESEG - SECRETARIA MUNICIPAL DE SEGURANÇA / DGCM;I;779;SESEG;secretarias;957;2016-12-31 00:00:00;148.00;
5381;Danos ao patrimônio;Casos de dano ao patrimônio público municipal - Cidade Aberta;SESEG - SECRETARIA MUNICIPAL DE SEGURANÇA / DGCM;I;779;SESEG;secretarias;958;2011-12-31 00:00:00;172.00;
5381;Danos ao patrimônio;Casos de dano ao patrimônio público municipal - Cidade Aberta;SESEG - SECRETARIA MUNICIPAL DE SEGURANÇA / DGCM;I;779;SESEG;secretarias;959;2014-12-31 00:00:00;154.00;
5381;Danos ao patrimônio;Casos de dano ao patrimônio público municipal - Cidade Aberta;SESEG - SECRETARIA MUNICIPAL DE SEGURANÇA / DGCM;I;779;SESEG;secretarias;3821;2018-12-31 00:00:00;157.00;
5381;Danos ao patrimônio;Casos de dano ao patrimônio público municipal - Cidade Aberta;SESEG - SECRETARIA MUNICIPAL DE SEGURANÇA / DGCM;I;779;SESEG;secretarias;4295;2019-12-31 00:00:00;152.00;
5381;Danos ao patrimônio;Casos de dano ao patrimônio público municipal - Cidade Aberta;SESEG - SECRETARIA MUNICIPAL DE SEGURANÇA / DGCM;I;779;SESEG;secretarias;4858;2020-12-31 00:00:00;161.00;
5381;Danos ao patrimônio;Casos de dano ao patrimônio público municipal - Cidade Aberta;SESEG - SECRETARIA MUNICIPAL DE SEGURANÇA / DGCM;I;779;SESEG;secretarias;5227;2017-12-31 00:00:00;179.00;
5381;Danos ao patrimônio;Casos de dano ao patrimônio público municipal - Cidade Aberta;SESEG - SECRETARIA MUNICIPAL DE SEGURANÇA / DGCM;I;779;SESEG;secretarias;5356;2021-12-31 00:00:00;198.00;
5381;Danos ao patrimônio;Casos de dano ao patrimônio público municipal - Cidade Aberta;SESEG - SECRETARIA MUNICIPAL DE SEGURANÇA / DGCM;I;779;SESEG;secretarias;6546;2022-12-31 00:00:00;162.00;
