codigo;nome;descricao;fonte;tipoValor;id_orgao;sigla_orgao;tipo_orgao;valores_codigo;valores_data;valores_valor;valores_descricao
5382;Furto de veículo;Registro de furto de veículos em Santos - Cidade Aberta;Secretaria de Segurança Pública do Estado de São Paulo;I;779;SESEG;secretarias;960;2013-12-31 00:00:00;1251.00;
5382;Furto de veículo;Registro de furto de veículos em Santos - Cidade Aberta;Secretaria de Segurança Pública do Estado de São Paulo;I;779;SESEG;secretarias;961;2015-12-31 00:00:00;1426.00;
5382;Furto de veículo;Registro de furto de veículos em Santos - Cidade Aberta;Secretaria de Segurança Pública do Estado de São Paulo;I;779;SESEG;secretarias;962;2016-12-31 00:00:00;1372.00;
5382;Furto de veículo;Registro de furto de veículos em Santos - Cidade Aberta;Secretaria de Segurança Pública do Estado de São Paulo;I;779;SESEG;secretarias;963;2012-12-31 00:00:00;1340.00;
5382;Furto de veículo;Registro de furto de veículos em Santos - Cidade Aberta;Secretaria de Segurança Pública do Estado de São Paulo;I;779;SESEG;secretarias;964;2014-12-31 00:00:00;1610.00;
5382;Furto de veículo;Registro de furto de veículos em Santos - Cidade Aberta;Secretaria de Segurança Pública do Estado de São Paulo;I;779;SESEG;secretarias;965;2011-12-31 00:00:00;4763.00;
5382;Furto de veículo;Registro de furto de veículos em Santos - Cidade Aberta;Secretaria de Segurança Pública do Estado de São Paulo;I;779;SESEG;secretarias;3780;2018-12-31 00:00:00;1190.00;
5382;Furto de veículo;Registro de furto de veículos em Santos - Cidade Aberta;Secretaria de Segurança Pública do Estado de São Paulo;I;779;SESEG;secretarias;4259;2019-12-31 00:00:00;1002.00;
5382;Furto de veículo;Registro de furto de veículos em Santos - Cidade Aberta;Secretaria de Segurança Pública do Estado de São Paulo;I;779;SESEG;secretarias;4842;2020-12-31 00:00:00;664.00;
5382;Furto de veículo;Registro de furto de veículos em Santos - Cidade Aberta;Secretaria de Segurança Pública do Estado de São Paulo;I;779;SESEG;secretarias;5228;2017-12-31 00:00:00;1497.00;
5382;Furto de veículo;Registro de furto de veículos em Santos - Cidade Aberta;Secretaria de Segurança Pública do Estado de São Paulo;I;779;SESEG;secretarias;5357;2021-12-31 00:00:00;832.00;
5382;Furto de veículo;Registro de furto de veículos em Santos - Cidade Aberta;Secretaria de Segurança Pública do Estado de São Paulo;I;779;SESEG;secretarias;6547;2022-12-31 00:00:00;966.00;
