codigo;nome;descricao;fonte;tipoValor;id_orgao;sigla_orgao;tipo_orgao;valores_codigo;valores_data;valores_valor;valores_descricao
5383;Homicídio culposo outros;Registro de homicídio culposo outros em Santos - Cidade Aberta;Secretaria de Segurança Pública do Estado de São Paulo;I;779;SESEG;secretarias;966;2015-12-31 00:00:00;3.00;
5383;Homicídio culposo outros;Registro de homicídio culposo outros em Santos - Cidade Aberta;Secretaria de Segurança Pública do Estado de São Paulo;I;779;SESEG;secretarias;967;2009-12-31 00:00:00;0.00;
5383;Homicídio culposo outros;Registro de homicídio culposo outros em Santos - Cidade Aberta;Secretaria de Segurança Pública do Estado de São Paulo;I;779;SESEG;secretarias;968;2010-12-31 00:00:00;0.00;
5383;Homicídio culposo outros;Registro de homicídio culposo outros em Santos - Cidade Aberta;Secretaria de Segurança Pública do Estado de São Paulo;I;779;SESEG;secretarias;969;2011-12-31 00:00:00;19.00;
5383;Homicídio culposo outros;Registro de homicídio culposo outros em Santos - Cidade Aberta;Secretaria de Segurança Pública do Estado de São Paulo;I;779;SESEG;secretarias;970;2012-12-31 00:00:00;16.00;
5383;Homicídio culposo outros;Registro de homicídio culposo outros em Santos - Cidade Aberta;Secretaria de Segurança Pública do Estado de São Paulo;I;779;SESEG;secretarias;971;2014-12-31 00:00:00;4.00;
5383;Homicídio culposo outros;Registro de homicídio culposo outros em Santos - Cidade Aberta;Secretaria de Segurança Pública do Estado de São Paulo;I;779;SESEG;secretarias;972;2013-12-31 00:00:00;3.00;
5383;Homicídio culposo outros;Registro de homicídio culposo outros em Santos - Cidade Aberta;Secretaria de Segurança Pública do Estado de São Paulo;I;779;SESEG;secretarias;973;2016-12-31 00:00:00;3.00;
5383;Homicídio culposo outros;Registro de homicídio culposo outros em Santos - Cidade Aberta;Secretaria de Segurança Pública do Estado de São Paulo;I;779;SESEG;secretarias;3744;2018-12-31 00:00:00;1.00;
5383;Homicídio culposo outros;Registro de homicídio culposo outros em Santos - Cidade Aberta;Secretaria de Segurança Pública do Estado de São Paulo;I;779;SESEG;secretarias;4260;2019-12-31 00:00:00;6.00;
5383;Homicídio culposo outros;Registro de homicídio culposo outros em Santos - Cidade Aberta;Secretaria de Segurança Pública do Estado de São Paulo;I;779;SESEG;secretarias;4843;2020-12-31 00:00:00;1.00;
5383;Homicídio culposo outros;Registro de homicídio culposo outros em Santos - Cidade Aberta;Secretaria de Segurança Pública do Estado de São Paulo;I;779;SESEG;secretarias;5229;2017-12-31 00:00:00;1.00;
5383;Homicídio culposo outros;Registro de homicídio culposo outros em Santos - Cidade Aberta;Secretaria de Segurança Pública do Estado de São Paulo;I;779;SESEG;secretarias;5358;2021-12-31 00:00:00;0.00;
5383;Homicídio culposo outros;Registro de homicídio culposo outros em Santos - Cidade Aberta;Secretaria de Segurança Pública do Estado de São Paulo;I;779;SESEG;secretarias;6548;2022-12-31 00:00:00;2.00;
