codigo;nome;descricao;fonte;tipoValor;id_orgao;sigla_orgao;tipo_orgao;valores_codigo;valores_data;valores_valor;valores_descricao
5384;Homicídio culposo por acidente de trânsito;Registro de homicídio culposo por acidente de trânsito em Santos - Cidade Aberta;Secretaria de Segurança Pública do Estado de São Paulo;I;779;SESEG;secretarias;974;2013-12-31 00:00:00;26.00;
5384;Homicídio culposo por acidente de trânsito;Registro de homicídio culposo por acidente de trânsito em Santos - Cidade Aberta;Secretaria de Segurança Pública do Estado de São Paulo;I;779;SESEG;secretarias;975;2014-12-31 00:00:00;19.00;
5384;Homicídio culposo por acidente de trânsito;Registro de homicídio culposo por acidente de trânsito em Santos - Cidade Aberta;Secretaria de Segurança Pública do Estado de São Paulo;I;779;SESEG;secretarias;976;2009-12-31 00:00:00;0.00;
5384;Homicídio culposo por acidente de trânsito;Registro de homicídio culposo por acidente de trânsito em Santos - Cidade Aberta;Secretaria de Segurança Pública do Estado de São Paulo;I;779;SESEG;secretarias;977;2016-12-31 00:00:00;38.00;
5384;Homicídio culposo por acidente de trânsito;Registro de homicídio culposo por acidente de trânsito em Santos - Cidade Aberta;Secretaria de Segurança Pública do Estado de São Paulo;I;779;SESEG;secretarias;978;2012-12-31 00:00:00;345.00;
5384;Homicídio culposo por acidente de trânsito;Registro de homicídio culposo por acidente de trânsito em Santos - Cidade Aberta;Secretaria de Segurança Pública do Estado de São Paulo;I;779;SESEG;secretarias;979;2011-12-31 00:00:00;330.00;
5384;Homicídio culposo por acidente de trânsito;Registro de homicídio culposo por acidente de trânsito em Santos - Cidade Aberta;Secretaria de Segurança Pública do Estado de São Paulo;I;779;SESEG;secretarias;980;2010-12-31 00:00:00;0.00;
5384;Homicídio culposo por acidente de trânsito;Registro de homicídio culposo por acidente de trânsito em Santos - Cidade Aberta;Secretaria de Segurança Pública do Estado de São Paulo;I;779;SESEG;secretarias;981;2015-12-31 00:00:00;30.00;
5384;Homicídio culposo por acidente de trânsito;Registro de homicídio culposo por acidente de trânsito em Santos - Cidade Aberta;Secretaria de Segurança Pública do Estado de São Paulo;I;779;SESEG;secretarias;3745;2018-12-31 00:00:00;26.00;
5384;Homicídio culposo por acidente de trânsito;Registro de homicídio culposo por acidente de trânsito em Santos - Cidade Aberta;Secretaria de Segurança Pública do Estado de São Paulo;I;779;SESEG;secretarias;4261;2019-12-31 00:00:00;21.00;
5384;Homicídio culposo por acidente de trânsito;Registro de homicídio culposo por acidente de trânsito em Santos - Cidade Aberta;Secretaria de Segurança Pública do Estado de São Paulo;I;779;SESEG;secretarias;4844;2020-12-31 00:00:00;23.00;
5384;Homicídio culposo por acidente de trânsito;Registro de homicídio culposo por acidente de trânsito em Santos - Cidade Aberta;Secretaria de Segurança Pública do Estado de São Paulo;I;779;SESEG;secretarias;5230;2017-12-31 00:00:00;30.00;
5384;Homicídio culposo por acidente de trânsito;Registro de homicídio culposo por acidente de trânsito em Santos - Cidade Aberta;Secretaria de Segurança Pública do Estado de São Paulo;I;779;SESEG;secretarias;5359;2021-12-31 00:00:00;18.00;
5384;Homicídio culposo por acidente de trânsito;Registro de homicídio culposo por acidente de trânsito em Santos - Cidade Aberta;Secretaria de Segurança Pública do Estado de São Paulo;I;779;SESEG;secretarias;6549;2022-12-31 00:00:00;20.00;
