codigo;nome;descricao;fonte;tipoValor;id_orgao;sigla_orgao;tipo_orgao;valores_codigo;valores_data;valores_valor;valores_descricao
5385;Homicídio doloso (2);Registro de Homicídio doloso (2) - inclui homicídio doloso por acidente de trânsito - em Santos - Cidade Aberta;Secretaria de Segurança Pública do Estado de São Paulo;I;779;SESEG;secretarias;982;2012-12-31 00:00:00;273.00;
5385;Homicídio doloso (2);Registro de Homicídio doloso (2) - inclui homicídio doloso por acidente de trânsito - em Santos - Cidade Aberta;Secretaria de Segurança Pública do Estado de São Paulo;I;779;SESEG;secretarias;983;2011-12-31 00:00:00;256.00;
5385;Homicídio doloso (2);Registro de Homicídio doloso (2) - inclui homicídio doloso por acidente de trânsito - em Santos - Cidade Aberta;Secretaria de Segurança Pública do Estado de São Paulo;I;779;SESEG;secretarias;984;2010-12-31 00:00:00;0.00;
5385;Homicídio doloso (2);Registro de Homicídio doloso (2) - inclui homicídio doloso por acidente de trânsito - em Santos - Cidade Aberta;Secretaria de Segurança Pública do Estado de São Paulo;I;779;SESEG;secretarias;985;2009-12-31 00:00:00;0.00;
5385;Homicídio doloso (2);Registro de Homicídio doloso (2) - inclui homicídio doloso por acidente de trânsito - em Santos - Cidade Aberta;Secretaria de Segurança Pública do Estado de São Paulo;I;779;SESEG;secretarias;986;2015-12-31 00:00:00;11.00;
5385;Homicídio doloso (2);Registro de Homicídio doloso (2) - inclui homicídio doloso por acidente de trânsito - em Santos - Cidade Aberta;Secretaria de Segurança Pública do Estado de São Paulo;I;779;SESEG;secretarias;987;2016-12-31 00:00:00;19.00;
5385;Homicídio doloso (2);Registro de Homicídio doloso (2) - inclui homicídio doloso por acidente de trânsito - em Santos - Cidade Aberta;Secretaria de Segurança Pública do Estado de São Paulo;I;779;SESEG;secretarias;988;2013-12-31 00:00:00;30.00;
5385;Homicídio doloso (2);Registro de Homicídio doloso (2) - inclui homicídio doloso por acidente de trânsito - em Santos - Cidade Aberta;Secretaria de Segurança Pública do Estado de São Paulo;I;779;SESEG;secretarias;989;2014-12-31 00:00:00;16.00;
5385;Homicídio doloso (2);Registro de Homicídio doloso (2) - inclui homicídio doloso por acidente de trânsito - em Santos - Cidade Aberta;Secretaria de Segurança Pública do Estado de São Paulo;I;779;SESEG;secretarias;3746;2018-12-31 00:00:00;16.00;
5385;Homicídio doloso (2);Registro de Homicídio doloso (2) - inclui homicídio doloso por acidente de trânsito - em Santos - Cidade Aberta;Secretaria de Segurança Pública do Estado de São Paulo;I;779;SESEG;secretarias;4262;2019-12-31 00:00:00;21.00;
5385;Homicídio doloso (2);Registro de Homicídio doloso (2) - inclui homicídio doloso por acidente de trânsito - em Santos - Cidade Aberta;Secretaria de Segurança Pública do Estado de São Paulo;I;779;SESEG;secretarias;4845;2020-12-31 00:00:00;0.00;
5385;Homicídio doloso (2);Registro de Homicídio doloso (2) - inclui homicídio doloso por acidente de trânsito - em Santos - Cidade Aberta;Secretaria de Segurança Pública do Estado de São Paulo;I;779;SESEG;secretarias;5231;2017-12-31 00:00:00;13.00;
5385;Homicídio doloso (2);Registro de Homicídio doloso (2) - inclui homicídio doloso por acidente de trânsito - em Santos - Cidade Aberta;Secretaria de Segurança Pública do Estado de São Paulo;I;779;SESEG;secretarias;5360;2021-12-31 00:00:00;17.00;
5385;Homicídio doloso (2);Registro de Homicídio doloso (2) - inclui homicídio doloso por acidente de trânsito - em Santos - Cidade Aberta;Secretaria de Segurança Pública do Estado de São Paulo;I;779;SESEG;secretarias;6550;2022-12-31 00:00:00;19.00;
