codigo;nome;descricao;fonte;tipoValor;id_orgao;sigla_orgao;tipo_orgao;valores_codigo;valores_data;valores_valor;valores_descricao
5386;Latrocínio;Registro de latrocínio em Santos - Cidade Aberta;Secretaria de Segurança Pública do Estado de São Paulo;I;779;SESEG;secretarias;990;2010-12-31 00:00:00;0.00;
5386;Latrocínio;Registro de latrocínio em Santos - Cidade Aberta;Secretaria de Segurança Pública do Estado de São Paulo;I;779;SESEG;secretarias;991;2009-12-31 00:00:00;0.00;
5386;Latrocínio;Registro de latrocínio em Santos - Cidade Aberta;Secretaria de Segurança Pública do Estado de São Paulo;I;779;SESEG;secretarias;992;2015-12-31 00:00:00;4.00;
5386;Latrocínio;Registro de latrocínio em Santos - Cidade Aberta;Secretaria de Segurança Pública do Estado de São Paulo;I;779;SESEG;secretarias;993;2011-12-31 00:00:00;21.00;
5386;Latrocínio;Registro de latrocínio em Santos - Cidade Aberta;Secretaria de Segurança Pública do Estado de São Paulo;I;779;SESEG;secretarias;994;2012-12-31 00:00:00;16.00;
5386;Latrocínio;Registro de latrocínio em Santos - Cidade Aberta;Secretaria de Segurança Pública do Estado de São Paulo;I;779;SESEG;secretarias;995;2016-12-31 00:00:00;3.00;
5386;Latrocínio;Registro de latrocínio em Santos - Cidade Aberta;Secretaria de Segurança Pública do Estado de São Paulo;I;779;SESEG;secretarias;996;2013-12-31 00:00:00;2.00;
5386;Latrocínio;Registro de latrocínio em Santos - Cidade Aberta;Secretaria de Segurança Pública do Estado de São Paulo;I;779;SESEG;secretarias;997;2014-12-31 00:00:00;3.00;
5386;Latrocínio;Registro de latrocínio em Santos - Cidade Aberta;Secretaria de Segurança Pública do Estado de São Paulo;I;779;SESEG;secretarias;3747;2018-12-31 00:00:00;5.00;
5386;Latrocínio;Registro de latrocínio em Santos - Cidade Aberta;Secretaria de Segurança Pública do Estado de São Paulo;I;779;SESEG;secretarias;4263;2019-12-31 00:00:00;1.00;
5386;Latrocínio;Registro de latrocínio em Santos - Cidade Aberta;Secretaria de Segurança Pública do Estado de São Paulo;I;779;SESEG;secretarias;4846;2020-12-31 00:00:00;2.00;
5386;Latrocínio;Registro de latrocínio em Santos - Cidade Aberta;Secretaria de Segurança Pública do Estado de São Paulo;I;779;SESEG;secretarias;5232;2017-12-31 00:00:00;0.00;
5386;Latrocínio;Registro de latrocínio em Santos - Cidade Aberta;Secretaria de Segurança Pública do Estado de São Paulo;I;779;SESEG;secretarias;5364;2021-12-31 00:00:00;0.00;
5386;Latrocínio;Registro de latrocínio em Santos - Cidade Aberta;Secretaria de Segurança Pública do Estado de São Paulo;I;779;SESEG;secretarias;6553;2022-12-31 00:00:00;1.00;
