codigo;nome;descricao;fonte;tipoValor;id_orgao;sigla_orgao;tipo_orgao;valores_codigo;valores_data;valores_valor;valores_descricao
5387;Lesão corporal culposa - outras;Registro de lesão corporal culposa - outras - em Santos - Cidade Aberta;Secretaria de Segurança Pública do Estado de São Paulo;I;779;SESEG;secretarias;998;2016-12-31 00:00:00;58.00;
5387;Lesão corporal culposa - outras;Registro de lesão corporal culposa - outras - em Santos - Cidade Aberta;Secretaria de Segurança Pública do Estado de São Paulo;I;779;SESEG;secretarias;999;2015-12-31 00:00:00;74.00;
5387;Lesão corporal culposa - outras;Registro de lesão corporal culposa - outras - em Santos - Cidade Aberta;Secretaria de Segurança Pública do Estado de São Paulo;I;779;SESEG;secretarias;1000;2014-12-31 00:00:00;48.00;
5387;Lesão corporal culposa - outras;Registro de lesão corporal culposa - outras - em Santos - Cidade Aberta;Secretaria de Segurança Pública do Estado de São Paulo;I;779;SESEG;secretarias;1001;2009-12-31 00:00:00;0.00;
5387;Lesão corporal culposa - outras;Registro de lesão corporal culposa - outras - em Santos - Cidade Aberta;Secretaria de Segurança Pública do Estado de São Paulo;I;779;SESEG;secretarias;1002;2010-12-31 00:00:00;0.00;
5387;Lesão corporal culposa - outras;Registro de lesão corporal culposa - outras - em Santos - Cidade Aberta;Secretaria de Segurança Pública do Estado de São Paulo;I;779;SESEG;secretarias;1003;2011-12-31 00:00:00;231.00;
5387;Lesão corporal culposa - outras;Registro de lesão corporal culposa - outras - em Santos - Cidade Aberta;Secretaria de Segurança Pública do Estado de São Paulo;I;779;SESEG;secretarias;1004;2012-12-31 00:00:00;207.00;
5387;Lesão corporal culposa - outras;Registro de lesão corporal culposa - outras - em Santos - Cidade Aberta;Secretaria de Segurança Pública do Estado de São Paulo;I;779;SESEG;secretarias;1005;2013-12-31 00:00:00;146.00;
5387;Lesão corporal culposa - outras;Registro de lesão corporal culposa - outras - em Santos - Cidade Aberta;Secretaria de Segurança Pública do Estado de São Paulo;I;779;SESEG;secretarias;3748;2018-12-31 00:00:00;46.00;
5387;Lesão corporal culposa - outras;Registro de lesão corporal culposa - outras - em Santos - Cidade Aberta;Secretaria de Segurança Pública do Estado de São Paulo;I;779;SESEG;secretarias;4264;2019-12-31 00:00:00;100.00;
5387;Lesão corporal culposa - outras;Registro de lesão corporal culposa - outras - em Santos - Cidade Aberta;Secretaria de Segurança Pública do Estado de São Paulo;I;779;SESEG;secretarias;4847;2020-12-31 00:00:00;37.00;
5387;Lesão corporal culposa - outras;Registro de lesão corporal culposa - outras - em Santos - Cidade Aberta;Secretaria de Segurança Pública do Estado de São Paulo;I;779;SESEG;secretarias;5233;2017-12-31 00:00:00;62.00;
5387;Lesão corporal culposa - outras;Registro de lesão corporal culposa - outras - em Santos - Cidade Aberta;Secretaria de Segurança Pública do Estado de São Paulo;I;779;SESEG;secretarias;5365;2021-12-31 00:00:00;43.00;
5387;Lesão corporal culposa - outras;Registro de lesão corporal culposa - outras - em Santos - Cidade Aberta;Secretaria de Segurança Pública do Estado de São Paulo;I;779;SESEG;secretarias;6554;2022-12-31 00:00:00;83.00;
