codigo;nome;descricao;fonte;tipoValor;id_orgao;sigla_orgao;tipo_orgao;valores_codigo;valores_data;valores_valor;valores_descricao
5388;Lesão corporal culposa por acidente de trânsito;Registro de lesão corporal culposa por acidente de trânsito em Santos - Cidade Aberta;Secretaria de Segurança Pública do Estado de São Paulo;I;779;SESEG;secretarias;1006;2013-12-31 00:00:00;840.00;
5388;Lesão corporal culposa por acidente de trânsito;Registro de lesão corporal culposa por acidente de trânsito em Santos - Cidade Aberta;Secretaria de Segurança Pública do Estado de São Paulo;I;779;SESEG;secretarias;1007;2009-12-31 00:00:00;0.00;
5388;Lesão corporal culposa por acidente de trânsito;Registro de lesão corporal culposa por acidente de trânsito em Santos - Cidade Aberta;Secretaria de Segurança Pública do Estado de São Paulo;I;779;SESEG;secretarias;1008;2015-12-31 00:00:00;789.00;
5388;Lesão corporal culposa por acidente de trânsito;Registro de lesão corporal culposa por acidente de trânsito em Santos - Cidade Aberta;Secretaria de Segurança Pública do Estado de São Paulo;I;779;SESEG;secretarias;1009;2016-12-31 00:00:00;664.00;
5388;Lesão corporal culposa por acidente de trânsito;Registro de lesão corporal culposa por acidente de trânsito em Santos - Cidade Aberta;Secretaria de Segurança Pública do Estado de São Paulo;I;779;SESEG;secretarias;1010;2014-12-31 00:00:00;787.00;
5388;Lesão corporal culposa por acidente de trânsito;Registro de lesão corporal culposa por acidente de trânsito em Santos - Cidade Aberta;Secretaria de Segurança Pública do Estado de São Paulo;I;779;SESEG;secretarias;1011;2012-12-31 00:00:00;5231.00;
5388;Lesão corporal culposa por acidente de trânsito;Registro de lesão corporal culposa por acidente de trânsito em Santos - Cidade Aberta;Secretaria de Segurança Pública do Estado de São Paulo;I;779;SESEG;secretarias;1012;2011-12-31 00:00:00;5151.00;
5388;Lesão corporal culposa por acidente de trânsito;Registro de lesão corporal culposa por acidente de trânsito em Santos - Cidade Aberta;Secretaria de Segurança Pública do Estado de São Paulo;I;779;SESEG;secretarias;1013;2010-12-31 00:00:00;0.00;
5388;Lesão corporal culposa por acidente de trânsito;Registro de lesão corporal culposa por acidente de trânsito em Santos - Cidade Aberta;Secretaria de Segurança Pública do Estado de São Paulo;I;779;SESEG;secretarias;3749;2018-12-31 00:00:00;500.00;
5388;Lesão corporal culposa por acidente de trânsito;Registro de lesão corporal culposa por acidente de trânsito em Santos - Cidade Aberta;Secretaria de Segurança Pública do Estado de São Paulo;I;779;SESEG;secretarias;4265;2019-12-31 00:00:00;514.00;
5388;Lesão corporal culposa por acidente de trânsito;Registro de lesão corporal culposa por acidente de trânsito em Santos - Cidade Aberta;Secretaria de Segurança Pública do Estado de São Paulo;I;779;SESEG;secretarias;4848;2020-12-31 00:00:00;338.00;
5388;Lesão corporal culposa por acidente de trânsito;Registro de lesão corporal culposa por acidente de trânsito em Santos - Cidade Aberta;Secretaria de Segurança Pública do Estado de São Paulo;I;779;SESEG;secretarias;5234;2017-12-31 00:00:00;623.00;
5388;Lesão corporal culposa por acidente de trânsito;Registro de lesão corporal culposa por acidente de trânsito em Santos - Cidade Aberta;Secretaria de Segurança Pública do Estado de São Paulo;I;779;SESEG;secretarias;5366;2021-12-31 00:00:00;355.00;
5388;Lesão corporal culposa por acidente de trânsito;Registro de lesão corporal culposa por acidente de trânsito em Santos - Cidade Aberta;Secretaria de Segurança Pública do Estado de São Paulo;I;779;SESEG;secretarias;6555;2022-12-31 00:00:00;418.00;
