codigo;nome;descricao;fonte;tipoValor;id_orgao;sigla_orgao;tipo_orgao;valores_codigo;valores_data;valores_valor;valores_descricao
5389;Lesão corporal dolosa;Registro de lesão corporal dolosa em Santos - Cidade Aberta;Secretaria de Segurança Pública do Estado de São Paulo;I;779;SESEG;secretarias;1014;2009-12-31 00:00:00;0.00;
5389;Lesão corporal dolosa;Registro de lesão corporal dolosa em Santos - Cidade Aberta;Secretaria de Segurança Pública do Estado de São Paulo;I;779;SESEG;secretarias;1015;2015-12-31 00:00:00;1066.00;
5389;Lesão corporal dolosa;Registro de lesão corporal dolosa em Santos - Cidade Aberta;Secretaria de Segurança Pública do Estado de São Paulo;I;779;SESEG;secretarias;1016;2013-12-31 00:00:00;1460.00;
5389;Lesão corporal dolosa;Registro de lesão corporal dolosa em Santos - Cidade Aberta;Secretaria de Segurança Pública do Estado de São Paulo;I;779;SESEG;secretarias;1017;2014-12-31 00:00:00;1233.00;
5389;Lesão corporal dolosa;Registro de lesão corporal dolosa em Santos - Cidade Aberta;Secretaria de Segurança Pública do Estado de São Paulo;I;779;SESEG;secretarias;1018;2011-12-31 00:00:00;9745.00;
5389;Lesão corporal dolosa;Registro de lesão corporal dolosa em Santos - Cidade Aberta;Secretaria de Segurança Pública do Estado de São Paulo;I;779;SESEG;secretarias;1019;2010-12-31 00:00:00;0.00;
5389;Lesão corporal dolosa;Registro de lesão corporal dolosa em Santos - Cidade Aberta;Secretaria de Segurança Pública do Estado de São Paulo;I;779;SESEG;secretarias;1020;2016-12-31 00:00:00;1025.00;
5389;Lesão corporal dolosa;Registro de lesão corporal dolosa em Santos - Cidade Aberta;Secretaria de Segurança Pública do Estado de São Paulo;I;779;SESEG;secretarias;1021;2012-12-31 00:00:00;10297.00;
5389;Lesão corporal dolosa;Registro de lesão corporal dolosa em Santos - Cidade Aberta;Secretaria de Segurança Pública do Estado de São Paulo;I;779;SESEG;secretarias;3750;2018-12-31 00:00:00;752.00;
5389;Lesão corporal dolosa;Registro de lesão corporal dolosa em Santos - Cidade Aberta;Secretaria de Segurança Pública do Estado de São Paulo;I;779;SESEG;secretarias;4266;2019-12-31 00:00:00;857.00;
5389;Lesão corporal dolosa;Registro de lesão corporal dolosa em Santos - Cidade Aberta;Secretaria de Segurança Pública do Estado de São Paulo;I;779;SESEG;secretarias;4849;2020-12-31 00:00:00;770.00;
5389;Lesão corporal dolosa;Registro de lesão corporal dolosa em Santos - Cidade Aberta;Secretaria de Segurança Pública do Estado de São Paulo;I;779;SESEG;secretarias;5235;2017-12-31 00:00:00;952.00;
5389;Lesão corporal dolosa;Registro de lesão corporal dolosa em Santos - Cidade Aberta;Secretaria de Segurança Pública do Estado de São Paulo;I;779;SESEG;secretarias;5367;2021-12-31 00:00:00;663.00;
5389;Lesão corporal dolosa;Registro de lesão corporal dolosa em Santos - Cidade Aberta;Secretaria de Segurança Pública do Estado de São Paulo;I;779;SESEG;secretarias;6556;2022-12-31 00:00:00;938.00;
