codigo;nome;descricao;fonte;tipoValor;id_orgao;sigla_orgao;tipo_orgao;valores_codigo;valores_data;valores_valor;valores_descricao
5390;Número de intervenções da guarda municipal nos próprios municipais;Número de intervenções da guarda municipal nos próprios municipais - Cidade Aberta;SESEG - SECRETARIA MUNICIPAL DE SEGURANÇA / DGCM;I;779;SESEG;secretarias;1022;2010-12-31 00:00:00;0.00;
5390;Número de intervenções da guarda municipal nos próprios municipais;Número de intervenções da guarda municipal nos próprios municipais - Cidade Aberta;SESEG - SECRETARIA MUNICIPAL DE SEGURANÇA / DGCM;I;779;SESEG;secretarias;1023;2011-12-31 00:00:00;2529.00;
5390;Número de intervenções da guarda municipal nos próprios municipais;Número de intervenções da guarda municipal nos próprios municipais - Cidade Aberta;SESEG - SECRETARIA MUNICIPAL DE SEGURANÇA / DGCM;I;779;SESEG;secretarias;1024;2016-12-31 00:00:00;1863.00;
5390;Número de intervenções da guarda municipal nos próprios municipais;Número de intervenções da guarda municipal nos próprios municipais - Cidade Aberta;SESEG - SECRETARIA MUNICIPAL DE SEGURANÇA / DGCM;I;779;SESEG;secretarias;1025;2015-12-31 00:00:00;2037.00;
5390;Número de intervenções da guarda municipal nos próprios municipais;Número de intervenções da guarda municipal nos próprios municipais - Cidade Aberta;SESEG - SECRETARIA MUNICIPAL DE SEGURANÇA / DGCM;I;779;SESEG;secretarias;1026;2012-12-31 00:00:00;2620.00;
5390;Número de intervenções da guarda municipal nos próprios municipais;Número de intervenções da guarda municipal nos próprios municipais - Cidade Aberta;SESEG - SECRETARIA MUNICIPAL DE SEGURANÇA / DGCM;I;779;SESEG;secretarias;1027;2009-12-31 00:00:00;0.00;
5390;Número de intervenções da guarda municipal nos próprios municipais;Número de intervenções da guarda municipal nos próprios municipais - Cidade Aberta;SESEG - SECRETARIA MUNICIPAL DE SEGURANÇA / DGCM;I;779;SESEG;secretarias;3823;2018-12-31 00:00:00;2901.00;
5390;Número de intervenções da guarda municipal nos próprios municipais;Número de intervenções da guarda municipal nos próprios municipais - Cidade Aberta;SESEG - SECRETARIA MUNICIPAL DE SEGURANÇA / DGCM;I;779;SESEG;secretarias;4297;2019-12-31 00:00:00;4520.00;
5390;Número de intervenções da guarda municipal nos próprios municipais;Número de intervenções da guarda municipal nos próprios municipais - Cidade Aberta;SESEG - SECRETARIA MUNICIPAL DE SEGURANÇA / DGCM;I;779;SESEG;secretarias;4859;2020-12-31 00:00:00;3010.00;
5390;Número de intervenções da guarda municipal nos próprios municipais;Número de intervenções da guarda municipal nos próprios municipais - Cidade Aberta;SESEG - SECRETARIA MUNICIPAL DE SEGURANÇA / DGCM;I;779;SESEG;secretarias;5236;2017-12-31 00:00:00;4063.00;
5390;Número de intervenções da guarda municipal nos próprios municipais;Número de intervenções da guarda municipal nos próprios municipais - Cidade Aberta;SESEG - SECRETARIA MUNICIPAL DE SEGURANÇA / DGCM;I;779;SESEG;secretarias;5372;2021-12-31 00:00:00;1136.00;
5390;Número de intervenções da guarda municipal nos próprios municipais;Número de intervenções da guarda municipal nos próprios municipais - Cidade Aberta;SESEG - SECRETARIA MUNICIPAL DE SEGURANÇA / DGCM;I;779;SESEG;secretarias;6563;2022-12-31 00:00:00;1303.00;
