codigo;nome;descricao;fonte;tipoValor;id_orgao;sigla_orgao;tipo_orgao;valores_codigo;valores_data;valores_valor;valores_descricao
5391;Número de ocorrências atendidas pela guarda municipal;Número de ocorrências atendidas pela guarda municipal - Cidade Aberta;SESEG - SECRETARIA MUNICIPAL DE SEGURANÇA / DGCM;I;779;SESEG;secretarias;1028;2013-12-31 00:00:00;7470.00;
5391;Número de ocorrências atendidas pela guarda municipal;Número de ocorrências atendidas pela guarda municipal - Cidade Aberta;SESEG - SECRETARIA MUNICIPAL DE SEGURANÇA / DGCM;I;779;SESEG;secretarias;1029;2012-12-31 00:00:00;2608.00;
5391;Número de ocorrências atendidas pela guarda municipal;Número de ocorrências atendidas pela guarda municipal - Cidade Aberta;SESEG - SECRETARIA MUNICIPAL DE SEGURANÇA / DGCM;I;779;SESEG;secretarias;1030;2011-12-31 00:00:00;336.00;
5391;Número de ocorrências atendidas pela guarda municipal;Número de ocorrências atendidas pela guarda municipal - Cidade Aberta;SESEG - SECRETARIA MUNICIPAL DE SEGURANÇA / DGCM;I;779;SESEG;secretarias;1031;2010-12-31 00:00:00;0.00;
5391;Número de ocorrências atendidas pela guarda municipal;Número de ocorrências atendidas pela guarda municipal - Cidade Aberta;SESEG - SECRETARIA MUNICIPAL DE SEGURANÇA / DGCM;I;779;SESEG;secretarias;1032;2009-12-31 00:00:00;0.00;
5391;Número de ocorrências atendidas pela guarda municipal;Número de ocorrências atendidas pela guarda municipal - Cidade Aberta;SESEG - SECRETARIA MUNICIPAL DE SEGURANÇA / DGCM;I;779;SESEG;secretarias;1033;2016-12-31 00:00:00;12010.00;
5391;Número de ocorrências atendidas pela guarda municipal;Número de ocorrências atendidas pela guarda municipal - Cidade Aberta;SESEG - SECRETARIA MUNICIPAL DE SEGURANÇA / DGCM;I;779;SESEG;secretarias;1034;2006-12-31 00:00:00;77.00;
5391;Número de ocorrências atendidas pela guarda municipal;Número de ocorrências atendidas pela guarda municipal - Cidade Aberta;SESEG - SECRETARIA MUNICIPAL DE SEGURANÇA / DGCM;I;779;SESEG;secretarias;1035;2015-12-31 00:00:00;16464.00;
5391;Número de ocorrências atendidas pela guarda municipal;Número de ocorrências atendidas pela guarda municipal - Cidade Aberta;SESEG - SECRETARIA MUNICIPAL DE SEGURANÇA / DGCM;I;779;SESEG;secretarias;1036;2014-12-31 00:00:00;13908.00;
5391;Número de ocorrências atendidas pela guarda municipal;Número de ocorrências atendidas pela guarda municipal - Cidade Aberta;SESEG - SECRETARIA MUNICIPAL DE SEGURANÇA / DGCM;I;779;SESEG;secretarias;3822;2018-12-31 00:00:00;15719.00;
5391;Número de ocorrências atendidas pela guarda municipal;Número de ocorrências atendidas pela guarda municipal - Cidade Aberta;SESEG - SECRETARIA MUNICIPAL DE SEGURANÇA / DGCM;I;779;SESEG;secretarias;4296;2019-12-31 00:00:00;18796.00;
5391;Número de ocorrências atendidas pela guarda municipal;Número de ocorrências atendidas pela guarda municipal - Cidade Aberta;SESEG - SECRETARIA MUNICIPAL DE SEGURANÇA / DGCM;I;779;SESEG;secretarias;4860;2020-12-31 00:00:00;14457.00;
5391;Número de ocorrências atendidas pela guarda municipal;Número de ocorrências atendidas pela guarda municipal - Cidade Aberta;SESEG - SECRETARIA MUNICIPAL DE SEGURANÇA / DGCM;I;779;SESEG;secretarias;5237;2017-12-31 00:00:00;15234.00;
5391;Número de ocorrências atendidas pela guarda municipal;Número de ocorrências atendidas pela guarda municipal - Cidade Aberta;SESEG - SECRETARIA MUNICIPAL DE SEGURANÇA / DGCM;I;779;SESEG;secretarias;5376;2021-12-31 00:00:00;12960.00;
5391;Número de ocorrências atendidas pela guarda municipal;Número de ocorrências atendidas pela guarda municipal - Cidade Aberta;SESEG - SECRETARIA MUNICIPAL DE SEGURANÇA / DGCM;I;779;SESEG;secretarias;6567;2022-12-31 00:00:00;14770.00;
