codigo;nome;descricao;fonte;tipoValor;id_orgao;sigla_orgao;tipo_orgao;valores_codigo;valores_data;valores_valor;valores_descricao
5392;Número de vítimas em homicídio doloso (3) – inclui homicídio doloso por acidente de trânsito;Número de vítimas em homicídio doloso (3) - Cidade Aberta;Secretaria de Segurança Pública do Estado de São Paulo;I;779;SESEG;secretarias;1037;2016-12-31 00:00:00;19.00;
5392;Número de vítimas em homicídio doloso (3) – inclui homicídio doloso por acidente de trânsito;Número de vítimas em homicídio doloso (3) - Cidade Aberta;Secretaria de Segurança Pública do Estado de São Paulo;I;779;SESEG;secretarias;1038;2015-12-31 00:00:00;11.00;
5392;Número de vítimas em homicídio doloso (3) – inclui homicídio doloso por acidente de trânsito;Número de vítimas em homicídio doloso (3) - Cidade Aberta;Secretaria de Segurança Pública do Estado de São Paulo;I;779;SESEG;secretarias;1039;2013-12-31 00:00:00;32.00;
5392;Número de vítimas em homicídio doloso (3) – inclui homicídio doloso por acidente de trânsito;Número de vítimas em homicídio doloso (3) - Cidade Aberta;Secretaria de Segurança Pública do Estado de São Paulo;I;779;SESEG;secretarias;1040;2014-12-31 00:00:00;16.00;
5392;Número de vítimas em homicídio doloso (3) – inclui homicídio doloso por acidente de trânsito;Número de vítimas em homicídio doloso (3) - Cidade Aberta;Secretaria de Segurança Pública do Estado de São Paulo;I;779;SESEG;secretarias;1041;2012-12-31 00:00:00;290.00;
5392;Número de vítimas em homicídio doloso (3) – inclui homicídio doloso por acidente de trânsito;Número de vítimas em homicídio doloso (3) - Cidade Aberta;Secretaria de Segurança Pública do Estado de São Paulo;I;779;SESEG;secretarias;1042;2011-12-31 00:00:00;266.00;
5392;Número de vítimas em homicídio doloso (3) – inclui homicídio doloso por acidente de trânsito;Número de vítimas em homicídio doloso (3) - Cidade Aberta;Secretaria de Segurança Pública do Estado de São Paulo;I;779;SESEG;secretarias;1043;2010-12-31 00:00:00;0.00;
5392;Número de vítimas em homicídio doloso (3) – inclui homicídio doloso por acidente de trânsito;Número de vítimas em homicídio doloso (3) - Cidade Aberta;Secretaria de Segurança Pública do Estado de São Paulo;I;779;SESEG;secretarias;1044;2009-12-31 00:00:00;0.00;
5392;Número de vítimas em homicídio doloso (3) – inclui homicídio doloso por acidente de trânsito;Número de vítimas em homicídio doloso (3) - Cidade Aberta;Secretaria de Segurança Pública do Estado de São Paulo;I;779;SESEG;secretarias;3751;2018-12-31 00:00:00;16.00;
5392;Número de vítimas em homicídio doloso (3) – inclui homicídio doloso por acidente de trânsito;Número de vítimas em homicídio doloso (3) - Cidade Aberta;Secretaria de Segurança Pública do Estado de São Paulo;I;779;SESEG;secretarias;4267;2019-12-31 00:00:00;21.00;
5392;Número de vítimas em homicídio doloso (3) – inclui homicídio doloso por acidente de trânsito;Número de vítimas em homicídio doloso (3) - Cidade Aberta;Secretaria de Segurança Pública do Estado de São Paulo;I;779;SESEG;secretarias;4850;2020-12-31 00:00:00;0.00;
5392;Número de vítimas em homicídio doloso (3) – inclui homicídio doloso por acidente de trânsito;Número de vítimas em homicídio doloso (3) - Cidade Aberta;Secretaria de Segurança Pública do Estado de São Paulo;I;779;SESEG;secretarias;5240;2017-12-31 00:00:00;14.00;
5392;Número de vítimas em homicídio doloso (3) – inclui homicídio doloso por acidente de trânsito;Número de vítimas em homicídio doloso (3) - Cidade Aberta;Secretaria de Segurança Pública do Estado de São Paulo;I;779;SESEG;secretarias;5377;2021-12-31 00:00:00;17.00;
5392;Número de vítimas em homicídio doloso (3) – inclui homicídio doloso por acidente de trânsito;Número de vítimas em homicídio doloso (3) - Cidade Aberta;Secretaria de Segurança Pública do Estado de São Paulo;I;779;SESEG;secretarias;6568;2022-12-31 00:00:00;20.00;
