codigo;nome;descricao;fonte;tipoValor;id_orgao;sigla_orgao;tipo_orgao;valores_codigo;valores_data;valores_valor;valores_descricao
5393;Número de vítimas em latrocínio;Número de vítimas em latrocínio - Cidade Aberta;Secretaria de Segurança Pública do Estado de São Paulo;I;779;SESEG;secretarias;1045;2013-12-31 00:00:00;2.00;
5393;Número de vítimas em latrocínio;Número de vítimas em latrocínio - Cidade Aberta;Secretaria de Segurança Pública do Estado de São Paulo;I;779;SESEG;secretarias;1046;2014-12-31 00:00:00;3.00;
5393;Número de vítimas em latrocínio;Número de vítimas em latrocínio - Cidade Aberta;Secretaria de Segurança Pública do Estado de São Paulo;I;779;SESEG;secretarias;1047;2011-12-31 00:00:00;22.00;
5393;Número de vítimas em latrocínio;Número de vítimas em latrocínio - Cidade Aberta;Secretaria de Segurança Pública do Estado de São Paulo;I;779;SESEG;secretarias;1048;2012-12-31 00:00:00;17.00;
5393;Número de vítimas em latrocínio;Número de vítimas em latrocínio - Cidade Aberta;Secretaria de Segurança Pública do Estado de São Paulo;I;779;SESEG;secretarias;1049;2016-12-31 00:00:00;4.00;
5393;Número de vítimas em latrocínio;Número de vítimas em latrocínio - Cidade Aberta;Secretaria de Segurança Pública do Estado de São Paulo;I;779;SESEG;secretarias;1050;2015-12-31 00:00:00;4.00;
5393;Número de vítimas em latrocínio;Número de vítimas em latrocínio - Cidade Aberta;Secretaria de Segurança Pública do Estado de São Paulo;I;779;SESEG;secretarias;1051;2009-12-31 00:00:00;0.00;
5393;Número de vítimas em latrocínio;Número de vítimas em latrocínio - Cidade Aberta;Secretaria de Segurança Pública do Estado de São Paulo;I;779;SESEG;secretarias;1052;2010-12-31 00:00:00;0.00;
5393;Número de vítimas em latrocínio;Número de vítimas em latrocínio - Cidade Aberta;Secretaria de Segurança Pública do Estado de São Paulo;I;779;SESEG;secretarias;3752;2018-12-31 00:00:00;5.00;
5393;Número de vítimas em latrocínio;Número de vítimas em latrocínio - Cidade Aberta;Secretaria de Segurança Pública do Estado de São Paulo;I;779;SESEG;secretarias;4268;2019-12-31 00:00:00;1.00;
5393;Número de vítimas em latrocínio;Número de vítimas em latrocínio - Cidade Aberta;Secretaria de Segurança Pública do Estado de São Paulo;I;779;SESEG;secretarias;4851;2020-12-31 00:00:00;2.00;
5393;Número de vítimas em latrocínio;Número de vítimas em latrocínio - Cidade Aberta;Secretaria de Segurança Pública do Estado de São Paulo;I;779;SESEG;secretarias;5238;2017-12-31 00:00:00;0.00;
5393;Número de vítimas em latrocínio;Número de vítimas em latrocínio - Cidade Aberta;Secretaria de Segurança Pública do Estado de São Paulo;I;779;SESEG;secretarias;5378;2021-12-31 00:00:00;0.00;
5393;Número de vítimas em latrocínio;Número de vítimas em latrocínio - Cidade Aberta;Secretaria de Segurança Pública do Estado de São Paulo;I;779;SESEG;secretarias;6569;2022-12-31 00:00:00;1.00;
