codigo;nome;descricao;fonte;tipoValor;id_orgao;sigla_orgao;tipo_orgao;valores_codigo;valores_data;valores_valor;valores_descricao
5394;Remoção de Moradias em Áreas de Risco nos Morros;Remoção de Moradias em Áreas de Risco nos Morros - Cidade Aberta;SESEG - SECRETARIA MUNICIPAL DE SEGURANÇA / DEPRODEC - DEFESA CIVIL;I;779;SESEG;secretarias;1053;2016-12-31 00:00:00;8.00;
5394;Remoção de Moradias em Áreas de Risco nos Morros;Remoção de Moradias em Áreas de Risco nos Morros - Cidade Aberta;SESEG - SECRETARIA MUNICIPAL DE SEGURANÇA / DEPRODEC - DEFESA CIVIL;I;779;SESEG;secretarias;1054;2015-12-31 00:00:00;12.00;
5394;Remoção de Moradias em Áreas de Risco nos Morros;Remoção de Moradias em Áreas de Risco nos Morros - Cidade Aberta;SESEG - SECRETARIA MUNICIPAL DE SEGURANÇA / DEPRODEC - DEFESA CIVIL;I;779;SESEG;secretarias;1055;2014-12-31 00:00:00;23.00;
5394;Remoção de Moradias em Áreas de Risco nos Morros;Remoção de Moradias em Áreas de Risco nos Morros - Cidade Aberta;SESEG - SECRETARIA MUNICIPAL DE SEGURANÇA / DEPRODEC - DEFESA CIVIL;I;779;SESEG;secretarias;1056;2013-12-31 00:00:00;0.00;
5394;Remoção de Moradias em Áreas de Risco nos Morros;Remoção de Moradias em Áreas de Risco nos Morros - Cidade Aberta;SESEG - SECRETARIA MUNICIPAL DE SEGURANÇA / DEPRODEC - DEFESA CIVIL;I;779;SESEG;secretarias;1057;2010-12-31 00:00:00;30.00;
5394;Remoção de Moradias em Áreas de Risco nos Morros;Remoção de Moradias em Áreas de Risco nos Morros - Cidade Aberta;SESEG - SECRETARIA MUNICIPAL DE SEGURANÇA / DEPRODEC - DEFESA CIVIL;I;779;SESEG;secretarias;1058;2011-12-31 00:00:00;9.00;
5394;Remoção de Moradias em Áreas de Risco nos Morros;Remoção de Moradias em Áreas de Risco nos Morros - Cidade Aberta;SESEG - SECRETARIA MUNICIPAL DE SEGURANÇA / DEPRODEC - DEFESA CIVIL;I;779;SESEG;secretarias;1059;2012-12-31 00:00:00;7.00;
5394;Remoção de Moradias em Áreas de Risco nos Morros;Remoção de Moradias em Áreas de Risco nos Morros - Cidade Aberta;SESEG - SECRETARIA MUNICIPAL DE SEGURANÇA / DEPRODEC - DEFESA CIVIL;I;779;SESEG;secretarias;1060;2009-12-31 00:00:00;13.00;
5394;Remoção de Moradias em Áreas de Risco nos Morros;Remoção de Moradias em Áreas de Risco nos Morros - Cidade Aberta;SESEG - SECRETARIA MUNICIPAL DE SEGURANÇA / DEPRODEC - DEFESA CIVIL;I;779;SESEG;secretarias;3763;2018-12-31 00:00:00;15.00;
5394;Remoção de Moradias em Áreas de Risco nos Morros;Remoção de Moradias em Áreas de Risco nos Morros - Cidade Aberta;SESEG - SECRETARIA MUNICIPAL DE SEGURANÇA / DEPRODEC - DEFESA CIVIL;I;779;SESEG;secretarias;4409;2019-12-31 00:00:00;105.00;
5394;Remoção de Moradias em Áreas de Risco nos Morros;Remoção de Moradias em Áreas de Risco nos Morros - Cidade Aberta;SESEG - SECRETARIA MUNICIPAL DE SEGURANÇA / DEPRODEC - DEFESA CIVIL;I;779;SESEG;secretarias;4882;2020-12-31 00:00:00;502.00;
5394;Remoção de Moradias em Áreas de Risco nos Morros;Remoção de Moradias em Áreas de Risco nos Morros - Cidade Aberta;SESEG - SECRETARIA MUNICIPAL DE SEGURANÇA / DEPRODEC - DEFESA CIVIL;I;779;SESEG;secretarias;5249;2017-12-31 00:00:00;203.00;
5394;Remoção de Moradias em Áreas de Risco nos Morros;Remoção de Moradias em Áreas de Risco nos Morros - Cidade Aberta;SESEG - SECRETARIA MUNICIPAL DE SEGURANÇA / DEPRODEC - DEFESA CIVIL;I;779;SESEG;secretarias;5408;2021-12-31 00:00:00;34.00;
5394;Remoção de Moradias em Áreas de Risco nos Morros;Remoção de Moradias em Áreas de Risco nos Morros - Cidade Aberta;SESEG - SECRETARIA MUNICIPAL DE SEGURANÇA / DEPRODEC - DEFESA CIVIL;I;779;SESEG;secretarias;6622;2022-12-31 00:00:00;2.00;
