codigo;nome;descricao;fonte;tipoValor;id_orgao;sigla_orgao;tipo_orgao;valores_codigo;valores_data;valores_valor;valores_descricao
5395;Roubo - outros (1) -  inclusive roubo de carga e banco;Roubo - outros (1) - Cidade Aberta;Secretaria de Segurança Pública do Estado de São Paulo;I;779;SESEG;secretarias;1061;2014-12-31 00:00:00;4984.00;
5395;Roubo - outros (1) -  inclusive roubo de carga e banco;Roubo - outros (1) - Cidade Aberta;Secretaria de Segurança Pública do Estado de São Paulo;I;779;SESEG;secretarias;1062;2013-12-31 00:00:00;4304.00;
5395;Roubo - outros (1) -  inclusive roubo de carga e banco;Roubo - outros (1) - Cidade Aberta;Secretaria de Segurança Pública do Estado de São Paulo;I;779;SESEG;secretarias;1063;2016-12-31 00:00:00;4075.00;
5395;Roubo - outros (1) -  inclusive roubo de carga e banco;Roubo - outros (1) - Cidade Aberta;Secretaria de Segurança Pública do Estado de São Paulo;I;779;SESEG;secretarias;1064;2015-12-31 00:00:00;4304.00;
5395;Roubo - outros (1) -  inclusive roubo de carga e banco;Roubo - outros (1) - Cidade Aberta;Secretaria de Segurança Pública do Estado de São Paulo;I;779;SESEG;secretarias;1065;2011-12-31 00:00:00;17825.00;
5395;Roubo - outros (1) -  inclusive roubo de carga e banco;Roubo - outros (1) - Cidade Aberta;Secretaria de Segurança Pública do Estado de São Paulo;I;779;SESEG;secretarias;1066;2010-12-31 00:00:00;0.00;
5395;Roubo - outros (1) -  inclusive roubo de carga e banco;Roubo - outros (1) - Cidade Aberta;Secretaria de Segurança Pública do Estado de São Paulo;I;779;SESEG;secretarias;1067;2009-12-31 00:00:00;0.00;
5395;Roubo - outros (1) -  inclusive roubo de carga e banco;Roubo - outros (1) - Cidade Aberta;Secretaria de Segurança Pública do Estado de São Paulo;I;779;SESEG;secretarias;1068;2012-12-31 00:00:00;17651.00;
5395;Roubo - outros (1) -  inclusive roubo de carga e banco;Roubo - outros (1) - Cidade Aberta;Secretaria de Segurança Pública do Estado de São Paulo;I;779;SESEG;secretarias;3753;2018-12-31 00:00:00;3024.00;
5395;Roubo - outros (1) -  inclusive roubo de carga e banco;Roubo - outros (1) - Cidade Aberta;Secretaria de Segurança Pública do Estado de São Paulo;I;779;SESEG;secretarias;4269;2019-12-31 00:00:00;2535.00;
5395;Roubo - outros (1) -  inclusive roubo de carga e banco;Roubo - outros (1) - Cidade Aberta;Secretaria de Segurança Pública do Estado de São Paulo;I;779;SESEG;secretarias;4852;2020-12-31 00:00:00;1750.00;
5395;Roubo - outros (1) -  inclusive roubo de carga e banco;Roubo - outros (1) - Cidade Aberta;Secretaria de Segurança Pública do Estado de São Paulo;I;779;SESEG;secretarias;5226;2017-12-31 00:00:00;3515.00;
5395;Roubo - outros (1) -  inclusive roubo de carga e banco;Roubo - outros (1) - Cidade Aberta;Secretaria de Segurança Pública do Estado de São Paulo;I;779;SESEG;secretarias;5386;2021-12-31 00:00:00;1755.00;
5395;Roubo - outros (1) -  inclusive roubo de carga e banco;Roubo - outros (1) - Cidade Aberta;Secretaria de Segurança Pública do Estado de São Paulo;I;779;SESEG;secretarias;6577;2022-12-31 00:00:00;2311.00;
