codigo;nome;descricao;fonte;tipoValor;id_orgao;sigla_orgao;tipo_orgao;valores_codigo;valores_data;valores_valor;valores_descricao
5396;Roubo a banco;Roubo a banco - Cidade Aberta;Secretaria de Segurança Pública do Estado de São Paulo;I;779;SESEG;secretarias;1069;2014-12-31 00:00:00;2.00;
5396;Roubo a banco;Roubo a banco - Cidade Aberta;Secretaria de Segurança Pública do Estado de São Paulo;I;779;SESEG;secretarias;1070;2013-12-31 00:00:00;0.00;
5396;Roubo a banco;Roubo a banco - Cidade Aberta;Secretaria de Segurança Pública do Estado de São Paulo;I;779;SESEG;secretarias;1071;2016-12-31 00:00:00;0.00;
5396;Roubo a banco;Roubo a banco - Cidade Aberta;Secretaria de Segurança Pública do Estado de São Paulo;I;779;SESEG;secretarias;1072;2012-12-31 00:00:00;7.00;
5396;Roubo a banco;Roubo a banco - Cidade Aberta;Secretaria de Segurança Pública do Estado de São Paulo;I;779;SESEG;secretarias;1073;2011-12-31 00:00:00;1.00;
5396;Roubo a banco;Roubo a banco - Cidade Aberta;Secretaria de Segurança Pública do Estado de São Paulo;I;779;SESEG;secretarias;1074;2010-12-31 00:00:00;0.00;
5396;Roubo a banco;Roubo a banco - Cidade Aberta;Secretaria de Segurança Pública do Estado de São Paulo;I;779;SESEG;secretarias;1075;2009-12-31 00:00:00;0.00;
5396;Roubo a banco;Roubo a banco - Cidade Aberta;Secretaria de Segurança Pública do Estado de São Paulo;I;779;SESEG;secretarias;1076;2015-12-31 00:00:00;0.00;
5396;Roubo a banco;Roubo a banco - Cidade Aberta;Secretaria de Segurança Pública do Estado de São Paulo;I;779;SESEG;secretarias;3754;2018-12-31 00:00:00;0.00;
5396;Roubo a banco;Roubo a banco - Cidade Aberta;Secretaria de Segurança Pública do Estado de São Paulo;I;779;SESEG;secretarias;4270;2019-12-31 00:00:00;1.00;
5396;Roubo a banco;Roubo a banco - Cidade Aberta;Secretaria de Segurança Pública do Estado de São Paulo;I;779;SESEG;secretarias;4853;2020-12-31 00:00:00;0.00;
5396;Roubo a banco;Roubo a banco - Cidade Aberta;Secretaria de Segurança Pública do Estado de São Paulo;I;779;SESEG;secretarias;5224;2017-12-31 00:00:00;0.00;
5396;Roubo a banco;Roubo a banco - Cidade Aberta;Secretaria de Segurança Pública do Estado de São Paulo;I;779;SESEG;secretarias;5387;2021-12-31 00:00:00;0.00;
5396;Roubo a banco;Roubo a banco - Cidade Aberta;Secretaria de Segurança Pública do Estado de São Paulo;I;779;SESEG;secretarias;6578;2022-12-31 00:00:00;0.00;
