codigo;nome;descricao;fonte;tipoValor;id_orgao;sigla_orgao;tipo_orgao;valores_codigo;valores_data;valores_valor;valores_descricao
5397;Roubo de carga;Roubo de carga - Cidade Aberta;Secretaria de Segurança Pública do Estado de São Paulo;I;779;SESEG;secretarias;1077;2010-12-31 00:00:00;0.00;
5397;Roubo de carga;Roubo de carga - Cidade Aberta;Secretaria de Segurança Pública do Estado de São Paulo;I;779;SESEG;secretarias;1078;2014-12-31 00:00:00;36.00;
5397;Roubo de carga;Roubo de carga - Cidade Aberta;Secretaria de Segurança Pública do Estado de São Paulo;I;779;SESEG;secretarias;1079;2012-12-31 00:00:00;367.00;
5397;Roubo de carga;Roubo de carga - Cidade Aberta;Secretaria de Segurança Pública do Estado de São Paulo;I;779;SESEG;secretarias;1080;2011-12-31 00:00:00;364.00;
5397;Roubo de carga;Roubo de carga - Cidade Aberta;Secretaria de Segurança Pública do Estado de São Paulo;I;779;SESEG;secretarias;1081;2016-12-31 00:00:00;71.00;
5397;Roubo de carga;Roubo de carga - Cidade Aberta;Secretaria de Segurança Pública do Estado de São Paulo;I;779;SESEG;secretarias;1082;2015-12-31 00:00:00;27.00;
5397;Roubo de carga;Roubo de carga - Cidade Aberta;Secretaria de Segurança Pública do Estado de São Paulo;I;779;SESEG;secretarias;1083;2009-12-31 00:00:00;0.00;
5397;Roubo de carga;Roubo de carga - Cidade Aberta;Secretaria de Segurança Pública do Estado de São Paulo;I;779;SESEG;secretarias;1084;2013-12-31 00:00:00;53.00;
5397;Roubo de carga;Roubo de carga - Cidade Aberta;Secretaria de Segurança Pública do Estado de São Paulo;I;779;SESEG;secretarias;3755;2018-12-31 00:00:00;54.00;
5397;Roubo de carga;Roubo de carga - Cidade Aberta;Secretaria de Segurança Pública do Estado de São Paulo;I;779;SESEG;secretarias;4271;2019-12-31 00:00:00;67.00;
5397;Roubo de carga;Roubo de carga - Cidade Aberta;Secretaria de Segurança Pública do Estado de São Paulo;I;779;SESEG;secretarias;4854;2020-12-31 00:00:00;25.00;
5397;Roubo de carga;Roubo de carga - Cidade Aberta;Secretaria de Segurança Pública do Estado de São Paulo;I;779;SESEG;secretarias;5223;2017-12-31 00:00:00;64.00;
5397;Roubo de carga;Roubo de carga - Cidade Aberta;Secretaria de Segurança Pública do Estado de São Paulo;I;779;SESEG;secretarias;5388;2021-12-31 00:00:00;19.00;
5397;Roubo de carga;Roubo de carga - Cidade Aberta;Secretaria de Segurança Pública do Estado de São Paulo;I;779;SESEG;secretarias;6579;2022-12-31 00:00:00;26.00;
