codigo;nome;descricao;fonte;tipoValor;id_orgao;sigla_orgao;tipo_orgao;valores_codigo;valores_data;valores_valor;valores_descricao
5398;Roubo de veículo;Roubo de veículo - Cidade Aberta;Secretaria de Segurança Pública do Estado de São Paulo;I;779;SESEG;secretarias;1085;2009-12-31 00:00:00;0.00;
5398;Roubo de veículo;Roubo de veículo - Cidade Aberta;Secretaria de Segurança Pública do Estado de São Paulo;I;779;SESEG;secretarias;1086;2010-12-31 00:00:00;0.00;
5398;Roubo de veículo;Roubo de veículo - Cidade Aberta;Secretaria de Segurança Pública do Estado de São Paulo;I;779;SESEG;secretarias;1087;2011-12-31 00:00:00;2000.00;
5398;Roubo de veículo;Roubo de veículo - Cidade Aberta;Secretaria de Segurança Pública do Estado de São Paulo;I;779;SESEG;secretarias;1088;2016-12-31 00:00:00;317.00;
5398;Roubo de veículo;Roubo de veículo - Cidade Aberta;Secretaria de Segurança Pública do Estado de São Paulo;I;779;SESEG;secretarias;1089;2015-12-31 00:00:00;289.00;
5398;Roubo de veículo;Roubo de veículo - Cidade Aberta;Secretaria de Segurança Pública do Estado de São Paulo;I;779;SESEG;secretarias;1090;2014-12-31 00:00:00;465.00;
5398;Roubo de veículo;Roubo de veículo - Cidade Aberta;Secretaria de Segurança Pública do Estado de São Paulo;I;779;SESEG;secretarias;1091;2012-12-31 00:00:00;2509.00;
5398;Roubo de veículo;Roubo de veículo - Cidade Aberta;Secretaria de Segurança Pública do Estado de São Paulo;I;779;SESEG;secretarias;1092;2013-12-31 00:00:00;290.00;
5398;Roubo de veículo;Roubo de veículo - Cidade Aberta;Secretaria de Segurança Pública do Estado de São Paulo;I;779;SESEG;secretarias;3756;2018-12-31 00:00:00;342.00;
5398;Roubo de veículo;Roubo de veículo - Cidade Aberta;Secretaria de Segurança Pública do Estado de São Paulo;I;779;SESEG;secretarias;4272;2019-12-31 00:00:00;169.00;
5398;Roubo de veículo;Roubo de veículo - Cidade Aberta;Secretaria de Segurança Pública do Estado de São Paulo;I;779;SESEG;secretarias;4856;2020-12-31 00:00:00;108.00;
5398;Roubo de veículo;Roubo de veículo - Cidade Aberta;Secretaria de Segurança Pública do Estado de São Paulo;I;779;SESEG;secretarias;5222;2017-12-31 00:00:00;224.00;
5398;Roubo de veículo;Roubo de veículo - Cidade Aberta;Secretaria de Segurança Pública do Estado de São Paulo;I;779;SESEG;secretarias;5389;2021-12-31 00:00:00;79.00;
5398;Roubo de veículo;Roubo de veículo - Cidade Aberta;Secretaria de Segurança Pública do Estado de São Paulo;I;779;SESEG;secretarias;6580;2022-12-31 00:00:00;118.00;
