codigo;nome;descricao;fonte;tipoValor;id_orgao;sigla_orgao;tipo_orgao;valores_codigo;valores_data;valores_valor;valores_descricao
5399;Tentativa de homicídio;Tentativa de homicídio - Cidade Aberta;Secretaria de Segurança Pública do Estado de São Paulo;I;779;SESEG;secretarias;1093;2009-12-31 00:00:00;0.00;
5399;Tentativa de homicídio;Tentativa de homicídio - Cidade Aberta;Secretaria de Segurança Pública do Estado de São Paulo;I;779;SESEG;secretarias;1094;2010-12-31 00:00:00;0.00;
5399;Tentativa de homicídio;Tentativa de homicídio - Cidade Aberta;Secretaria de Segurança Pública do Estado de São Paulo;I;779;SESEG;secretarias;1095;2011-12-31 00:00:00;301.00;
5399;Tentativa de homicídio;Tentativa de homicídio - Cidade Aberta;Secretaria de Segurança Pública do Estado de São Paulo;I;779;SESEG;secretarias;1096;2012-12-31 00:00:00;385.00;
5399;Tentativa de homicídio;Tentativa de homicídio - Cidade Aberta;Secretaria de Segurança Pública do Estado de São Paulo;I;779;SESEG;secretarias;1097;2016-12-31 00:00:00;41.00;
5399;Tentativa de homicídio;Tentativa de homicídio - Cidade Aberta;Secretaria de Segurança Pública do Estado de São Paulo;I;779;SESEG;secretarias;1098;2014-12-31 00:00:00;53.00;
5399;Tentativa de homicídio;Tentativa de homicídio - Cidade Aberta;Secretaria de Segurança Pública do Estado de São Paulo;I;779;SESEG;secretarias;1099;2013-12-31 00:00:00;76.00;
5399;Tentativa de homicídio;Tentativa de homicídio - Cidade Aberta;Secretaria de Segurança Pública do Estado de São Paulo;I;779;SESEG;secretarias;1100;2015-12-31 00:00:00;57.00;
5399;Tentativa de homicídio;Tentativa de homicídio - Cidade Aberta;Secretaria de Segurança Pública do Estado de São Paulo;I;779;SESEG;secretarias;3757;2018-12-31 00:00:00;47.00;
5399;Tentativa de homicídio;Tentativa de homicídio - Cidade Aberta;Secretaria de Segurança Pública do Estado de São Paulo;I;779;SESEG;secretarias;4273;2019-12-31 00:00:00;37.00;
5399;Tentativa de homicídio;Tentativa de homicídio - Cidade Aberta;Secretaria de Segurança Pública do Estado de São Paulo;I;779;SESEG;secretarias;4855;2020-12-31 00:00:00;33.00;
5399;Tentativa de homicídio;Tentativa de homicídio - Cidade Aberta;Secretaria de Segurança Pública do Estado de São Paulo;I;779;SESEG;secretarias;5225;2017-12-31 00:00:00;38.00;
5399;Tentativa de homicídio;Tentativa de homicídio - Cidade Aberta;Secretaria de Segurança Pública do Estado de São Paulo;I;779;SESEG;secretarias;5390;2021-12-31 00:00:00;30.00;
5399;Tentativa de homicídio;Tentativa de homicídio - Cidade Aberta;Secretaria de Segurança Pública do Estado de São Paulo;I;779;SESEG;secretarias;6582;2022-12-31 00:00:00;55.00;
