codigo;nome;descricao;fonte;tipoValor;id_orgao;sigla_orgao;tipo_orgao;valores_codigo;valores_data;valores_valor;valores_descricao
5400;Tráfico de entorpecentes;Tráfico de entorpecentes - Cidade Aberta;Secretaria de Segurança Pública do Estado de São Paulo - Departamento de Polícia Civil, Polícia Militar e Superintendência da Polícia Técnico-científica;I;779;SESEG;secretarias;1101;2012-12-31 00:00:00;512.00;
5400;Tráfico de entorpecentes;Tráfico de entorpecentes - Cidade Aberta;Secretaria de Segurança Pública do Estado de São Paulo - Departamento de Polícia Civil, Polícia Militar e Superintendência da Polícia Técnico-científica;I;779;SESEG;secretarias;1102;2014-12-31 00:00:00;245.00;
5400;Tráfico de entorpecentes;Tráfico de entorpecentes - Cidade Aberta;Secretaria de Segurança Pública do Estado de São Paulo - Departamento de Polícia Civil, Polícia Militar e Superintendência da Polícia Técnico-científica;I;779;SESEG;secretarias;1103;2011-12-31 00:00:00;1954.00;
5400;Tráfico de entorpecentes;Tráfico de entorpecentes - Cidade Aberta;Secretaria de Segurança Pública do Estado de São Paulo - Departamento de Polícia Civil, Polícia Militar e Superintendência da Polícia Técnico-científica;I;779;SESEG;secretarias;1104;2015-12-31 00:00:00;277.00;
5400;Tráfico de entorpecentes;Tráfico de entorpecentes - Cidade Aberta;Secretaria de Segurança Pública do Estado de São Paulo - Departamento de Polícia Civil, Polícia Militar e Superintendência da Polícia Técnico-científica;I;779;SESEG;secretarias;1105;2013-12-31 00:00:00;376.00;
5400;Tráfico de entorpecentes;Tráfico de entorpecentes - Cidade Aberta;Secretaria de Segurança Pública do Estado de São Paulo - Departamento de Polícia Civil, Polícia Militar e Superintendência da Polícia Técnico-científica;I;779;SESEG;secretarias;1106;2016-12-31 00:00:00;289.00;
5400;Tráfico de entorpecentes;Tráfico de entorpecentes - Cidade Aberta;Secretaria de Segurança Pública do Estado de São Paulo - Departamento de Polícia Civil, Polícia Militar e Superintendência da Polícia Técnico-científica;I;779;SESEG;secretarias;3758;2018-12-31 00:00:00;210.00;
5400;Tráfico de entorpecentes;Tráfico de entorpecentes - Cidade Aberta;Secretaria de Segurança Pública do Estado de São Paulo - Departamento de Polícia Civil, Polícia Militar e Superintendência da Polícia Técnico-científica;I;779;SESEG;secretarias;4298;2019-12-31 00:00:00;278.00;
5400;Tráfico de entorpecentes;Tráfico de entorpecentes - Cidade Aberta;Secretaria de Segurança Pública do Estado de São Paulo - Departamento de Polícia Civil, Polícia Militar e Superintendência da Polícia Técnico-científica;I;779;SESEG;secretarias;4857;2020-12-31 00:00:00;230.00;
5400;Tráfico de entorpecentes;Tráfico de entorpecentes - Cidade Aberta;Secretaria de Segurança Pública do Estado de São Paulo - Departamento de Polícia Civil, Polícia Militar e Superintendência da Polícia Técnico-científica;I;779;SESEG;secretarias;5243;2017-12-31 00:00:00;285.00;
5400;Tráfico de entorpecentes;Tráfico de entorpecentes - Cidade Aberta;Secretaria de Segurança Pública do Estado de São Paulo - Departamento de Polícia Civil, Polícia Militar e Superintendência da Polícia Técnico-científica;I;779;SESEG;secretarias;5391;2021-12-31 00:00:00;231.00;
5400;Tráfico de entorpecentes;Tráfico de entorpecentes - Cidade Aberta;Secretaria de Segurança Pública do Estado de São Paulo - Departamento de Polícia Civil, Polícia Militar e Superintendência da Polícia Técnico-científica;I;779;SESEG;secretarias;6581;2022-12-31 00:00:00;18.00;
