codigo;nome;descricao;fonte;tipoValor;id_orgao;sigla_orgao;tipo_orgao;valores_codigo;valores_data;valores_valor;valores_descricao
5401;Vistoria em Moradias de Madeira na Zona Noroeste;Vistoria em Moradias de Madeira na Zona Noroeste - Cidade Aberta;SESEG - SECRETARIA MUNICIPAL DE SEGURANÇA / DEPRODEC - DEFESA CIVIL;I;779;SESEG;secretarias;1107;2011-12-31 00:00:00;24.00;
5401;Vistoria em Moradias de Madeira na Zona Noroeste;Vistoria em Moradias de Madeira na Zona Noroeste - Cidade Aberta;SESEG - SECRETARIA MUNICIPAL DE SEGURANÇA / DEPRODEC - DEFESA CIVIL;I;779;SESEG;secretarias;1108;2012-12-31 00:00:00;44.00;
5401;Vistoria em Moradias de Madeira na Zona Noroeste;Vistoria em Moradias de Madeira na Zona Noroeste - Cidade Aberta;SESEG - SECRETARIA MUNICIPAL DE SEGURANÇA / DEPRODEC - DEFESA CIVIL;I;779;SESEG;secretarias;1109;2013-12-31 00:00:00;29.00;
5401;Vistoria em Moradias de Madeira na Zona Noroeste;Vistoria em Moradias de Madeira na Zona Noroeste - Cidade Aberta;SESEG - SECRETARIA MUNICIPAL DE SEGURANÇA / DEPRODEC - DEFESA CIVIL;I;779;SESEG;secretarias;1110;2014-12-31 00:00:00;76.00;
5401;Vistoria em Moradias de Madeira na Zona Noroeste;Vistoria em Moradias de Madeira na Zona Noroeste - Cidade Aberta;SESEG - SECRETARIA MUNICIPAL DE SEGURANÇA / DEPRODEC - DEFESA CIVIL;I;779;SESEG;secretarias;1111;2015-12-31 00:00:00;55.00;
5401;Vistoria em Moradias de Madeira na Zona Noroeste;Vistoria em Moradias de Madeira na Zona Noroeste - Cidade Aberta;SESEG - SECRETARIA MUNICIPAL DE SEGURANÇA / DEPRODEC - DEFESA CIVIL;I;779;SESEG;secretarias;1112;2016-12-31 00:00:00;70.00;
5401;Vistoria em Moradias de Madeira na Zona Noroeste;Vistoria em Moradias de Madeira na Zona Noroeste - Cidade Aberta;SESEG - SECRETARIA MUNICIPAL DE SEGURANÇA / DEPRODEC - DEFESA CIVIL;I;779;SESEG;secretarias;1113;2010-12-31 00:00:00;36.00;
5401;Vistoria em Moradias de Madeira na Zona Noroeste;Vistoria em Moradias de Madeira na Zona Noroeste - Cidade Aberta;SESEG - SECRETARIA MUNICIPAL DE SEGURANÇA / DEPRODEC - DEFESA CIVIL;I;779;SESEG;secretarias;1114;2009-12-31 00:00:00;30.00;
5401;Vistoria em Moradias de Madeira na Zona Noroeste;Vistoria em Moradias de Madeira na Zona Noroeste - Cidade Aberta;SESEG - SECRETARIA MUNICIPAL DE SEGURANÇA / DEPRODEC - DEFESA CIVIL;I;779;SESEG;secretarias;3764;2018-12-31 00:00:00;25.00;
5401;Vistoria em Moradias de Madeira na Zona Noroeste;Vistoria em Moradias de Madeira na Zona Noroeste - Cidade Aberta;SESEG - SECRETARIA MUNICIPAL DE SEGURANÇA / DEPRODEC - DEFESA CIVIL;I;779;SESEG;secretarias;4410;2019-12-31 00:00:00;80.00;
5401;Vistoria em Moradias de Madeira na Zona Noroeste;Vistoria em Moradias de Madeira na Zona Noroeste - Cidade Aberta;SESEG - SECRETARIA MUNICIPAL DE SEGURANÇA / DEPRODEC - DEFESA CIVIL;I;779;SESEG;secretarias;4883;2020-12-31 00:00:00;115.00;
5401;Vistoria em Moradias de Madeira na Zona Noroeste;Vistoria em Moradias de Madeira na Zona Noroeste - Cidade Aberta;SESEG - SECRETARIA MUNICIPAL DE SEGURANÇA / DEPRODEC - DEFESA CIVIL;I;779;SESEG;secretarias;5248;2017-12-31 00:00:00;30.00;
5401;Vistoria em Moradias de Madeira na Zona Noroeste;Vistoria em Moradias de Madeira na Zona Noroeste - Cidade Aberta;SESEG - SECRETARIA MUNICIPAL DE SEGURANÇA / DEPRODEC - DEFESA CIVIL;I;779;SESEG;secretarias;5411;2021-12-31 00:00:00;41.00;
5401;Vistoria em Moradias de Madeira na Zona Noroeste;Vistoria em Moradias de Madeira na Zona Noroeste - Cidade Aberta;SESEG - SECRETARIA MUNICIPAL DE SEGURANÇA / DEPRODEC - DEFESA CIVIL;I;779;SESEG;secretarias;6624;2022-12-31 00:00:00;23.00;
