codigo;nome;descricao;fonte;tipoValor;id_orgao;sigla_orgao;tipo_orgao;valores_codigo;valores_data;valores_valor;valores_descricao
5440;Despesa total do município;Despesa total do município - Cidade Aberta;SEFIN - Sistemas informatizados de tributos e contábil do Município;D;4681;SEFIN;secretarias;3943;2018-12-31 00:00:00;2005213960.40;
5440;Despesa total do município;Despesa total do município - Cidade Aberta;SEFIN - Sistemas informatizados de tributos e contábil do Município;D;4681;SEFIN;secretarias;4568;2019-12-31 00:00:00;2300123464.39;
5440;Despesa total do município;Despesa total do município - Cidade Aberta;SEFIN - Sistemas informatizados de tributos e contábil do Município;D;4681;SEFIN;secretarias;5092;2020-12-31 00:00:00;2618951388.81;
5440;Despesa total do município;Despesa total do município - Cidade Aberta;SEFIN - Sistemas informatizados de tributos e contábil do Município;D;4681;SEFIN;secretarias;5443;2021-12-31 00:00:00;2760240659.52;
5440;Despesa total do município;Despesa total do município - Cidade Aberta;SEFIN - Sistemas informatizados de tributos e contábil do Município;D;4681;SEFIN;secretarias;6825;2022-12-31 00:00:00;2999576153.26;
5440;Despesa total do município;Despesa total do município - Cidade Aberta;SEFIN - Sistemas informatizados de tributos e contábil do Município;D;4681;SEFIN;secretarias;7591;2023-12-31 00:00:00;4591046005.00;
