codigo;nome;descricao;fonte;tipoValor;id_orgao;sigla_orgao;tipo_orgao;valores_codigo;valores_data;valores_valor;valores_descricao
5441;Arrecadação com o Fundo de Participação dos Municípios (FPM);Arrecadação com o Fundo de Participação dos Municípios (FPM) - Cidade Aberta;SEFIN - Sistemas informatizados de tributos e contábil do Município;D;4681;SEFIN;secretarias;3944;2018-12-31 00:00:00;69087785.33;
5441;Arrecadação com o Fundo de Participação dos Municípios (FPM);Arrecadação com o Fundo de Participação dos Municípios (FPM) - Cidade Aberta;SEFIN - Sistemas informatizados de tributos e contábil do Município;D;4681;SEFIN;secretarias;4569;2019-12-31 00:00:00;74827272.04;
5441;Arrecadação com o Fundo de Participação dos Municípios (FPM);Arrecadação com o Fundo de Participação dos Municípios (FPM) - Cidade Aberta;SEFIN - Sistemas informatizados de tributos e contábil do Município;D;4681;SEFIN;secretarias;5093;2020-12-31 00:00:00;71431674.35;
5441;Arrecadação com o Fundo de Participação dos Municípios (FPM);Arrecadação com o Fundo de Participação dos Municípios (FPM) - Cidade Aberta;SEFIN - Sistemas informatizados de tributos e contábil do Município;D;4681;SEFIN;secretarias;5441;2021-12-31 00:00:00;88032431.68;
5441;Arrecadação com o Fundo de Participação dos Municípios (FPM);Arrecadação com o Fundo de Participação dos Municípios (FPM) - Cidade Aberta;SEFIN - Sistemas informatizados de tributos e contábil do Município;D;4681;SEFIN;secretarias;6822;2022-12-31 00:00:00;109683409.24;
5441;Arrecadação com o Fundo de Participação dos Municípios (FPM);Arrecadação com o Fundo de Participação dos Municípios (FPM) - Cidade Aberta;SEFIN - Sistemas informatizados de tributos e contábil do Município;D;4681;SEFIN;secretarias;7500;2023-12-31 00:00:00;123497204.54;
