codigo;nome;descricao;fonte;tipoValor;id_orgao;sigla_orgao;tipo_orgao;valores_codigo;valores_data;valores_valor;valores_descricao
5442;Arrecadação com o Imposto sobre Circulação de Mercadorias e Prestação de Serviços (ICMS);Arrecadação com o Imposto sobre Circulação de Mercadorias e Prestação de Serviços (ICMS) - Cidade Aberta;SEFIN - Sistemas informatizados de tributos e contábil do Município;D;4681;SEFIN;secretarias;3945;2018-12-31 00:00:00;303556682.26;
5442;Arrecadação com o Imposto sobre Circulação de Mercadorias e Prestação de Serviços (ICMS);Arrecadação com o Imposto sobre Circulação de Mercadorias e Prestação de Serviços (ICMS) - Cidade Aberta;SEFIN - Sistemas informatizados de tributos e contábil do Município;D;4681;SEFIN;secretarias;4570;2019-12-31 00:00:00;322356298.29;
5442;Arrecadação com o Imposto sobre Circulação de Mercadorias e Prestação de Serviços (ICMS);Arrecadação com o Imposto sobre Circulação de Mercadorias e Prestação de Serviços (ICMS) - Cidade Aberta;SEFIN - Sistemas informatizados de tributos e contábil do Município;D;4681;SEFIN;secretarias;5094;2020-12-31 00:00:00;278352855.85;
5442;Arrecadação com o Imposto sobre Circulação de Mercadorias e Prestação de Serviços (ICMS);Arrecadação com o Imposto sobre Circulação de Mercadorias e Prestação de Serviços (ICMS) - Cidade Aberta;SEFIN - Sistemas informatizados de tributos e contábil do Município;D;4681;SEFIN;secretarias;5442;2021-12-31 00:00:00;477833014.19;
5442;Arrecadação com o Imposto sobre Circulação de Mercadorias e Prestação de Serviços (ICMS);Arrecadação com o Imposto sobre Circulação de Mercadorias e Prestação de Serviços (ICMS) - Cidade Aberta;SEFIN - Sistemas informatizados de tributos e contábil do Município;D;4681;SEFIN;secretarias;6823;2022-12-31 00:00:00;589934101.47;
5442;Arrecadação com o Imposto sobre Circulação de Mercadorias e Prestação de Serviços (ICMS);Arrecadação com o Imposto sobre Circulação de Mercadorias e Prestação de Serviços (ICMS) - Cidade Aberta;SEFIN - Sistemas informatizados de tributos e contábil do Município;D;4681;SEFIN;secretarias;7501;2023-12-31 00:00:00;691016431.35;
