codigo;nome;descricao;fonte;tipoValor;id_orgao;sigla_orgao;tipo_orgao;valores_codigo;valores_data;valores_valor;valores_descricao
5443;Total de investimentos públicos próprios realizados no município;Total de investimentos públicos próprios realizados no município;Sistemas informatizados de tributos e contábil do Município;D;4681;SEFIN;secretarias;3946;2018-12-31 00:00:00;33476113.40;
5443;Total de investimentos públicos próprios realizados no município;Total de investimentos públicos próprios realizados no município;Sistemas informatizados de tributos e contábil do Município;D;4681;SEFIN;secretarias;4571;2019-12-31 00:00:00;41493764.04;
5443;Total de investimentos públicos próprios realizados no município;Total de investimentos públicos próprios realizados no município;Sistemas informatizados de tributos e contábil do Município;D;4681;SEFIN;secretarias;5095;2020-12-31 00:00:00;63946276.18;
5443;Total de investimentos públicos próprios realizados no município;Total de investimentos públicos próprios realizados no município;Sistemas informatizados de tributos e contábil do Município;D;4681;SEFIN;secretarias;5448;2021-12-31 00:00:00;79980505.07;
5443;Total de investimentos públicos próprios realizados no município;Total de investimentos públicos próprios realizados no município;Sistemas informatizados de tributos e contábil do Município;D;4681;SEFIN;secretarias;6905;2022-12-31 00:00:00;96517257.45;
5443;Total de investimentos públicos próprios realizados no município;Total de investimentos públicos próprios realizados no município;Sistemas informatizados de tributos e contábil do Município;D;4681;SEFIN;secretarias;7522;2023-12-31 00:00:00;290628114.65;
