codigo;nome;descricao;fonte;tipoValor;id_orgao;sigla_orgao;tipo_orgao;valores_codigo;valores_data;valores_valor;valores_descricao
5444;Total arrecadado com o Imposto Predial e Territorial Urbano (IPTU);Total arrecadado com o Imposto Predial e Territorial Urbano (IPTU);Sistemas informatizados de tributos e contábil do Município;D;4681;SEFIN;secretarias;3947;2018-12-31 00:00:00;556933769.63;
5444;Total arrecadado com o Imposto Predial e Territorial Urbano (IPTU);Total arrecadado com o Imposto Predial e Territorial Urbano (IPTU);Sistemas informatizados de tributos e contábil do Município;D;4681;SEFIN;secretarias;4572;2019-12-31 00:00:00;581231210.62;
5444;Total arrecadado com o Imposto Predial e Territorial Urbano (IPTU);Total arrecadado com o Imposto Predial e Territorial Urbano (IPTU);Sistemas informatizados de tributos e contábil do Município;D;4681;SEFIN;secretarias;4986;2020-12-31 00:00:00;492911523.24;
5444;Total arrecadado com o Imposto Predial e Territorial Urbano (IPTU);Total arrecadado com o Imposto Predial e Territorial Urbano (IPTU);Sistemas informatizados de tributos e contábil do Município;D;4681;SEFIN;secretarias;5444;2021-12-31 00:00:00;517784630.36;
5444;Total arrecadado com o Imposto Predial e Territorial Urbano (IPTU);Total arrecadado com o Imposto Predial e Territorial Urbano (IPTU);Sistemas informatizados de tributos e contábil do Município;D;4681;SEFIN;secretarias;7534;2023-12-31 00:00:00;656176155.43;
