codigo;nome;descricao;fonte;tipoValor;id_orgao;sigla_orgao;tipo_orgao;valores_codigo;valores_data;valores_valor;valores_descricao
5445;Total arrecadado com o Imposto sobre Serviços (ISS);Total arrecadado com o Imposto sobre Serviços (ISS);Sistemas informatizados de tributos e contábil do Município;D;4681;SEFIN;secretarias;3948;2018-12-31 00:00:00;611411736.84;
5445;Total arrecadado com o Imposto sobre Serviços (ISS);Total arrecadado com o Imposto sobre Serviços (ISS);Sistemas informatizados de tributos e contábil do Município;D;4681;SEFIN;secretarias;4573;2019-12-31 00:00:00;709063360.48;
5445;Total arrecadado com o Imposto sobre Serviços (ISS);Total arrecadado com o Imposto sobre Serviços (ISS);Sistemas informatizados de tributos e contábil do Município;D;4681;SEFIN;secretarias;4987;2020-12-31 00:00:00;744905567.33;
5445;Total arrecadado com o Imposto sobre Serviços (ISS);Total arrecadado com o Imposto sobre Serviços (ISS);Sistemas informatizados de tributos e contábil do Município;D;4681;SEFIN;secretarias;5445;2021-12-31 00:00:00;842160432.72;
5445;Total arrecadado com o Imposto sobre Serviços (ISS);Total arrecadado com o Imposto sobre Serviços (ISS);Sistemas informatizados de tributos e contábil do Município;D;4681;SEFIN;secretarias;7535;2023-12-31 00:00:00;1127761314.98;
