codigo;nome;descricao;fonte;tipoValor;id_orgao;sigla_orgao;tipo_orgao;valores_codigo;valores_data;valores_valor;valores_descricao
5446;Total arrecadado com o Imposto de Transmissão de Bens Imóveis (ITBI);Total arrecadado com o Imposto de Transmissão de Bens Imóveis (ITBI);Sistemas informatizados de tributos e contábil do Município;D;4681;SEFIN;secretarias;3949;2018-12-31 00:00:00;65898738.38;
5446;Total arrecadado com o Imposto de Transmissão de Bens Imóveis (ITBI);Total arrecadado com o Imposto de Transmissão de Bens Imóveis (ITBI);Sistemas informatizados de tributos e contábil do Município;D;4681;SEFIN;secretarias;4574;2019-12-31 00:00:00;62189493.31;
5446;Total arrecadado com o Imposto de Transmissão de Bens Imóveis (ITBI);Total arrecadado com o Imposto de Transmissão de Bens Imóveis (ITBI);Sistemas informatizados de tributos e contábil do Município;D;4681;SEFIN;secretarias;4988;2020-12-31 00:00:00;68334862.54;
5446;Total arrecadado com o Imposto de Transmissão de Bens Imóveis (ITBI);Total arrecadado com o Imposto de Transmissão de Bens Imóveis (ITBI);Sistemas informatizados de tributos e contábil do Município;D;4681;SEFIN;secretarias;5449;2021-12-31 00:00:00;99554847.74;
5446;Total arrecadado com o Imposto de Transmissão de Bens Imóveis (ITBI);Total arrecadado com o Imposto de Transmissão de Bens Imóveis (ITBI);Sistemas informatizados de tributos e contábil do Município;D;4681;SEFIN;secretarias;7533;2023-12-31 00:00:00;95852846.05;
