codigo;nome;descricao;fonte;tipoValor;id_orgao;sigla_orgao;tipo_orgao;valores_codigo;valores_data;valores_valor;valores_descricao
5447;Total de pagamentos realizados em razão de horas extras;Total de pagamentos realizados em razão de horas extras;SEFIN, ANTIGA SEGES;D;4681;SEFIN;secretarias;3898;2018-12-31 00:00:00;9727102.91;
5447;Total de pagamentos realizados em razão de horas extras;Total de pagamentos realizados em razão de horas extras;SEFIN, ANTIGA SEGES;D;4681;SEFIN;secretarias;4127;2019-12-31 00:00:00;13151256.10;
5447;Total de pagamentos realizados em razão de horas extras;Total de pagamentos realizados em razão de horas extras;SEFIN, ANTIGA SEGES;D;4681;SEFIN;secretarias;5076;2020-12-31 00:00:00;15606646.77;
5447;Total de pagamentos realizados em razão de horas extras;Total de pagamentos realizados em razão de horas extras;SEFIN, ANTIGA SEGES;D;4681;SEFIN;secretarias;5991;2021-12-30 00:00:00;16692970.95;
5447;Total de pagamentos realizados em razão de horas extras;Total de pagamentos realizados em razão de horas extras;SEFIN, ANTIGA SEGES;D;4681;SEFIN;secretarias;6890;2022-12-31 00:00:00;20115595.49;
5447;Total de pagamentos realizados em razão de horas extras;Total de pagamentos realizados em razão de horas extras;SEFIN, ANTIGA SEGES;D;4681;SEFIN;secretarias;7577;2023-12-31 00:00:00;23694244.32;
