codigo;nome;descricao;fonte;tipoValor;id_orgao;sigla_orgao;tipo_orgao;valores_codigo;valores_data;valores_valor;valores_descricao
5468;Quantidade de táxis em circulação;Quantidade de táxis em circulação;CET;I;822;CET;autarquias;3907;2018-12-31 00:00:00;1161.00;
5468;Quantidade de táxis em circulação;Quantidade de táxis em circulação;CET;I;822;CET;autarquias;4450;2019-12-31 00:00:00;1161.00;
5468;Quantidade de táxis em circulação;Quantidade de táxis em circulação;CET;I;822;CET;autarquias;5046;2020-12-31 00:00:00;1161.00;
5468;Quantidade de táxis em circulação;Quantidade de táxis em circulação;CET;I;822;CET;autarquias;5587;2021-12-31 00:00:00;1159.00;
5468;Quantidade de táxis em circulação;Quantidade de táxis em circulação;CET;I;822;CET;autarquias;7010;2023-12-31 00:00:00;1151.00;
