codigo;nome;descricao;fonte;tipoValor;id_orgao;sigla_orgao;tipo_orgao;valores_codigo;valores_data;valores_valor;valores_descricao
5469;Quantidade de vans para transporte coletivo;Quantidade de vans para transporte coletivo;CET;I;822;CET;autarquias;3908;2018-12-31 00:00:00;51.00;
5469;Quantidade de vans para transporte coletivo;Quantidade de vans para transporte coletivo;CET;I;822;CET;autarquias;4451;2019-12-31 00:00:00;51.00;
5469;Quantidade de vans para transporte coletivo;Quantidade de vans para transporte coletivo;CET;I;822;CET;autarquias;5048;2020-12-31 00:00:00;51.00;
5469;Quantidade de vans para transporte coletivo;Quantidade de vans para transporte coletivo;CET;I;822;CET;autarquias;5589;2021-12-31 00:00:00;51.00;
5469;Quantidade de vans para transporte coletivo;Quantidade de vans para transporte coletivo;CET;I;822;CET;autarquias;7011;2023-12-31 00:00:00;51.00;
