codigo;nome;descricao;fonte;tipoValor;id_orgao;sigla_orgao;tipo_orgao;valores_codigo;valores_data;valores_valor;valores_descricao
5470;Quantidade de táxis com acessibilidade para cadeirantes;Quantidade de táxis com acessibilidade para cadeirantes;CET;I;822;CET;autarquias;3909;2018-12-31 00:00:00;2.00;
5470;Quantidade de táxis com acessibilidade para cadeirantes;Quantidade de táxis com acessibilidade para cadeirantes;CET;I;822;CET;autarquias;4461;2019-12-31 00:00:00;2.00;
5470;Quantidade de táxis com acessibilidade para cadeirantes;Quantidade de táxis com acessibilidade para cadeirantes;CET;I;822;CET;autarquias;5049;2020-12-31 00:00:00;2.00;
5470;Quantidade de táxis com acessibilidade para cadeirantes;Quantidade de táxis com acessibilidade para cadeirantes;CET;I;822;CET;autarquias;5590;2021-12-31 00:00:00;2.00;
5470;Quantidade de táxis com acessibilidade para cadeirantes;Quantidade de táxis com acessibilidade para cadeirantes;CET;I;822;CET;autarquias;7007;2023-12-31 00:00:00;2.00;
