codigo;nome;descricao;fonte;tipoValor;id_orgao;sigla_orgao;tipo_orgao;valores_codigo;valores_data;valores_valor;valores_descricao
5486;Quantidade de passageiros que utilizam o VLT;Quantidade de passageiros que utilizam o VLT;CET;I;822;CET;autarquias;3941;2018-12-31 00:00:00;7033524.00;
5486;Quantidade de passageiros que utilizam o VLT;Quantidade de passageiros que utilizam o VLT;CET;I;822;CET;autarquias;4448;2019-12-31 00:00:00;8150000.00;
5486;Quantidade de passageiros que utilizam o VLT;Quantidade de passageiros que utilizam o VLT;CET;I;822;CET;autarquias;5151;2020-12-31 00:00:00;535000.00;
5486;Quantidade de passageiros que utilizam o VLT;Quantidade de passageiros que utilizam o VLT;CET;I;822;CET;autarquias;5591;2021-12-31 00:00:00;449070.00;
5486;Quantidade de passageiros que utilizam o VLT;Quantidade de passageiros que utilizam o VLT;CET;I;822;CET;autarquias;7019;2023-12-31 00:00:00;7000000.00;
