codigo;nome;descricao;fonte;tipoValor;id_orgao;sigla_orgao;tipo_orgao;valores_codigo;valores_data;valores_valor;valores_descricao
5487;Quantidade de alunos participantes nos cursos de Libras oferecidos pelo município;Quantidade de alunos participantes nos cursos de Libras oferecidos pelo município;Seduc;I;2907;SEDUC;secretarias;3938;2018-12-31 00:00:00;0.00;
5487;Quantidade de alunos participantes nos cursos de Libras oferecidos pelo município;Quantidade de alunos participantes nos cursos de Libras oferecidos pelo município;Seduc;I;2907;SEDUC;secretarias;4392;2019-12-31 00:00:00;0.00;
5487;Quantidade de alunos participantes nos cursos de Libras oferecidos pelo município;Quantidade de alunos participantes nos cursos de Libras oferecidos pelo município;Seduc;I;2907;SEDUC;secretarias;5198;2020-12-31 00:00:00;0.00;
5487;Quantidade de alunos participantes nos cursos de Libras oferecidos pelo município;Quantidade de alunos participantes nos cursos de Libras oferecidos pelo município;Seduc;I;2907;SEDUC;secretarias;5653;2021-12-21 00:00:00;0.00;
5487;Quantidade de alunos participantes nos cursos de Libras oferecidos pelo município;Quantidade de alunos participantes nos cursos de Libras oferecidos pelo município;Seduc;I;2907;SEDUC;secretarias;6458;2022-12-31 00:00:00;64.00;
5487;Quantidade de alunos participantes nos cursos de Libras oferecidos pelo município;Quantidade de alunos participantes nos cursos de Libras oferecidos pelo município;Seduc;I;2907;SEDUC;secretarias;7103;2023-12-31 00:00:00;56.00;
