codigo;nome;descricao;fonte;tipoValor;id_orgao;sigla_orgao;tipo_orgao;valores_codigo;valores_data;valores_valor;valores_descricao
5488;Quantidade de empresas microempreendedoras individuais (MEI) cadastradas no município;Quantidade de empresas microempreendedoras individuais (MEI) cadastradas no município;Sefin;I;4681;SEFIN;secretarias;3950;2018-12-31 00:00:00;8116.00;
5488;Quantidade de empresas microempreendedoras individuais (MEI) cadastradas no município;Quantidade de empresas microempreendedoras individuais (MEI) cadastradas no município;Sefin;I;4681;SEFIN;secretarias;4589;2019-12-31 00:00:00;10305.00;
5488;Quantidade de empresas microempreendedoras individuais (MEI) cadastradas no município;Quantidade de empresas microempreendedoras individuais (MEI) cadastradas no município;Sefin;I;4681;SEFIN;secretarias;4990;2020-12-31 00:00:00;12749.00;
5488;Quantidade de empresas microempreendedoras individuais (MEI) cadastradas no município;Quantidade de empresas microempreendedoras individuais (MEI) cadastradas no município;Sefin;I;4681;SEFIN;secretarias;5490;2021-12-31 00:00:00;13039.00;
