codigo;nome;descricao;fonte;tipoValor;id_orgao;sigla_orgao;tipo_orgao;valores_codigo;valores_data;valores_valor;valores_descricao
5489;Quantidade de Empresas de Pequeno Porte (EPP) cadastradas no município;Quantidade de Empresas de Pequeno Porte (EPP) cadastradas no município;Sefin;I;4681;SEFIN;secretarias;3951;2018-12-31 00:00:00;172.00;
5489;Quantidade de Empresas de Pequeno Porte (EPP) cadastradas no município;Quantidade de Empresas de Pequeno Porte (EPP) cadastradas no município;Sefin;I;4681;SEFIN;secretarias;4575;2019-12-31 00:00:00;183.00;
5489;Quantidade de Empresas de Pequeno Porte (EPP) cadastradas no município;Quantidade de Empresas de Pequeno Porte (EPP) cadastradas no município;Sefin;I;4681;SEFIN;secretarias;4991;2020-12-31 00:00:00;137.00;
5489;Quantidade de Empresas de Pequeno Porte (EPP) cadastradas no município;Quantidade de Empresas de Pequeno Porte (EPP) cadastradas no município;Sefin;I;4681;SEFIN;secretarias;5488;2021-12-31 00:00:00;218.00;
