codigo;nome;descricao;fonte;tipoValor;id_orgao;sigla_orgao;tipo_orgao;valores_codigo;valores_data;valores_valor;valores_descricao
5490;Quantidade de Microempresas (ME) cadastradas no município;Quantidade de Microempresas (ME) cadastradas no município;Sefin;I;4681;SEFIN;secretarias;3952;2018-12-31 00:00:00;868.00;
5490;Quantidade de Microempresas (ME) cadastradas no município;Quantidade de Microempresas (ME) cadastradas no município;Sefin;I;4681;SEFIN;secretarias;4576;2019-12-31 00:00:00;866.00;
5490;Quantidade de Microempresas (ME) cadastradas no município;Quantidade de Microempresas (ME) cadastradas no município;Sefin;I;4681;SEFIN;secretarias;4993;2020-12-31 00:00:00;429.00;
5490;Quantidade de Microempresas (ME) cadastradas no município;Quantidade de Microempresas (ME) cadastradas no município;Sefin;I;4681;SEFIN;secretarias;5491;2021-12-31 00:00:00;495.00;
5490;Quantidade de Microempresas (ME) cadastradas no município;Quantidade de Microempresas (ME) cadastradas no município;Sefin;I;4681;SEFIN;secretarias;7584;2023-12-31 00:00:00;42674.00;
