codigo;nome;descricao;fonte;tipoValor;id_orgao;sigla_orgao;tipo_orgao;valores_codigo;valores_data;valores_valor;valores_descricao
5506;Número total de escolas públicas no município (Dado fornecido pelo Estado);Número total de escolas públicas no município (Dado fornecido pelo Estado) – Cidades Sustentáveis;Diretoria de Ensino do Estado;I;2907;SEDUC;secretarias;3309;2017-12-31 00:00:00;26.00;
5506;Número total de escolas públicas no município (Dado fornecido pelo Estado);Número total de escolas públicas no município (Dado fornecido pelo Estado) – Cidades Sustentáveis;Diretoria de Ensino do Estado;I;2907;SEDUC;secretarias;3310;2016-12-31 00:00:00;26.00;
5506;Número total de escolas públicas no município (Dado fornecido pelo Estado);Número total de escolas públicas no município (Dado fornecido pelo Estado) – Cidades Sustentáveis;Diretoria de Ensino do Estado;I;2907;SEDUC;secretarias;3311;2015-12-31 00:00:00;26.00;
5506;Número total de escolas públicas no município (Dado fornecido pelo Estado);Número total de escolas públicas no município (Dado fornecido pelo Estado) – Cidades Sustentáveis;Diretoria de Ensino do Estado;I;2907;SEDUC;secretarias;3312;2014-12-31 00:00:00;26.00;
5506;Número total de escolas públicas no município (Dado fornecido pelo Estado);Número total de escolas públicas no município (Dado fornecido pelo Estado) – Cidades Sustentáveis;Diretoria de Ensino do Estado;I;2907;SEDUC;secretarias;3796;2018-12-31 00:00:00;26.00;
5506;Número total de escolas públicas no município (Dado fornecido pelo Estado);Número total de escolas públicas no município (Dado fornecido pelo Estado) – Cidades Sustentáveis;Diretoria de Ensino do Estado;I;2907;SEDUC;secretarias;4508;2019-12-31 00:00:00;24.00;
5506;Número total de escolas públicas no município (Dado fornecido pelo Estado);Número total de escolas públicas no município (Dado fornecido pelo Estado) – Cidades Sustentáveis;Diretoria de Ensino do Estado;I;2907;SEDUC;secretarias;5051;2020-12-31 00:00:00;86.00;
5506;Número total de escolas públicas no município (Dado fornecido pelo Estado);Número total de escolas públicas no município (Dado fornecido pelo Estado) – Cidades Sustentáveis;Diretoria de Ensino do Estado;I;2907;SEDUC;secretarias;5609;2021-12-21 00:00:00;108.00;
5506;Número total de escolas públicas no município (Dado fornecido pelo Estado);Número total de escolas públicas no município (Dado fornecido pelo Estado) – Cidades Sustentáveis;Diretoria de Ensino do Estado;I;2907;SEDUC;secretarias;6843;2022-12-31 00:00:00;646.00;
5506;Número total de escolas públicas no município (Dado fornecido pelo Estado);Número total de escolas públicas no município (Dado fornecido pelo Estado) – Cidades Sustentáveis;Diretoria de Ensino do Estado;I;2907;SEDUC;secretarias;7087;2023-12-31 00:00:00;108.00;
