codigo;nome;descricao;fonte;tipoValor;id_orgao;sigla_orgao;tipo_orgao;valores_codigo;valores_data;valores_valor;valores_descricao
5507;Número de escolas públicas de ensino fundamental e médio com acesso à internet (Dado fornecido pelo Estado);Número de escolas públicas de ensino fundamental e médio com acesso à internet (Dado fornecido pelo Estado) – Cidades Sustentáveis;Diretoria de Ensino do Estado;I;2907;SEDUC;secretarias;3313;2017-12-31 00:00:00;26.00;
5507;Número de escolas públicas de ensino fundamental e médio com acesso à internet (Dado fornecido pelo Estado);Número de escolas públicas de ensino fundamental e médio com acesso à internet (Dado fornecido pelo Estado) – Cidades Sustentáveis;Diretoria de Ensino do Estado;I;2907;SEDUC;secretarias;3314;2016-12-31 00:00:00;26.00;
5507;Número de escolas públicas de ensino fundamental e médio com acesso à internet (Dado fornecido pelo Estado);Número de escolas públicas de ensino fundamental e médio com acesso à internet (Dado fornecido pelo Estado) – Cidades Sustentáveis;Diretoria de Ensino do Estado;I;2907;SEDUC;secretarias;3315;2015-12-31 00:00:00;26.00;
5507;Número de escolas públicas de ensino fundamental e médio com acesso à internet (Dado fornecido pelo Estado);Número de escolas públicas de ensino fundamental e médio com acesso à internet (Dado fornecido pelo Estado) – Cidades Sustentáveis;Diretoria de Ensino do Estado;I;2907;SEDUC;secretarias;3316;2014-12-31 00:00:00;26.00;
5507;Número de escolas públicas de ensino fundamental e médio com acesso à internet (Dado fornecido pelo Estado);Número de escolas públicas de ensino fundamental e médio com acesso à internet (Dado fornecido pelo Estado) – Cidades Sustentáveis;Diretoria de Ensino do Estado;I;2907;SEDUC;secretarias;3797;2018-12-31 00:00:00;26.00;
5507;Número de escolas públicas de ensino fundamental e médio com acesso à internet (Dado fornecido pelo Estado);Número de escolas públicas de ensino fundamental e médio com acesso à internet (Dado fornecido pelo Estado) – Cidades Sustentáveis;Diretoria de Ensino do Estado;I;2907;SEDUC;secretarias;4509;2019-12-31 00:00:00;24.00;
5507;Número de escolas públicas de ensino fundamental e médio com acesso à internet (Dado fornecido pelo Estado);Número de escolas públicas de ensino fundamental e médio com acesso à internet (Dado fornecido pelo Estado) – Cidades Sustentáveis;Diretoria de Ensino do Estado;I;2907;SEDUC;secretarias;5134;2020-12-31 00:00:00;24.00;
5507;Número de escolas públicas de ensino fundamental e médio com acesso à internet (Dado fornecido pelo Estado);Número de escolas públicas de ensino fundamental e médio com acesso à internet (Dado fornecido pelo Estado) – Cidades Sustentáveis;Diretoria de Ensino do Estado;I;2907;SEDUC;secretarias;5610;2021-12-21 00:00:00;22.00;
5507;Número de escolas públicas de ensino fundamental e médio com acesso à internet (Dado fornecido pelo Estado);Número de escolas públicas de ensino fundamental e médio com acesso à internet (Dado fornecido pelo Estado) – Cidades Sustentáveis;Diretoria de Ensino do Estado;I;2907;SEDUC;secretarias;6959;2022-12-31 00:00:00;22.00;
5507;Número de escolas públicas de ensino fundamental e médio com acesso à internet (Dado fornecido pelo Estado);Número de escolas públicas de ensino fundamental e médio com acesso à internet (Dado fornecido pelo Estado) – Cidades Sustentáveis;Diretoria de Ensino do Estado;I;2907;SEDUC;secretarias;7067;2023-12-31 00:00:00;22.00;
