codigo;nome;descricao;fonte;tipoValor;id_orgao;sigla_orgao;tipo_orgao;valores_codigo;valores_data;valores_valor;valores_descricao
5508;Número total de matrículas no ensino fundamental em escolas públicas municipais e estaduais (Dado fornecido pelo Estado);Número total de matrículas no ensino fundamental em escolas públicas municipais e estaduais (Dado fornecido pelo Estado) – Cidades Sustentáveis;Diretoria de Ensino do Estado;I;2907;SEDUC;secretarias;3317;2017-12-31 00:00:00;6902.00;
5508;Número total de matrículas no ensino fundamental em escolas públicas municipais e estaduais (Dado fornecido pelo Estado);Número total de matrículas no ensino fundamental em escolas públicas municipais e estaduais (Dado fornecido pelo Estado) – Cidades Sustentáveis;Diretoria de Ensino do Estado;I;2907;SEDUC;secretarias;3318;2016-12-31 00:00:00;7100.00;
5508;Número total de matrículas no ensino fundamental em escolas públicas municipais e estaduais (Dado fornecido pelo Estado);Número total de matrículas no ensino fundamental em escolas públicas municipais e estaduais (Dado fornecido pelo Estado) – Cidades Sustentáveis;Diretoria de Ensino do Estado;I;2907;SEDUC;secretarias;3319;2015-12-31 00:00:00;6578.00;
5508;Número total de matrículas no ensino fundamental em escolas públicas municipais e estaduais (Dado fornecido pelo Estado);Número total de matrículas no ensino fundamental em escolas públicas municipais e estaduais (Dado fornecido pelo Estado) – Cidades Sustentáveis;Diretoria de Ensino do Estado;I;2907;SEDUC;secretarias;3320;2014-12-31 00:00:00;6574.00;
5508;Número total de matrículas no ensino fundamental em escolas públicas municipais e estaduais (Dado fornecido pelo Estado);Número total de matrículas no ensino fundamental em escolas públicas municipais e estaduais (Dado fornecido pelo Estado) – Cidades Sustentáveis;Diretoria de Ensino do Estado;I;2907;SEDUC;secretarias;3964;2018-12-31 00:00:00;28931.00;
5508;Número total de matrículas no ensino fundamental em escolas públicas municipais e estaduais (Dado fornecido pelo Estado);Número total de matrículas no ensino fundamental em escolas públicas municipais e estaduais (Dado fornecido pelo Estado) – Cidades Sustentáveis;Diretoria de Ensino do Estado;I;2907;SEDUC;secretarias;4393;2019-12-31 00:00:00;26956.00;
5508;Número total de matrículas no ensino fundamental em escolas públicas municipais e estaduais (Dado fornecido pelo Estado);Número total de matrículas no ensino fundamental em escolas públicas municipais e estaduais (Dado fornecido pelo Estado) – Cidades Sustentáveis;Diretoria de Ensino do Estado;I;2907;SEDUC;secretarias;5135;2020-12-31 00:00:00;19440.00;
5508;Número total de matrículas no ensino fundamental em escolas públicas municipais e estaduais (Dado fornecido pelo Estado);Número total de matrículas no ensino fundamental em escolas públicas municipais e estaduais (Dado fornecido pelo Estado) – Cidades Sustentáveis;Diretoria de Ensino do Estado;I;2907;SEDUC;secretarias;5611;2021-12-21 00:00:00;25979.00;
5508;Número total de matrículas no ensino fundamental em escolas públicas municipais e estaduais (Dado fornecido pelo Estado);Número total de matrículas no ensino fundamental em escolas públicas municipais e estaduais (Dado fornecido pelo Estado) – Cidades Sustentáveis;Diretoria de Ensino do Estado;I;2907;SEDUC;secretarias;6846;2022-12-31 00:00:00;25896.00;
5508;Número total de matrículas no ensino fundamental em escolas públicas municipais e estaduais (Dado fornecido pelo Estado);Número total de matrículas no ensino fundamental em escolas públicas municipais e estaduais (Dado fornecido pelo Estado) – Cidades Sustentáveis;Diretoria de Ensino do Estado;I;2907;SEDUC;secretarias;7095;2023-12-31 00:00:00;25508.00;
