codigo;nome;descricao;fonte;tipoValor;id_orgao;sigla_orgao;tipo_orgao;valores_codigo;valores_data;valores_valor;valores_descricao
5509;Número total de matrículas no ensino médio em escolas públicas municipais e estaduais (Dado fornecido pelo Estado);Número total de matrículas no ensino médio em escolas públicas municipais e estaduais (Dado fornecido pelo Estado) – Cidades Sustentáveis;Diretoria de Ensino do Estado;I;2907;SEDUC;secretarias;3321;2017-12-31 00:00:00;8649.00;
5509;Número total de matrículas no ensino médio em escolas públicas municipais e estaduais (Dado fornecido pelo Estado);Número total de matrículas no ensino médio em escolas públicas municipais e estaduais (Dado fornecido pelo Estado) – Cidades Sustentáveis;Diretoria de Ensino do Estado;I;2907;SEDUC;secretarias;3322;2016-12-31 00:00:00;8777.00;
5509;Número total de matrículas no ensino médio em escolas públicas municipais e estaduais (Dado fornecido pelo Estado);Número total de matrículas no ensino médio em escolas públicas municipais e estaduais (Dado fornecido pelo Estado) – Cidades Sustentáveis;Diretoria de Ensino do Estado;I;2907;SEDUC;secretarias;3323;2015-12-31 00:00:00;8626.00;
5509;Número total de matrículas no ensino médio em escolas públicas municipais e estaduais (Dado fornecido pelo Estado);Número total de matrículas no ensino médio em escolas públicas municipais e estaduais (Dado fornecido pelo Estado) – Cidades Sustentáveis;Diretoria de Ensino do Estado;I;2907;SEDUC;secretarias;3324;2014-12-31 00:00:00;8564.00;
5509;Número total de matrículas no ensino médio em escolas públicas municipais e estaduais (Dado fornecido pelo Estado);Número total de matrículas no ensino médio em escolas públicas municipais e estaduais (Dado fornecido pelo Estado) – Cidades Sustentáveis;Diretoria de Ensino do Estado;I;2907;SEDUC;secretarias;3965;2018-12-31 00:00:00;14294.00;
5509;Número total de matrículas no ensino médio em escolas públicas municipais e estaduais (Dado fornecido pelo Estado);Número total de matrículas no ensino médio em escolas públicas municipais e estaduais (Dado fornecido pelo Estado) – Cidades Sustentáveis;Diretoria de Ensino do Estado;I;2907;SEDUC;secretarias;4394;2019-12-31 00:00:00;11732.00;
5509;Número total de matrículas no ensino médio em escolas públicas municipais e estaduais (Dado fornecido pelo Estado);Número total de matrículas no ensino médio em escolas públicas municipais e estaduais (Dado fornecido pelo Estado) – Cidades Sustentáveis;Diretoria de Ensino do Estado;I;2907;SEDUC;secretarias;5210;2020-12-31 00:00:00;12211.00;
5509;Número total de matrículas no ensino médio em escolas públicas municipais e estaduais (Dado fornecido pelo Estado);Número total de matrículas no ensino médio em escolas públicas municipais e estaduais (Dado fornecido pelo Estado) – Cidades Sustentáveis;Diretoria de Ensino do Estado;I;2907;SEDUC;secretarias;5612;2021-12-21 00:00:00;9319.00;
5509;Número total de matrículas no ensino médio em escolas públicas municipais e estaduais (Dado fornecido pelo Estado);Número total de matrículas no ensino médio em escolas públicas municipais e estaduais (Dado fornecido pelo Estado) – Cidades Sustentáveis;Diretoria de Ensino do Estado;I;2907;SEDUC;secretarias;6963;2022-11-21 00:00:00;16999.00;
5509;Número total de matrículas no ensino médio em escolas públicas municipais e estaduais (Dado fornecido pelo Estado);Número total de matrículas no ensino médio em escolas públicas municipais e estaduais (Dado fornecido pelo Estado) – Cidades Sustentáveis;Diretoria de Ensino do Estado;I;2907;SEDUC;secretarias;7097;2023-12-31 00:00:00;12756.00;
