codigo;nome;descricao;fonte;tipoValor;id_orgao;sigla_orgao;tipo_orgao;valores_codigo;valores_data;valores_valor;valores_descricao
5510;Número total de inscritos no ensino médio (matrículas efetuadas + vagas solicitadas) – Dado fornecido pelo Estado;Número total de inscritos no ensino médio (matrículas efetuadas + vagas solicitadas) – Dado fornecido pelo Estado – Cidades Sustentáveis;Diretoria de Ensino do Estado;I;2907;SEDUC;secretarias;3325;2017-12-31 00:00:00;8649.00;
5510;Número total de inscritos no ensino médio (matrículas efetuadas + vagas solicitadas) – Dado fornecido pelo Estado;Número total de inscritos no ensino médio (matrículas efetuadas + vagas solicitadas) – Dado fornecido pelo Estado – Cidades Sustentáveis;Diretoria de Ensino do Estado;I;2907;SEDUC;secretarias;3326;2016-12-31 00:00:00;8777.00;
5510;Número total de inscritos no ensino médio (matrículas efetuadas + vagas solicitadas) – Dado fornecido pelo Estado;Número total de inscritos no ensino médio (matrículas efetuadas + vagas solicitadas) – Dado fornecido pelo Estado – Cidades Sustentáveis;Diretoria de Ensino do Estado;I;2907;SEDUC;secretarias;3327;2015-12-31 00:00:00;8626.00;
5510;Número total de inscritos no ensino médio (matrículas efetuadas + vagas solicitadas) – Dado fornecido pelo Estado;Número total de inscritos no ensino médio (matrículas efetuadas + vagas solicitadas) – Dado fornecido pelo Estado – Cidades Sustentáveis;Diretoria de Ensino do Estado;I;2907;SEDUC;secretarias;3328;2014-12-31 00:00:00;8564.00;
5510;Número total de inscritos no ensino médio (matrículas efetuadas + vagas solicitadas) – Dado fornecido pelo Estado;Número total de inscritos no ensino médio (matrículas efetuadas + vagas solicitadas) – Dado fornecido pelo Estado – Cidades Sustentáveis;Diretoria de Ensino do Estado;I;2907;SEDUC;secretarias;3966;2018-12-31 00:00:00;14294.00;
5510;Número total de inscritos no ensino médio (matrículas efetuadas + vagas solicitadas) – Dado fornecido pelo Estado;Número total de inscritos no ensino médio (matrículas efetuadas + vagas solicitadas) – Dado fornecido pelo Estado – Cidades Sustentáveis;Diretoria de Ensino do Estado;I;2907;SEDUC;secretarias;4395;2019-12-31 00:00:00;11732.00;
5510;Número total de inscritos no ensino médio (matrículas efetuadas + vagas solicitadas) – Dado fornecido pelo Estado;Número total de inscritos no ensino médio (matrículas efetuadas + vagas solicitadas) – Dado fornecido pelo Estado – Cidades Sustentáveis;Diretoria de Ensino do Estado;I;2907;SEDUC;secretarias;5201;2020-12-31 00:00:00;12211.00;
5510;Número total de inscritos no ensino médio (matrículas efetuadas + vagas solicitadas) – Dado fornecido pelo Estado;Número total de inscritos no ensino médio (matrículas efetuadas + vagas solicitadas) – Dado fornecido pelo Estado – Cidades Sustentáveis;Diretoria de Ensino do Estado;I;2907;SEDUC;secretarias;5613;2021-12-21 00:00:00;9319.00;
5510;Número total de inscritos no ensino médio (matrículas efetuadas + vagas solicitadas) – Dado fornecido pelo Estado;Número total de inscritos no ensino médio (matrículas efetuadas + vagas solicitadas) – Dado fornecido pelo Estado – Cidades Sustentáveis;Diretoria de Ensino do Estado;I;2907;SEDUC;secretarias;6844;2022-12-31 00:00:00;16999.00;
5510;Número total de inscritos no ensino médio (matrículas efetuadas + vagas solicitadas) – Dado fornecido pelo Estado;Número total de inscritos no ensino médio (matrículas efetuadas + vagas solicitadas) – Dado fornecido pelo Estado – Cidades Sustentáveis;Diretoria de Ensino do Estado;I;2907;SEDUC;secretarias;7091;2023-12-31 00:00:00;12756.00;
