codigo;nome;descricao;fonte;tipoValor;id_orgao;sigla_orgao;tipo_orgao;valores_codigo;valores_data;valores_valor;valores_descricao
5511;Número de alunos da rede pública com acesso à quadra esportiva (coberta ou descoberta) – Dado fornecido pelo Estado;Número de alunos da rede pública com acesso à quadra esportiva (coberta ou descoberta) – Dado fornecido pelo Estado – Cidades Sustentáveis;Diretoria de Ensino do Estado;I;2907;SEDUC;secretarias;3329;2017-12-31 00:00:00;19861.00;
5511;Número de alunos da rede pública com acesso à quadra esportiva (coberta ou descoberta) – Dado fornecido pelo Estado;Número de alunos da rede pública com acesso à quadra esportiva (coberta ou descoberta) – Dado fornecido pelo Estado – Cidades Sustentáveis;Diretoria de Ensino do Estado;I;2907;SEDUC;secretarias;3330;2016-12-31 00:00:00;19399.00;
5511;Número de alunos da rede pública com acesso à quadra esportiva (coberta ou descoberta) – Dado fornecido pelo Estado;Número de alunos da rede pública com acesso à quadra esportiva (coberta ou descoberta) – Dado fornecido pelo Estado – Cidades Sustentáveis;Diretoria de Ensino do Estado;I;2907;SEDUC;secretarias;3331;2015-12-31 00:00:00;19532.00;
5511;Número de alunos da rede pública com acesso à quadra esportiva (coberta ou descoberta) – Dado fornecido pelo Estado;Número de alunos da rede pública com acesso à quadra esportiva (coberta ou descoberta) – Dado fornecido pelo Estado – Cidades Sustentáveis;Diretoria de Ensino do Estado;I;2907;SEDUC;secretarias;3332;2014-12-31 00:00:00;18111.00;
5511;Número de alunos da rede pública com acesso à quadra esportiva (coberta ou descoberta) – Dado fornecido pelo Estado;Número de alunos da rede pública com acesso à quadra esportiva (coberta ou descoberta) – Dado fornecido pelo Estado – Cidades Sustentáveis;Diretoria de Ensino do Estado;I;2907;SEDUC;secretarias;3798;2018-12-31 00:00:00;16980.00;
5511;Número de alunos da rede pública com acesso à quadra esportiva (coberta ou descoberta) – Dado fornecido pelo Estado;Número de alunos da rede pública com acesso à quadra esportiva (coberta ou descoberta) – Dado fornecido pelo Estado – Cidades Sustentáveis;Diretoria de Ensino do Estado;I;2907;SEDUC;secretarias;4515;2019-12-31 00:00:00;19795.00;
5511;Número de alunos da rede pública com acesso à quadra esportiva (coberta ou descoberta) – Dado fornecido pelo Estado;Número de alunos da rede pública com acesso à quadra esportiva (coberta ou descoberta) – Dado fornecido pelo Estado – Cidades Sustentáveis;Diretoria de Ensino do Estado;I;2907;SEDUC;secretarias;5054;2020-12-31 00:00:00;19421.00;
5511;Número de alunos da rede pública com acesso à quadra esportiva (coberta ou descoberta) – Dado fornecido pelo Estado;Número de alunos da rede pública com acesso à quadra esportiva (coberta ou descoberta) – Dado fornecido pelo Estado – Cidades Sustentáveis;Diretoria de Ensino do Estado;I;2907;SEDUC;secretarias;5654;2021-12-21 00:00:00;19421.00;
5511;Número de alunos da rede pública com acesso à quadra esportiva (coberta ou descoberta) – Dado fornecido pelo Estado;Número de alunos da rede pública com acesso à quadra esportiva (coberta ou descoberta) – Dado fornecido pelo Estado – Cidades Sustentáveis;Diretoria de Ensino do Estado;I;2907;SEDUC;secretarias;6962;2022-12-21 00:00:00;22.00;
5511;Número de alunos da rede pública com acesso à quadra esportiva (coberta ou descoberta) – Dado fornecido pelo Estado;Número de alunos da rede pública com acesso à quadra esportiva (coberta ou descoberta) – Dado fornecido pelo Estado – Cidades Sustentáveis;Diretoria de Ensino do Estado;I;2907;SEDUC;secretarias;7355;2023-12-31 00:00:00;49788.00;
