codigo;nome;descricao;fonte;tipoValor;id_orgao;sigla_orgao;tipo_orgao;valores_codigo;valores_data;valores_valor;valores_descricao
5512;Número total de alunos da rede pública (Dado fornecido pelo Estado);Número total de alunos da rede pública (Dado fornecido pelo Estado) – Cidades Sustentáveis;Diretoria de Ensino do Estado;I;2907;SEDUC;secretarias;3333;2017-12-31 00:00:00;17525.00;
5512;Número total de alunos da rede pública (Dado fornecido pelo Estado);Número total de alunos da rede pública (Dado fornecido pelo Estado) – Cidades Sustentáveis;Diretoria de Ensino do Estado;I;2907;SEDUC;secretarias;3334;2016-12-31 00:00:00;17705.00;
5512;Número total de alunos da rede pública (Dado fornecido pelo Estado);Número total de alunos da rede pública (Dado fornecido pelo Estado) – Cidades Sustentáveis;Diretoria de Ensino do Estado;I;2907;SEDUC;secretarias;3335;2015-12-31 00:00:00;16758.00;
5512;Número total de alunos da rede pública (Dado fornecido pelo Estado);Número total de alunos da rede pública (Dado fornecido pelo Estado) – Cidades Sustentáveis;Diretoria de Ensino do Estado;I;2907;SEDUC;secretarias;3336;2014-12-31 00:00:00;16972.00;
5512;Número total de alunos da rede pública (Dado fornecido pelo Estado);Número total de alunos da rede pública (Dado fornecido pelo Estado) – Cidades Sustentáveis;Diretoria de Ensino do Estado;I;2907;SEDUC;secretarias;3967;2018-12-31 00:00:00;54159.00;
5512;Número total de alunos da rede pública (Dado fornecido pelo Estado);Número total de alunos da rede pública (Dado fornecido pelo Estado) – Cidades Sustentáveis;Diretoria de Ensino do Estado;I;2907;SEDUC;secretarias;4396;2019-12-31 00:00:00;52370.00;
5512;Número total de alunos da rede pública (Dado fornecido pelo Estado);Número total de alunos da rede pública (Dado fornecido pelo Estado) – Cidades Sustentáveis;Diretoria de Ensino do Estado;I;2907;SEDUC;secretarias;5194;2020-12-31 00:00:00;89760.00;
5512;Número total de alunos da rede pública (Dado fornecido pelo Estado);Número total de alunos da rede pública (Dado fornecido pelo Estado) – Cidades Sustentáveis;Diretoria de Ensino do Estado;I;2907;SEDUC;secretarias;5614;2021-12-21 00:00:00;78200.00;
5512;Número total de alunos da rede pública (Dado fornecido pelo Estado);Número total de alunos da rede pública (Dado fornecido pelo Estado) – Cidades Sustentáveis;Diretoria de Ensino do Estado;I;2907;SEDUC;secretarias;6826;2022-12-31 00:00:00;89551.00;
5512;Número total de alunos da rede pública (Dado fornecido pelo Estado);Número total de alunos da rede pública (Dado fornecido pelo Estado) – Cidades Sustentáveis;Diretoria de Ensino do Estado;I;2907;SEDUC;secretarias;7078;2023-12-31 00:00:00;49788.00;
