codigo;nome;descricao;fonte;tipoValor;id_orgao;sigla_orgao;tipo_orgao;valores_codigo;valores_data;valores_valor;valores_descricao
5513;Número de alunos com deficência e transtornos globais do desenvolvimento matriculados em classes comuns na rede regular de ensino (Dado fornecido pelo Estado);Número de alunos com deficência e transtornos globais do desenvolvimento matriculados em classes comuns na rede regular de ensino (Dado fornecido pelo Estado) – Cidades Sustentáveis;Diretoria de Ensino do Estado;I;2907;SEDUC;secretarias;3337;2017-12-31 00:00:00;531.00;
5513;Número de alunos com deficência e transtornos globais do desenvolvimento matriculados em classes comuns na rede regular de ensino (Dado fornecido pelo Estado);Número de alunos com deficência e transtornos globais do desenvolvimento matriculados em classes comuns na rede regular de ensino (Dado fornecido pelo Estado) – Cidades Sustentáveis;Diretoria de Ensino do Estado;I;2907;SEDUC;secretarias;3338;2016-12-31 00:00:00;418.00;
5513;Número de alunos com deficência e transtornos globais do desenvolvimento matriculados em classes comuns na rede regular de ensino (Dado fornecido pelo Estado);Número de alunos com deficência e transtornos globais do desenvolvimento matriculados em classes comuns na rede regular de ensino (Dado fornecido pelo Estado) – Cidades Sustentáveis;Diretoria de Ensino do Estado;I;2907;SEDUC;secretarias;3339;2015-12-31 00:00:00;427.00;
5513;Número de alunos com deficência e transtornos globais do desenvolvimento matriculados em classes comuns na rede regular de ensino (Dado fornecido pelo Estado);Número de alunos com deficência e transtornos globais do desenvolvimento matriculados em classes comuns na rede regular de ensino (Dado fornecido pelo Estado) – Cidades Sustentáveis;Diretoria de Ensino do Estado;I;2907;SEDUC;secretarias;3340;2014-12-31 00:00:00;336.00;
5513;Número de alunos com deficência e transtornos globais do desenvolvimento matriculados em classes comuns na rede regular de ensino (Dado fornecido pelo Estado);Número de alunos com deficência e transtornos globais do desenvolvimento matriculados em classes comuns na rede regular de ensino (Dado fornecido pelo Estado) – Cidades Sustentáveis;Diretoria de Ensino do Estado;I;2907;SEDUC;secretarias;3968;2018-12-31 00:00:00;2898.00;
5513;Número de alunos com deficência e transtornos globais do desenvolvimento matriculados em classes comuns na rede regular de ensino (Dado fornecido pelo Estado);Número de alunos com deficência e transtornos globais do desenvolvimento matriculados em classes comuns na rede regular de ensino (Dado fornecido pelo Estado) – Cidades Sustentáveis;Diretoria de Ensino do Estado;I;2907;SEDUC;secretarias;4397;2019-12-31 00:00:00;1594.00;
5513;Número de alunos com deficência e transtornos globais do desenvolvimento matriculados em classes comuns na rede regular de ensino (Dado fornecido pelo Estado);Número de alunos com deficência e transtornos globais do desenvolvimento matriculados em classes comuns na rede regular de ensino (Dado fornecido pelo Estado) – Cidades Sustentáveis;Diretoria de Ensino do Estado;I;2907;SEDUC;secretarias;5136;2020-12-31 00:00:00;1574.00;
5513;Número de alunos com deficência e transtornos globais do desenvolvimento matriculados em classes comuns na rede regular de ensino (Dado fornecido pelo Estado);Número de alunos com deficência e transtornos globais do desenvolvimento matriculados em classes comuns na rede regular de ensino (Dado fornecido pelo Estado) – Cidades Sustentáveis;Diretoria de Ensino do Estado;I;2907;SEDUC;secretarias;5655;2021-12-21 00:00:00;1574.00;
5513;Número de alunos com deficência e transtornos globais do desenvolvimento matriculados em classes comuns na rede regular de ensino (Dado fornecido pelo Estado);Número de alunos com deficência e transtornos globais do desenvolvimento matriculados em classes comuns na rede regular de ensino (Dado fornecido pelo Estado) – Cidades Sustentáveis;Diretoria de Ensino do Estado;I;2907;SEDUC;secretarias;6817;2022-12-31 00:00:00;2384.00;
5513;Número de alunos com deficência e transtornos globais do desenvolvimento matriculados em classes comuns na rede regular de ensino (Dado fornecido pelo Estado);Número de alunos com deficência e transtornos globais do desenvolvimento matriculados em classes comuns na rede regular de ensino (Dado fornecido pelo Estado) – Cidades Sustentáveis;Diretoria de Ensino do Estado;I;2907;SEDUC;secretarias;7048;2023-12-31 00:00:00;2369.00;
