codigo;nome;descricao;fonte;tipoValor;id_orgao;sigla_orgao;tipo_orgao;valores_codigo;valores_data;valores_valor;valores_descricao
5514;Número total de alunos matriculados em classes comuns na rede regular de ensino (Dado fornecido pelo Estado);Número total de alunos matriculados em classes comuns na rede regular de ensino (Dado fornecido pelo Estado) – Cidades Sustentáveis;Diretoria de Ensino do Estado;I;2907;SEDUC;secretarias;3341;2017-12-31 00:00:00;15551.00;
5514;Número total de alunos matriculados em classes comuns na rede regular de ensino (Dado fornecido pelo Estado);Número total de alunos matriculados em classes comuns na rede regular de ensino (Dado fornecido pelo Estado) – Cidades Sustentáveis;Diretoria de Ensino do Estado;I;2907;SEDUC;secretarias;3342;2016-12-31 00:00:00;15877.00;
5514;Número total de alunos matriculados em classes comuns na rede regular de ensino (Dado fornecido pelo Estado);Número total de alunos matriculados em classes comuns na rede regular de ensino (Dado fornecido pelo Estado) – Cidades Sustentáveis;Diretoria de Ensino do Estado;I;2907;SEDUC;secretarias;3343;2015-12-31 00:00:00;15204.00;
5514;Número total de alunos matriculados em classes comuns na rede regular de ensino (Dado fornecido pelo Estado);Número total de alunos matriculados em classes comuns na rede regular de ensino (Dado fornecido pelo Estado) – Cidades Sustentáveis;Diretoria de Ensino do Estado;I;2907;SEDUC;secretarias;3344;2014-12-31 00:00:00;15138.00;
5514;Número total de alunos matriculados em classes comuns na rede regular de ensino (Dado fornecido pelo Estado);Número total de alunos matriculados em classes comuns na rede regular de ensino (Dado fornecido pelo Estado) – Cidades Sustentáveis;Diretoria de Ensino do Estado;I;2907;SEDUC;secretarias;3969;2018-12-31 00:00:00;54149.00;
5514;Número total de alunos matriculados em classes comuns na rede regular de ensino (Dado fornecido pelo Estado);Número total de alunos matriculados em classes comuns na rede regular de ensino (Dado fornecido pelo Estado) – Cidades Sustentáveis;Diretoria de Ensino do Estado;I;2907;SEDUC;secretarias;4398;2019-12-31 00:00:00;28040.00;
5514;Número total de alunos matriculados em classes comuns na rede regular de ensino (Dado fornecido pelo Estado);Número total de alunos matriculados em classes comuns na rede regular de ensino (Dado fornecido pelo Estado) – Cidades Sustentáveis;Diretoria de Ensino do Estado;I;2907;SEDUC;secretarias;5204;2020-12-31 00:00:00;27836.00;
5514;Número total de alunos matriculados em classes comuns na rede regular de ensino (Dado fornecido pelo Estado);Número total de alunos matriculados em classes comuns na rede regular de ensino (Dado fornecido pelo Estado) – Cidades Sustentáveis;Diretoria de Ensino do Estado;I;2907;SEDUC;secretarias;5615;2021-12-21 00:00:00;78200.00;
5514;Número total de alunos matriculados em classes comuns na rede regular de ensino (Dado fornecido pelo Estado);Número total de alunos matriculados em classes comuns na rede regular de ensino (Dado fornecido pelo Estado) – Cidades Sustentáveis;Diretoria de Ensino do Estado;I;2907;SEDUC;secretarias;6828;2022-12-31 00:00:00;89551.00;
5514;Número total de alunos matriculados em classes comuns na rede regular de ensino (Dado fornecido pelo Estado);Número total de alunos matriculados em classes comuns na rede regular de ensino (Dado fornecido pelo Estado) – Cidades Sustentáveis;Diretoria de Ensino do Estado;I;2907;SEDUC;secretarias;7083;2023-12-31 00:00:00;49764.00;
