codigo;nome;descricao;fonte;tipoValor;id_orgao;sigla_orgao;tipo_orgao;valores_codigo;valores_data;valores_valor;valores_descricao
5515;Número de matrículas de Educação de Jovens e Adultos (EJA) integrada à educação profissional de nível fundamental e médio (Dado fornecido pelo Estado);Número de matrículas de Educação de Jovens e Adultos (EJA) integrada à educação profissional de nível fundamental e médio (Dado fornecido pelo Estado) – Cidades Sustentáveis;Diretoria de Ensino do Estado;I;2907;SEDUC;secretarias;3345;2017-12-31 00:00:00;1974.00;
5515;Número de matrículas de Educação de Jovens e Adultos (EJA) integrada à educação profissional de nível fundamental e médio (Dado fornecido pelo Estado);Número de matrículas de Educação de Jovens e Adultos (EJA) integrada à educação profissional de nível fundamental e médio (Dado fornecido pelo Estado) – Cidades Sustentáveis;Diretoria de Ensino do Estado;I;2907;SEDUC;secretarias;3346;2016-12-31 00:00:00;1828.00;
5515;Número de matrículas de Educação de Jovens e Adultos (EJA) integrada à educação profissional de nível fundamental e médio (Dado fornecido pelo Estado);Número de matrículas de Educação de Jovens e Adultos (EJA) integrada à educação profissional de nível fundamental e médio (Dado fornecido pelo Estado) – Cidades Sustentáveis;Diretoria de Ensino do Estado;I;2907;SEDUC;secretarias;3347;2015-12-31 00:00:00;1554.00;
5515;Número de matrículas de Educação de Jovens e Adultos (EJA) integrada à educação profissional de nível fundamental e médio (Dado fornecido pelo Estado);Número de matrículas de Educação de Jovens e Adultos (EJA) integrada à educação profissional de nível fundamental e médio (Dado fornecido pelo Estado) – Cidades Sustentáveis;Diretoria de Ensino do Estado;I;2907;SEDUC;secretarias;3348;2014-12-31 00:00:00;1834.00;
5515;Número de matrículas de Educação de Jovens e Adultos (EJA) integrada à educação profissional de nível fundamental e médio (Dado fornecido pelo Estado);Número de matrículas de Educação de Jovens e Adultos (EJA) integrada à educação profissional de nível fundamental e médio (Dado fornecido pelo Estado) – Cidades Sustentáveis;Diretoria de Ensino do Estado;I;2907;SEDUC;secretarias;3970;2018-12-31 00:00:00;1987.00;
5515;Número de matrículas de Educação de Jovens e Adultos (EJA) integrada à educação profissional de nível fundamental e médio (Dado fornecido pelo Estado);Número de matrículas de Educação de Jovens e Adultos (EJA) integrada à educação profissional de nível fundamental e médio (Dado fornecido pelo Estado) – Cidades Sustentáveis;Diretoria de Ensino do Estado;I;2907;SEDUC;secretarias;4421;2019-12-31 00:00:00;2629.00;
5515;Número de matrículas de Educação de Jovens e Adultos (EJA) integrada à educação profissional de nível fundamental e médio (Dado fornecido pelo Estado);Número de matrículas de Educação de Jovens e Adultos (EJA) integrada à educação profissional de nível fundamental e médio (Dado fornecido pelo Estado) – Cidades Sustentáveis;Diretoria de Ensino do Estado;I;2907;SEDUC;secretarias;5056;2020-12-31 00:00:00;146.00;
5515;Número de matrículas de Educação de Jovens e Adultos (EJA) integrada à educação profissional de nível fundamental e médio (Dado fornecido pelo Estado);Número de matrículas de Educação de Jovens e Adultos (EJA) integrada à educação profissional de nível fundamental e médio (Dado fornecido pelo Estado) – Cidades Sustentáveis;Diretoria de Ensino do Estado;I;2907;SEDUC;secretarias;5616;2021-12-21 00:00:00;555.00;
5515;Número de matrículas de Educação de Jovens e Adultos (EJA) integrada à educação profissional de nível fundamental e médio (Dado fornecido pelo Estado);Número de matrículas de Educação de Jovens e Adultos (EJA) integrada à educação profissional de nível fundamental e médio (Dado fornecido pelo Estado) – Cidades Sustentáveis;Diretoria de Ensino do Estado;I;2907;SEDUC;secretarias;6818;2022-12-31 00:00:00;4499.00;
5515;Número de matrículas de Educação de Jovens e Adultos (EJA) integrada à educação profissional de nível fundamental e médio (Dado fornecido pelo Estado);Número de matrículas de Educação de Jovens e Adultos (EJA) integrada à educação profissional de nível fundamental e médio (Dado fornecido pelo Estado) – Cidades Sustentáveis;Diretoria de Ensino do Estado;I;2907;SEDUC;secretarias;7069;2023-12-31 00:00:00;4499.00;
