codigo;nome;descricao;fonte;tipoValor;id_orgao;sigla_orgao;tipo_orgao;valores_codigo;valores_data;valores_valor;valores_descricao
5516;Número de escolas que possuem banheiros, dependências e vias adequadas a pessoas com deficiência e mobilidade reduzida (Dado fornecido pelo Estado);Número de escolas que possuem banheiros, dependências e vias adequadas a pessoas com deficiência e mobilidade reduzida (Dado fornecido pelo Estado) – Cidades Sustentáveis;Diretoria de Ensino do Estado;I;2907;SEDUC;secretarias;3349;2017-12-31 00:00:00;24.00;
5516;Número de escolas que possuem banheiros, dependências e vias adequadas a pessoas com deficiência e mobilidade reduzida (Dado fornecido pelo Estado);Número de escolas que possuem banheiros, dependências e vias adequadas a pessoas com deficiência e mobilidade reduzida (Dado fornecido pelo Estado) – Cidades Sustentáveis;Diretoria de Ensino do Estado;I;2907;SEDUC;secretarias;3350;2016-12-31 00:00:00;25.00;
5516;Número de escolas que possuem banheiros, dependências e vias adequadas a pessoas com deficiência e mobilidade reduzida (Dado fornecido pelo Estado);Número de escolas que possuem banheiros, dependências e vias adequadas a pessoas com deficiência e mobilidade reduzida (Dado fornecido pelo Estado) – Cidades Sustentáveis;Diretoria de Ensino do Estado;I;2907;SEDUC;secretarias;3351;2015-12-31 00:00:00;25.00;
5516;Número de escolas que possuem banheiros, dependências e vias adequadas a pessoas com deficiência e mobilidade reduzida (Dado fornecido pelo Estado);Número de escolas que possuem banheiros, dependências e vias adequadas a pessoas com deficiência e mobilidade reduzida (Dado fornecido pelo Estado) – Cidades Sustentáveis;Diretoria de Ensino do Estado;I;2907;SEDUC;secretarias;3352;2014-12-31 00:00:00;25.00;
5516;Número de escolas que possuem banheiros, dependências e vias adequadas a pessoas com deficiência e mobilidade reduzida (Dado fornecido pelo Estado);Número de escolas que possuem banheiros, dependências e vias adequadas a pessoas com deficiência e mobilidade reduzida (Dado fornecido pelo Estado) – Cidades Sustentáveis;Diretoria de Ensino do Estado;I;2907;SEDUC;secretarias;3799;2018-12-31 00:00:00;19.00;
5516;Número de escolas que possuem banheiros, dependências e vias adequadas a pessoas com deficiência e mobilidade reduzida (Dado fornecido pelo Estado);Número de escolas que possuem banheiros, dependências e vias adequadas a pessoas com deficiência e mobilidade reduzida (Dado fornecido pelo Estado) – Cidades Sustentáveis;Diretoria de Ensino do Estado;I;2907;SEDUC;secretarias;4510;2019-12-31 00:00:00;13.00;
5516;Número de escolas que possuem banheiros, dependências e vias adequadas a pessoas com deficiência e mobilidade reduzida (Dado fornecido pelo Estado);Número de escolas que possuem banheiros, dependências e vias adequadas a pessoas com deficiência e mobilidade reduzida (Dado fornecido pelo Estado) – Cidades Sustentáveis;Diretoria de Ensino do Estado;I;2907;SEDUC;secretarias;5059;2020-12-31 00:00:00;13.00;
5516;Número de escolas que possuem banheiros, dependências e vias adequadas a pessoas com deficiência e mobilidade reduzida (Dado fornecido pelo Estado);Número de escolas que possuem banheiros, dependências e vias adequadas a pessoas com deficiência e mobilidade reduzida (Dado fornecido pelo Estado) – Cidades Sustentáveis;Diretoria de Ensino do Estado;I;2907;SEDUC;secretarias;5656;2021-12-21 00:00:00;13.00;
