codigo;nome;descricao;fonte;tipoValor;id_orgao;sigla_orgao;tipo_orgao;valores_codigo;valores_data;valores_valor;valores_descricao
5517;Número total de alunos do ensino médio (Dado fornecido pelo Estado);Número total de alunos do ensino médio (Dado fornecido pelo Estado) – Cidades Sustentáveis;Diretoria de Ensino do Estado;I;2907;SEDUC;secretarias;3353;2017-12-31 00:00:00;8649.00;
5517;Número total de alunos do ensino médio (Dado fornecido pelo Estado);Número total de alunos do ensino médio (Dado fornecido pelo Estado) – Cidades Sustentáveis;Diretoria de Ensino do Estado;I;2907;SEDUC;secretarias;3354;2016-12-31 00:00:00;8777.00;
5517;Número total de alunos do ensino médio (Dado fornecido pelo Estado);Número total de alunos do ensino médio (Dado fornecido pelo Estado) – Cidades Sustentáveis;Diretoria de Ensino do Estado;I;2907;SEDUC;secretarias;3355;2015-12-31 00:00:00;8626.00;
5517;Número total de alunos do ensino médio (Dado fornecido pelo Estado);Número total de alunos do ensino médio (Dado fornecido pelo Estado) – Cidades Sustentáveis;Diretoria de Ensino do Estado;I;2907;SEDUC;secretarias;3356;2014-12-31 00:00:00;8564.00;
5517;Número total de alunos do ensino médio (Dado fornecido pelo Estado);Número total de alunos do ensino médio (Dado fornecido pelo Estado) – Cidades Sustentáveis;Diretoria de Ensino do Estado;I;2907;SEDUC;secretarias;3971;2018-12-31 00:00:00;14294.00;
5517;Número total de alunos do ensino médio (Dado fornecido pelo Estado);Número total de alunos do ensino médio (Dado fornecido pelo Estado) – Cidades Sustentáveis;Diretoria de Ensino do Estado;I;2907;SEDUC;secretarias;4399;2019-12-31 00:00:00;11732.00;
5517;Número total de alunos do ensino médio (Dado fornecido pelo Estado);Número total de alunos do ensino médio (Dado fornecido pelo Estado) – Cidades Sustentáveis;Diretoria de Ensino do Estado;I;2907;SEDUC;secretarias;5061;2020-12-31 00:00:00;12211.00;
5517;Número total de alunos do ensino médio (Dado fornecido pelo Estado);Número total de alunos do ensino médio (Dado fornecido pelo Estado) – Cidades Sustentáveis;Diretoria de Ensino do Estado;I;2907;SEDUC;secretarias;5617;2021-12-21 00:00:00;13392.00;
5517;Número total de alunos do ensino médio (Dado fornecido pelo Estado);Número total de alunos do ensino médio (Dado fornecido pelo Estado) – Cidades Sustentáveis;Diretoria de Ensino do Estado;I;2907;SEDUC;secretarias;6827;2022-12-31 00:00:00;16999.00;
5517;Número total de alunos do ensino médio (Dado fornecido pelo Estado);Número total de alunos do ensino médio (Dado fornecido pelo Estado) – Cidades Sustentáveis;Diretoria de Ensino do Estado;I;2907;SEDUC;secretarias;7081;2023-12-31 00:00:00;12756.00;
