codigo;nome;descricao;fonte;tipoValor;id_orgao;sigla_orgao;tipo_orgao;valores_codigo;valores_data;valores_valor;valores_descricao
5518;Total de indivíduos de 4 a 17 anos na escola (Dado fornecido pelo Estado);Total de indivíduos de 4 a 17 anos na escola (Dado fornecido pelo Estado) – Cidades Sustentáveis;Diretoria de Ensino do Estado;I;2907;SEDUC;secretarias;3357;2017-12-31 00:00:00;69540.00;
5518;Total de indivíduos de 4 a 17 anos na escola (Dado fornecido pelo Estado);Total de indivíduos de 4 a 17 anos na escola (Dado fornecido pelo Estado) – Cidades Sustentáveis;Diretoria de Ensino do Estado;I;2907;SEDUC;secretarias;3358;2016-12-31 00:00:00;69540.00;
5518;Total de indivíduos de 4 a 17 anos na escola (Dado fornecido pelo Estado);Total de indivíduos de 4 a 17 anos na escola (Dado fornecido pelo Estado) – Cidades Sustentáveis;Diretoria de Ensino do Estado;I;2907;SEDUC;secretarias;3359;2015-12-31 00:00:00;69540.00;
5518;Total de indivíduos de 4 a 17 anos na escola (Dado fornecido pelo Estado);Total de indivíduos de 4 a 17 anos na escola (Dado fornecido pelo Estado) – Cidades Sustentáveis;Diretoria de Ensino do Estado;I;2907;SEDUC;secretarias;3360;2014-12-31 00:00:00;69540.00;
5518;Total de indivíduos de 4 a 17 anos na escola (Dado fornecido pelo Estado);Total de indivíduos de 4 a 17 anos na escola (Dado fornecido pelo Estado) – Cidades Sustentáveis;Diretoria de Ensino do Estado;I;2907;SEDUC;secretarias;3972;2018-12-31 00:00:00;69540.00;
5518;Total de indivíduos de 4 a 17 anos na escola (Dado fornecido pelo Estado);Total de indivíduos de 4 a 17 anos na escola (Dado fornecido pelo Estado) – Cidades Sustentáveis;Diretoria de Ensino do Estado;I;2907;SEDUC;secretarias;4511;2019-12-31 00:00:00;69540.00;
5518;Total de indivíduos de 4 a 17 anos na escola (Dado fornecido pelo Estado);Total de indivíduos de 4 a 17 anos na escola (Dado fornecido pelo Estado) – Cidades Sustentáveis;Diretoria de Ensino do Estado;I;2907;SEDUC;secretarias;5062;2020-12-31 00:00:00;69540.00;
5518;Total de indivíduos de 4 a 17 anos na escola (Dado fornecido pelo Estado);Total de indivíduos de 4 a 17 anos na escola (Dado fornecido pelo Estado) – Cidades Sustentáveis;Diretoria de Ensino do Estado;I;2907;SEDUC;secretarias;5657;2021-12-21 00:00:00;69540.00;
5518;Total de indivíduos de 4 a 17 anos na escola (Dado fornecido pelo Estado);Total de indivíduos de 4 a 17 anos na escola (Dado fornecido pelo Estado) – Cidades Sustentáveis;Diretoria de Ensino do Estado;I;2907;SEDUC;secretarias;6849;2022-12-31 00:00:00;70105.00;
5518;Total de indivíduos de 4 a 17 anos na escola (Dado fornecido pelo Estado);Total de indivíduos de 4 a 17 anos na escola (Dado fornecido pelo Estado) – Cidades Sustentáveis;Diretoria de Ensino do Estado;I;2907;SEDUC;secretarias;7107;2023-12-31 00:00:00;23095.00;
