codigo;nome;descricao;fonte;tipoValor;id_orgao;sigla_orgao;tipo_orgao;valores_codigo;valores_data;valores_valor;valores_descricao
5529;Total de indivíduos de 5 até 8 anos (inclusive) plenamente alfabetizados;Total de indivíduos de 5 até 8 anos (inclusive) plenamente alfabetizados - Cidades Sustentaveis;SEDUC;I;2907;SEDUC;secretarias;5199;2020-12-31 00:00:00;22529.00;
5529;Total de indivíduos de 5 até 8 anos (inclusive) plenamente alfabetizados;Total de indivíduos de 5 até 8 anos (inclusive) plenamente alfabetizados - Cidades Sustentaveis;SEDUC;I;2907;SEDUC;secretarias;5658;2021-12-21 00:00:00;22529.00;
5529;Total de indivíduos de 5 até 8 anos (inclusive) plenamente alfabetizados;Total de indivíduos de 5 até 8 anos (inclusive) plenamente alfabetizados - Cidades Sustentaveis;SEDUC;I;2907;SEDUC;secretarias;6462;2022-12-31 00:00:00;3568.00;
5529;Total de indivíduos de 5 até 8 anos (inclusive) plenamente alfabetizados;Total de indivíduos de 5 até 8 anos (inclusive) plenamente alfabetizados - Cidades Sustentaveis;SEDUC;I;2907;SEDUC;secretarias;7108;2023-12-31 00:00:00;6216.00;
