{
    "codigo": 4869,
    "nome": "Popula\u00e7\u00e3o total de mulheres no munic\u00edpio",
    "descricao": "Popula\u00e7\u00e3o total de mulheres no munic\u00edpio - Cidades Sustent\u00e1veis - Indicador \"Homic\u00eddios de mulheres\"",
    "fonte": "IBGE - CENSO",
    "tipoValor": "I",
    "periodicidade": {
        "codigo": 6,
        "descricao": "Anual"
    },
    "tags": [
        {
            "codigo": 16,
            "descricao": "Santos Segura"
        }
    ],
    "secretarias": [
        {
            "codigo": 779,
            "dado_codigo": 4869,
            "sigla": "SESEG",
            "nome": "SECRETARIA MUNICIPAL DE SEGURAN\u00c7A"
        }
    ],
    "autarquias": [],
    "metas": [
        {
            "codigo": 5,
            "numero": 5,
            "titulo": "Igualdade de G\u00eanero",
            "objetivo": "Alcan\u00e7ar a igualdade de g\u00eanero e empoderar todas as mulheres e meninas",
            "imagem_url": "5.jpg",
            "link": "http://www.agenda2030.org.br/ods/5/"
        }
    ],
    "eixos": [
        {
            "codigo": 6,
            "descricao": "Equidade, Justi\u00e7a Social e Cultura de Paz"
        }
    ],
    "valores": [
        {
            "codigo": 1536,
            "data": "2016-12-31 00:00:00",
            "valor": "227488.00",
            "descricao": null
        },
        {
            "codigo": 1537,
            "data": "2013-12-31 00:00:00",
            "valor": "227488.00",
            "descricao": null
        },
        {
            "codigo": 1538,
            "data": "2015-12-31 00:00:00",
            "valor": "227488.00",
            "descricao": null
        },
        {
            "codigo": 1539,
            "data": "2014-12-31 00:00:00",
            "valor": "227488.00",
            "descricao": null
        },
        {
            "codigo": 3743,
            "data": "2018-12-31 00:00:00",
            "valor": "227488.00",
            "descricao": null
        },
        {
            "codigo": 4352,
            "data": "2019-12-31 00:00:00",
            "valor": "227488.00",
            "descricao": null
        },
        {
            "codigo": 4826,
            "data": "2020-12-31 00:00:00",
            "valor": "227488.00",
            "descricao": null
        },
        {
            "codigo": 5242,
            "data": "2017-12-31 00:00:00",
            "valor": "227488.00",
            "descricao": null
        },
        {
            "codigo": 5385,
            "data": "2021-12-31 00:00:00",
            "valor": "227488.00",
            "descricao": null
        },
        {
            "codigo": 6576,
            "data": "2022-12-31 00:00:00",
            "valor": "227488.00",
            "descricao": null
        }
    ]
}