{
    "codigo": 4972,
    "nome": "N\u00famero de afetados por eventos clim\u00e1ticos extremos como alagamentos, ciclones, deslizamentos, enxurradas, inunda\u00e7\u00f5es, secas, dentre outros",
    "descricao": "Registros de afetados por eventos clim\u00e1ticos extremos como alagamentos, ciclones, deslizamentos, enxurradas, inunda\u00e7\u00f5es, secas, dentre outros. - Cidades Sustent\u00e1veis",
    "fonte": "SESEG - SECRETARIA MUNICIPAL DE SEGURAN\u00c7A / DEPRODEC - DEFESA CIVIL",
    "tipoValor": "I",
    "periodicidade": {
        "codigo": 6,
        "descricao": "Anual"
    },
    "tags": [
        {
            "codigo": 16,
            "descricao": "Santos Segura"
        }
    ],
    "secretarias": [
        {
            "codigo": 779,
            "dado_codigo": 4972,
            "sigla": "SESEG",
            "nome": "SECRETARIA MUNICIPAL DE SEGURAN\u00c7A"
        }
    ],
    "autarquias": [],
    "metas": [
        {
            "codigo": 2,
            "numero": 1,
            "titulo": "Erradica\u00e7\u00e3o da Pobreza",
            "objetivo": "Acabar com a pobreza em todas as suas formas, em todos os lugares",
            "imagem_url": "2.jpg",
            "link": "http://www.agenda2030.org.br/ods/1/"
        }
    ],
    "eixos": [
        {
            "codigo": 6,
            "descricao": "Equidade, Justi\u00e7a Social e Cultura de Paz"
        }
    ],
    "valores": [
        {
            "codigo": 2068,
            "data": "2016-12-31 00:00:00",
            "valor": "50000.00",
            "descricao": null
        },
        {
            "codigo": 2069,
            "data": "2014-12-31 00:00:00",
            "valor": "23000.00",
            "descricao": null
        },
        {
            "codigo": 2070,
            "data": "2015-12-31 00:00:00",
            "valor": "25000.00",
            "descricao": null
        },
        {
            "codigo": 2071,
            "data": "2017-12-31 00:00:00",
            "valor": "23000.00",
            "descricao": null
        },
        {
            "codigo": 2072,
            "data": "2013-12-31 00:00:00",
            "valor": "0.00",
            "descricao": null
        },
        {
            "codigo": 3723,
            "data": "2018-12-31 00:00:00",
            "valor": "23000.00",
            "descricao": null
        },
        {
            "codigo": 4342,
            "data": "2019-12-31 00:00:00",
            "valor": "25000.00",
            "descricao": null
        },
        {
            "codigo": 4884,
            "data": "2020-12-31 00:00:00",
            "valor": "385762.00",
            "descricao": null
        },
        {
            "codigo": 5400,
            "data": "2021-12-31 00:00:00",
            "valor": "40000.00",
            "descricao": null
        },
        {
            "codigo": 6618,
            "data": "2022-12-31 00:00:00",
            "valor": "40000.00",
            "descricao": null
        }
    ]
}