{
    "codigo": 5003,
    "nome": "Nos programas de forma\u00e7\u00e3o de policiais h\u00e1 conte\u00fados relacionados aos direitos humanos? Quais s\u00e3o?",
    "descricao": "Exist\u00eancia no munic\u00edpio de conte\u00fado relativo aos direitos humanos na forma\u00e7\u00e3o de policiais. - Cidades Sustent\u00e1veis",
    "fonte": "Secretaria de Seguran\u00e7a P\u00fablica do Estado de S\u00e3o Paulo",
    "tipoValor": "T",
    "periodicidade": {
        "codigo": 6,
        "descricao": "Anual"
    },
    "tags": [
        {
            "codigo": 16,
            "descricao": "Santos Segura"
        }
    ],
    "secretarias": [
        {
            "codigo": 779,
            "dado_codigo": 5003,
            "sigla": "SESEG",
            "nome": "SECRETARIA MUNICIPAL DE SEGURAN\u00c7A"
        }
    ],
    "autarquias": [],
    "metas": [
        {
            "codigo": 17,
            "numero": 16,
            "titulo": "Paz, Justi\u00e7a e Institui\u00e7\u00f5es Eficazes",
            "objetivo": "Promover sociedades pac\u00edficas e inclusivas para o desenvolvimento sustent\u00e1vel, proporcionar o acesso \u00e0 justi\u00e7a para todos e construir institui\u00e7\u00f5es eficazes, respons\u00e1veis e inclusivas em todos os n\u00edveis",
            "imagem_url": "17.jpg",
            "link": "http://www.agenda2030.org.br/ods/16/"
        }
    ],
    "eixos": [
        {
            "codigo": 6,
            "descricao": "Equidade, Justi\u00e7a Social e Cultura de Paz"
        }
    ],
    "valores": [
        {
            "codigo": 2222,
            "data": "2014-12-31 00:00:00",
            "valor": "0.00",
            "descricao": "Sim, existe a disciplina Direitos Humanos com carga hor\u00e1ria de 12 horas/aula. A Unidade de Ensino e Pesquisa do DEINTER 6 - Santos conta com Curso de Especializa\u00e7\u00e3o sobre Direitos Humanos e Cursos Modulados para Forma\u00e7\u00e3o, inclusive de Guardas Municipais de outros munic\u00edpios."
        },
        {
            "codigo": 2223,
            "data": "2015-12-31 00:00:00",
            "valor": "0.00",
            "descricao": "Sim, existe a disciplina Direitos Humanos com carga hor\u00e1ria de 12 horas/aula. A Unidade de Ensino e Pesquisa do DEINTER 6 - Santos conta com Curso de Especializa\u00e7\u00e3o sobre Direitos Humanos e Cursos Modulados para Forma\u00e7\u00e3o, inclusive de Guardas Municipais de outros munic\u00edpios."
        },
        {
            "codigo": 2224,
            "data": "2016-12-31 00:00:00",
            "valor": "0.00",
            "descricao": "Sim, existe a disciplina Direitos Humanos com carga hor\u00e1ria de 12 horas/aula. A Unidade de Ensino e Pesquisa do DEINTER 6 - Santos conta com Curso de Especializa\u00e7\u00e3o sobre Direitos Humanos e Cursos Modulados para Forma\u00e7\u00e3o, inclusive de Guardas Municipais de outros munic\u00edpios."
        },
        {
            "codigo": 2225,
            "data": "2013-12-31 00:00:00",
            "valor": "0.00",
            "descricao": "Sim, existe a disciplina Direitos Humanos com carga hor\u00e1ria de 12 horas/aula. A Unidade de Ensino e Pesquisa do DEINTER 6 - Santos conta com Curso de Especializa\u00e7\u00e3o sobre Direitos Humanos e Cursos Modulados para Forma\u00e7\u00e3o, inclusive de Guardas Municipais de outros munic\u00edpios."
        },
        {
            "codigo": 3308,
            "data": "2017-12-31 00:00:00",
            "valor": null,
            "descricao": "Sim. Direitos Humanos, Pol\u00edcia Civil e a Diversidade (Fonte: Deinter 6)."
        },
        {
            "codigo": 3725,
            "data": "2018-12-31 00:00:00",
            "valor": null,
            "descricao": "Sim. Direitos Humanos, Pol\u00edcia Civil e a Diversidade."
        },
        {
            "codigo": 4285,
            "data": "2019-12-31 00:00:00",
            "valor": null,
            "descricao": "Sim- Direitos Humanos, atendimento \u00e1 v\u00edtima de viol\u00eancia dom\u00e9stica, conduta policial (t\u00f3picos espec\u00edficos ao tema), atendimento \u00e1 pessoa com defici\u00eancia, abuso de autoridade e tortura, \u00e9tica, pol\u00edcia cominit\u00e1ria."
        },
        {
            "codigo": 4831,
            "data": "2020-12-31 00:00:00",
            "valor": null,
            "descricao": "Sim- Direitos Humanos, atendimento \u00e1 v\u00edtima de viol\u00eancia dom\u00e9stica, conduta policial (t\u00f3picos espec\u00edficos ao tema), atendimento \u00e1 pessoa com defici\u00eancia, abuso de autoridade e tortura, \u00e9tica, pol\u00edcia comunit\u00e1ria."
        },
        {
            "codigo": 5368,
            "data": "2021-12-31 00:00:00",
            "valor": null,
            "descricao": "Sim- Direitos Humanos, atendimento \u00e1 v\u00edtima de viol\u00eancia dom\u00e9stica, conduta policial (t\u00f3picos espec\u00edficos ao tema), atendimento \u00e1 pessoa com defici\u00eancia, abuso de autoridade e tortura, \u00e9tica, pol\u00edcia comunit\u00e1ria."
        },
        {
            "codigo": 6557,
            "data": "2022-12-31 00:00:00",
            "valor": null,
            "descricao": "Sim- Direitos Humanos, atendimento \u00e1 v\u00edtima de viol\u00eancia dom\u00e9stica, conduta policial (t\u00f3picos espec\u00edficos ao tema), atendimento \u00e1 pessoa com defici\u00eancia, abuso de autoridade e tortura, \u00e9tica, pol\u00edcia comunit\u00e1ria."
        }
    ]
}