{
    "codigo": 5006,
    "nome": "N\u00famero de crimes contra a liberdade sexual",
    "descricao": "N\u00famero de crimes contra a liberdade sexual ocorridos no munic\u00edpio - Cidades Sustent\u00e1veis - Indicador \"Crimes contra a liberdade sexual\"",
    "fonte": "Secretaria de Seguran\u00e7a P\u00fablica do Estado de S\u00e3o Paulo - Pol\u00edcia Civil (Deinter 6)",
    "tipoValor": "I",
    "periodicidade": {
        "codigo": 6,
        "descricao": "Anual"
    },
    "tags": [
        {
            "codigo": 16,
            "descricao": "Santos Segura"
        }
    ],
    "secretarias": [
        {
            "codigo": 779,
            "dado_codigo": 5006,
            "sigla": "SESEG",
            "nome": "SECRETARIA MUNICIPAL DE SEGURAN\u00c7A"
        }
    ],
    "autarquias": [],
    "metas": [
        {
            "codigo": 17,
            "numero": 16,
            "titulo": "Paz, Justi\u00e7a e Institui\u00e7\u00f5es Eficazes",
            "objetivo": "Promover sociedades pac\u00edficas e inclusivas para o desenvolvimento sustent\u00e1vel, proporcionar o acesso \u00e0 justi\u00e7a para todos e construir institui\u00e7\u00f5es eficazes, respons\u00e1veis e inclusivas em todos os n\u00edveis",
            "imagem_url": "17.jpg",
            "link": "http://www.agenda2030.org.br/ods/16/"
        }
    ],
    "eixos": [
        {
            "codigo": 6,
            "descricao": "Equidade, Justi\u00e7a Social e Cultura de Paz"
        }
    ],
    "valores": [
        {
            "codigo": 2236,
            "data": "2017-12-31 00:00:00",
            "valor": "42.00",
            "descricao": null
        },
        {
            "codigo": 2237,
            "data": "2016-12-31 00:00:00",
            "valor": "86.00",
            "descricao": null
        },
        {
            "codigo": 2238,
            "data": "2014-12-31 00:00:00",
            "valor": "72.00",
            "descricao": null
        },
        {
            "codigo": 2239,
            "data": "2013-12-31 00:00:00",
            "valor": "103.00",
            "descricao": null
        },
        {
            "codigo": 2240,
            "data": "2015-12-31 00:00:00",
            "valor": "97.00",
            "descricao": null
        },
        {
            "codigo": 3727,
            "data": "2018-12-31 00:00:00",
            "valor": "25.00",
            "descricao": null
        },
        {
            "codigo": 4287,
            "data": "2019-12-31 00:00:00",
            "valor": "32.00",
            "descricao": null
        },
        {
            "codigo": 4833,
            "data": "2020-12-31 00:00:00",
            "valor": "27.00",
            "descricao": null
        },
        {
            "codigo": 5370,
            "data": "2021-12-31 00:00:00",
            "valor": "18.00",
            "descricao": null
        },
        {
            "codigo": 6561,
            "data": "2022-12-31 00:00:00",
            "valor": "18.00",
            "descricao": null
        }
    ]
}