{
    "codigo": 5015,
    "nome": "N\u00famero de domic\u00edlios em \u00e1rea de risco",
    "descricao": "N\u00famero de domic\u00edlios em \u00e1rea de risco - Cidades Sustent\u00e1veis - Indicador \"Domic\u00edlios em \u00e1reas de risco\"",
    "fonte": "SESEG - SECRETARIA MUNICIPAL DE SEGURAN\u00c7A / DEPRODEC - DEFESA CIVIL",
    "tipoValor": "I",
    "periodicidade": {
        "codigo": 6,
        "descricao": "Anual"
    },
    "tags": [
        {
            "codigo": 16,
            "descricao": "Santos Segura"
        }
    ],
    "secretarias": [
        {
            "codigo": 779,
            "dado_codigo": 5015,
            "sigla": "SESEG",
            "nome": "SECRETARIA MUNICIPAL DE SEGURAN\u00c7A"
        }
    ],
    "autarquias": [],
    "metas": [
        {
            "codigo": 12,
            "numero": 11,
            "titulo": "Cidades e Comunidades Sustent\u00e1veis",
            "objetivo": "Tornar as cidades e os assentamentos humanos inclusivos, seguros, resilientes e sustent\u00e1veis",
            "imagem_url": "12.jpg",
            "link": "http://www.agenda2030.org.br/ods/11/"
        }
    ],
    "eixos": [
        {
            "codigo": 15,
            "descricao": "Do Local para o Global"
        }
    ],
    "valores": [
        {
            "codigo": 2281,
            "data": "2013-12-31 00:00:00",
            "valor": "14440.00",
            "descricao": null
        },
        {
            "codigo": 2282,
            "data": "2016-12-31 00:00:00",
            "valor": "10832.00",
            "descricao": null
        },
        {
            "codigo": 2283,
            "data": "2017-12-31 00:00:00",
            "valor": "10832.00",
            "descricao": null
        },
        {
            "codigo": 2284,
            "data": "2015-12-31 00:00:00",
            "valor": "13350.00",
            "descricao": null
        },
        {
            "codigo": 2285,
            "data": "2014-12-31 00:00:00",
            "valor": "14440.00",
            "descricao": null
        },
        {
            "codigo": 3728,
            "data": "2018-12-31 00:00:00",
            "valor": "10832.00",
            "descricao": null
        },
        {
            "codigo": 4344,
            "data": "2019-12-31 00:00:00",
            "valor": "10832.00",
            "descricao": null
        },
        {
            "codigo": 4873,
            "data": "2020-12-31 00:00:00",
            "valor": "11208.00",
            "descricao": null
        },
        {
            "codigo": 5401,
            "data": "2021-12-31 00:00:00",
            "valor": "11174.00",
            "descricao": null
        },
        {
            "codigo": 6619,
            "data": "2022-12-31 00:00:00",
            "valor": "11540.00",
            "descricao": null
        }
    ]
}