{
    "codigo": 5051,
    "nome": "N\u00famero de mulheres mortas por homic\u00eddio",
    "descricao": "N\u00famero de mulheres mortas por homic\u00eddio - Cidades Sustent\u00e1veis - Indicador \"Homic\u00eddios de mulheres\"",
    "fonte": "Secretaria de Seguran\u00e7a P\u00fablica do Estado de S\u00e3o Paulo",
    "tipoValor": "I",
    "periodicidade": {
        "codigo": 6,
        "descricao": "Anual"
    },
    "tags": [
        {
            "codigo": 16,
            "descricao": "Santos Segura"
        }
    ],
    "secretarias": [
        {
            "codigo": 779,
            "dado_codigo": 5051,
            "sigla": "SESEG",
            "nome": "SECRETARIA MUNICIPAL DE SEGURAN\u00c7A"
        }
    ],
    "autarquias": [],
    "metas": [
        {
            "codigo": 5,
            "numero": 5,
            "titulo": "Igualdade de G\u00eanero",
            "objetivo": "Alcan\u00e7ar a igualdade de g\u00eanero e empoderar todas as mulheres e meninas",
            "imagem_url": "5.jpg",
            "link": "http://www.agenda2030.org.br/ods/5/"
        }
    ],
    "eixos": [
        {
            "codigo": 6,
            "descricao": "Equidade, Justi\u00e7a Social e Cultura de Paz"
        }
    ],
    "valores": [
        {
            "codigo": 2457,
            "data": "2015-12-31 00:00:00",
            "valor": "0.00",
            "descricao": null
        },
        {
            "codigo": 2458,
            "data": "2014-12-31 00:00:00",
            "valor": "0.00",
            "descricao": null
        },
        {
            "codigo": 2459,
            "data": "2013-12-31 00:00:00",
            "valor": "0.00",
            "descricao": null
        },
        {
            "codigo": 2460,
            "data": "2017-12-31 00:00:00",
            "valor": "1.00",
            "descricao": null
        },
        {
            "codigo": 2461,
            "data": "2016-12-31 00:00:00",
            "valor": "3.00",
            "descricao": null
        },
        {
            "codigo": 3730,
            "data": "2018-12-31 00:00:00",
            "valor": "3.00",
            "descricao": null
        },
        {
            "codigo": 4288,
            "data": "2019-12-31 00:00:00",
            "valor": "2.00",
            "descricao": null
        },
        {
            "codigo": 4834,
            "data": "2020-12-31 00:00:00",
            "valor": "3.00",
            "descricao": null
        },
        {
            "codigo": 5373,
            "data": "2021-12-31 00:00:00",
            "valor": "3.00",
            "descricao": null
        },
        {
            "codigo": 6564,
            "data": "2022-12-31 00:00:00",
            "valor": "1.00",
            "descricao": null
        }
    ]
}