{
    "codigo": 5054,
    "nome": "Quais foram os impactos financeiros (R$) devido a eventos clim\u00e1ticos extremos?",
    "descricao": "Quais foram os impactos financeiros (R$) devido a eventos clim\u00e1ticos extremos? - Cidades Sustent\u00e1veis - Indicador \"Impactos humanos e materiais dos eventos clim\u00e1ticos extremos\"",
    "fonte": "SESEG - SECRETARIA MUNICIPAL DE SEGURAN\u00c7A / DEPRODEC - DEFESA CIVIL",
    "tipoValor": "D",
    "periodicidade": {
        "codigo": 6,
        "descricao": "Anual"
    },
    "tags": [
        {
            "codigo": 16,
            "descricao": "Santos Segura"
        }
    ],
    "secretarias": [
        {
            "codigo": 779,
            "dado_codigo": 5054,
            "sigla": "SESEG",
            "nome": "SECRETARIA MUNICIPAL DE SEGURAN\u00c7A"
        }
    ],
    "autarquias": [],
    "metas": [
        {
            "codigo": 12,
            "numero": 11,
            "titulo": "Cidades e Comunidades Sustent\u00e1veis",
            "objetivo": "Tornar as cidades e os assentamentos humanos inclusivos, seguros, resilientes e sustent\u00e1veis",
            "imagem_url": "12.jpg",
            "link": "http://www.agenda2030.org.br/ods/11/"
        }
    ],
    "eixos": [
        {
            "codigo": 15,
            "descricao": "Do Local para o Global"
        }
    ],
    "valores": [
        {
            "codigo": 2472,
            "data": "2016-12-31 00:00:00",
            "valor": "9622000.00",
            "descricao": null
        },
        {
            "codigo": 2473,
            "data": "2015-12-31 00:00:00",
            "valor": "1530000.00",
            "descricao": null
        },
        {
            "codigo": 2474,
            "data": "2013-12-31 00:00:00",
            "valor": "0.00",
            "descricao": null
        },
        {
            "codigo": 2475,
            "data": "2014-12-31 00:00:00",
            "valor": "3294000.00",
            "descricao": null
        },
        {
            "codigo": 2476,
            "data": "2017-12-31 00:00:00",
            "valor": "98214.17",
            "descricao": null
        },
        {
            "codigo": 3733,
            "data": "2018-12-31 00:00:00",
            "valor": "837151.00",
            "descricao": null
        },
        {
            "codigo": 4348,
            "data": "2019-12-31 00:00:00",
            "valor": "1600000.00",
            "descricao": null
        },
        {
            "codigo": 4877,
            "data": "2020-12-31 00:00:00",
            "valor": "105000000.00",
            "descricao": null
        },
        {
            "codigo": 5402,
            "data": "2021-12-31 00:00:00",
            "valor": "0.00",
            "descricao": null
        },
        {
            "codigo": 6611,
            "data": "2022-12-31 00:00:00",
            "valor": "0.00",
            "descricao": null
        }
    ]
}