{
    "codigo": 5387,
    "nome": "Les\u00e3o corporal culposa - outras",
    "descricao": "Registro de les\u00e3o corporal culposa - outras - em Santos - Cidade Aberta",
    "fonte": "Secretaria de Seguran\u00e7a P\u00fablica do Estado de S\u00e3o Paulo",
    "tipoValor": "I",
    "periodicidade": {
        "codigo": 6,
        "descricao": "Anual"
    },
    "tags": [
        {
            "codigo": 16,
            "descricao": "Santos Segura"
        }
    ],
    "secretarias": [
        {
            "codigo": 779,
            "dado_codigo": 5387,
            "sigla": "SESEG",
            "nome": "SECRETARIA MUNICIPAL DE SEGURAN\u00c7A"
        }
    ],
    "autarquias": [],
    "metas": [
        {
            "codigo": 17,
            "numero": 16,
            "titulo": "Paz, Justi\u00e7a e Institui\u00e7\u00f5es Eficazes",
            "objetivo": "Promover sociedades pac\u00edficas e inclusivas para o desenvolvimento sustent\u00e1vel, proporcionar o acesso \u00e0 justi\u00e7a para todos e construir institui\u00e7\u00f5es eficazes, respons\u00e1veis e inclusivas em todos os n\u00edveis",
            "imagem_url": "17.jpg",
            "link": "http://www.agenda2030.org.br/ods/16/"
        }
    ],
    "eixos": [
        {
            "codigo": 6,
            "descricao": "Equidade, Justi\u00e7a Social e Cultura de Paz"
        }
    ],
    "valores": [
        {
            "codigo": 998,
            "data": "2016-12-31 00:00:00",
            "valor": "58.00",
            "descricao": null
        },
        {
            "codigo": 999,
            "data": "2015-12-31 00:00:00",
            "valor": "74.00",
            "descricao": null
        },
        {
            "codigo": 1000,
            "data": "2014-12-31 00:00:00",
            "valor": "48.00",
            "descricao": null
        },
        {
            "codigo": 1001,
            "data": "2009-12-31 00:00:00",
            "valor": "0.00",
            "descricao": null
        },
        {
            "codigo": 1002,
            "data": "2010-12-31 00:00:00",
            "valor": "0.00",
            "descricao": null
        },
        {
            "codigo": 1003,
            "data": "2011-12-31 00:00:00",
            "valor": "231.00",
            "descricao": null
        },
        {
            "codigo": 1004,
            "data": "2012-12-31 00:00:00",
            "valor": "207.00",
            "descricao": null
        },
        {
            "codigo": 1005,
            "data": "2013-12-31 00:00:00",
            "valor": "146.00",
            "descricao": null
        },
        {
            "codigo": 3748,
            "data": "2018-12-31 00:00:00",
            "valor": "46.00",
            "descricao": null
        },
        {
            "codigo": 4264,
            "data": "2019-12-31 00:00:00",
            "valor": "100.00",
            "descricao": null
        },
        {
            "codigo": 4847,
            "data": "2020-12-31 00:00:00",
            "valor": "37.00",
            "descricao": null
        },
        {
            "codigo": 5233,
            "data": "2017-12-31 00:00:00",
            "valor": "62.00",
            "descricao": null
        },
        {
            "codigo": 5365,
            "data": "2021-12-31 00:00:00",
            "valor": "43.00",
            "descricao": null
        },
        {
            "codigo": 6554,
            "data": "2022-12-31 00:00:00",
            "valor": "83.00",
            "descricao": null
        }
    ]
}