{
    "codigo": 5389,
    "nome": "Les\u00e3o corporal dolosa",
    "descricao": "Registro de les\u00e3o corporal dolosa em Santos - Cidade Aberta",
    "fonte": "Secretaria de Seguran\u00e7a P\u00fablica do Estado de S\u00e3o Paulo",
    "tipoValor": "I",
    "periodicidade": {
        "codigo": 6,
        "descricao": "Anual"
    },
    "tags": [
        {
            "codigo": 16,
            "descricao": "Santos Segura"
        }
    ],
    "secretarias": [
        {
            "codigo": 779,
            "dado_codigo": 5389,
            "sigla": "SESEG",
            "nome": "SECRETARIA MUNICIPAL DE SEGURAN\u00c7A"
        }
    ],
    "autarquias": [],
    "metas": [
        {
            "codigo": 17,
            "numero": 16,
            "titulo": "Paz, Justi\u00e7a e Institui\u00e7\u00f5es Eficazes",
            "objetivo": "Promover sociedades pac\u00edficas e inclusivas para o desenvolvimento sustent\u00e1vel, proporcionar o acesso \u00e0 justi\u00e7a para todos e construir institui\u00e7\u00f5es eficazes, respons\u00e1veis e inclusivas em todos os n\u00edveis",
            "imagem_url": "17.jpg",
            "link": "http://www.agenda2030.org.br/ods/16/"
        }
    ],
    "eixos": [
        {
            "codigo": 6,
            "descricao": "Equidade, Justi\u00e7a Social e Cultura de Paz"
        }
    ],
    "valores": [
        {
            "codigo": 1014,
            "data": "2009-12-31 00:00:00",
            "valor": "0.00",
            "descricao": null
        },
        {
            "codigo": 1015,
            "data": "2015-12-31 00:00:00",
            "valor": "1066.00",
            "descricao": null
        },
        {
            "codigo": 1016,
            "data": "2013-12-31 00:00:00",
            "valor": "1460.00",
            "descricao": null
        },
        {
            "codigo": 1017,
            "data": "2014-12-31 00:00:00",
            "valor": "1233.00",
            "descricao": null
        },
        {
            "codigo": 1018,
            "data": "2011-12-31 00:00:00",
            "valor": "9745.00",
            "descricao": null
        },
        {
            "codigo": 1019,
            "data": "2010-12-31 00:00:00",
            "valor": "0.00",
            "descricao": null
        },
        {
            "codigo": 1020,
            "data": "2016-12-31 00:00:00",
            "valor": "1025.00",
            "descricao": null
        },
        {
            "codigo": 1021,
            "data": "2012-12-31 00:00:00",
            "valor": "10297.00",
            "descricao": null
        },
        {
            "codigo": 3750,
            "data": "2018-12-31 00:00:00",
            "valor": "752.00",
            "descricao": null
        },
        {
            "codigo": 4266,
            "data": "2019-12-31 00:00:00",
            "valor": "857.00",
            "descricao": null
        },
        {
            "codigo": 4849,
            "data": "2020-12-31 00:00:00",
            "valor": "770.00",
            "descricao": null
        },
        {
            "codigo": 5235,
            "data": "2017-12-31 00:00:00",
            "valor": "952.00",
            "descricao": null
        },
        {
            "codigo": 5367,
            "data": "2021-12-31 00:00:00",
            "valor": "663.00",
            "descricao": null
        },
        {
            "codigo": 6556,
            "data": "2022-12-31 00:00:00",
            "valor": "938.00",
            "descricao": null
        }
    ]
}