{
    "codigo": 5395,
    "nome": "Roubo - outros (1) -  inclusive roubo de carga e banco",
    "descricao": "Roubo - outros (1) - Cidade Aberta",
    "fonte": "Secretaria de Seguran\u00e7a P\u00fablica do Estado de S\u00e3o Paulo",
    "tipoValor": "I",
    "periodicidade": {
        "codigo": 6,
        "descricao": "Anual"
    },
    "tags": [
        {
            "codigo": 16,
            "descricao": "Santos Segura"
        }
    ],
    "secretarias": [
        {
            "codigo": 779,
            "dado_codigo": 5395,
            "sigla": "SESEG",
            "nome": "SECRETARIA MUNICIPAL DE SEGURAN\u00c7A"
        }
    ],
    "autarquias": [],
    "metas": [
        {
            "codigo": 17,
            "numero": 16,
            "titulo": "Paz, Justi\u00e7a e Institui\u00e7\u00f5es Eficazes",
            "objetivo": "Promover sociedades pac\u00edficas e inclusivas para o desenvolvimento sustent\u00e1vel, proporcionar o acesso \u00e0 justi\u00e7a para todos e construir institui\u00e7\u00f5es eficazes, respons\u00e1veis e inclusivas em todos os n\u00edveis",
            "imagem_url": "17.jpg",
            "link": "http://www.agenda2030.org.br/ods/16/"
        }
    ],
    "eixos": [
        {
            "codigo": 6,
            "descricao": "Equidade, Justi\u00e7a Social e Cultura de Paz"
        }
    ],
    "valores": [
        {
            "codigo": 1061,
            "data": "2014-12-31 00:00:00",
            "valor": "4984.00",
            "descricao": null
        },
        {
            "codigo": 1062,
            "data": "2013-12-31 00:00:00",
            "valor": "4304.00",
            "descricao": null
        },
        {
            "codigo": 1063,
            "data": "2016-12-31 00:00:00",
            "valor": "4075.00",
            "descricao": null
        },
        {
            "codigo": 1064,
            "data": "2015-12-31 00:00:00",
            "valor": "4304.00",
            "descricao": null
        },
        {
            "codigo": 1065,
            "data": "2011-12-31 00:00:00",
            "valor": "17825.00",
            "descricao": null
        },
        {
            "codigo": 1066,
            "data": "2010-12-31 00:00:00",
            "valor": "0.00",
            "descricao": null
        },
        {
            "codigo": 1067,
            "data": "2009-12-31 00:00:00",
            "valor": "0.00",
            "descricao": null
        },
        {
            "codigo": 1068,
            "data": "2012-12-31 00:00:00",
            "valor": "17651.00",
            "descricao": null
        },
        {
            "codigo": 3753,
            "data": "2018-12-31 00:00:00",
            "valor": "3024.00",
            "descricao": null
        },
        {
            "codigo": 4269,
            "data": "2019-12-31 00:00:00",
            "valor": "2535.00",
            "descricao": null
        },
        {
            "codigo": 4852,
            "data": "2020-12-31 00:00:00",
            "valor": "1750.00",
            "descricao": null
        },
        {
            "codigo": 5226,
            "data": "2017-12-31 00:00:00",
            "valor": "3515.00",
            "descricao": null
        },
        {
            "codigo": 5386,
            "data": "2021-12-31 00:00:00",
            "valor": "1755.00",
            "descricao": null
        },
        {
            "codigo": 6577,
            "data": "2022-12-31 00:00:00",
            "valor": "2311.00",
            "descricao": null
        }
    ]
}