{
    "codigo": 5399,
    "nome": "Tentativa de homic\u00eddio",
    "descricao": "Tentativa de homic\u00eddio - Cidade Aberta",
    "fonte": "Secretaria de Seguran\u00e7a P\u00fablica do Estado de S\u00e3o Paulo",
    "tipoValor": "I",
    "periodicidade": {
        "codigo": 6,
        "descricao": "Anual"
    },
    "tags": [
        {
            "codigo": 16,
            "descricao": "Santos Segura"
        }
    ],
    "secretarias": [
        {
            "codigo": 779,
            "dado_codigo": 5399,
            "sigla": "SESEG",
            "nome": "SECRETARIA MUNICIPAL DE SEGURAN\u00c7A"
        }
    ],
    "autarquias": [],
    "metas": [
        {
            "codigo": 17,
            "numero": 16,
            "titulo": "Paz, Justi\u00e7a e Institui\u00e7\u00f5es Eficazes",
            "objetivo": "Promover sociedades pac\u00edficas e inclusivas para o desenvolvimento sustent\u00e1vel, proporcionar o acesso \u00e0 justi\u00e7a para todos e construir institui\u00e7\u00f5es eficazes, respons\u00e1veis e inclusivas em todos os n\u00edveis",
            "imagem_url": "17.jpg",
            "link": "http://www.agenda2030.org.br/ods/16/"
        }
    ],
    "eixos": [
        {
            "codigo": 6,
            "descricao": "Equidade, Justi\u00e7a Social e Cultura de Paz"
        }
    ],
    "valores": [
        {
            "codigo": 1093,
            "data": "2009-12-31 00:00:00",
            "valor": "0.00",
            "descricao": null
        },
        {
            "codigo": 1094,
            "data": "2010-12-31 00:00:00",
            "valor": "0.00",
            "descricao": null
        },
        {
            "codigo": 1095,
            "data": "2011-12-31 00:00:00",
            "valor": "301.00",
            "descricao": null
        },
        {
            "codigo": 1096,
            "data": "2012-12-31 00:00:00",
            "valor": "385.00",
            "descricao": null
        },
        {
            "codigo": 1097,
            "data": "2016-12-31 00:00:00",
            "valor": "41.00",
            "descricao": null
        },
        {
            "codigo": 1098,
            "data": "2014-12-31 00:00:00",
            "valor": "53.00",
            "descricao": null
        },
        {
            "codigo": 1099,
            "data": "2013-12-31 00:00:00",
            "valor": "76.00",
            "descricao": null
        },
        {
            "codigo": 1100,
            "data": "2015-12-31 00:00:00",
            "valor": "57.00",
            "descricao": null
        },
        {
            "codigo": 3757,
            "data": "2018-12-31 00:00:00",
            "valor": "47.00",
            "descricao": null
        },
        {
            "codigo": 4273,
            "data": "2019-12-31 00:00:00",
            "valor": "37.00",
            "descricao": null
        },
        {
            "codigo": 4855,
            "data": "2020-12-31 00:00:00",
            "valor": "33.00",
            "descricao": null
        },
        {
            "codigo": 5225,
            "data": "2017-12-31 00:00:00",
            "valor": "38.00",
            "descricao": null
        },
        {
            "codigo": 5390,
            "data": "2021-12-31 00:00:00",
            "valor": "30.00",
            "descricao": null
        },
        {
            "codigo": 6582,
            "data": "2022-12-31 00:00:00",
            "valor": "55.00",
            "descricao": null
        }
    ]
}