{
    "codigo": 6812,
    "nome": "O munic\u00edpio de Santos apresenta brigada de inc\u00eandio? (SIM ou N\u00c3O)",
    "descricao": "#Programa Santos Verde Azul C\u00d3D: 140",
    "fonte": "SESEG - SECRETARIA MUNICIPAL DE SEGURAN\u00c7A / DEPRODEC - DEFESA CIVIL",
    "tipoValor": "T",
    "periodicidade": {
        "codigo": 6,
        "descricao": "Anual"
    },
    "tags": [
        {
            "codigo": 16,
            "descricao": "Santos Segura"
        }
    ],
    "secretarias": [
        {
            "codigo": 779,
            "dado_codigo": 6812,
            "sigla": "SESEG",
            "nome": "SECRETARIA MUNICIPAL DE SEGURAN\u00c7A"
        }
    ],
    "autarquias": [],
    "metas": [
        {
            "codigo": 14,
            "numero": 13,
            "titulo": "A\u00e7\u00e3o Contra a Mudan\u00e7a Global do Clima",
            "objetivo": "Tomar medidas urgentes para combater a mudan\u00e7a do clima e seus impactos*",
            "imagem_url": "14.jpg",
            "link": "http://www.agenda2030.org.br/ods/13/"
        },
        {
            "codigo": 16,
            "numero": 15,
            "titulo": "Vida Terrestre",
            "objetivo": "Proteger, recuperar e promover o uso sustent\u00e1vel dos ecossistemas terrestres, gerir de forma sustent\u00e1vel as florestas, combater a desertifica\u00e7\u00e3o, deter e reverter a degrada\u00e7\u00e3o da terra e deter a perda",
            "imagem_url": "16.jpg",
            "link": "http://www.agenda2030.org.br/ods/15/"
        }
    ],
    "eixos": [
        {
            "codigo": 6,
            "descricao": "Equidade, Justi\u00e7a Social e Cultura de Paz"
        }
    ],
    "valores": [
        {
            "codigo": 5511,
            "data": "2021-12-31 00:00:00",
            "valor": null,
            "descricao": "N\u00c3O"
        },
        {
            "codigo": 6607,
            "data": "2022-12-31 00:00:00",
            "valor": null,
            "descricao": "N\u00e3o"
        }
    ]
}