{
    "codigo": 4889,
    "nome": "N\u00famero de escolas p\u00fablicas com esporte educacional no turno obrigat\u00f3rio",
    "descricao": "N\u00famero de escolas p\u00fablicas com esporte educacional no turno obrigat\u00f3rio - Cidades Sustentaveis",
    "fonte": "Diretoria Regional de Ensino do Estado + Seduc",
    "tipoValor": "I",
    "periodicidade": {
        "codigo": 6,
        "descricao": "Anual"
    },
    "tags": [
        {
            "codigo": 3,
            "descricao": "Santos Educadora"
        }
    ],
    "secretarias": [
        {
            "codigo": 2907,
            "dado_codigo": 4889,
            "sigla": "SEDUC",
            "nome": "SECRETARIA MUNICIPAL DE EDUCA\u00c7\u00c3O"
        }
    ],
    "autarquias": [],
    "metas": [
        {
            "codigo": 5,
            "numero": 5,
            "titulo": "Igualdade de G\u00eanero",
            "objetivo": "Alcan\u00e7ar a igualdade de g\u00eanero e empoderar todas as mulheres e meninas",
            "imagem_url": "5.jpg",
            "link": "http://www.agenda2030.org.br/ods/5/"
        }
    ],
    "eixos": [
        {
            "codigo": 10,
            "descricao": "Educa\u00e7\u00e3o para a Sustentabilidade e Qualidade de Vida"
        }
    ],
    "valores": [
        {
            "codigo": 1636,
            "data": "2015-08-31 00:00:00",
            "valor": "63.00",
            "descricao": null
        },
        {
            "codigo": 1637,
            "data": "2017-12-31 00:00:00",
            "valor": "65.00",
            "descricao": null
        },
        {
            "codigo": 1638,
            "data": "2016-12-31 00:00:00",
            "valor": "63.00",
            "descricao": null
        },
        {
            "codigo": 1639,
            "data": "2013-08-31 00:00:00",
            "valor": "62.00",
            "descricao": null
        },
        {
            "codigo": 1640,
            "data": "2014-08-31 00:00:00",
            "valor": "62.00",
            "descricao": null
        },
        {
            "codigo": 3712,
            "data": "2018-12-31 00:00:00",
            "valor": "65.00",
            "descricao": null
        },
        {
            "codigo": 4492,
            "data": "2019-12-31 00:00:00",
            "valor": "66.00",
            "descricao": null
        },
        {
            "codigo": 4942,
            "data": "2020-12-31 00:00:00",
            "valor": "68.00",
            "descricao": null
        },
        {
            "codigo": 5593,
            "data": "2021-12-21 00:00:00",
            "valor": "69.00",
            "descricao": null
        },
        {
            "codigo": 6429,
            "data": "2022-12-31 00:00:00",
            "valor": "94.00",
            "descricao": null
        },
        {
            "codigo": 7065,
            "data": "2023-12-31 00:00:00",
            "valor": "96.00",
            "descricao": null
        }
    ]
}