{
    "codigo": 4890,
    "nome": "N\u00famero total de escolas p\u00fablicas no munic\u00edpio",
    "descricao": "N\u00famero total de escolas p\u00fablicas no munic\u00edpio - Cidades Sustentaveis",
    "fonte": "Diretoria Regional de Ensino do Estado + Seduc",
    "tipoValor": "I",
    "periodicidade": {
        "codigo": 6,
        "descricao": "Anual"
    },
    "tags": [
        {
            "codigo": 3,
            "descricao": "Santos Educadora"
        }
    ],
    "secretarias": [
        {
            "codigo": 2907,
            "dado_codigo": 4890,
            "sigla": "SEDUC",
            "nome": "SECRETARIA MUNICIPAL DE EDUCA\u00c7\u00c3O"
        }
    ],
    "autarquias": [],
    "metas": [
        {
            "codigo": 5,
            "numero": 5,
            "titulo": "Igualdade de G\u00eanero",
            "objetivo": "Alcan\u00e7ar a igualdade de g\u00eanero e empoderar todas as mulheres e meninas",
            "imagem_url": "5.jpg",
            "link": "http://www.agenda2030.org.br/ods/5/"
        }
    ],
    "eixos": [
        {
            "codigo": 10,
            "descricao": "Educa\u00e7\u00e3o para a Sustentabilidade e Qualidade de Vida"
        }
    ],
    "valores": [
        {
            "codigo": 1641,
            "data": "2014-08-31 00:00:00",
            "valor": "78.00",
            "descricao": null
        },
        {
            "codigo": 1642,
            "data": "2016-12-31 00:00:00",
            "valor": "81.00",
            "descricao": null
        },
        {
            "codigo": 1643,
            "data": "2013-08-31 00:00:00",
            "valor": "78.00",
            "descricao": null
        },
        {
            "codigo": 1644,
            "data": "2017-12-31 00:00:00",
            "valor": "81.00",
            "descricao": null
        },
        {
            "codigo": 1645,
            "data": "2015-08-31 00:00:00",
            "valor": "80.00",
            "descricao": null
        },
        {
            "codigo": 3713,
            "data": "2018-12-31 00:00:00",
            "valor": "81.00",
            "descricao": null
        },
        {
            "codigo": 4423,
            "data": "2019-12-31 00:00:00",
            "valor": "107.00",
            "descricao": null
        },
        {
            "codigo": 4943,
            "data": "2020-12-31 00:00:00",
            "valor": "110.00",
            "descricao": null
        },
        {
            "codigo": 5594,
            "data": "2021-12-21 00:00:00",
            "valor": "110.00",
            "descricao": null
        },
        {
            "codigo": 6445,
            "data": "2022-12-31 00:00:00",
            "valor": "732.00",
            "descricao": null
        },
        {
            "codigo": 7086,
            "data": "2023-12-31 00:00:00",
            "valor": "108.00",
            "descricao": null
        }
    ]
}