{
    "codigo": 4891,
    "nome": "N\u00famero de escolas p\u00fablicas de ensino fundamental e m\u00e9dio com acesso \u00e0 internet",
    "descricao": "N\u00famero de escolas p\u00fablicas de ensino fundamental e m\u00e9dio com acesso \u00e0 internet - Cidades Sustentaveis",
    "fonte": "Diretoria Regional de Ensino do Estado e Seduc",
    "tipoValor": "I",
    "periodicidade": {
        "codigo": 6,
        "descricao": "Anual"
    },
    "tags": [
        {
            "codigo": 3,
            "descricao": "Santos Educadora"
        }
    ],
    "secretarias": [
        {
            "codigo": 2907,
            "dado_codigo": 4891,
            "sigla": "SEDUC",
            "nome": "SECRETARIA MUNICIPAL DE EDUCA\u00c7\u00c3O"
        }
    ],
    "autarquias": [],
    "metas": [
        {
            "codigo": 5,
            "numero": 5,
            "titulo": "Igualdade de G\u00eanero",
            "objetivo": "Alcan\u00e7ar a igualdade de g\u00eanero e empoderar todas as mulheres e meninas",
            "imagem_url": "5.jpg",
            "link": "http://www.agenda2030.org.br/ods/5/"
        }
    ],
    "eixos": [
        {
            "codigo": 10,
            "descricao": "Educa\u00e7\u00e3o para a Sustentabilidade e Qualidade de Vida"
        }
    ],
    "valores": [
        {
            "codigo": 1646,
            "data": "2015-08-31 00:00:00",
            "valor": "39.00",
            "descricao": null
        },
        {
            "codigo": 1647,
            "data": "2014-08-31 00:00:00",
            "valor": "39.00",
            "descricao": null
        },
        {
            "codigo": 1648,
            "data": "2017-12-31 00:00:00",
            "valor": "40.00",
            "descricao": null
        },
        {
            "codigo": 1649,
            "data": "2013-08-31 00:00:00",
            "valor": "39.00",
            "descricao": null
        },
        {
            "codigo": 1650,
            "data": "2017-08-31 00:00:00",
            "valor": "40.00",
            "descricao": null
        },
        {
            "codigo": 1651,
            "data": "2016-12-31 00:00:00",
            "valor": "40.00",
            "descricao": null
        },
        {
            "codigo": 3714,
            "data": "2018-12-31 00:00:00",
            "valor": "40.00",
            "descricao": null
        },
        {
            "codigo": 4493,
            "data": "2019-12-31 00:00:00",
            "valor": "65.00",
            "descricao": null
        },
        {
            "codigo": 4944,
            "data": "2020-12-31 00:00:00",
            "valor": "65.00",
            "descricao": null
        },
        {
            "codigo": 5595,
            "data": "2021-12-21 00:00:00",
            "valor": "108.00",
            "descricao": null
        },
        {
            "codigo": 6430,
            "data": "2022-12-31 00:00:00",
            "valor": "41.00",
            "descricao": null
        },
        {
            "codigo": 7066,
            "data": "2023-12-31 00:00:00",
            "valor": "108.00",
            "descricao": null
        }
    ]
}