{
    "codigo": 4892,
    "nome": "N\u00famero de indiv\u00edduos at\u00e9 19 anos com ensino m\u00e9dio conclu\u00eddo",
    "descricao": "N\u00famero de indiv\u00edduos at\u00e9 19 anos com ensino m\u00e9dio conclu\u00eddo - Cidades Sustentaveis",
    "fonte": "Diretoria Regional de Ensino do Estado",
    "tipoValor": "I",
    "periodicidade": {
        "codigo": 6,
        "descricao": "Anual"
    },
    "tags": [
        {
            "codigo": 3,
            "descricao": "Santos Educadora"
        }
    ],
    "secretarias": [
        {
            "codigo": 2907,
            "dado_codigo": 4892,
            "sigla": "SEDUC",
            "nome": "SECRETARIA MUNICIPAL DE EDUCA\u00c7\u00c3O"
        }
    ],
    "autarquias": [],
    "metas": [
        {
            "codigo": 5,
            "numero": 5,
            "titulo": "Igualdade de G\u00eanero",
            "objetivo": "Alcan\u00e7ar a igualdade de g\u00eanero e empoderar todas as mulheres e meninas",
            "imagem_url": "5.jpg",
            "link": "http://www.agenda2030.org.br/ods/5/"
        }
    ],
    "eixos": [
        {
            "codigo": 10,
            "descricao": "Educa\u00e7\u00e3o para a Sustentabilidade e Qualidade de Vida"
        }
    ],
    "valores": [
        {
            "codigo": 1652,
            "data": "2014-12-31 00:00:00",
            "valor": "0.00",
            "descricao": null
        },
        {
            "codigo": 1653,
            "data": "2015-12-31 00:00:00",
            "valor": "0.00",
            "descricao": null
        },
        {
            "codigo": 1654,
            "data": "2013-12-31 00:00:00",
            "valor": "0.00",
            "descricao": null
        },
        {
            "codigo": 1655,
            "data": "2016-12-31 00:00:00",
            "valor": "0.00",
            "descricao": null
        },
        {
            "codigo": 1656,
            "data": "2017-12-31 00:00:00",
            "valor": "0.00",
            "descricao": null
        },
        {
            "codigo": 3715,
            "data": "2018-12-31 00:00:00",
            "valor": "2455.00",
            "descricao": null
        },
        {
            "codigo": 4514,
            "data": "2019-12-31 00:00:00",
            "valor": "2639.00",
            "descricao": null
        },
        {
            "codigo": 5203,
            "data": "2020-12-31 00:00:00",
            "valor": "2908.00",
            "descricao": null
        },
        {
            "codigo": 5625,
            "data": "2021-12-21 00:00:00",
            "valor": "2908.00",
            "descricao": null
        },
        {
            "codigo": 7068,
            "data": "2023-12-31 00:00:00",
            "valor": "2908.00",
            "descricao": null
        }
    ]
}