{
    "codigo": 4893,
    "nome": "Popula\u00e7\u00e3o at\u00e9 19 anos",
    "descricao": "Popula\u00e7\u00e3o at\u00e9 19 anos - Cidades Sustent\u00e1veis - IBGE",
    "fonte": "Diretoria Regional de Ensino do Estado",
    "tipoValor": "I",
    "periodicidade": {
        "codigo": 6,
        "descricao": "Anual"
    },
    "tags": [
        {
            "codigo": 3,
            "descricao": "Santos Educadora"
        }
    ],
    "secretarias": [
        {
            "codigo": 2907,
            "dado_codigo": 4893,
            "sigla": "SEDUC",
            "nome": "SECRETARIA MUNICIPAL DE EDUCA\u00c7\u00c3O"
        }
    ],
    "autarquias": [],
    "metas": [
        {
            "codigo": 5,
            "numero": 5,
            "titulo": "Igualdade de G\u00eanero",
            "objetivo": "Alcan\u00e7ar a igualdade de g\u00eanero e empoderar todas as mulheres e meninas",
            "imagem_url": "5.jpg",
            "link": "http://www.agenda2030.org.br/ods/5/"
        }
    ],
    "eixos": [
        {
            "codigo": 10,
            "descricao": "Educa\u00e7\u00e3o para a Sustentabilidade e Qualidade de Vida"
        }
    ],
    "valores": [
        {
            "codigo": 1657,
            "data": "2017-12-31 00:00:00",
            "valor": "94526.00",
            "descricao": null
        },
        {
            "codigo": 1658,
            "data": "2013-12-31 00:00:00",
            "valor": "97820.00",
            "descricao": null
        },
        {
            "codigo": 1659,
            "data": "2016-12-31 00:00:00",
            "valor": "97820.00",
            "descricao": null
        },
        {
            "codigo": 1660,
            "data": "2015-12-31 00:00:00",
            "valor": "97820.00",
            "descricao": null
        },
        {
            "codigo": 1661,
            "data": "2014-12-31 00:00:00",
            "valor": "97820.00",
            "descricao": null
        },
        {
            "codigo": 3716,
            "data": "2018-12-31 00:00:00",
            "valor": "94050.00",
            "descricao": null
        },
        {
            "codigo": 4354,
            "data": "2019-12-31 00:00:00",
            "valor": "94050.00",
            "descricao": null
        },
        {
            "codigo": 5121,
            "data": "2020-12-31 00:00:00",
            "valor": "93198.00",
            "descricao": null
        },
        {
            "codigo": 5626,
            "data": "2021-12-21 00:00:00",
            "valor": "93198.00",
            "descricao": null
        },
        {
            "codigo": 6848,
            "data": "2022-12-31 00:00:00",
            "valor": "81953.00",
            "descricao": null
        },
        {
            "codigo": 7098,
            "data": "2023-12-31 00:00:00",
            "valor": "81953.00",
            "descricao": null
        }
    ]
}