{
    "codigo": 4894,
    "nome": "Total de indiv\u00edduos de 4 a 17 anos na escola",
    "descricao": "Total de indiv\u00edduos de 4 a 17 anos na escola - Cidades Sustent\u00e1veis - IBGE",
    "fonte": "Diretoria Regional de Ensino do Estado + Seduc",
    "tipoValor": "I",
    "periodicidade": {
        "codigo": 6,
        "descricao": "Anual"
    },
    "tags": [
        {
            "codigo": 3,
            "descricao": "Santos Educadora"
        }
    ],
    "secretarias": [
        {
            "codigo": 2907,
            "dado_codigo": 4894,
            "sigla": "SEDUC",
            "nome": "SECRETARIA MUNICIPAL DE EDUCA\u00c7\u00c3O"
        }
    ],
    "autarquias": [],
    "metas": [
        {
            "codigo": 5,
            "numero": 5,
            "titulo": "Igualdade de G\u00eanero",
            "objetivo": "Alcan\u00e7ar a igualdade de g\u00eanero e empoderar todas as mulheres e meninas",
            "imagem_url": "5.jpg",
            "link": "http://www.agenda2030.org.br/ods/5/"
        }
    ],
    "eixos": [
        {
            "codigo": 10,
            "descricao": "Educa\u00e7\u00e3o para a Sustentabilidade e Qualidade de Vida"
        }
    ],
    "valores": [
        {
            "codigo": 1662,
            "data": "2015-12-31 00:00:00",
            "valor": "64549.00",
            "descricao": null
        },
        {
            "codigo": 1663,
            "data": "2014-12-31 00:00:00",
            "valor": "0.00",
            "descricao": null
        },
        {
            "codigo": 1664,
            "data": "2017-12-31 00:00:00",
            "valor": "0.00",
            "descricao": null
        },
        {
            "codigo": 1665,
            "data": "2016-12-31 00:00:00",
            "valor": "0.00",
            "descricao": null
        },
        {
            "codigo": 1666,
            "data": "2013-08-31 00:00:00",
            "valor": "40210.00",
            "descricao": null
        },
        {
            "codigo": 3910,
            "data": "2018-12-31 00:00:00",
            "valor": "64246.00",
            "descricao": null
        },
        {
            "codigo": 4355,
            "data": "2019-12-31 00:00:00",
            "valor": "56064.00",
            "descricao": null
        },
        {
            "codigo": 4945,
            "data": "2020-12-31 00:00:00",
            "valor": "25859.00",
            "descricao": null
        },
        {
            "codigo": 5454,
            "data": "2021-12-21 00:00:00",
            "valor": "30511.00",
            "descricao": null
        },
        {
            "codigo": 6461,
            "data": "2022-12-31 00:00:00",
            "valor": "23095.00",
            "descricao": null
        },
        {
            "codigo": 7106,
            "data": "2023-12-31 00:00:00",
            "valor": "23095.00",
            "descricao": null
        }
    ]
}