{
    "codigo": 4898,
    "nome": "N\u00famero total de matr\u00edculas no ensino fundamental em escolas p\u00fablicas municipais e estaduais",
    "descricao": "N\u00famero total de matr\u00edculas no ensino fundamental em escolas p\u00fablicas municipais e estaduais - Cidades Sustentaveis",
    "fonte": "Diretoria Regional de Ensino do Estado e Seduc",
    "tipoValor": "I",
    "periodicidade": {
        "codigo": 6,
        "descricao": "Anual"
    },
    "tags": [
        {
            "codigo": 3,
            "descricao": "Santos Educadora"
        }
    ],
    "secretarias": [
        {
            "codigo": 2907,
            "dado_codigo": 4898,
            "sigla": "SEDUC",
            "nome": "SECRETARIA MUNICIPAL DE EDUCA\u00c7\u00c3O"
        }
    ],
    "autarquias": [],
    "metas": [
        {
            "codigo": 5,
            "numero": 5,
            "titulo": "Igualdade de G\u00eanero",
            "objetivo": "Alcan\u00e7ar a igualdade de g\u00eanero e empoderar todas as mulheres e meninas",
            "imagem_url": "5.jpg",
            "link": "http://www.agenda2030.org.br/ods/5/"
        }
    ],
    "eixos": [
        {
            "codigo": 10,
            "descricao": "Educa\u00e7\u00e3o para a Sustentabilidade e Qualidade de Vida"
        }
    ],
    "valores": [
        {
            "codigo": 1682,
            "data": "2017-12-31 00:00:00",
            "valor": "18796.00",
            "descricao": null
        },
        {
            "codigo": 1683,
            "data": "2014-08-31 00:00:00",
            "valor": "19025.00",
            "descricao": null
        },
        {
            "codigo": 1684,
            "data": "2015-08-31 00:00:00",
            "valor": "19191.00",
            "descricao": null
        },
        {
            "codigo": 1685,
            "data": "2016-12-31 00:00:00",
            "valor": "19302.00",
            "descricao": null
        },
        {
            "codigo": 1686,
            "data": "2013-08-31 00:00:00",
            "valor": "19161.00",
            "descricao": null
        },
        {
            "codigo": 3718,
            "data": "2018-12-31 00:00:00",
            "valor": "19284.00",
            "descricao": null
        },
        {
            "codigo": 4358,
            "data": "2019-12-31 00:00:00",
            "valor": "26956.00",
            "descricao": null
        },
        {
            "codigo": 4948,
            "data": "2020-12-31 00:00:00",
            "valor": "19440.00",
            "descricao": null
        },
        {
            "codigo": 5598,
            "data": "2021-12-21 00:00:00",
            "valor": "25979.00",
            "descricao": null
        },
        {
            "codigo": 6451,
            "data": "2022-12-31 00:00:00",
            "valor": "45296.00",
            "descricao": null
        },
        {
            "codigo": 7094,
            "data": "2023-12-31 00:00:00",
            "valor": "25508.00",
            "descricao": null
        }
    ]
}