{
    "codigo": 4899,
    "nome": "N\u00famero total de inscritos no ensino fundamental (matr\u00edculas efetuadas + vagas solicitadas)",
    "descricao": "N\u00famero total de inscritos no ensino fundamental (matr\u00edculas efetuadas + vagas solicitadas) - Cidades Sustentaveis",
    "fonte": "Diretoria Regional de Ensino do Estado e Seduc",
    "tipoValor": "I",
    "periodicidade": {
        "codigo": 6,
        "descricao": "Anual"
    },
    "tags": [
        {
            "codigo": 3,
            "descricao": "Santos Educadora"
        }
    ],
    "secretarias": [
        {
            "codigo": 2907,
            "dado_codigo": 4899,
            "sigla": "SEDUC",
            "nome": "SECRETARIA MUNICIPAL DE EDUCA\u00c7\u00c3O"
        }
    ],
    "autarquias": [],
    "metas": [
        {
            "codigo": 5,
            "numero": 5,
            "titulo": "Igualdade de G\u00eanero",
            "objetivo": "Alcan\u00e7ar a igualdade de g\u00eanero e empoderar todas as mulheres e meninas",
            "imagem_url": "5.jpg",
            "link": "http://www.agenda2030.org.br/ods/5/"
        }
    ],
    "eixos": [
        {
            "codigo": 10,
            "descricao": "Educa\u00e7\u00e3o para a Sustentabilidade e Qualidade de Vida"
        }
    ],
    "valores": [
        {
            "codigo": 1687,
            "data": "2017-12-31 00:00:00",
            "valor": "18796.00",
            "descricao": null
        },
        {
            "codigo": 1688,
            "data": "2015-08-31 00:00:00",
            "valor": "19191.00",
            "descricao": null
        },
        {
            "codigo": 1689,
            "data": "2014-08-31 00:00:00",
            "valor": "19025.00",
            "descricao": null
        },
        {
            "codigo": 1690,
            "data": "2016-12-31 00:00:00",
            "valor": "19302.00",
            "descricao": null
        },
        {
            "codigo": 1691,
            "data": "2013-08-31 00:00:00",
            "valor": "19161.00",
            "descricao": null
        },
        {
            "codigo": 3911,
            "data": "2018-12-31 00:00:00",
            "valor": "19284.00",
            "descricao": null
        },
        {
            "codigo": 4359,
            "data": "2019-12-31 00:00:00",
            "valor": "26956.00",
            "descricao": null
        },
        {
            "codigo": 4949,
            "data": "2020-12-31 00:00:00",
            "valor": "21283.00",
            "descricao": null
        },
        {
            "codigo": 5627,
            "data": "2021-12-21 00:00:00",
            "valor": "25979.00",
            "descricao": null
        },
        {
            "codigo": 6448,
            "data": "2022-12-31 00:00:00",
            "valor": "19400.00",
            "descricao": null
        },
        {
            "codigo": 7089,
            "data": "2023-12-31 00:00:00",
            "valor": "25508.00",
            "descricao": null
        }
    ]
}