{
    "codigo": 4900,
    "nome": "N\u00famero total de matr\u00edculas no ensino m\u00e9dio em escolas p\u00fablicas municipais e estaduais",
    "descricao": "N\u00famero total de matr\u00edculas no ensino m\u00e9dio em escolas p\u00fablicas municipais e estaduais - Cidades Sustentaveis",
    "fonte": "Diretoria Regional de Ensino do Estado",
    "tipoValor": "I",
    "periodicidade": {
        "codigo": 6,
        "descricao": "Anual"
    },
    "tags": [
        {
            "codigo": 3,
            "descricao": "Santos Educadora"
        }
    ],
    "secretarias": [
        {
            "codigo": 2907,
            "dado_codigo": 4900,
            "sigla": "SEDUC",
            "nome": "SECRETARIA MUNICIPAL DE EDUCA\u00c7\u00c3O"
        }
    ],
    "autarquias": [],
    "metas": [
        {
            "codigo": 5,
            "numero": 5,
            "titulo": "Igualdade de G\u00eanero",
            "objetivo": "Alcan\u00e7ar a igualdade de g\u00eanero e empoderar todas as mulheres e meninas",
            "imagem_url": "5.jpg",
            "link": "http://www.agenda2030.org.br/ods/5/"
        }
    ],
    "eixos": [
        {
            "codigo": 10,
            "descricao": "Educa\u00e7\u00e3o para a Sustentabilidade e Qualidade de Vida"
        }
    ],
    "valores": [
        {
            "codigo": 1692,
            "data": "2013-08-31 00:00:00",
            "valor": "10094.00",
            "descricao": null
        },
        {
            "codigo": 1693,
            "data": "2016-12-31 00:00:00",
            "valor": "0.00",
            "descricao": null
        },
        {
            "codigo": 1694,
            "data": "2015-08-31 00:00:00",
            "valor": "9262.00",
            "descricao": null
        },
        {
            "codigo": 1695,
            "data": "2014-08-31 00:00:00",
            "valor": "10188.00",
            "descricao": null
        },
        {
            "codigo": 1696,
            "data": "2017-12-31 00:00:00",
            "valor": "0.00",
            "descricao": null
        },
        {
            "codigo": 3761,
            "data": "2018-12-31 00:00:00",
            "valor": "14294.00",
            "descricao": null
        },
        {
            "codigo": 4360,
            "data": "2019-12-31 00:00:00",
            "valor": "11732.00",
            "descricao": null
        },
        {
            "codigo": 5207,
            "data": "2020-12-31 00:00:00",
            "valor": "12211.00",
            "descricao": null
        },
        {
            "codigo": 5628,
            "data": "2021-12-21 00:00:00",
            "valor": "12211.00",
            "descricao": null
        },
        {
            "codigo": 6847,
            "data": "2022-12-31 00:00:00",
            "valor": "16999.00",
            "descricao": null
        },
        {
            "codigo": 7096,
            "data": "2023-12-31 00:00:00",
            "valor": "12756.00",
            "descricao": null
        }
    ]
}