{
    "codigo": 4901,
    "nome": "N\u00famero total de inscritos no ensino m\u00e9dio (matr\u00edculas efetuadas + vagas solicitadas)",
    "descricao": "N\u00famero total de inscritos no ensino m\u00e9dio (matr\u00edculas efetuadas + vagas solicitadas) - Cidades Sustentaveis",
    "fonte": "Seduc",
    "tipoValor": "I",
    "periodicidade": {
        "codigo": 6,
        "descricao": "Anual"
    },
    "tags": [
        {
            "codigo": 3,
            "descricao": "Santos Educadora"
        }
    ],
    "secretarias": [
        {
            "codigo": 2907,
            "dado_codigo": 4901,
            "sigla": "SEDUC",
            "nome": "SECRETARIA MUNICIPAL DE EDUCA\u00c7\u00c3O"
        }
    ],
    "autarquias": [],
    "metas": [],
    "eixos": [],
    "valores": [
        {
            "codigo": 1697,
            "data": "2013-12-31 00:00:00",
            "valor": "0.00",
            "descricao": null
        },
        {
            "codigo": 1698,
            "data": "2015-12-31 00:00:00",
            "valor": "0.00",
            "descricao": null
        },
        {
            "codigo": 1699,
            "data": "2016-12-31 00:00:00",
            "valor": "0.00",
            "descricao": null
        },
        {
            "codigo": 1700,
            "data": "2017-12-31 00:00:00",
            "valor": "0.00",
            "descricao": null
        },
        {
            "codigo": 1701,
            "data": "2014-12-31 00:00:00",
            "valor": "0.00",
            "descricao": null
        },
        {
            "codigo": 3760,
            "data": "2018-12-31 00:00:00",
            "valor": "14294.00",
            "descricao": null
        },
        {
            "codigo": 4361,
            "data": "2019-12-31 00:00:00",
            "valor": "11732.00",
            "descricao": null
        },
        {
            "codigo": 5208,
            "data": "2020-12-31 00:00:00",
            "valor": "12211.00",
            "descricao": null
        },
        {
            "codigo": 5629,
            "data": "2021-12-21 00:00:00",
            "valor": "12211.00",
            "descricao": null
        },
        {
            "codigo": 6450,
            "data": "2022-12-31 00:00:00",
            "valor": "0.00",
            "descricao": null
        },
        {
            "codigo": 7090,
            "data": "2023-12-31 00:00:00",
            "valor": "12756.00",
            "descricao": null
        }
    ]
}