{
    "codigo": 4975,
    "nome": "N\u00famero de alunos com defic\u00eancia e transtornos globais do desenvolvimento matriculados em classes comuns na rede regular de ensino.",
    "descricao": "N\u00famero de alunos com defic\u00eancia e transtornos globais do desenvolvimento matriculados em classes comuns na rede regular de ensino. - Cidades Sustentaveis",
    "fonte": "Diretoria Regional de Ensino do Estado + Seduc",
    "tipoValor": "I",
    "periodicidade": {
        "codigo": 6,
        "descricao": "Anual"
    },
    "tags": [
        {
            "codigo": 3,
            "descricao": "Santos Educadora"
        }
    ],
    "secretarias": [
        {
            "codigo": 2907,
            "dado_codigo": 4975,
            "sigla": "SEDUC",
            "nome": "SECRETARIA MUNICIPAL DE EDUCA\u00c7\u00c3O"
        }
    ],
    "autarquias": [],
    "metas": [
        {
            "codigo": 5,
            "numero": 5,
            "titulo": "Igualdade de G\u00eanero",
            "objetivo": "Alcan\u00e7ar a igualdade de g\u00eanero e empoderar todas as mulheres e meninas",
            "imagem_url": "5.jpg",
            "link": "http://www.agenda2030.org.br/ods/5/"
        }
    ],
    "eixos": [
        {
            "codigo": 10,
            "descricao": "Educa\u00e7\u00e3o para a Sustentabilidade e Qualidade de Vida"
        }
    ],
    "valores": [
        {
            "codigo": 2083,
            "data": "2015-08-31 00:00:00",
            "valor": "860.00",
            "descricao": null
        },
        {
            "codigo": 2084,
            "data": "2013-08-31 00:00:00",
            "valor": "988.00",
            "descricao": null
        },
        {
            "codigo": 2085,
            "data": "2014-08-31 00:00:00",
            "valor": "946.00",
            "descricao": null
        },
        {
            "codigo": 2086,
            "data": "2017-12-31 00:00:00",
            "valor": "1017.00",
            "descricao": null
        },
        {
            "codigo": 2087,
            "data": "2016-12-31 00:00:00",
            "valor": "893.00",
            "descricao": null
        },
        {
            "codigo": 3913,
            "data": "2018-12-31 00:00:00",
            "valor": "973.00",
            "descricao": null
        },
        {
            "codigo": 4363,
            "data": "2019-12-31 00:00:00",
            "valor": "1043.00",
            "descricao": null
        },
        {
            "codigo": 4957,
            "data": "2020-12-31 00:00:00",
            "valor": "1574.00",
            "descricao": null
        },
        {
            "codigo": 5631,
            "data": "2021-12-21 00:00:00",
            "valor": "1574.00",
            "descricao": null
        },
        {
            "codigo": 6414,
            "data": "2022-12-31 00:00:00",
            "valor": "3958.00",
            "descricao": null
        },
        {
            "codigo": 7049,
            "data": "2023-12-31 00:00:00",
            "valor": "2369.00",
            "descricao": null
        }
    ]
}