{
    "codigo": 4977,
    "nome": "N\u00famero de alunos, professores e funcion\u00e1rios v\u00edtimas de viol\u00eancia no ambiente escolar",
    "descricao": "N\u00famero de alunos, professores e funcion\u00e1rios v\u00edtimas de viol\u00eancia no ambiente escolar - Cidades Sustentaveis",
    "fonte": "Diretoria Regional de Ensino do Estado + Seduc",
    "tipoValor": "I",
    "periodicidade": {
        "codigo": 6,
        "descricao": "Anual"
    },
    "tags": [
        {
            "codigo": 3,
            "descricao": "Santos Educadora"
        }
    ],
    "secretarias": [
        {
            "codigo": 2907,
            "dado_codigo": 4977,
            "sigla": "SEDUC",
            "nome": "SECRETARIA MUNICIPAL DE EDUCA\u00c7\u00c3O"
        }
    ],
    "autarquias": [],
    "metas": [
        {
            "codigo": 5,
            "numero": 5,
            "titulo": "Igualdade de G\u00eanero",
            "objetivo": "Alcan\u00e7ar a igualdade de g\u00eanero e empoderar todas as mulheres e meninas",
            "imagem_url": "5.jpg",
            "link": "http://www.agenda2030.org.br/ods/5/"
        }
    ],
    "eixos": [
        {
            "codigo": 10,
            "descricao": "Educa\u00e7\u00e3o para a Sustentabilidade e Qualidade de Vida"
        }
    ],
    "valores": [
        {
            "codigo": 2093,
            "data": "2016-12-31 00:00:00",
            "valor": "14.00",
            "descricao": null
        },
        {
            "codigo": 2094,
            "data": "2017-12-31 00:00:00",
            "valor": "0.00",
            "descricao": null
        },
        {
            "codigo": 2095,
            "data": "2014-08-31 00:00:00",
            "valor": "109.00",
            "descricao": null
        },
        {
            "codigo": 2096,
            "data": "2013-08-31 00:00:00",
            "valor": "49.00",
            "descricao": null
        },
        {
            "codigo": 2097,
            "data": "2015-08-31 00:00:00",
            "valor": "50.00",
            "descricao": null
        },
        {
            "codigo": 3766,
            "data": "2018-12-31 00:00:00",
            "valor": "0.00",
            "descricao": null
        },
        {
            "codigo": 4365,
            "data": "2019-12-31 00:00:00",
            "valor": "0.00",
            "descricao": null
        },
        {
            "codigo": 5087,
            "data": "2020-12-31 00:00:00",
            "valor": "0.00",
            "descricao": null
        },
        {
            "codigo": 5633,
            "data": "2021-12-21 00:00:00",
            "valor": "4.00",
            "descricao": null
        },
        {
            "codigo": 7056,
            "data": "2023-12-31 00:00:00",
            "valor": "0.00",
            "descricao": null
        }
    ]
}