{
    "codigo": 4979,
    "nome": "Popula\u00e7\u00e3o que tem escolaridade de at\u00e9 3 anos de estudo",
    "descricao": "Popula\u00e7\u00e3o que tem escolaridade de at\u00e9 3 anos de estudo - Cidades Sustent\u00e1veis - IBGE",
    "fonte": "IBGE",
    "tipoValor": "I",
    "periodicidade": {
        "codigo": 6,
        "descricao": "Anual"
    },
    "tags": [
        {
            "codigo": 3,
            "descricao": "Santos Educadora"
        }
    ],
    "secretarias": [
        {
            "codigo": 2907,
            "dado_codigo": 4979,
            "sigla": "SEDUC",
            "nome": "SECRETARIA MUNICIPAL DE EDUCA\u00c7\u00c3O"
        }
    ],
    "autarquias": [],
    "metas": [
        {
            "codigo": 5,
            "numero": 5,
            "titulo": "Igualdade de G\u00eanero",
            "objetivo": "Alcan\u00e7ar a igualdade de g\u00eanero e empoderar todas as mulheres e meninas",
            "imagem_url": "5.jpg",
            "link": "http://www.agenda2030.org.br/ods/5/"
        }
    ],
    "eixos": [
        {
            "codigo": 10,
            "descricao": "Educa\u00e7\u00e3o para a Sustentabilidade e Qualidade de Vida"
        }
    ],
    "valores": [
        {
            "codigo": 2103,
            "data": "2016-12-31 00:00:00",
            "valor": "0.00",
            "descricao": null
        },
        {
            "codigo": 2104,
            "data": "2017-12-31 00:00:00",
            "valor": "0.00",
            "descricao": null
        },
        {
            "codigo": 2105,
            "data": "2014-12-31 00:00:00",
            "valor": "0.00",
            "descricao": null
        },
        {
            "codigo": 2106,
            "data": "2015-12-31 00:00:00",
            "valor": "0.00",
            "descricao": null
        },
        {
            "codigo": 2107,
            "data": "2013-12-31 00:00:00",
            "valor": "0.00",
            "descricao": null
        },
        {
            "codigo": 3768,
            "data": "2018-12-31 00:00:00",
            "valor": "19457.00",
            "descricao": null
        },
        {
            "codigo": 4138,
            "data": "2019-12-31 00:00:00",
            "valor": "19457.00",
            "descricao": null
        },
        {
            "codigo": 5114,
            "data": "2020-12-31 00:00:00",
            "valor": "19457.00",
            "descricao": null
        },
        {
            "codigo": 5635,
            "data": "2021-12-21 00:00:00",
            "valor": "19457.00",
            "descricao": null
        },
        {
            "codigo": 6457,
            "data": "2022-12-31 00:00:00",
            "valor": "19457.00",
            "descricao": null
        },
        {
            "codigo": 7102,
            "data": "2023-12-31 00:00:00",
            "valor": "19457.00",
            "descricao": null
        }
    ]
}