{
    "codigo": 5022,
    "nome": "N\u00famero total de alunos do ensino fundamental (anos finais) matriculados na rede municipal",
    "descricao": "N\u00famero total de alunos do ensino fundamental (anos finais) matriculados na rede municipal - Cidades Sustentaveis",
    "fonte": "Seduc",
    "tipoValor": "I",
    "periodicidade": {
        "codigo": 6,
        "descricao": "Anual"
    },
    "tags": [
        {
            "codigo": 3,
            "descricao": "Santos Educadora"
        }
    ],
    "secretarias": [
        {
            "codigo": 2907,
            "dado_codigo": 5022,
            "sigla": "SEDUC",
            "nome": "SECRETARIA MUNICIPAL DE EDUCA\u00c7\u00c3O"
        }
    ],
    "autarquias": [],
    "metas": [
        {
            "codigo": 5,
            "numero": 5,
            "titulo": "Igualdade de G\u00eanero",
            "objetivo": "Alcan\u00e7ar a igualdade de g\u00eanero e empoderar todas as mulheres e meninas",
            "imagem_url": "5.jpg",
            "link": "http://www.agenda2030.org.br/ods/5/"
        }
    ],
    "eixos": [
        {
            "codigo": 10,
            "descricao": "Educa\u00e7\u00e3o para a Sustentabilidade e Qualidade de Vida"
        }
    ],
    "valores": [
        {
            "codigo": 2313,
            "data": "2016-12-31 00:00:00",
            "valor": "4620.00",
            "descricao": null
        },
        {
            "codigo": 2314,
            "data": "2015-08-31 00:00:00",
            "valor": "4542.00",
            "descricao": null
        },
        {
            "codigo": 2315,
            "data": "2017-12-31 00:00:00",
            "valor": "4199.00",
            "descricao": null
        },
        {
            "codigo": 2316,
            "data": "2013-08-31 00:00:00",
            "valor": "4515.00",
            "descricao": null
        },
        {
            "codigo": 2317,
            "data": "2014-08-31 00:00:00",
            "valor": "4393.00",
            "descricao": null
        },
        {
            "codigo": 3834,
            "data": "2018-12-31 00:00:00",
            "valor": "4854.00",
            "descricao": null
        },
        {
            "codigo": 4370,
            "data": "2019-12-31 00:00:00",
            "valor": "5076.00",
            "descricao": null
        },
        {
            "codigo": 4994,
            "data": "2020-12-31 00:00:00",
            "valor": "5096.00",
            "descricao": null
        },
        {
            "codigo": 5455,
            "data": "2021-12-21 00:00:00",
            "valor": "5832.00",
            "descricao": null
        },
        {
            "codigo": 6440,
            "data": "2022-12-31 00:00:00",
            "valor": "4906.00",
            "descricao": null
        },
        {
            "codigo": 7079,
            "data": "2023-12-31 00:00:00",
            "valor": "4833.00",
            "descricao": null
        }
    ]
}