{
    "codigo": 5032,
    "nome": "N\u00famero de escolas que possuem banheiros, depend\u00eancias e vias adequadas a pessoas com defici\u00eancia e mobilidade reduzida",
    "descricao": "N\u00famero de escolas que possuem banheiros, depend\u00eancias e vias adequadas a pessoas com defici\u00eancia e mobilidade reduzida - Cidades Sustentaveis",
    "fonte": "Diretoria Regional de Ensino do Estado + Seduc",
    "tipoValor": "I",
    "periodicidade": {
        "codigo": 6,
        "descricao": "Anual"
    },
    "tags": [
        {
            "codigo": 3,
            "descricao": "Santos Educadora"
        }
    ],
    "secretarias": [
        {
            "codigo": 2907,
            "dado_codigo": 5032,
            "sigla": "SEDUC",
            "nome": "SECRETARIA MUNICIPAL DE EDUCA\u00c7\u00c3O"
        }
    ],
    "autarquias": [],
    "metas": [
        {
            "codigo": 5,
            "numero": 5,
            "titulo": "Igualdade de G\u00eanero",
            "objetivo": "Alcan\u00e7ar a igualdade de g\u00eanero e empoderar todas as mulheres e meninas",
            "imagem_url": "5.jpg",
            "link": "http://www.agenda2030.org.br/ods/5/"
        }
    ],
    "eixos": [
        {
            "codigo": 10,
            "descricao": "Educa\u00e7\u00e3o para a Sustentabilidade e Qualidade de Vida"
        }
    ],
    "valores": [
        {
            "codigo": 2363,
            "data": "2016-12-31 00:00:00",
            "valor": "28.00",
            "descricao": null
        },
        {
            "codigo": 2364,
            "data": "2015-12-31 00:00:00",
            "valor": "28.00",
            "descricao": null
        },
        {
            "codigo": 2365,
            "data": "2013-12-31 00:00:00",
            "valor": "28.00",
            "descricao": null
        },
        {
            "codigo": 2366,
            "data": "2017-12-31 00:00:00",
            "valor": "28.00",
            "descricao": null
        },
        {
            "codigo": 2367,
            "data": "2014-12-31 00:00:00",
            "valor": "28.00",
            "descricao": null
        },
        {
            "codigo": 3772,
            "data": "2018-12-31 00:00:00",
            "valor": "55.00",
            "descricao": null
        },
        {
            "codigo": 4601,
            "data": "2019-12-31 00:00:00",
            "valor": "71.00",
            "descricao": null
        },
        {
            "codigo": 5001,
            "data": "2020-12-31 00:00:00",
            "valor": "71.00",
            "descricao": null
        },
        {
            "codigo": 5638,
            "data": "2021-12-21 00:00:00",
            "valor": "71.00",
            "descricao": null
        },
        {
            "codigo": 6431,
            "data": "2022-12-31 00:00:00",
            "valor": "86.00",
            "descricao": null
        },
        {
            "codigo": 7398,
            "data": "2023-12-31 00:00:00",
            "valor": "86.00",
            "descricao": null
        }
    ]
}