{
    "codigo": 5147,
    "nome": "N\u00famero total de professores da rede p\u00fablica",
    "descricao": "N\u00famero total de professores da rede p\u00fablica - Cidades Sustentaveis",
    "fonte": "Seduc",
    "tipoValor": "I",
    "periodicidade": {
        "codigo": 6,
        "descricao": "Anual"
    },
    "tags": [
        {
            "codigo": 3,
            "descricao": "Santos Educadora"
        }
    ],
    "secretarias": [
        {
            "codigo": 2907,
            "dado_codigo": 5147,
            "sigla": "SEDUC",
            "nome": "SECRETARIA MUNICIPAL DE EDUCA\u00c7\u00c3O"
        }
    ],
    "autarquias": [],
    "metas": [
        {
            "codigo": 5,
            "numero": 5,
            "titulo": "Igualdade de G\u00eanero",
            "objetivo": "Alcan\u00e7ar a igualdade de g\u00eanero e empoderar todas as mulheres e meninas",
            "imagem_url": "5.jpg",
            "link": "http://www.agenda2030.org.br/ods/5/"
        }
    ],
    "eixos": [
        {
            "codigo": 10,
            "descricao": "Educa\u00e7\u00e3o para a Sustentabilidade e Qualidade de Vida"
        }
    ],
    "valores": [
        {
            "codigo": 2938,
            "data": "2013-08-31 00:00:00",
            "valor": "3019.00",
            "descricao": null
        },
        {
            "codigo": 2939,
            "data": "2017-12-31 00:00:00",
            "valor": "3080.00",
            "descricao": null
        },
        {
            "codigo": 2940,
            "data": "2014-08-31 00:00:00",
            "valor": "3058.00",
            "descricao": null
        },
        {
            "codigo": 2941,
            "data": "2015-08-31 00:00:00",
            "valor": "3053.00",
            "descricao": null
        },
        {
            "codigo": 2942,
            "data": "2016-12-31 00:00:00",
            "valor": "3058.00",
            "descricao": null
        },
        {
            "codigo": 3777,
            "data": "2018-12-31 00:00:00",
            "valor": "3076.00",
            "descricao": null
        },
        {
            "codigo": 4374,
            "data": "2019-12-31 00:00:00",
            "valor": "3168.00",
            "descricao": null
        },
        {
            "codigo": 5118,
            "data": "2020-12-31 00:00:00",
            "valor": "3234.00",
            "descricao": null
        },
        {
            "codigo": 5557,
            "data": "2021-12-21 00:00:00",
            "valor": "2635.00",
            "descricao": null
        },
        {
            "codigo": 6453,
            "data": "2022-12-31 00:00:00",
            "valor": "3033.00",
            "descricao": null
        },
        {
            "codigo": 7362,
            "data": "2023-12-31 00:00:00",
            "valor": "2297.00",
            "descricao": null
        }
    ]
}