{
    "codigo": 5158,
    "nome": "Nota de L\u00edngua Portuguesa da Prova Brasil",
    "descricao": "Nota de l\u00edngua portuguesa da Prova Brasil - Cidades Sustentaveis",
    "fonte": "Seduc",
    "tipoValor": "I",
    "periodicidade": {
        "codigo": 6,
        "descricao": "Anual"
    },
    "tags": [
        {
            "codigo": 3,
            "descricao": "Santos Educadora"
        }
    ],
    "secretarias": [
        {
            "codigo": 2907,
            "dado_codigo": 5158,
            "sigla": "SEDUC",
            "nome": "SECRETARIA MUNICIPAL DE EDUCA\u00c7\u00c3O"
        }
    ],
    "autarquias": [],
    "metas": [
        {
            "codigo": 5,
            "numero": 5,
            "titulo": "Igualdade de G\u00eanero",
            "objetivo": "Alcan\u00e7ar a igualdade de g\u00eanero e empoderar todas as mulheres e meninas",
            "imagem_url": "5.jpg",
            "link": "http://www.agenda2030.org.br/ods/5/"
        }
    ],
    "eixos": [
        {
            "codigo": 8,
            "descricao": "Planejamento e Desenho Urbano"
        }
    ],
    "valores": [
        {
            "codigo": 2993,
            "data": "2017-12-31 00:00:00",
            "valor": "263.00",
            "descricao": null
        },
        {
            "codigo": 2995,
            "data": "2014-08-31 00:00:00",
            "valor": "242.00",
            "descricao": null
        },
        {
            "codigo": 2996,
            "data": "2013-08-31 00:00:00",
            "valor": "242.00",
            "descricao": null
        },
        {
            "codigo": 2997,
            "data": "2015-08-31 00:00:00",
            "valor": "264.00",
            "descricao": null
        },
        {
            "codigo": 2998,
            "data": "2016-08-31 00:00:00",
            "valor": "264.00",
            "descricao": null
        },
        {
            "codigo": 3783,
            "data": "2018-12-31 00:00:00",
            "valor": "263.00",
            "descricao": null
        },
        {
            "codigo": 4503,
            "data": "2019-12-31 00:00:00",
            "valor": "263.00",
            "descricao": null
        },
        {
            "codigo": 5013,
            "data": "2020-12-31 00:00:00",
            "valor": "263.00",
            "descricao": null
        },
        {
            "codigo": 5648,
            "data": "2021-12-21 00:00:00",
            "valor": "263.00",
            "descricao": null
        },
        {
            "codigo": 6409,
            "data": "2022-12-31 00:00:00",
            "valor": "21388.00",
            "descricao": null
        },
        {
            "codigo": 7029,
            "data": "2023-12-31 00:00:00",
            "valor": "21388.00",
            "descricao": null
        }
    ]
}