{
    "codigo": 5159,
    "nome": "Nota de Matem\u00e1tica da Prova Brasil",
    "descricao": "Nota de matem\u00e1tica da Prova Brasil - Cidades Sustentaveis",
    "fonte": "Seduc",
    "tipoValor": "I",
    "periodicidade": {
        "codigo": 6,
        "descricao": "Anual"
    },
    "tags": [
        {
            "codigo": 3,
            "descricao": "Santos Educadora"
        }
    ],
    "secretarias": [
        {
            "codigo": 2907,
            "dado_codigo": 5159,
            "sigla": "SEDUC",
            "nome": "SECRETARIA MUNICIPAL DE EDUCA\u00c7\u00c3O"
        }
    ],
    "autarquias": [],
    "metas": [
        {
            "codigo": 5,
            "numero": 5,
            "titulo": "Igualdade de G\u00eanero",
            "objetivo": "Alcan\u00e7ar a igualdade de g\u00eanero e empoderar todas as mulheres e meninas",
            "imagem_url": "5.jpg",
            "link": "http://www.agenda2030.org.br/ods/5/"
        }
    ],
    "eixos": [
        {
            "codigo": 8,
            "descricao": "Planejamento e Desenho Urbano"
        }
    ],
    "valores": [
        {
            "codigo": 3000,
            "data": "2013-08-31 00:00:00",
            "valor": "248.00",
            "descricao": null
        },
        {
            "codigo": 3001,
            "data": "2017-12-31 00:00:00",
            "valor": "260.00",
            "descricao": null
        },
        {
            "codigo": 3002,
            "data": "2016-08-31 00:00:00",
            "valor": "268.00",
            "descricao": null
        },
        {
            "codigo": 3003,
            "data": "2015-08-31 00:00:00",
            "valor": "268.00",
            "descricao": null
        },
        {
            "codigo": 3004,
            "data": "2014-08-31 00:00:00",
            "valor": "248.00",
            "descricao": null
        },
        {
            "codigo": 3784,
            "data": "2018-12-31 00:00:00",
            "valor": "260.00",
            "descricao": null
        },
        {
            "codigo": 4504,
            "data": "2019-12-31 00:00:00",
            "valor": "262.00",
            "descricao": null
        },
        {
            "codigo": 5015,
            "data": "2020-12-31 00:00:00",
            "valor": "262.00",
            "descricao": null
        },
        {
            "codigo": 5649,
            "data": "2021-12-21 00:00:00",
            "valor": "262.00",
            "descricao": null
        },
        {
            "codigo": 6410,
            "data": "2022-12-31 00:00:00",
            "valor": "22398.00",
            "descricao": null
        },
        {
            "codigo": 7030,
            "data": "2023-12-31 00:00:00",
            "valor": "22398.00",
            "descricao": null
        }
    ]
}