{
    "codigo": 5164,
    "nome": "N\u00famero de professores no ensino m\u00e9dio",
    "descricao": "N\u00famero de professores no ensino m\u00e9dio - Cidades Sustentaveis",
    "fonte": "Diretoria Regional de Ensino do Estado",
    "tipoValor": "I",
    "periodicidade": {
        "codigo": 6,
        "descricao": "Anual"
    },
    "tags": [
        {
            "codigo": 3,
            "descricao": "Santos Educadora"
        }
    ],
    "secretarias": [
        {
            "codigo": 2907,
            "dado_codigo": 5164,
            "sigla": "SEDUC",
            "nome": "SECRETARIA MUNICIPAL DE EDUCA\u00c7\u00c3O"
        }
    ],
    "autarquias": [],
    "metas": [
        {
            "codigo": 5,
            "numero": 5,
            "titulo": "Igualdade de G\u00eanero",
            "objetivo": "Alcan\u00e7ar a igualdade de g\u00eanero e empoderar todas as mulheres e meninas",
            "imagem_url": "5.jpg",
            "link": "http://www.agenda2030.org.br/ods/5/"
        }
    ],
    "eixos": [
        {
            "codigo": 10,
            "descricao": "Educa\u00e7\u00e3o para a Sustentabilidade e Qualidade de Vida"
        }
    ],
    "valores": [
        {
            "codigo": 3025,
            "data": "2016-12-31 00:00:00",
            "valor": "0.00",
            "descricao": null
        },
        {
            "codigo": 3026,
            "data": "2017-12-31 00:00:00",
            "valor": "0.00",
            "descricao": null
        },
        {
            "codigo": 3027,
            "data": "2014-12-31 00:00:00",
            "valor": "0.00",
            "descricao": null
        },
        {
            "codigo": 3028,
            "data": "2013-12-31 00:00:00",
            "valor": "0.00",
            "descricao": null
        },
        {
            "codigo": 3029,
            "data": "2015-12-31 00:00:00",
            "valor": "0.00",
            "descricao": null
        },
        {
            "codigo": 3787,
            "data": "2018-12-31 00:00:00",
            "valor": "0.00",
            "descricao": null
        },
        {
            "codigo": 4513,
            "data": "2019-12-31 00:00:00",
            "valor": "858.00",
            "descricao": null
        },
        {
            "codigo": 5197,
            "data": "2020-12-31 00:00:00",
            "valor": "950.00",
            "descricao": null
        },
        {
            "codigo": 5650,
            "data": "2021-12-21 00:00:00",
            "valor": "950.00",
            "descricao": null
        },
        {
            "codigo": 6819,
            "data": "2022-12-31 00:00:00",
            "valor": "1276.00",
            "descricao": null
        },
        {
            "codigo": 7074,
            "data": "2023-12-31 00:00:00",
            "valor": "1276.00",
            "descricao": null
        }
    ]
}