{
    "codigo": 5192,
    "nome": "Popula\u00e7\u00e3o na faixa et\u00e1ria de 5 a 8 anos de idade",
    "descricao": "Popula\u00e7\u00e3o na faixa et\u00e1ria de 5 a 8 anos de idade - Cidades Sustent\u00e1veis - IBGE",
    "fonte": "Seduc",
    "tipoValor": "I",
    "periodicidade": {
        "codigo": 6,
        "descricao": "Anual"
    },
    "tags": [
        {
            "codigo": 3,
            "descricao": "Santos Educadora"
        }
    ],
    "secretarias": [
        {
            "codigo": 2907,
            "dado_codigo": 5192,
            "sigla": "SEDUC",
            "nome": "SECRETARIA MUNICIPAL DE EDUCA\u00c7\u00c3O"
        }
    ],
    "autarquias": [],
    "metas": [
        {
            "codigo": 5,
            "numero": 5,
            "titulo": "Igualdade de G\u00eanero",
            "objetivo": "Alcan\u00e7ar a igualdade de g\u00eanero e empoderar todas as mulheres e meninas",
            "imagem_url": "5.jpg",
            "link": "http://www.agenda2030.org.br/ods/5/"
        }
    ],
    "eixos": [
        {
            "codigo": 10,
            "descricao": "Educa\u00e7\u00e3o para a Sustentabilidade e Qualidade de Vida"
        }
    ],
    "valores": [
        {
            "codigo": 3155,
            "data": "2017-12-31 00:00:00",
            "valor": "22529.00",
            "descricao": null
        },
        {
            "codigo": 3156,
            "data": "2013-12-31 00:00:00",
            "valor": "22529.00",
            "descricao": null
        },
        {
            "codigo": 3157,
            "data": "2015-12-31 00:00:00",
            "valor": "22529.00",
            "descricao": null
        },
        {
            "codigo": 3158,
            "data": "2014-12-31 00:00:00",
            "valor": "22529.00",
            "descricao": null
        },
        {
            "codigo": 3159,
            "data": "2016-12-31 00:00:00",
            "valor": "22529.00",
            "descricao": null
        },
        {
            "codigo": 3790,
            "data": "2018-12-31 00:00:00",
            "valor": "22529.00",
            "descricao": null
        },
        {
            "codigo": 4380,
            "data": "2019-12-31 00:00:00",
            "valor": "22529.00",
            "descricao": null
        },
        {
            "codigo": 5200,
            "data": "2020-12-31 00:00:00",
            "valor": "22529.00",
            "descricao": null
        },
        {
            "codigo": 5651,
            "data": "2021-12-21 00:00:00",
            "valor": "22529.00",
            "descricao": null
        },
        {
            "codigo": 6456,
            "data": "2022-12-31 00:00:00",
            "valor": "22529.00",
            "descricao": null
        },
        {
            "codigo": 7101,
            "data": "2023-12-31 00:00:00",
            "valor": "22529.00",
            "descricao": null
        }
    ]
}