{
    "codigo": 5266,
    "nome": "Nota do \u00cdndice de Desenvolvimento da Educa\u00e7\u00e3o B\u00e1sica (IDEB) - Rede municipal - anos iniciais",
    "descricao": "Nota do \u00cdndice de Desenvolvimento da Educa\u00e7\u00e3o B\u00e1sica (IDEB) - Rede municipal - anos iniciais - Cidades Sustentaveis",
    "fonte": "Inep",
    "tipoValor": "D",
    "periodicidade": {
        "codigo": 6,
        "descricao": "Anual"
    },
    "tags": [
        {
            "codigo": 3,
            "descricao": "Santos Educadora"
        }
    ],
    "secretarias": [
        {
            "codigo": 2907,
            "dado_codigo": 5266,
            "sigla": "SEDUC",
            "nome": "SECRETARIA MUNICIPAL DE EDUCA\u00c7\u00c3O"
        }
    ],
    "autarquias": [],
    "metas": [
        {
            "codigo": 5,
            "numero": 5,
            "titulo": "Igualdade de G\u00eanero",
            "objetivo": "Alcan\u00e7ar a igualdade de g\u00eanero e empoderar todas as mulheres e meninas",
            "imagem_url": "5.jpg",
            "link": "http://www.agenda2030.org.br/ods/5/"
        }
    ],
    "eixos": [
        {
            "codigo": 10,
            "descricao": "Educa\u00e7\u00e3o para a Sustentabilidade e Qualidade de Vida"
        }
    ],
    "valores": [
        {
            "codigo": 3241,
            "data": "2015-08-31 00:00:00",
            "valor": "6.10",
            "descricao": null
        },
        {
            "codigo": 3242,
            "data": "2016-12-31 00:00:00",
            "valor": "6.10",
            "descricao": null
        },
        {
            "codigo": 3243,
            "data": "2014-08-31 00:00:00",
            "valor": "5.60",
            "descricao": null
        },
        {
            "codigo": 3244,
            "data": "2013-08-31 00:00:00",
            "valor": "5.60",
            "descricao": null
        },
        {
            "codigo": 3245,
            "data": "2017-12-31 00:00:00",
            "valor": "6.00",
            "descricao": null
        },
        {
            "codigo": 3792,
            "data": "2018-12-31 00:00:00",
            "valor": "6.00",
            "descricao": null
        },
        {
            "codigo": 4505,
            "data": "2019-12-31 00:00:00",
            "valor": "6.00",
            "descricao": null
        },
        {
            "codigo": 5116,
            "data": "2020-12-31 00:00:00",
            "valor": "5.80",
            "descricao": null
        },
        {
            "codigo": 5608,
            "data": "2021-12-21 00:00:00",
            "valor": "5.80",
            "descricao": null
        },
        {
            "codigo": 6412,
            "data": "2022-12-31 00:00:00",
            "valor": "5.90",
            "descricao": null
        },
        {
            "codigo": 7032,
            "data": "2023-12-31 00:00:00",
            "valor": "5.90",
            "descricao": null
        }
    ]
}