{
    "codigo": 5270,
    "nome": "N\u00famero total de inscritos em creches (matr\u00edculas efetuadas + vagas solicitadas)",
    "descricao": "N\u00famero total de inscritos em creches (matr\u00edculas efetuadas + vagas solicitadas) - Cidades Sustentaveis",
    "fonte": "Seduc",
    "tipoValor": "I",
    "periodicidade": {
        "codigo": 6,
        "descricao": "Anual"
    },
    "tags": [
        {
            "codigo": 3,
            "descricao": "Santos Educadora"
        }
    ],
    "secretarias": [
        {
            "codigo": 2907,
            "dado_codigo": 5270,
            "sigla": "SEDUC",
            "nome": "SECRETARIA MUNICIPAL DE EDUCA\u00c7\u00c3O"
        }
    ],
    "autarquias": [],
    "metas": [
        {
            "codigo": 5,
            "numero": 5,
            "titulo": "Igualdade de G\u00eanero",
            "objetivo": "Alcan\u00e7ar a igualdade de g\u00eanero e empoderar todas as mulheres e meninas",
            "imagem_url": "5.jpg",
            "link": "http://www.agenda2030.org.br/ods/5/"
        }
    ],
    "eixos": [
        {
            "codigo": 10,
            "descricao": "Educa\u00e7\u00e3o para a Sustentabilidade e Qualidade de Vida"
        }
    ],
    "valores": [
        {
            "codigo": 3261,
            "data": "2016-12-31 00:00:00",
            "valor": "4219.00",
            "descricao": null
        },
        {
            "codigo": 3262,
            "data": "2013-08-31 00:00:00",
            "valor": "3549.00",
            "descricao": null
        },
        {
            "codigo": 3263,
            "data": "2014-08-31 00:00:00",
            "valor": "3841.00",
            "descricao": null
        },
        {
            "codigo": 3264,
            "data": "2015-08-31 00:00:00",
            "valor": "4063.00",
            "descricao": null
        },
        {
            "codigo": 3265,
            "data": "2017-12-31 00:00:00",
            "valor": "4144.00",
            "descricao": null
        },
        {
            "codigo": 3852,
            "data": "2018-12-31 00:00:00",
            "valor": "4045.00",
            "descricao": null
        },
        {
            "codigo": 4382,
            "data": "2019-12-31 00:00:00",
            "valor": "3841.00",
            "descricao": null
        },
        {
            "codigo": 5028,
            "data": "2020-12-31 00:00:00",
            "valor": "4052.00",
            "descricao": null
        },
        {
            "codigo": 5468,
            "data": "2021-12-21 00:00:00",
            "valor": "3418.00",
            "descricao": null
        },
        {
            "codigo": 6446,
            "data": "2022-12-31 00:00:00",
            "valor": "6980.00",
            "descricao": null
        },
        {
            "codigo": 7359,
            "data": "2023-12-31 00:00:00",
            "valor": "7252.00",
            "descricao": null
        }
    ]
}