{
    "codigo": 5317,
    "nome": "Alunos de inclus\u00e3o atendidos em classes regulares",
    "descricao": "Alunos de Inclus\u00e3o Atendidos em Classes Regulares - Cidade Aberta",
    "fonte": "Censo Inep",
    "tipoValor": "I",
    "periodicidade": {
        "codigo": 6,
        "descricao": "Anual"
    },
    "tags": [
        {
            "codigo": 3,
            "descricao": "Santos Educadora"
        }
    ],
    "secretarias": [
        {
            "codigo": 2907,
            "dado_codigo": 5317,
            "sigla": "SEDUC",
            "nome": "SECRETARIA MUNICIPAL DE EDUCA\u00c7\u00c3O"
        }
    ],
    "autarquias": [],
    "metas": [
        {
            "codigo": 6,
            "numero": 4,
            "titulo": "Educa\u00e7\u00e3o de Qualidade",
            "objetivo": "Assegurar a educa\u00e7\u00e3o inclusiva e equitativa de qualidade, e promover oportunidades de aprendizagem ao longo da vida para todos",
            "imagem_url": "6.jpg",
            "link": "http://www.agenda2030.org.br/ods/4/"
        },
        {
            "codigo": 11,
            "numero": 10,
            "titulo": "Redu\u00e7\u00e3o da Desigualdades",
            "objetivo": "Reduzir a desigualdade dentro dos pa\u00edses e entre eles",
            "imagem_url": "11.jpg",
            "link": "http://www.agenda2030.org.br/ods/10/"
        }
    ],
    "eixos": [
        {
            "codigo": 10,
            "descricao": "Educa\u00e7\u00e3o para a Sustentabilidade e Qualidade de Vida"
        }
    ],
    "valores": [
        {
            "codigo": 309,
            "data": "2009-12-31 00:00:00",
            "valor": "502.00",
            "descricao": null
        },
        {
            "codigo": 310,
            "data": "2010-12-31 00:00:00",
            "valor": "764.00",
            "descricao": null
        },
        {
            "codigo": 311,
            "data": "2011-12-31 00:00:00",
            "valor": "332.00",
            "descricao": null
        },
        {
            "codigo": 312,
            "data": "2012-12-31 00:00:00",
            "valor": "1000.00",
            "descricao": null
        },
        {
            "codigo": 313,
            "data": "2013-12-31 00:00:00",
            "valor": "909.00",
            "descricao": null
        },
        {
            "codigo": 314,
            "data": "2014-12-31 00:00:00",
            "valor": "881.00",
            "descricao": null
        },
        {
            "codigo": 315,
            "data": "2016-12-31 00:00:00",
            "valor": "1009.00",
            "descricao": null
        },
        {
            "codigo": 316,
            "data": "2015-12-31 00:00:00",
            "valor": "929.00",
            "descricao": null
        },
        {
            "codigo": 3838,
            "data": "2018-12-31 00:00:00",
            "valor": "973.00",
            "descricao": null
        },
        {
            "codigo": 4383,
            "data": "2019-12-31 00:00:00",
            "valor": "1043.00",
            "descricao": null
        },
        {
            "codigo": 5031,
            "data": "2020-12-31 00:00:00",
            "valor": "1190.00",
            "descricao": null
        },
        {
            "codigo": 5470,
            "data": "2021-12-21 00:00:00",
            "valor": "1185.00",
            "descricao": null
        },
        {
            "codigo": 6400,
            "data": "2022-12-31 00:00:00",
            "valor": "1554.00",
            "descricao": null
        },
        {
            "codigo": 7021,
            "data": "2023-12-31 00:00:00",
            "valor": "2369.00",
            "descricao": null
        }
    ]
}