{
    "codigo": 5319,
    "nome": "Atendimento na Educa\u00e7\u00e3o de Jovens e Adultos (EJA)",
    "descricao": "Atendimento Adultos (EJA) - Cidade Aberta",
    "fonte": "Censo Inep",
    "tipoValor": "I",
    "periodicidade": {
        "codigo": 6,
        "descricao": "Anual"
    },
    "tags": [
        {
            "codigo": 3,
            "descricao": "Santos Educadora"
        }
    ],
    "secretarias": [
        {
            "codigo": 2907,
            "dado_codigo": 5319,
            "sigla": "SEDUC",
            "nome": "SECRETARIA MUNICIPAL DE EDUCA\u00c7\u00c3O"
        }
    ],
    "autarquias": [],
    "metas": [
        {
            "codigo": 6,
            "numero": 4,
            "titulo": "Educa\u00e7\u00e3o de Qualidade",
            "objetivo": "Assegurar a educa\u00e7\u00e3o inclusiva e equitativa de qualidade, e promover oportunidades de aprendizagem ao longo da vida para todos",
            "imagem_url": "6.jpg",
            "link": "http://www.agenda2030.org.br/ods/4/"
        }
    ],
    "eixos": [
        {
            "codigo": 10,
            "descricao": "Educa\u00e7\u00e3o para a Sustentabilidade e Qualidade de Vida"
        }
    ],
    "valores": [
        {
            "codigo": 325,
            "data": "2013-12-31 00:00:00",
            "valor": "1751.00",
            "descricao": null
        },
        {
            "codigo": 326,
            "data": "2014-12-31 00:00:00",
            "valor": "1622.00",
            "descricao": null
        },
        {
            "codigo": 327,
            "data": "2015-12-31 00:00:00",
            "valor": "1421.00",
            "descricao": null
        },
        {
            "codigo": 328,
            "data": "2012-12-31 00:00:00",
            "valor": "1897.00",
            "descricao": null
        },
        {
            "codigo": 329,
            "data": "2011-12-31 00:00:00",
            "valor": "1946.00",
            "descricao": null
        },
        {
            "codigo": 330,
            "data": "2010-12-31 00:00:00",
            "valor": "1750.00",
            "descricao": null
        },
        {
            "codigo": 331,
            "data": "2016-12-31 00:00:00",
            "valor": "950.00",
            "descricao": null
        },
        {
            "codigo": 332,
            "data": "2009-12-31 00:00:00",
            "valor": "2317.00",
            "descricao": null
        },
        {
            "codigo": 3869,
            "data": "2018-12-31 00:00:00",
            "valor": "7325.00",
            "descricao": null
        },
        {
            "codigo": 4384,
            "data": "2019-12-31 00:00:00",
            "valor": "5973.00",
            "descricao": null
        },
        {
            "codigo": 5035,
            "data": "2020-12-31 00:00:00",
            "valor": "638.00",
            "descricao": null
        },
        {
            "codigo": 5472,
            "data": "2021-12-21 00:00:00",
            "valor": "606.00",
            "descricao": null
        },
        {
            "codigo": 6406,
            "data": "2022-12-31 00:00:00",
            "valor": "541.00",
            "descricao": null
        },
        {
            "codigo": 7027,
            "data": "2023-12-31 00:00:00",
            "valor": "628.00",
            "descricao": null
        }
    ]
}