{
    "codigo": 5321,
    "nome": "Atendimento de matr\u00edculas (Ensino Infantil e Ensino Fundamental)",
    "descricao": "Atendimento de matr\u00edculas (Ensino Infantil e Ensino Fundamental) - Cidade Aberta",
    "fonte": "Censo Inep",
    "tipoValor": "I",
    "periodicidade": {
        "codigo": 6,
        "descricao": "Anual"
    },
    "tags": [
        {
            "codigo": 3,
            "descricao": "Santos Educadora"
        }
    ],
    "secretarias": [
        {
            "codigo": 2907,
            "dado_codigo": 5321,
            "sigla": "SEDUC",
            "nome": "SECRETARIA MUNICIPAL DE EDUCA\u00c7\u00c3O"
        }
    ],
    "autarquias": [],
    "metas": [
        {
            "codigo": 6,
            "numero": 4,
            "titulo": "Educa\u00e7\u00e3o de Qualidade",
            "objetivo": "Assegurar a educa\u00e7\u00e3o inclusiva e equitativa de qualidade, e promover oportunidades de aprendizagem ao longo da vida para todos",
            "imagem_url": "6.jpg",
            "link": "http://www.agenda2030.org.br/ods/4/"
        }
    ],
    "eixos": [
        {
            "codigo": 10,
            "descricao": "Educa\u00e7\u00e3o para a Sustentabilidade e Qualidade de Vida"
        }
    ],
    "valores": [
        {
            "codigo": 341,
            "data": "2016-12-31 00:00:00",
            "valor": "27422.00",
            "descricao": null
        },
        {
            "codigo": 342,
            "data": "2010-12-31 00:00:00",
            "valor": "33379.00",
            "descricao": null
        },
        {
            "codigo": 343,
            "data": "2011-12-31 00:00:00",
            "valor": "33548.00",
            "descricao": null
        },
        {
            "codigo": 344,
            "data": "2012-12-31 00:00:00",
            "valor": "32180.00",
            "descricao": null
        },
        {
            "codigo": 345,
            "data": "2009-12-31 00:00:00",
            "valor": "33936.00",
            "descricao": null
        },
        {
            "codigo": 346,
            "data": "2014-12-31 00:00:00",
            "valor": "31690.00",
            "descricao": null
        },
        {
            "codigo": 347,
            "data": "2013-12-31 00:00:00",
            "valor": "31978.00",
            "descricao": null
        },
        {
            "codigo": 348,
            "data": "2015-12-31 00:00:00",
            "valor": "31973.00",
            "descricao": null
        },
        {
            "codigo": 3875,
            "data": "2018-12-31 00:00:00",
            "valor": "27120.00",
            "descricao": null
        },
        {
            "codigo": 4386,
            "data": "2019-12-31 00:00:00",
            "valor": "27415.00",
            "descricao": null
        },
        {
            "codigo": 5038,
            "data": "2020-12-31 00:00:00",
            "valor": "27198.00",
            "descricao": null
        },
        {
            "codigo": 5474,
            "data": "2021-12-21 00:00:00",
            "valor": "32687.00",
            "descricao": null
        },
        {
            "codigo": 6405,
            "data": "2022-12-31 00:00:00",
            "valor": "31803.00",
            "descricao": null
        },
        {
            "codigo": 7352,
            "data": "2023-12-31 00:00:00",
            "valor": "26749.00",
            "descricao": null
        }
    ]
}