{
    "codigo": 5328,
    "nome": "N\u00famero de escolas por 1000 crian\u00e7as",
    "descricao": "N\u00famero de Escolas por 1000 crian\u00e7as - Cidade Aberta",
    "fonte": "Censo Inep",
    "tipoValor": "I",
    "periodicidade": {
        "codigo": 6,
        "descricao": "Anual"
    },
    "tags": [
        {
            "codigo": 3,
            "descricao": "Santos Educadora"
        }
    ],
    "secretarias": [
        {
            "codigo": 2907,
            "dado_codigo": 5328,
            "sigla": "SEDUC",
            "nome": "SECRETARIA MUNICIPAL DE EDUCA\u00c7\u00c3O"
        }
    ],
    "autarquias": [],
    "metas": [
        {
            "codigo": 5,
            "numero": 5,
            "titulo": "Igualdade de G\u00eanero",
            "objetivo": "Alcan\u00e7ar a igualdade de g\u00eanero e empoderar todas as mulheres e meninas",
            "imagem_url": "5.jpg",
            "link": "http://www.agenda2030.org.br/ods/5/"
        }
    ],
    "eixos": [
        {
            "codigo": 10,
            "descricao": "Educa\u00e7\u00e3o para a Sustentabilidade e Qualidade de Vida"
        }
    ],
    "valores": [
        {
            "codigo": 397,
            "data": "2012-12-31 00:00:00",
            "valor": "3.00",
            "descricao": null
        },
        {
            "codigo": 398,
            "data": "2013-12-31 00:00:00",
            "valor": "2.00",
            "descricao": null
        },
        {
            "codigo": 399,
            "data": "2010-12-31 00:00:00",
            "valor": "3.00",
            "descricao": null
        },
        {
            "codigo": 400,
            "data": "2011-12-31 00:00:00",
            "valor": "3.00",
            "descricao": null
        },
        {
            "codigo": 401,
            "data": "2009-12-31 00:00:00",
            "valor": "3.00",
            "descricao": null
        },
        {
            "codigo": 402,
            "data": "2015-12-31 00:00:00",
            "valor": "1.00",
            "descricao": null
        },
        {
            "codigo": 403,
            "data": "2016-12-31 00:00:00",
            "valor": "1.00",
            "descricao": null
        },
        {
            "codigo": 404,
            "data": "2014-12-31 00:00:00",
            "valor": "2.00",
            "descricao": null
        },
        {
            "codigo": 3919,
            "data": "2018-12-31 00:00:00",
            "valor": "3.00",
            "descricao": null
        },
        {
            "codigo": 4390,
            "data": "2019-12-31 00:00:00",
            "valor": "3.00",
            "descricao": null
        },
        {
            "codigo": 5205,
            "data": "2020-12-31 00:00:00",
            "valor": "3.00",
            "descricao": null
        },
        {
            "codigo": 5486,
            "data": "2021-12-21 00:00:00",
            "valor": "3.00",
            "descricao": null
        },
        {
            "codigo": 6428,
            "data": "2022-12-31 00:00:00",
            "valor": "3.00",
            "descricao": null
        },
        {
            "codigo": 7063,
            "data": "2023-12-31 00:00:00",
            "valor": "3.00",
            "descricao": null
        }
    ]
}