{
    "codigo": 5330,
    "nome": "Valores Aplicados no Ensino",
    "descricao": "Valores Aplicados no Ensino - Cidade Aberta",
    "fonte": "PROGAMA SIG - PRODATA - Execu\u00e7\u00e3o da LOA (valores previstos e efetivamente aplicados) e LRF (limites m\u00ednimos)",
    "tipoValor": "D",
    "periodicidade": {
        "codigo": 6,
        "descricao": "Anual"
    },
    "tags": [
        {
            "codigo": 3,
            "descricao": "Santos Educadora"
        }
    ],
    "secretarias": [
        {
            "codigo": 2907,
            "dado_codigo": 5330,
            "sigla": "SEDUC",
            "nome": "SECRETARIA MUNICIPAL DE EDUCA\u00c7\u00c3O"
        }
    ],
    "autarquias": [],
    "metas": [
        {
            "codigo": 5,
            "numero": 5,
            "titulo": "Igualdade de G\u00eanero",
            "objetivo": "Alcan\u00e7ar a igualdade de g\u00eanero e empoderar todas as mulheres e meninas",
            "imagem_url": "5.jpg",
            "link": "http://www.agenda2030.org.br/ods/5/"
        }
    ],
    "eixos": [
        {
            "codigo": 10,
            "descricao": "Educa\u00e7\u00e3o para a Sustentabilidade e Qualidade de Vida"
        }
    ],
    "valores": [
        {
            "codigo": 413,
            "data": "2013-12-31 00:00:00",
            "valor": "999999.99",
            "descricao": null
        },
        {
            "codigo": 414,
            "data": "2009-12-31 00:00:00",
            "valor": "999999.99",
            "descricao": null
        },
        {
            "codigo": 415,
            "data": "2012-12-31 00:00:00",
            "valor": "999999.99",
            "descricao": null
        },
        {
            "codigo": 416,
            "data": "2016-12-31 00:00:00",
            "valor": "999999.99",
            "descricao": null
        },
        {
            "codigo": 417,
            "data": "2014-12-31 00:00:00",
            "valor": "999999.99",
            "descricao": null
        },
        {
            "codigo": 418,
            "data": "2010-12-31 00:00:00",
            "valor": "999999.99",
            "descricao": null
        },
        {
            "codigo": 419,
            "data": "2011-12-31 00:00:00",
            "valor": "999999.99",
            "descricao": null
        },
        {
            "codigo": 420,
            "data": "2015-12-31 00:00:00",
            "valor": "999999.99",
            "descricao": null
        },
        {
            "codigo": 3795,
            "data": "2018-12-31 00:00:00",
            "valor": "999999.99",
            "descricao": null
        },
        {
            "codigo": 4391,
            "data": "2019-12-31 00:00:00",
            "valor": "622797579.15",
            "descricao": null
        },
        {
            "codigo": 5218,
            "data": "2020-12-31 00:00:00",
            "valor": "599209265.97",
            "descricao": null
        },
        {
            "codigo": 5652,
            "data": "2021-12-21 00:00:00",
            "valor": "599209265.97",
            "descricao": null
        },
        {
            "codigo": 7109,
            "data": "2023-12-31 00:00:00",
            "valor": "809245374.51",
            "descricao": null
        }
    ]
}