{
    "codigo": 5487,
    "nome": "Quantidade de alunos participantes nos cursos de Libras oferecidos pelo munic\u00edpio",
    "descricao": "Quantidade de alunos participantes nos cursos de Libras oferecidos pelo munic\u00edpio",
    "fonte": "Seduc",
    "tipoValor": "I",
    "periodicidade": {
        "codigo": 6,
        "descricao": "Anual"
    },
    "tags": [
        {
            "codigo": 3,
            "descricao": "Santos Educadora"
        }
    ],
    "secretarias": [
        {
            "codigo": 2907,
            "dado_codigo": 5487,
            "sigla": "SEDUC",
            "nome": "SECRETARIA MUNICIPAL DE EDUCA\u00c7\u00c3O"
        }
    ],
    "autarquias": [],
    "metas": [
        {
            "codigo": 11,
            "numero": 10,
            "titulo": "Redu\u00e7\u00e3o da Desigualdades",
            "objetivo": "Reduzir a desigualdade dentro dos pa\u00edses e entre eles",
            "imagem_url": "11.jpg",
            "link": "http://www.agenda2030.org.br/ods/10/"
        }
    ],
    "eixos": [
        {
            "codigo": 10,
            "descricao": "Educa\u00e7\u00e3o para a Sustentabilidade e Qualidade de Vida"
        }
    ],
    "valores": [
        {
            "codigo": 3938,
            "data": "2018-12-31 00:00:00",
            "valor": "0.00",
            "descricao": null
        },
        {
            "codigo": 4392,
            "data": "2019-12-31 00:00:00",
            "valor": "0.00",
            "descricao": null
        },
        {
            "codigo": 5198,
            "data": "2020-12-31 00:00:00",
            "valor": "0.00",
            "descricao": null
        },
        {
            "codigo": 5653,
            "data": "2021-12-21 00:00:00",
            "valor": "0.00",
            "descricao": null
        },
        {
            "codigo": 6458,
            "data": "2022-12-31 00:00:00",
            "valor": "64.00",
            "descricao": null
        },
        {
            "codigo": 7103,
            "data": "2023-12-31 00:00:00",
            "valor": "56.00",
            "descricao": null
        }
    ]
}