{
    "codigo": 5508,
    "nome": "N\u00famero total de matr\u00edculas no ensino fundamental em escolas p\u00fablicas municipais e estaduais (Dado fornecido pelo Estado)",
    "descricao": "N\u00famero total de matr\u00edculas no ensino fundamental em escolas p\u00fablicas municipais e estaduais (Dado fornecido pelo Estado) \u2013 Cidades Sustent\u00e1veis",
    "fonte": "Diretoria de Ensino do Estado",
    "tipoValor": "I",
    "periodicidade": {
        "codigo": 6,
        "descricao": "Anual"
    },
    "tags": [
        {
            "codigo": 3,
            "descricao": "Santos Educadora"
        }
    ],
    "secretarias": [
        {
            "codigo": 2907,
            "dado_codigo": 5508,
            "sigla": "SEDUC",
            "nome": "SECRETARIA MUNICIPAL DE EDUCA\u00c7\u00c3O"
        }
    ],
    "autarquias": [],
    "metas": [
        {
            "codigo": 6,
            "numero": 4,
            "titulo": "Educa\u00e7\u00e3o de Qualidade",
            "objetivo": "Assegurar a educa\u00e7\u00e3o inclusiva e equitativa de qualidade, e promover oportunidades de aprendizagem ao longo da vida para todos",
            "imagem_url": "6.jpg",
            "link": "http://www.agenda2030.org.br/ods/4/"
        }
    ],
    "eixos": [
        {
            "codigo": 10,
            "descricao": "Educa\u00e7\u00e3o para a Sustentabilidade e Qualidade de Vida"
        }
    ],
    "valores": [
        {
            "codigo": 3317,
            "data": "2017-12-31 00:00:00",
            "valor": "6902.00",
            "descricao": null
        },
        {
            "codigo": 3318,
            "data": "2016-12-31 00:00:00",
            "valor": "7100.00",
            "descricao": null
        },
        {
            "codigo": 3319,
            "data": "2015-12-31 00:00:00",
            "valor": "6578.00",
            "descricao": null
        },
        {
            "codigo": 3320,
            "data": "2014-12-31 00:00:00",
            "valor": "6574.00",
            "descricao": null
        },
        {
            "codigo": 3964,
            "data": "2018-12-31 00:00:00",
            "valor": "28931.00",
            "descricao": null
        },
        {
            "codigo": 4393,
            "data": "2019-12-31 00:00:00",
            "valor": "26956.00",
            "descricao": null
        },
        {
            "codigo": 5135,
            "data": "2020-12-31 00:00:00",
            "valor": "19440.00",
            "descricao": null
        },
        {
            "codigo": 5611,
            "data": "2021-12-21 00:00:00",
            "valor": "25979.00",
            "descricao": null
        },
        {
            "codigo": 6846,
            "data": "2022-12-31 00:00:00",
            "valor": "25896.00",
            "descricao": null
        },
        {
            "codigo": 7095,
            "data": "2023-12-31 00:00:00",
            "valor": "25508.00",
            "descricao": null
        }
    ]
}