{
    "codigo": 5512,
    "nome": "N\u00famero total de alunos da rede p\u00fablica (Dado fornecido pelo Estado)",
    "descricao": "N\u00famero total de alunos da rede p\u00fablica (Dado fornecido pelo Estado) \u2013 Cidades Sustent\u00e1veis",
    "fonte": "Diretoria de Ensino do Estado",
    "tipoValor": "I",
    "periodicidade": {
        "codigo": 6,
        "descricao": "Anual"
    },
    "tags": [
        {
            "codigo": 3,
            "descricao": "Santos Educadora"
        }
    ],
    "secretarias": [
        {
            "codigo": 2907,
            "dado_codigo": 5512,
            "sigla": "SEDUC",
            "nome": "SECRETARIA MUNICIPAL DE EDUCA\u00c7\u00c3O"
        }
    ],
    "autarquias": [],
    "metas": [
        {
            "codigo": 6,
            "numero": 4,
            "titulo": "Educa\u00e7\u00e3o de Qualidade",
            "objetivo": "Assegurar a educa\u00e7\u00e3o inclusiva e equitativa de qualidade, e promover oportunidades de aprendizagem ao longo da vida para todos",
            "imagem_url": "6.jpg",
            "link": "http://www.agenda2030.org.br/ods/4/"
        }
    ],
    "eixos": [
        {
            "codigo": 10,
            "descricao": "Educa\u00e7\u00e3o para a Sustentabilidade e Qualidade de Vida"
        }
    ],
    "valores": [
        {
            "codigo": 3333,
            "data": "2017-12-31 00:00:00",
            "valor": "17525.00",
            "descricao": null
        },
        {
            "codigo": 3334,
            "data": "2016-12-31 00:00:00",
            "valor": "17705.00",
            "descricao": null
        },
        {
            "codigo": 3335,
            "data": "2015-12-31 00:00:00",
            "valor": "16758.00",
            "descricao": null
        },
        {
            "codigo": 3336,
            "data": "2014-12-31 00:00:00",
            "valor": "16972.00",
            "descricao": null
        },
        {
            "codigo": 3967,
            "data": "2018-12-31 00:00:00",
            "valor": "54159.00",
            "descricao": null
        },
        {
            "codigo": 4396,
            "data": "2019-12-31 00:00:00",
            "valor": "52370.00",
            "descricao": null
        },
        {
            "codigo": 5194,
            "data": "2020-12-31 00:00:00",
            "valor": "89760.00",
            "descricao": null
        },
        {
            "codigo": 5614,
            "data": "2021-12-21 00:00:00",
            "valor": "78200.00",
            "descricao": null
        },
        {
            "codigo": 6826,
            "data": "2022-12-31 00:00:00",
            "valor": "89551.00",
            "descricao": null
        },
        {
            "codigo": 7078,
            "data": "2023-12-31 00:00:00",
            "valor": "49788.00",
            "descricao": null
        }
    ]
}