{
    "codigo": 4871,
    "nome": "Total de analfabetos com 15 anos ou mais",
    "descricao": "Total de analfabetos com 15 anos ou mais - Cidades Sustentaveis - IBGE",
    "fonte": "IBGE",
    "tipoValor": "I",
    "periodicidade": {
        "codigo": 6,
        "descricao": "Anual"
    },
    "tags": [
        {
            "codigo": 3,
            "descricao": "Santos Educadora"
        }
    ],
    "secretarias": [
        {
            "codigo": 2907,
            "dado_codigo": 4871,
            "sigla": "SEDUC",
            "nome": "SECRETARIA MUNICIPAL DE EDUCA\u00c7\u00c3O"
        }
    ],
    "autarquias": [],
    "metas": [
        {
            "codigo": 5,
            "numero": 5,
            "titulo": "Igualdade de G\u00eanero",
            "objetivo": "Alcan\u00e7ar a igualdade de g\u00eanero e empoderar todas as mulheres e meninas",
            "imagem_url": "5.jpg",
            "link": "http://www.agenda2030.org.br/ods/5/"
        }
    ],
    "eixos": [
        {
            "codigo": 10,
            "descricao": "Educa\u00e7\u00e3o para a Sustentabilidade e Qualidade de Vida"
        }
    ],
    "valores": [
        {
            "codigo": 1545,
            "data": "2016-12-31 00:00:00",
            "valor": "7751.00",
            "descricao": null
        },
        {
            "codigo": 1546,
            "data": "2017-08-31 00:00:00",
            "valor": "7751.00",
            "descricao": null
        },
        {
            "codigo": 1547,
            "data": "2017-12-31 00:00:00",
            "valor": "7751.00",
            "descricao": null
        },
        {
            "codigo": 1548,
            "data": "2013-12-31 00:00:00",
            "valor": "7751.00",
            "descricao": null
        },
        {
            "codigo": 1549,
            "data": "2015-12-31 00:00:00",
            "valor": "7751.00",
            "descricao": null
        },
        {
            "codigo": 1550,
            "data": "2014-12-31 00:00:00",
            "valor": "7751.00",
            "descricao": null
        },
        {
            "codigo": 3710,
            "data": "2018-12-31 00:00:00",
            "valor": "7751.00",
            "descricao": null
        },
        {
            "codigo": 4137,
            "data": "2019-12-31 00:00:00",
            "valor": "7751.00",
            "descricao": null
        },
        {
            "codigo": 5112,
            "data": "2020-12-31 00:00:00",
            "valor": "7751.00",
            "descricao": null
        },
        {
            "codigo": 5458,
            "data": "2021-12-21 00:00:00",
            "valor": "7751.00",
            "descricao": null
        },
        {
            "codigo": 6460,
            "data": "2022-12-31 00:00:00",
            "valor": "7751.00",
            "descricao": null
        },
        {
            "codigo": 7105,
            "data": "2023-12-31 00:00:00",
            "valor": "7751.00",
            "descricao": null
        }
    ]
}