{
    "codigo": 4883,
    "nome": "Verba total destinada a comunica\u00e7\u00e3o/publicidade",
    "descricao": "Verba total destinada a comunica\u00e7\u00e3o/publicidade - Cidades Sustentaveis",
    "fonte": "SEGOV-DICOM",
    "tipoValor": "D",
    "periodicidade": {
        "codigo": 6,
        "descricao": "Anual"
    },
    "tags": [
        {
            "codigo": 18,
            "descricao": "Santos Transparente"
        }
    ],
    "secretarias": [
        {
            "codigo": 2859,
            "dado_codigo": 4883,
            "sigla": "SEGOV",
            "nome": "SECRETARIA MUNICIPAL DE GOVERNO"
        }
    ],
    "autarquias": [],
    "metas": [
        {
            "codigo": 5,
            "numero": 5,
            "titulo": "Igualdade de G\u00eanero",
            "objetivo": "Alcan\u00e7ar a igualdade de g\u00eanero e empoderar todas as mulheres e meninas",
            "imagem_url": "5.jpg",
            "link": "http://www.agenda2030.org.br/ods/5/"
        }
    ],
    "eixos": [
        {
            "codigo": 9,
            "descricao": "Cultura para a Sustentabilidade"
        }
    ],
    "valores": [
        {
            "codigo": 1606,
            "data": "2017-12-31 00:00:00",
            "valor": "4364000.00",
            "descricao": null
        },
        {
            "codigo": 1607,
            "data": "2015-12-31 00:00:00",
            "valor": "8958070.75",
            "descricao": null
        },
        {
            "codigo": 1608,
            "data": "2013-12-31 00:00:00",
            "valor": "0.00",
            "descricao": null
        },
        {
            "codigo": 1609,
            "data": "2014-12-31 00:00:00",
            "valor": "0.00",
            "descricao": null
        },
        {
            "codigo": 1610,
            "data": "2016-12-31 00:00:00",
            "valor": "3198630.96",
            "descricao": null
        },
        {
            "codigo": 3936,
            "data": "2018-12-31 00:00:00",
            "valor": "4392213.00",
            "descricao": null
        },
        {
            "codigo": 4040,
            "data": "2019-12-31 00:00:00",
            "valor": "7613622.00",
            "descricao": null
        },
        {
            "codigo": 5188,
            "data": "2020-12-30 00:00:00",
            "valor": "4760526.00",
            "descricao": null
        },
        {
            "codigo": 5957,
            "data": "2021-12-31 00:00:00",
            "valor": "6046047.00",
            "descricao": null
        },
        {
            "codigo": 6824,
            "data": "2022-12-31 00:00:00",
            "valor": "10300234.65",
            "descricao": null
        }
    ]
}