{
    "codigo": 4895,
    "nome": "N\u00famero total de matr\u00edculas em pr\u00e9-escolas municipais",
    "descricao": "N\u00famero total de matr\u00edculas em pr\u00e9-escolas municipais - Cidades Sustentaveis",
    "fonte": "Seduc",
    "tipoValor": "I",
    "periodicidade": {
        "codigo": 6,
        "descricao": "Anual"
    },
    "tags": [
        {
            "codigo": 3,
            "descricao": "Santos Educadora"
        }
    ],
    "secretarias": [
        {
            "codigo": 2907,
            "dado_codigo": 4895,
            "sigla": "SEDUC",
            "nome": "SECRETARIA MUNICIPAL DE EDUCA\u00c7\u00c3O"
        }
    ],
    "autarquias": [],
    "metas": [
        {
            "codigo": 5,
            "numero": 5,
            "titulo": "Igualdade de G\u00eanero",
            "objetivo": "Alcan\u00e7ar a igualdade de g\u00eanero e empoderar todas as mulheres e meninas",
            "imagem_url": "5.jpg",
            "link": "http://www.agenda2030.org.br/ods/5/"
        }
    ],
    "eixos": [
        {
            "codigo": 10,
            "descricao": "Educa\u00e7\u00e3o para a Sustentabilidade e Qualidade de Vida"
        }
    ],
    "valores": [
        {
            "codigo": 1667,
            "data": "2013-08-31 00:00:00",
            "valor": "3669.00",
            "descricao": null
        },
        {
            "codigo": 1668,
            "data": "2014-08-31 00:00:00",
            "valor": "3757.00",
            "descricao": null
        },
        {
            "codigo": 1669,
            "data": "2015-08-31 00:00:00",
            "valor": "3764.00",
            "descricao": null
        },
        {
            "codigo": 1670,
            "data": "2017-12-31 00:00:00",
            "valor": "3363.00",
            "descricao": null
        },
        {
            "codigo": 1671,
            "data": "2016-12-31 00:00:00",
            "valor": "4132.00",
            "descricao": null
        },
        {
            "codigo": 3717,
            "data": "2018-12-31 00:00:00",
            "valor": "4103.00",
            "descricao": null
        },
        {
            "codigo": 4356,
            "data": "2019-12-31 00:00:00",
            "valor": "4158.00",
            "descricao": null
        },
        {
            "codigo": 4947,
            "data": "2020-12-31 00:00:00",
            "valor": "4243.00",
            "descricao": null
        },
        {
            "codigo": 5561,
            "data": "2021-12-21 00:00:00",
            "valor": "3747.00",
            "descricao": null
        },
        {
            "codigo": 6449,
            "data": "2022-12-31 00:00:00",
            "valor": "3701.00",
            "descricao": null
        },
        {
            "codigo": 7093,
            "data": "2023-12-31 00:00:00",
            "valor": "3517.00",
            "descricao": null
        }
    ]
}