{
    "codigo": 4906,
    "nome": "N\u00famero total de crimes sexuais",
    "descricao": "N\u00famero total de crimes sexuais - Cidades Sustent\u00e1veis - Indicador \"Crimes sexuais\"",
    "fonte": "Secretaria de Seguran\u00e7a P\u00fablica do Estado de S\u00e3o Paulo - Pol\u00edcia Civil (Deinter 6)",
    "tipoValor": "I",
    "periodicidade": {
        "codigo": 6,
        "descricao": "Anual"
    },
    "tags": [
        {
            "codigo": 16,
            "descricao": "Santos Segura"
        }
    ],
    "secretarias": [
        {
            "codigo": 779,
            "dado_codigo": 4906,
            "sigla": "SESEG",
            "nome": "SECRETARIA MUNICIPAL DE SEGURAN\u00c7A"
        }
    ],
    "autarquias": [],
    "metas": [
        {
            "codigo": 5,
            "numero": 5,
            "titulo": "Igualdade de G\u00eanero",
            "objetivo": "Alcan\u00e7ar a igualdade de g\u00eanero e empoderar todas as mulheres e meninas",
            "imagem_url": "5.jpg",
            "link": "http://www.agenda2030.org.br/ods/5/"
        }
    ],
    "eixos": [
        {
            "codigo": 6,
            "descricao": "Equidade, Justi\u00e7a Social e Cultura de Paz"
        }
    ],
    "valores": [
        {
            "codigo": 1722,
            "data": "2013-12-31 00:00:00",
            "valor": "103.00",
            "descricao": null
        },
        {
            "codigo": 1723,
            "data": "2014-12-31 00:00:00",
            "valor": "72.00",
            "descricao": null
        },
        {
            "codigo": 1724,
            "data": "2016-12-31 00:00:00",
            "valor": "114.00",
            "descricao": null
        },
        {
            "codigo": 1725,
            "data": "2017-12-31 00:00:00",
            "valor": "76.00",
            "descricao": null
        },
        {
            "codigo": 1726,
            "data": "2015-12-31 00:00:00",
            "valor": "97.00",
            "descricao": null
        },
        {
            "codigo": 3719,
            "data": "2018-12-31 00:00:00",
            "valor": "98.00",
            "descricao": null
        },
        {
            "codigo": 4281,
            "data": "2019-12-31 00:00:00",
            "valor": "90.00",
            "descricao": null
        },
        {
            "codigo": 4827,
            "data": "2020-12-31 00:00:00",
            "valor": "92.00",
            "descricao": null
        },
        {
            "codigo": 5381,
            "data": "2021-12-31 00:00:00",
            "valor": "94.00",
            "descricao": null
        },
        {
            "codigo": 6572,
            "data": "2022-12-31 00:00:00",
            "valor": "34.00",
            "descricao": null
        }
    ]
}