{
    "codigo": 4909,
    "nome": "N\u00famero total de atos infracionais ocorridos no munic\u00edpio",
    "descricao": "N\u00famero total de atos infracionais ocorridos no munic\u00edpio - Cidades Sustent\u00e1veis - Indicador \"Adolescentes envolvidos em ato infracional\"",
    "fonte": "Secretaria de Seguran\u00e7a P\u00fablica do Estado de S\u00e3o Paulo - Pol\u00edcia Civil (Deinter 6)",
    "tipoValor": "I",
    "periodicidade": {
        "codigo": 6,
        "descricao": "Anual"
    },
    "tags": [
        {
            "codigo": 16,
            "descricao": "Santos Segura"
        }
    ],
    "secretarias": [
        {
            "codigo": 779,
            "dado_codigo": 4909,
            "sigla": "SESEG",
            "nome": "SECRETARIA MUNICIPAL DE SEGURAN\u00c7A"
        }
    ],
    "autarquias": [],
    "metas": [
        {
            "codigo": 17,
            "numero": 16,
            "titulo": "Paz, Justi\u00e7a e Institui\u00e7\u00f5es Eficazes",
            "objetivo": "Promover sociedades pac\u00edficas e inclusivas para o desenvolvimento sustent\u00e1vel, proporcionar o acesso \u00e0 justi\u00e7a para todos e construir institui\u00e7\u00f5es eficazes, respons\u00e1veis e inclusivas em todos os n\u00edveis",
            "imagem_url": "17.jpg",
            "link": "http://www.agenda2030.org.br/ods/16/"
        }
    ],
    "eixos": [
        {
            "codigo": 6,
            "descricao": "Equidade, Justi\u00e7a Social e Cultura de Paz"
        }
    ],
    "valores": [
        {
            "codigo": 1737,
            "data": "2015-12-31 00:00:00",
            "valor": "325.00",
            "descricao": null
        },
        {
            "codigo": 1738,
            "data": "2016-12-31 00:00:00",
            "valor": "295.00",
            "descricao": null
        },
        {
            "codigo": 1739,
            "data": "2017-12-31 00:00:00",
            "valor": "303.00",
            "descricao": null
        },
        {
            "codigo": 1740,
            "data": "2013-12-31 00:00:00",
            "valor": "628.00",
            "descricao": null
        },
        {
            "codigo": 1741,
            "data": "2014-12-31 00:00:00",
            "valor": "418.00",
            "descricao": null
        },
        {
            "codigo": 3722,
            "data": "2018-12-31 00:00:00",
            "valor": "255.00",
            "descricao": null
        },
        {
            "codigo": 4284,
            "data": "2019-12-31 00:00:00",
            "valor": "171.00",
            "descricao": null
        },
        {
            "codigo": 4830,
            "data": "2020-12-31 00:00:00",
            "valor": "138.00",
            "descricao": null
        },
        {
            "codigo": 5379,
            "data": "2021-12-31 00:00:00",
            "valor": "110.00",
            "descricao": null
        },
        {
            "codigo": 6570,
            "data": "2022-12-31 00:00:00",
            "valor": "110.00",
            "descricao": null
        }
    ]
}