{
    "codigo": 4912,
    "nome": "Total das compras efetuadas pelo munic\u00edpio em reais",
    "descricao": "Total das compras efetuadas pelo munic\u00edpio em reais - Cidades Sustentaveis",
    "fonte": "Fonte Departamento de Lita\u00e7\u00f5es - Prefeitura Municipal de Santos",
    "tipoValor": "D",
    "periodicidade": {
        "codigo": 6,
        "descricao": "Anual"
    },
    "tags": [
        {
            "codigo": 4,
            "descricao": "Santos Eficiente"
        }
    ],
    "secretarias": [
        {
            "codigo": 4681,
            "dado_codigo": 4912,
            "sigla": "SEFIN",
            "nome": "SECRETARIA MUNICIPAL DE FINAN\u00c7AS E GEST\u00c3O"
        }
    ],
    "autarquias": [],
    "metas": [
        {
            "codigo": 13,
            "numero": 12,
            "titulo": "Consumo e Produ\u00e7\u00e3o Respons\u00e1veis",
            "objetivo": "Assegurar padr\u00f5es de produ\u00e7\u00e3o e de consumo sustent\u00e1veis",
            "imagem_url": "13.jpg",
            "link": "http://www.agenda2030.org.br/ods/12/"
        }
    ],
    "eixos": [
        {
            "codigo": 7,
            "descricao": "Gest\u00e3o Local para a Sustentabilidade"
        }
    ],
    "valores": [
        {
            "codigo": 1752,
            "data": "2016-12-31 00:00:00",
            "valor": "108508913.46",
            "descricao": null
        },
        {
            "codigo": 1753,
            "data": "2015-12-31 00:00:00",
            "valor": "108330786.32",
            "descricao": null
        },
        {
            "codigo": 1754,
            "data": "2017-12-31 00:00:00",
            "valor": "56752583.78",
            "descricao": null
        },
        {
            "codigo": 1755,
            "data": "2014-12-31 00:00:00",
            "valor": "114551483.51",
            "descricao": null
        },
        {
            "codigo": 1756,
            "data": "2013-12-31 00:00:00",
            "valor": "73327810.63",
            "descricao": null
        },
        {
            "codigo": 3695,
            "data": "2018-12-31 00:00:00",
            "valor": "304496036.86",
            "descricao": null
        },
        {
            "codigo": 4107,
            "data": "2019-12-31 00:00:00",
            "valor": "247987011.92",
            "descricao": null
        },
        {
            "codigo": 5058,
            "data": "2020-12-31 00:00:00",
            "valor": "183720023.21",
            "descricao": null
        },
        {
            "codigo": 5975,
            "data": "2021-12-30 00:00:00",
            "valor": "169643486.52",
            "descricao": null
        },
        {
            "codigo": 6884,
            "data": "2022-12-31 00:00:00",
            "valor": "228494242.18",
            "descricao": null
        }
    ]
}