{
    "codigo": 4927,
    "nome": "Or\u00e7amento total do munic\u00edpio",
    "descricao": "Or\u00e7amento total do munic\u00edpio - Cidades Sustentaveis",
    "fonte": "SEGOV-DEORG",
    "tipoValor": "D",
    "periodicidade": {
        "codigo": 6,
        "descricao": "Anual"
    },
    "tags": [
        {
            "codigo": 4,
            "descricao": "Santos Eficiente"
        }
    ],
    "secretarias": [
        {
            "codigo": 2859,
            "dado_codigo": 4927,
            "sigla": "SEGOV",
            "nome": "SECRETARIA MUNICIPAL DE GOVERNO"
        }
    ],
    "autarquias": [],
    "metas": [
        {
            "codigo": 17,
            "numero": 16,
            "titulo": "Paz, Justi\u00e7a e Institui\u00e7\u00f5es Eficazes",
            "objetivo": "Promover sociedades pac\u00edficas e inclusivas para o desenvolvimento sustent\u00e1vel, proporcionar o acesso \u00e0 justi\u00e7a para todos e construir institui\u00e7\u00f5es eficazes, respons\u00e1veis e inclusivas em todos os n\u00edveis",
            "imagem_url": "17.jpg",
            "link": "http://www.agenda2030.org.br/ods/16/"
        }
    ],
    "eixos": [
        {
            "codigo": 4,
            "descricao": "Governan\u00e7a"
        }
    ],
    "valores": [
        {
            "codigo": 1836,
            "data": "2015-12-31 00:00:00",
            "valor": "2515814000.00",
            "descricao": null
        },
        {
            "codigo": 1837,
            "data": "2014-12-31 00:00:00",
            "valor": "2379641000.00",
            "descricao": null
        },
        {
            "codigo": 1838,
            "data": "2013-12-31 00:00:00",
            "valor": "1923076000.00",
            "descricao": null
        },
        {
            "codigo": 1839,
            "data": "2017-12-31 00:00:00",
            "valor": "2303169495.07",
            "descricao": null
        },
        {
            "codigo": 1840,
            "data": "2016-12-31 00:00:00",
            "valor": "2274165992.00",
            "descricao": null
        },
        {
            "codigo": 3583,
            "data": "2018-12-31 00:00:00",
            "valor": "2526596852.48",
            "descricao": null
        },
        {
            "codigo": 4535,
            "data": "2019-12-31 00:00:00",
            "valor": "2902211000.00",
            "descricao": null
        },
        {
            "codigo": 4951,
            "data": "2020-12-31 00:00:00",
            "valor": "2430592135.16",
            "descricao": null
        },
        {
            "codigo": 5437,
            "data": "2021-12-31 00:00:00",
            "valor": "2612624062.06",
            "descricao": null
        },
        {
            "codigo": 6797,
            "data": "2022-12-31 00:00:00",
            "valor": "3728245.00",
            "descricao": null
        }
    ]
}