{
    "codigo": 4929,
    "nome": "Total de secretarias do governo",
    "descricao": "Total de secretarias do governo - Cidades Sustentaveis",
    "fonte": "SEGOV-DEORG",
    "tipoValor": "I",
    "periodicidade": {
        "codigo": 6,
        "descricao": "Anual"
    },
    "tags": [
        {
            "codigo": 1,
            "descricao": "Santos Acolhedora"
        }
    ],
    "secretarias": [
        {
            "codigo": 2859,
            "dado_codigo": 4929,
            "sigla": "SEGOV",
            "nome": "SECRETARIA MUNICIPAL DE GOVERNO"
        }
    ],
    "autarquias": [],
    "metas": [
        {
            "codigo": 17,
            "numero": 16,
            "titulo": "Paz, Justi\u00e7a e Institui\u00e7\u00f5es Eficazes",
            "objetivo": "Promover sociedades pac\u00edficas e inclusivas para o desenvolvimento sustent\u00e1vel, proporcionar o acesso \u00e0 justi\u00e7a para todos e construir institui\u00e7\u00f5es eficazes, respons\u00e1veis e inclusivas em todos os n\u00edveis",
            "imagem_url": "17.jpg",
            "link": "http://www.agenda2030.org.br/ods/16/"
        }
    ],
    "eixos": [
        {
            "codigo": 4,
            "descricao": "Governan\u00e7a"
        }
    ],
    "valores": [
        {
            "codigo": 1846,
            "data": "2014-12-31 00:00:00",
            "valor": "19.00",
            "descricao": null
        },
        {
            "codigo": 1847,
            "data": "2016-12-31 00:00:00",
            "valor": "19.00",
            "descricao": null
        },
        {
            "codigo": 1848,
            "data": "2015-12-31 00:00:00",
            "valor": "19.00",
            "descricao": null
        },
        {
            "codigo": 1849,
            "data": "2013-12-31 00:00:00",
            "valor": "19.00",
            "descricao": null
        },
        {
            "codigo": 1850,
            "data": "2017-12-31 00:00:00",
            "valor": "19.00",
            "descricao": null
        },
        {
            "codigo": 3568,
            "data": "2018-12-31 00:00:00",
            "valor": "19.00",
            "descricao": null
        },
        {
            "codigo": 4454,
            "data": "2019-12-31 00:00:00",
            "valor": "16.00",
            "descricao": null
        },
        {
            "codigo": 4455,
            "data": "2019-12-31 00:00:00",
            "valor": "16.00",
            "descricao": null
        },
        {
            "codigo": 4890,
            "data": "2020-12-30 00:00:00",
            "valor": "16.00",
            "descricao": null
        },
        {
            "codigo": 5889,
            "data": "2021-12-31 00:00:00",
            "valor": "19.00",
            "descricao": null
        },
        {
            "codigo": 6802,
            "data": "2022-12-31 00:00:00",
            "valor": "20.00",
            "descricao": null
        }
    ]
}