{
    "codigo": 4949,
    "nome": "N\u00famero de mulheres em cargos gerenciais no governo do munic\u00edpio",
    "descricao": "N\u00famero de mulheres em cargos gerenciais no governo do munic\u00edpio - Cidades Sustentaveis",
    "fonte": "SEFIN, ANTIGA SEGES",
    "tipoValor": "I",
    "periodicidade": {
        "codigo": 6,
        "descricao": "Anual"
    },
    "tags": [
        {
            "codigo": 4,
            "descricao": "Santos Eficiente"
        }
    ],
    "secretarias": [
        {
            "codigo": 4681,
            "dado_codigo": 4949,
            "sigla": "SEFIN",
            "nome": "SECRETARIA MUNICIPAL DE FINAN\u00c7AS E GEST\u00c3O"
        }
    ],
    "autarquias": [],
    "metas": [
        {
            "codigo": 5,
            "numero": 5,
            "titulo": "Igualdade de G\u00eanero",
            "objetivo": "Alcan\u00e7ar a igualdade de g\u00eanero e empoderar todas as mulheres e meninas",
            "imagem_url": "5.jpg",
            "link": "http://www.agenda2030.org.br/ods/5/"
        }
    ],
    "eixos": [
        {
            "codigo": 4,
            "descricao": "Governan\u00e7a"
        }
    ],
    "valores": [
        {
            "codigo": 1948,
            "data": "2013-12-31 00:00:00",
            "valor": "130.00",
            "descricao": null
        },
        {
            "codigo": 1949,
            "data": "2012-12-31 00:00:00",
            "valor": "127.00",
            "descricao": null
        },
        {
            "codigo": 1950,
            "data": "2014-12-31 00:00:00",
            "valor": "127.00",
            "descricao": null
        },
        {
            "codigo": 1951,
            "data": "2015-12-31 00:00:00",
            "valor": "128.00",
            "descricao": null
        },
        {
            "codigo": 1952,
            "data": "2016-12-31 00:00:00",
            "valor": "135.00",
            "descricao": null
        },
        {
            "codigo": 1953,
            "data": "2017-12-31 00:00:00",
            "valor": "130.00",
            "descricao": null
        },
        {
            "codigo": 3700,
            "data": "2018-12-31 00:00:00",
            "valor": "126.00",
            "descricao": null
        },
        {
            "codigo": 4112,
            "data": "2019-12-31 00:00:00",
            "valor": "131.00",
            "descricao": null
        },
        {
            "codigo": 5066,
            "data": "2020-12-31 00:00:00",
            "valor": "157.00",
            "descricao": null
        },
        {
            "codigo": 5982,
            "data": "2021-12-30 00:00:00",
            "valor": "134.00",
            "descricao": null
        },
        {
            "codigo": 6868,
            "data": "2022-12-31 00:00:00",
            "valor": "129.00",
            "descricao": null
        },
        {
            "codigo": 7565,
            "data": "2023-12-31 00:00:00",
            "valor": "141.00",
            "descricao": null
        }
    ]
}