{
    "codigo": 4951,
    "nome": "N\u00famero de negros em cargos gerenciais no governo do munic\u00edpio",
    "descricao": "N\u00famero de negros em cargos gerenciais no governo do munic\u00edpio - Cidades Sustentaveis",
    "fonte": "SEFIN, ANTIGA SEGES",
    "tipoValor": "I",
    "periodicidade": {
        "codigo": 6,
        "descricao": "Anual"
    },
    "tags": [
        {
            "codigo": 4,
            "descricao": "Santos Eficiente"
        }
    ],
    "secretarias": [
        {
            "codigo": 4681,
            "dado_codigo": 4951,
            "sigla": "SEFIN",
            "nome": "SECRETARIA MUNICIPAL DE FINAN\u00c7AS E GEST\u00c3O"
        }
    ],
    "autarquias": [],
    "metas": [
        {
            "codigo": 11,
            "numero": 10,
            "titulo": "Redu\u00e7\u00e3o da Desigualdades",
            "objetivo": "Reduzir a desigualdade dentro dos pa\u00edses e entre eles",
            "imagem_url": "11.jpg",
            "link": "http://www.agenda2030.org.br/ods/10/"
        }
    ],
    "eixos": [
        {
            "codigo": 4,
            "descricao": "Governan\u00e7a"
        }
    ],
    "valores": [
        {
            "codigo": 1960,
            "data": "2012-12-31 00:00:00",
            "valor": "35.00",
            "descricao": null
        },
        {
            "codigo": 1961,
            "data": "2017-12-31 00:00:00",
            "valor": "31.00",
            "descricao": null
        },
        {
            "codigo": 1962,
            "data": "2016-12-31 00:00:00",
            "valor": "36.00",
            "descricao": null
        },
        {
            "codigo": 1963,
            "data": "2015-12-31 00:00:00",
            "valor": "24.00",
            "descricao": null
        },
        {
            "codigo": 1964,
            "data": "2014-12-31 00:00:00",
            "valor": "28.00",
            "descricao": null
        },
        {
            "codigo": 1965,
            "data": "2013-12-31 00:00:00",
            "valor": "23.00",
            "descricao": null
        },
        {
            "codigo": 3702,
            "data": "2018-12-31 00:00:00",
            "valor": "33.00",
            "descricao": null
        },
        {
            "codigo": 4114,
            "data": "2019-12-31 00:00:00",
            "valor": "32.00",
            "descricao": null
        },
        {
            "codigo": 5068,
            "data": "2020-12-31 00:00:00",
            "valor": "33.00",
            "descricao": null
        },
        {
            "codigo": 5998,
            "data": "2021-12-30 00:00:00",
            "valor": "29.00",
            "descricao": null
        },
        {
            "codigo": 6870,
            "data": "2022-12-31 00:00:00",
            "valor": "36.00",
            "descricao": null
        },
        {
            "codigo": 7567,
            "data": "2023-12-31 00:00:00",
            "valor": "40.00",
            "descricao": null
        }
    ]
}