{
    "codigo": 4976,
    "nome": "N\u00famero total de alunos matriculados em classes comuns na rede regular de ensino",
    "descricao": "N\u00famero total de alunos matriculados em classes comuns na rede regular de ensino - Cidades Sustentaveis",
    "fonte": "Diretoria Regional de Ensino do Estado + Seduc",
    "tipoValor": "I",
    "periodicidade": {
        "codigo": 6,
        "descricao": "Anual"
    },
    "tags": [
        {
            "codigo": 3,
            "descricao": "Santos Educadora"
        }
    ],
    "secretarias": [
        {
            "codigo": 2907,
            "dado_codigo": 4976,
            "sigla": "SEDUC",
            "nome": "SECRETARIA MUNICIPAL DE EDUCA\u00c7\u00c3O"
        }
    ],
    "autarquias": [],
    "metas": [
        {
            "codigo": 5,
            "numero": 5,
            "titulo": "Igualdade de G\u00eanero",
            "objetivo": "Alcan\u00e7ar a igualdade de g\u00eanero e empoderar todas as mulheres e meninas",
            "imagem_url": "5.jpg",
            "link": "http://www.agenda2030.org.br/ods/5/"
        }
    ],
    "eixos": [
        {
            "codigo": 10,
            "descricao": "Educa\u00e7\u00e3o para a Sustentabilidade e Qualidade de Vida"
        }
    ],
    "valores": [
        {
            "codigo": 2088,
            "data": "2016-12-31 00:00:00",
            "valor": "28466.00",
            "descricao": null
        },
        {
            "codigo": 2089,
            "data": "2014-08-31 00:00:00",
            "valor": "27250.00",
            "descricao": null
        },
        {
            "codigo": 2090,
            "data": "2017-12-31 00:00:00",
            "valor": "25473.00",
            "descricao": null
        },
        {
            "codigo": 2091,
            "data": "2013-08-31 00:00:00",
            "valor": "2574.00",
            "descricao": null
        },
        {
            "codigo": 2092,
            "data": "2015-08-31 00:00:00",
            "valor": "27756.00",
            "descricao": null
        },
        {
            "codigo": 3914,
            "data": "2018-12-31 00:00:00",
            "valor": "27120.00",
            "descricao": null
        },
        {
            "codigo": 4364,
            "data": "2019-12-31 00:00:00",
            "valor": "52307.00",
            "descricao": null
        },
        {
            "codigo": 4960,
            "data": "2020-12-31 00:00:00",
            "valor": "27889.00",
            "descricao": null
        },
        {
            "codigo": 5632,
            "data": "2021-12-21 00:00:00",
            "valor": "69540.00",
            "descricao": null
        },
        {
            "codigo": 6442,
            "data": "2022-12-31 00:00:00",
            "valor": "26548.00",
            "descricao": null
        },
        {
            "codigo": 7082,
            "data": "2023-12-31 00:00:00",
            "valor": "49764.00",
            "descricao": null
        }
    ]
}