{
    "codigo": 4978,
    "nome": "N\u00famero total de alunos, professores e funcion\u00e1rios",
    "descricao": "N\u00famero total de alunos, professores e funcion\u00e1rios - Cidades Sustentaveis",
    "fonte": "Diretoria Regional de Ensino do Estado + Seduc",
    "tipoValor": "I",
    "periodicidade": {
        "codigo": 6,
        "descricao": "Anual"
    },
    "tags": [
        {
            "codigo": 3,
            "descricao": "Santos Educadora"
        }
    ],
    "secretarias": [
        {
            "codigo": 2907,
            "dado_codigo": 4978,
            "sigla": "SEDUC",
            "nome": "SECRETARIA MUNICIPAL DE EDUCA\u00c7\u00c3O"
        }
    ],
    "autarquias": [],
    "metas": [
        {
            "codigo": 5,
            "numero": 5,
            "titulo": "Igualdade de G\u00eanero",
            "objetivo": "Alcan\u00e7ar a igualdade de g\u00eanero e empoderar todas as mulheres e meninas",
            "imagem_url": "5.jpg",
            "link": "http://www.agenda2030.org.br/ods/5/"
        }
    ],
    "eixos": [
        {
            "codigo": 10,
            "descricao": "Educa\u00e7\u00e3o para a Sustentabilidade e Qualidade de Vida"
        }
    ],
    "valores": [
        {
            "codigo": 2098,
            "data": "2015-12-31 00:00:00",
            "valor": "32394.00",
            "descricao": null
        },
        {
            "codigo": 2099,
            "data": "2013-12-31 00:00:00",
            "valor": "30758.00",
            "descricao": null
        },
        {
            "codigo": 2100,
            "data": "2017-12-31 00:00:00",
            "valor": "33158.00",
            "descricao": null
        },
        {
            "codigo": 2101,
            "data": "2014-12-31 00:00:00",
            "valor": "31830.00",
            "descricao": null
        },
        {
            "codigo": 2102,
            "data": "2016-12-31 00:00:00",
            "valor": "33304.00",
            "descricao": null
        },
        {
            "codigo": 3918,
            "data": "2018-12-31 00:00:00",
            "valor": "32183.00",
            "descricao": null
        },
        {
            "codigo": 4512,
            "data": "2019-12-31 00:00:00",
            "valor": "32699.00",
            "descricao": null
        },
        {
            "codigo": 4965,
            "data": "2020-12-31 00:00:00",
            "valor": "32402.00",
            "descricao": null
        },
        {
            "codigo": 5634,
            "data": "2021-12-21 00:00:00",
            "valor": "32402.00",
            "descricao": null
        },
        {
            "codigo": 6443,
            "data": "2022-12-31 00:00:00",
            "valor": "127216.00",
            "descricao": null
        },
        {
            "codigo": 7084,
            "data": "2023-12-31 00:00:00",
            "valor": "30838.00",
            "descricao": null
        }
    ]
}