{
    "codigo": 5013,
    "nome": "N\u00famero de domic\u00edlios com acesso \u00e0 energia el\u00e9trica",
    "descricao": "N\u00famero de domic\u00edlios com acesso \u00e0 energia el\u00e9trica - Cidades Sustentaveis",
    "fonte": "SEFIN, ANTIGA SEGES",
    "tipoValor": "I",
    "periodicidade": {
        "codigo": 6,
        "descricao": "Anual"
    },
    "tags": [
        {
            "codigo": 4,
            "descricao": "Santos Eficiente"
        }
    ],
    "secretarias": [
        {
            "codigo": 4681,
            "dado_codigo": 5013,
            "sigla": "SEFIN",
            "nome": "SECRETARIA MUNICIPAL DE FINAN\u00c7AS E GEST\u00c3O"
        }
    ],
    "autarquias": [],
    "metas": [
        {
            "codigo": 8,
            "numero": 7,
            "titulo": "Energia Acess\u00edvel e Limpa",
            "objetivo": "Assegurar o acesso confi\u00e1vel, sustent\u00e1vel, moderno e a pre\u00e7o acess\u00edvel \u00e0 energia para todos",
            "imagem_url": "8.jpg",
            "link": "http://www.agenda2030.org.br/ods/7/"
        }
    ],
    "eixos": [
        {
            "codigo": 15,
            "descricao": "Do Local para o Global"
        }
    ],
    "valores": [
        {
            "codigo": 2271,
            "data": "2014-12-31 00:00:00",
            "valor": "148145.00",
            "descricao": null
        },
        {
            "codigo": 2272,
            "data": "2015-12-31 00:00:00",
            "valor": "149066.00",
            "descricao": null
        },
        {
            "codigo": 2273,
            "data": "2017-12-31 00:00:00",
            "valor": "229352.00",
            "descricao": null
        },
        {
            "codigo": 2274,
            "data": "2016-12-31 00:00:00",
            "valor": "150028.00",
            "descricao": null
        },
        {
            "codigo": 2275,
            "data": "2013-12-31 00:00:00",
            "valor": "147229.00",
            "descricao": null
        },
        {
            "codigo": 3705,
            "data": "2018-12-31 00:00:00",
            "valor": "229977.00",
            "descricao": null
        },
        {
            "codigo": 4144,
            "data": "2019-12-31 00:00:00",
            "valor": "230987.00",
            "descricao": null
        },
        {
            "codigo": 5184,
            "data": "2020-12-31 00:00:00",
            "valor": "229109.00",
            "descricao": null
        },
        {
            "codigo": 6031,
            "data": "2021-12-30 00:00:00",
            "valor": "220199.00",
            "descricao": null
        }
    ]
}