{
    "codigo": 5023,
    "nome": "N\u00famero de alunos do ensino fundamental (anos iniciais) da rede municipal matriculados em  tempo integral",
    "descricao": "N\u00famero de alunos do ensino fundamental (anos iniciais) da rede municipal matriculados em  tempo integral - Cidades Sustentaveis",
    "fonte": "Seduc",
    "tipoValor": "I",
    "periodicidade": {
        "codigo": 6,
        "descricao": "Anual"
    },
    "tags": [
        {
            "codigo": 3,
            "descricao": "Santos Educadora"
        }
    ],
    "secretarias": [
        {
            "codigo": 2907,
            "dado_codigo": 5023,
            "sigla": "SEDUC",
            "nome": "SECRETARIA MUNICIPAL DE EDUCA\u00c7\u00c3O"
        }
    ],
    "autarquias": [],
    "metas": [
        {
            "codigo": 5,
            "numero": 5,
            "titulo": "Igualdade de G\u00eanero",
            "objetivo": "Alcan\u00e7ar a igualdade de g\u00eanero e empoderar todas as mulheres e meninas",
            "imagem_url": "5.jpg",
            "link": "http://www.agenda2030.org.br/ods/5/"
        }
    ],
    "eixos": [
        {
            "codigo": 10,
            "descricao": "Educa\u00e7\u00e3o para a Sustentabilidade e Qualidade de Vida"
        }
    ],
    "valores": [
        {
            "codigo": 2318,
            "data": "2013-08-31 00:00:00",
            "valor": "3325.00",
            "descricao": null
        },
        {
            "codigo": 2319,
            "data": "2016-12-31 00:00:00",
            "valor": "3950.00",
            "descricao": null
        },
        {
            "codigo": 2320,
            "data": "2015-08-31 00:00:00",
            "valor": "3831.00",
            "descricao": null
        },
        {
            "codigo": 2321,
            "data": "2017-12-31 00:00:00",
            "valor": "4243.00",
            "descricao": null
        },
        {
            "codigo": 2322,
            "data": "2014-08-31 00:00:00",
            "valor": "4155.00",
            "descricao": null
        },
        {
            "codigo": 3916,
            "data": "2018-12-31 00:00:00",
            "valor": "5442.00",
            "descricao": null
        },
        {
            "codigo": 4371,
            "data": "2019-12-31 00:00:00",
            "valor": "3612.00",
            "descricao": null
        },
        {
            "codigo": 4997,
            "data": "2020-12-31 00:00:00",
            "valor": "3659.00",
            "descricao": null
        },
        {
            "codigo": 5637,
            "data": "2021-12-21 00:00:00",
            "valor": "3659.00",
            "descricao": null
        },
        {
            "codigo": 6419,
            "data": "2022-12-31 00:00:00",
            "valor": "5309.00",
            "descricao": null
        },
        {
            "codigo": 7053,
            "data": "2023-12-31 00:00:00",
            "valor": "6151.00",
            "descricao": null
        }
    ]
}