{
    "codigo": 5024,
    "nome": "N\u00famero total de alunos do ensino fundamental (anos iniciais) matriculados na rede municipal",
    "descricao": "N\u00famero total de alunos do ensino fundamental (anos iniciais) matriculados na rede municipal - Cidades Sustentaveis",
    "fonte": "Seduc",
    "tipoValor": "I",
    "periodicidade": {
        "codigo": 6,
        "descricao": "Anual"
    },
    "tags": [
        {
            "codigo": 3,
            "descricao": "Santos Educadora"
        }
    ],
    "secretarias": [
        {
            "codigo": 2907,
            "dado_codigo": 5024,
            "sigla": "SEDUC",
            "nome": "SECRETARIA MUNICIPAL DE EDUCA\u00c7\u00c3O"
        }
    ],
    "autarquias": [],
    "metas": [
        {
            "codigo": 5,
            "numero": 5,
            "titulo": "Igualdade de G\u00eanero",
            "objetivo": "Alcan\u00e7ar a igualdade de g\u00eanero e empoderar todas as mulheres e meninas",
            "imagem_url": "5.jpg",
            "link": "http://www.agenda2030.org.br/ods/5/"
        }
    ],
    "eixos": [
        {
            "codigo": 10,
            "descricao": "Educa\u00e7\u00e3o para a Sustentabilidade e Qualidade de Vida"
        }
    ],
    "valores": [
        {
            "codigo": 2323,
            "data": "2015-08-31 00:00:00",
            "valor": "14649.00",
            "descricao": null
        },
        {
            "codigo": 2324,
            "data": "2017-12-31 00:00:00",
            "valor": "14315.00",
            "descricao": null
        },
        {
            "codigo": 2325,
            "data": "2014-08-31 00:00:00",
            "valor": "14632.00",
            "descricao": null
        },
        {
            "codigo": 2326,
            "data": "2013-08-31 00:00:00",
            "valor": "14646.00",
            "descricao": null
        },
        {
            "codigo": 2327,
            "data": "2016-12-31 00:00:00",
            "valor": "14682.00",
            "descricao": null
        },
        {
            "codigo": 3835,
            "data": "2018-12-31 00:00:00",
            "valor": "14430.00",
            "descricao": null
        },
        {
            "codigo": 4372,
            "data": "2019-12-31 00:00:00",
            "valor": "14360.00",
            "descricao": null
        },
        {
            "codigo": 4998,
            "data": "2020-12-31 00:00:00",
            "valor": "14344.00",
            "descricao": null
        },
        {
            "codigo": 5456,
            "data": "2021-12-21 00:00:00",
            "valor": "14399.00",
            "descricao": null
        },
        {
            "codigo": 6441,
            "data": "2022-12-31 00:00:00",
            "valor": "13992.00",
            "descricao": null
        },
        {
            "codigo": 7080,
            "data": "2023-12-31 00:00:00",
            "valor": "13887.00",
            "descricao": null
        }
    ]
}