{
    "codigo": 5031,
    "nome": "N\u00famero de escolas p\u00fablicas com conselhos escolares ativos",
    "descricao": "N\u00famero de escolas p\u00fablicas com conselhos escolares ativos - Cidades Sustentaveis",
    "fonte": "Diretoria Regional de Ensino do Estado + Seduc",
    "tipoValor": "I",
    "periodicidade": {
        "codigo": 6,
        "descricao": "Anual"
    },
    "tags": [
        {
            "codigo": 3,
            "descricao": "Santos Educadora"
        }
    ],
    "secretarias": [
        {
            "codigo": 2907,
            "dado_codigo": 5031,
            "sigla": "SEDUC",
            "nome": "SECRETARIA MUNICIPAL DE EDUCA\u00c7\u00c3O"
        }
    ],
    "autarquias": [],
    "metas": [
        {
            "codigo": 5,
            "numero": 5,
            "titulo": "Igualdade de G\u00eanero",
            "objetivo": "Alcan\u00e7ar a igualdade de g\u00eanero e empoderar todas as mulheres e meninas",
            "imagem_url": "5.jpg",
            "link": "http://www.agenda2030.org.br/ods/5/"
        }
    ],
    "eixos": [
        {
            "codigo": 10,
            "descricao": "Educa\u00e7\u00e3o para a Sustentabilidade e Qualidade de Vida"
        }
    ],
    "valores": [
        {
            "codigo": 2358,
            "data": "2016-12-31 00:00:00",
            "valor": "81.00",
            "descricao": null
        },
        {
            "codigo": 2359,
            "data": "2015-08-31 00:00:00",
            "valor": "80.00",
            "descricao": null
        },
        {
            "codigo": 2360,
            "data": "2017-12-31 00:00:00",
            "valor": "81.00",
            "descricao": null
        },
        {
            "codigo": 2361,
            "data": "2014-08-31 00:00:00",
            "valor": "79.00",
            "descricao": null
        },
        {
            "codigo": 2362,
            "data": "2013-08-31 00:00:00",
            "valor": "80.00",
            "descricao": null
        },
        {
            "codigo": 3771,
            "data": "2018-12-31 00:00:00",
            "valor": "81.00",
            "descricao": null
        },
        {
            "codigo": 4501,
            "data": "2019-12-31 00:00:00",
            "valor": "83.00",
            "descricao": null
        },
        {
            "codigo": 4999,
            "data": "2020-12-31 00:00:00",
            "valor": "86.00",
            "descricao": null
        },
        {
            "codigo": 5602,
            "data": "2021-12-21 00:00:00",
            "valor": "86.00",
            "descricao": null
        },
        {
            "codigo": 6464,
            "data": "2022-12-31 00:00:00",
            "valor": "108.00",
            "descricao": null
        },
        {
            "codigo": 7064,
            "data": "2023-12-31 00:00:00",
            "valor": "108.00",
            "descricao": null
        }
    ]
}