{
    "codigo": 5033,
    "nome": "N\u00famero de escolas com salas de recursos multifuncionais para AEE (Atendimento Educacional Especializado)",
    "descricao": "N\u00famero de escolas com salas de recursos multifuncionais para AEE (Atendimento Educacional Especializado) - Cidades Sustentaveis",
    "fonte": "Diretoria Regional de Ensino do Estado + Seduc",
    "tipoValor": "I",
    "periodicidade": {
        "codigo": 6,
        "descricao": "Anual"
    },
    "tags": [
        {
            "codigo": 3,
            "descricao": "Santos Educadora"
        }
    ],
    "secretarias": [
        {
            "codigo": 2907,
            "dado_codigo": 5033,
            "sigla": "SEDUC",
            "nome": "SECRETARIA MUNICIPAL DE EDUCA\u00c7\u00c3O"
        }
    ],
    "autarquias": [],
    "metas": [
        {
            "codigo": 5,
            "numero": 5,
            "titulo": "Igualdade de G\u00eanero",
            "objetivo": "Alcan\u00e7ar a igualdade de g\u00eanero e empoderar todas as mulheres e meninas",
            "imagem_url": "5.jpg",
            "link": "http://www.agenda2030.org.br/ods/5/"
        }
    ],
    "eixos": [
        {
            "codigo": 10,
            "descricao": "Educa\u00e7\u00e3o para a Sustentabilidade e Qualidade de Vida"
        }
    ],
    "valores": [
        {
            "codigo": 2368,
            "data": "2013-08-31 00:00:00",
            "valor": "29.00",
            "descricao": null
        },
        {
            "codigo": 2369,
            "data": "2017-12-31 00:00:00",
            "valor": "47.00",
            "descricao": null
        },
        {
            "codigo": 2370,
            "data": "2014-08-31 00:00:00",
            "valor": "29.00",
            "descricao": null
        },
        {
            "codigo": 2371,
            "data": "2015-08-31 00:00:00",
            "valor": "47.00",
            "descricao": null
        },
        {
            "codigo": 2372,
            "data": "2016-12-31 00:00:00",
            "valor": "47.00",
            "descricao": null
        },
        {
            "codigo": 3773,
            "data": "2018-12-31 00:00:00",
            "valor": "47.00",
            "descricao": null
        },
        {
            "codigo": 4494,
            "data": "2019-12-31 00:00:00",
            "valor": "47.00",
            "descricao": null
        },
        {
            "codigo": 5115,
            "data": "2020-12-31 00:00:00",
            "valor": "47.00",
            "descricao": null
        },
        {
            "codigo": 5603,
            "data": "2021-12-21 00:00:00",
            "valor": "47.00",
            "descricao": null
        },
        {
            "codigo": 6422,
            "data": "2022-12-31 00:00:00",
            "valor": "75.00",
            "descricao": null
        },
        {
            "codigo": 7057,
            "data": "2023-12-31 00:00:00",
            "valor": "75.00",
            "descricao": null
        }
    ]
}