{
    "codigo": 5035,
    "nome": "N\u00famero de escolas da rede municipal que abrem aos finais de semana para a comunidade",
    "descricao": "N\u00famero de escolas da rede municipal que abrem aos finais de semana para a comunidade - Cidades Sustentaveis",
    "fonte": "Seduc",
    "tipoValor": "I",
    "periodicidade": {
        "codigo": 6,
        "descricao": "Anual"
    },
    "tags": [
        {
            "codigo": 3,
            "descricao": "Santos Educadora"
        }
    ],
    "secretarias": [
        {
            "codigo": 2907,
            "dado_codigo": 5035,
            "sigla": "SEDUC",
            "nome": "SECRETARIA MUNICIPAL DE EDUCA\u00c7\u00c3O"
        }
    ],
    "autarquias": [],
    "metas": [
        {
            "codigo": 5,
            "numero": 5,
            "titulo": "Igualdade de G\u00eanero",
            "objetivo": "Alcan\u00e7ar a igualdade de g\u00eanero e empoderar todas as mulheres e meninas",
            "imagem_url": "5.jpg",
            "link": "http://www.agenda2030.org.br/ods/5/"
        }
    ],
    "eixos": [
        {
            "codigo": 9,
            "descricao": "Cultura para a Sustentabilidade"
        }
    ],
    "valores": [
        {
            "codigo": 2378,
            "data": "2015-08-31 00:00:00",
            "valor": "6.00",
            "descricao": null
        },
        {
            "codigo": 2379,
            "data": "2016-12-31 00:00:00",
            "valor": "5.00",
            "descricao": null
        },
        {
            "codigo": 2380,
            "data": "2013-08-31 00:00:00",
            "valor": "19.00",
            "descricao": null
        },
        {
            "codigo": 2381,
            "data": "2017-12-31 00:00:00",
            "valor": "5.00",
            "descricao": null
        },
        {
            "codigo": 2382,
            "data": "2014-08-31 00:00:00",
            "valor": "24.00",
            "descricao": null
        },
        {
            "codigo": 3775,
            "data": "2018-12-31 00:00:00",
            "valor": "6.00",
            "descricao": null
        },
        {
            "codigo": 4140,
            "data": "2019-12-31 00:00:00",
            "valor": "4.00",
            "descricao": null
        },
        {
            "codigo": 5120,
            "data": "2020-12-31 00:00:00",
            "valor": "4.00",
            "descricao": null
        },
        {
            "codigo": 5605,
            "data": "2021-12-21 00:00:00",
            "valor": "0.00",
            "descricao": null
        },
        {
            "codigo": 6463,
            "data": "2022-12-31 00:00:00",
            "valor": "0.00",
            "descricao": null
        },
        {
            "codigo": 7058,
            "data": "2023-12-31 00:00:00",
            "valor": "50.00",
            "descricao": null
        }
    ]
}