{
    "codigo": 5045,
    "nome": "N\u00famero total de funcion\u00e1rios p\u00fablicos",
    "descricao": "N\u00famero total de funcion\u00e1rios p\u00fablicos - Cidades Sustentaveis",
    "fonte": "SEFIN, ANTIGA SEGES",
    "tipoValor": "I",
    "periodicidade": {
        "codigo": 6,
        "descricao": "Anual"
    },
    "tags": [
        {
            "codigo": 18,
            "descricao": "Santos Transparente"
        }
    ],
    "secretarias": [
        {
            "codigo": 4681,
            "dado_codigo": 5045,
            "sigla": "SEFIN",
            "nome": "SECRETARIA MUNICIPAL DE FINAN\u00c7AS E GEST\u00c3O"
        }
    ],
    "autarquias": [],
    "metas": [
        {
            "codigo": 17,
            "numero": 16,
            "titulo": "Paz, Justi\u00e7a e Institui\u00e7\u00f5es Eficazes",
            "objetivo": "Promover sociedades pac\u00edficas e inclusivas para o desenvolvimento sustent\u00e1vel, proporcionar o acesso \u00e0 justi\u00e7a para todos e construir institui\u00e7\u00f5es eficazes, respons\u00e1veis e inclusivas em todos os n\u00edveis",
            "imagem_url": "17.jpg",
            "link": "http://www.agenda2030.org.br/ods/16/"
        }
    ],
    "eixos": [
        {
            "codigo": 4,
            "descricao": "Governan\u00e7a"
        }
    ],
    "valores": [
        {
            "codigo": 2427,
            "data": "2015-12-31 00:00:00",
            "valor": "11409.00",
            "descricao": null
        },
        {
            "codigo": 2428,
            "data": "2013-12-31 00:00:00",
            "valor": "11044.00",
            "descricao": null
        },
        {
            "codigo": 2429,
            "data": "2014-12-31 00:00:00",
            "valor": "11497.00",
            "descricao": null
        },
        {
            "codigo": 2430,
            "data": "2016-12-31 00:00:00",
            "valor": "11414.00",
            "descricao": null
        },
        {
            "codigo": 2431,
            "data": "2017-12-31 00:00:00",
            "valor": "11856.00",
            "descricao": null
        },
        {
            "codigo": 3953,
            "data": "2018-12-31 00:00:00",
            "valor": "11954.00",
            "descricao": null
        },
        {
            "codigo": 4117,
            "data": "2019-12-31 00:00:00",
            "valor": "11640.00",
            "descricao": null
        },
        {
            "codigo": 5071,
            "data": "2020-12-31 00:00:00",
            "valor": "12414.00",
            "descricao": null
        },
        {
            "codigo": 6003,
            "data": "2021-12-30 00:00:00",
            "valor": "11184.00",
            "descricao": null
        },
        {
            "codigo": 6873,
            "data": "2022-12-31 00:00:00",
            "valor": "10991.00",
            "descricao": null
        },
        {
            "codigo": 7570,
            "data": "2023-12-31 00:00:00",
            "valor": "11168.00",
            "descricao": null
        }
    ]
}