{
    "codigo": 5047,
    "nome": "Gasto municipal em sa\u00fade",
    "descricao": "Gasto municipal em sa\u00fade - Cidades Sustentaveis",
    "fonte": "Sefin",
    "tipoValor": "D",
    "periodicidade": {
        "codigo": 6,
        "descricao": "Anual"
    },
    "tags": [
        {
            "codigo": 17,
            "descricao": "Santos Saud\u00e1vel"
        }
    ],
    "secretarias": [
        {
            "codigo": 4681,
            "dado_codigo": 5047,
            "sigla": "SEFIN",
            "nome": "SECRETARIA MUNICIPAL DE FINAN\u00c7AS E GEST\u00c3O"
        }
    ],
    "autarquias": [],
    "metas": [
        {
            "codigo": 4,
            "numero": 3,
            "titulo": "Sa\u00fade e Bem-Estar",
            "objetivo": "Assegurar uma vida saud\u00e1vel e promover o bem-estar para todos, em todas as idades",
            "imagem_url": "4.jpg",
            "link": "http://www.agenda2030.org.br/ods/3/"
        }
    ],
    "eixos": [
        {
            "codigo": 14,
            "descricao": "A\u00e7\u00e3o Local para a Sa\u00fade"
        }
    ],
    "valores": [
        {
            "codigo": 2437,
            "data": "2013-12-31 00:00:00",
            "valor": "263770721.13",
            "descricao": null
        },
        {
            "codigo": 2438,
            "data": "2017-12-31 00:00:00",
            "valor": "361259813.58",
            "descricao": null
        },
        {
            "codigo": 2439,
            "data": "2016-12-31 00:00:00",
            "valor": "330910010.00",
            "descricao": null
        },
        {
            "codigo": 2440,
            "data": "2014-12-31 00:00:00",
            "valor": "280492202.57",
            "descricao": null
        },
        {
            "codigo": 2441,
            "data": "2015-12-31 00:00:00",
            "valor": "282350700.38",
            "descricao": null
        },
        {
            "codigo": 3587,
            "data": "2018-12-31 00:00:00",
            "valor": "375198748.34",
            "descricao": null
        },
        {
            "codigo": 4540,
            "data": "2019-12-31 00:00:00",
            "valor": "429466458.77",
            "descricao": null
        },
        {
            "codigo": 4956,
            "data": "2020-12-31 00:00:00",
            "valor": "455506618.49",
            "descricao": null
        },
        {
            "codigo": 5430,
            "data": "2021-12-31 00:00:00",
            "valor": "542128207.79",
            "descricao": null
        },
        {
            "codigo": 6830,
            "data": "2022-12-31 00:00:00",
            "valor": "576973301.98",
            "descricao": null
        },
        {
            "codigo": 7502,
            "data": "2023-12-31 00:00:00",
            "valor": "675091714.69",
            "descricao": null
        }
    ]
}