{
    "codigo": 5050,
    "nome": "O munic\u00edpio tem a\u00e7\u00f5es e/ou instrumentos de gerenciamento de riscos? Quais?",
    "descricao": "O munic\u00edpio tem a\u00e7\u00f5es e/ou instrumentos de gerenciamento de riscos? Quais? - Cidades Sustent\u00e1veis - Indicador \"Gerenciamento de riscos\"",
    "fonte": "SESEG - SECRETARIA MUNICIPAL DE SEGURAN\u00c7A / DEPRODEC - DEFESA CIVIL",
    "tipoValor": "T",
    "periodicidade": {
        "codigo": 6,
        "descricao": "Anual"
    },
    "tags": [
        {
            "codigo": 16,
            "descricao": "Santos Segura"
        }
    ],
    "secretarias": [
        {
            "codigo": 779,
            "dado_codigo": 5050,
            "sigla": "SESEG",
            "nome": "SECRETARIA MUNICIPAL DE SEGURAN\u00c7A"
        }
    ],
    "autarquias": [],
    "metas": [
        {
            "codigo": 12,
            "numero": 11,
            "titulo": "Cidades e Comunidades Sustent\u00e1veis",
            "objetivo": "Tornar as cidades e os assentamentos humanos inclusivos, seguros, resilientes e sustent\u00e1veis",
            "imagem_url": "12.jpg",
            "link": "http://www.agenda2030.org.br/ods/11/"
        }
    ],
    "eixos": [
        {
            "codigo": 15,
            "descricao": "Do Local para o Global"
        }
    ],
    "valores": [
        {
            "codigo": 2452,
            "data": "2016-12-31 00:00:00",
            "valor": "0.00",
            "descricao": "Sim, no Plano Diretor de Desenvolvimento e Expans\u00e3o Urbana do Munic\u00edpio, s\u00e3o contemplados o Plano Municipal de Defesa Civil - PPDC, o Plano Municipal de Redu\u00e7\u00e3o de Riscos - PMRR, e o Plano Municipal de Conting\u00eancia para Ressacas e Inunda\u00e7\u00f5es. Al\u00e9m desses o Munic\u00edpio de Santos conta com a Carta Geot\u00e9cnica da \u00e1rea dos morros e Carta de Suscetibilidade a movimentos gravitacionais de massa e inunda\u00e7\u00f5es."
        },
        {
            "codigo": 2453,
            "data": "2017-12-31 00:00:00",
            "valor": "0.00",
            "descricao": "Sim, no Plano Diretor de Desenvolvimento e Expans\u00e3o Urbana do Munic\u00edpio, s\u00e3o contemplados o Plano Municipal de Defesa Civil - PPDC, o Plano Municipal de Redu\u00e7\u00e3o de Riscos - PMRR, e o Plano Municipal de Conting\u00eancia para Ressacas e Inunda\u00e7\u00f5es. Al\u00e9m desses o Munic\u00edpio de Santos conta com a Carta Geot\u00e9cnica da \u00e1rea dos morros e Carta de Suscetibilidade a movimentos gravitacionais de massa e inunda\u00e7\u00f5es."
        },
        {
            "codigo": 2454,
            "data": "2014-12-31 00:00:00",
            "valor": "0.00",
            "descricao": "Sim. No Plano Diretor de Desenvolvimento e Expans\u00e3o Urbana do Munic\u00edpio de Santos s\u00e3o contemplados o Plano Municipal de Defesa Civil, o Plano Municipal de Redu\u00e7\u00e3o de Riscos (PMRR) e o Plano Preventivo de Defesa Civil (PPDC). Al\u00e9m desses itens, o munic\u00edpio disp\u00f5e de Carta Geot\u00e9cnica da \u00e1rea dos morros e Carta de Suscetibilidade a movimentos gravitacionais de massa e inunda\u00e7\u00f5es."
        },
        {
            "codigo": 2455,
            "data": "2015-12-31 00:00:00",
            "valor": "0.00",
            "descricao": "Sim. No Plano Diretor de Desenvolvimento e Expans\u00e3o Urbana do Munic\u00edpio de Santos s\u00e3o contemplados o Plano Municipal de Defesa Civil, o Plano Municipal de Redu\u00e7\u00e3o de Riscos (PMRR) e o Plano Preventivo de Defesa Civil (PPDC). Al\u00e9m desses itens, o munic\u00edpio disp\u00f5e de Carta Geot\u00e9cnica da \u00e1rea dos morros e Carta de Suscetibilidade a movimentos gravitacionais de massa e inunda\u00e7\u00f5es."
        },
        {
            "codigo": 2456,
            "data": "2013-12-31 00:00:00",
            "valor": "0.00",
            "descricao": "Sim. No Plano Diretor de Desenvolvimento e Expans\u00e3o Urbana do Munic\u00edpio de Santos s\u00e3o contemplados o Plano Municipal de Defesa Civil, o Plano Municipal de Redu\u00e7\u00e3o de Riscos (PMRR) e o Plano Preventivo de Defesa Civil (PPDC). Al\u00e9m desses itens, o munic\u00edpio disp\u00f5e de Carta Geot\u00e9cnica da \u00e1rea dos morros e Carta de Suscetibilidade a movimentos gravitacionais de massa e inunda\u00e7\u00f5es."
        },
        {
            "codigo": 3729,
            "data": "2018-12-31 00:00:00",
            "valor": null,
            "descricao": "Sim, no Plano Diretor de Desenvolvimento e Expans\u00e3o Urbana do Munic\u00edpio, s\u00e3o contemplados o Plano Municipal de Defesa Civil - PPDC, o Plano Municipal de Redu\u00e7\u00e3o de Riscos - PMRR, e o Plano Municipal de Conting\u00eancia para Ressacas e Inunda\u00e7\u00f5es. Al\u00e9m desses o Munic\u00edpio de Santos conta com a Carta Geot\u00e9cnica da \u00e1rea dos morros e Carta de Suscetibilidade a movimentos gravitacionais de massa e inunda\u00e7\u00f5es."
        },
        {
            "codigo": 4345,
            "data": "2019-12-31 00:00:00",
            "valor": null,
            "descricao": "Sim, no Plano Diretor de Desenvolvimento e Expans\u00e3o Urbana do Munic\u00edpio de Santos s\u00e3o contemplados o Plano Municipal de Defesa Civil do Munic\u00edpio de Santos, o Plano Municipal de Redu\u00e7\u00e3o de Riscos (PMRR), o Plano Preventivo de Defesa Civil (PPDC) e o Plano Municipal de Conting\u00eancia para Ressacas e Inunda\u00e7\u00f5es. Al\u00e9m desses itens, o munic\u00edpio disp\u00f5e de Carta Geot\u00e9cnica da \u00e1rea dos morros e Carta de Suscetibilidade a movimentos gravitacionais de massa e inunda\u00e7\u00f5es"
        },
        {
            "codigo": 4874,
            "data": "2020-12-31 00:00:00",
            "valor": null,
            "descricao": "Sim, no Plano Diretor de Desenvolvimento e Expans\u00e3o Urbana do Munic\u00edpio de Santos s\u00e3o contemplados o Plano Municipal de Defesa Civil do Munic\u00edpio de Santos, o Plano Municipal de Redu\u00e7\u00e3o de Riscos (PMRR), o Plano Preventivo de Defesa Civil (PPDC) e o Plano Municipal de Conting\u00eancia para Ressacas e Inunda\u00e7\u00f5es. Al\u00e9m desses itens, o munic\u00edpio disp\u00f5e de Carta Geot\u00e9cnica da \u00e1rea dos morros e Carta de Suscetibilidade a movimentos gravitacionais de massa e inunda\u00e7\u00f5es."
        },
        {
            "codigo": 5406,
            "data": "2021-12-31 00:00:00",
            "valor": null,
            "descricao": "Sim, no Plano Diretor de Desenvolvimento e Expans\u00e3o Urbana do Munic\u00edpio de Santos s\u00e3o contemplados o Plano Municipal de Defesa Civil do Munic\u00edpio de Santos, o Plano Municipal de Redu\u00e7\u00e3o de Riscos (PMRR), o Plano Preventivo de Defesa Civil (PPDC) e o Plano Municipal de Conting\u00eancia para Ressacas e Inunda\u00e7\u00f5es. Al\u00e9m desses itens, o munic\u00edpio disp\u00f5e de Carta Geot\u00e9cnica da \u00e1rea dos morros e a Carta de Suscetibilidade a movimentos gravitacionais de massa e inunda\u00e7\u00f5es, assim como o PACS (Plano de A\u00e7\u00e3o Clim\u00e1tica)."
        },
        {
            "codigo": 6608,
            "data": "2022-12-31 00:00:00",
            "valor": null,
            "descricao": "im, no Plano Diretor de Desenvolvimento e Expans\u00e3o Urbana do Munic\u00edpio de Santos s\u00e3o contemplados o Plano Municipal de Defesa Civil do Munic\u00edpio de Santos, o Plano Municipal de Redu\u00e7\u00e3o de Riscos (PMRR), o Plano Preventivo de Defesa Civil (PPDC) e o Plano Municipal de Conting\u00eancia para Ressacas e Inunda\u00e7\u00f5es. Al\u00e9m desses itens, o munic\u00edpio disp\u00f5e de Carta Geot\u00e9cnica da \u00e1rea dos morros e a Carta de Suscetibilidade a movimentos gravitacionais de massa e inunda\u00e7\u00f5es, assim como o PACS (Plano de A\u00e7\u00e3o Clim\u00e1tica)."
        }
    ]
}