{
    "codigo": 5052,
    "nome": "Tipo de evento clim\u00e1tico extremo ocorrido no munic\u00edpio",
    "descricao": "Tipo de evento clim\u00e1tico extremo ocorrido no munic\u00edpio - Cidades Sustent\u00e1veis - Indicador \"Impactos humanos e materiais dos eventos clim\u00e1ticos extremos\"",
    "fonte": "SESEG - SECRETARIA MUNICIPAL DE SEGURAN\u00c7A / DEPRODEC - DEFESA CIVIL",
    "tipoValor": "T",
    "periodicidade": {
        "codigo": 6,
        "descricao": "Anual"
    },
    "tags": [
        {
            "codigo": 16,
            "descricao": "Santos Segura"
        }
    ],
    "secretarias": [
        {
            "codigo": 779,
            "dado_codigo": 5052,
            "sigla": "SESEG",
            "nome": "SECRETARIA MUNICIPAL DE SEGURAN\u00c7A"
        }
    ],
    "autarquias": [],
    "metas": [
        {
            "codigo": 12,
            "numero": 11,
            "titulo": "Cidades e Comunidades Sustent\u00e1veis",
            "objetivo": "Tornar as cidades e os assentamentos humanos inclusivos, seguros, resilientes e sustent\u00e1veis",
            "imagem_url": "12.jpg",
            "link": "http://www.agenda2030.org.br/ods/11/"
        }
    ],
    "eixos": [
        {
            "codigo": 15,
            "descricao": "Do Local para o Global"
        }
    ],
    "valores": [
        {
            "codigo": 2462,
            "data": "2013-12-31 00:00:00",
            "valor": "0.00",
            "descricao": null
        },
        {
            "codigo": 2463,
            "data": "2015-12-31 00:00:00",
            "valor": "0.00",
            "descricao": null
        },
        {
            "codigo": 2464,
            "data": "2017-12-31 00:00:00",
            "valor": "0.00",
            "descricao": null
        },
        {
            "codigo": 2465,
            "data": "2014-12-31 00:00:00",
            "valor": "0.00",
            "descricao": null
        },
        {
            "codigo": 2466,
            "data": "2016-12-31 00:00:00",
            "valor": "0.00",
            "descricao": null
        },
        {
            "codigo": 3731,
            "data": "2018-12-31 00:00:00",
            "valor": null,
            "descricao": "Chuva intensa."
        },
        {
            "codigo": 4346,
            "data": "2019-12-31 00:00:00",
            "valor": null,
            "descricao": "Mar\u00e9s de tempestade (ressaca); tempestade"
        },
        {
            "codigo": 4875,
            "data": "2020-12-31 00:00:00",
            "valor": null,
            "descricao": "Tempestade local/convectiva -chuvas intensas. (02/03/2020)\nTempestade local/convectiva \u2013 vendaval. (16/11/2020)."
        },
        {
            "codigo": 5409,
            "data": "2021-12-31 00:00:00",
            "valor": null,
            "descricao": "Chuvas intensas."
        },
        {
            "codigo": 6623,
            "data": "2022-12-31 00:00:00",
            "valor": null,
            "descricao": "Ressacas, vendavais, tempestades convectivas."
        }
    ]
}