{
    "codigo": 5077,
    "nome": "Or\u00e7amento investido em moderniza\u00e7\u00e3o tecnol\u00f3gica e inova\u00e7\u00e3o",
    "descricao": "Or\u00e7amento investido em moderniza\u00e7\u00e3o tecnol\u00f3gica e inova\u00e7\u00e3o - Cidades Sustentaveis",
    "fonte": "SEGOV-DEORG",
    "tipoValor": "D",
    "periodicidade": {
        "codigo": 6,
        "descricao": "Anual"
    },
    "tags": [
        {
            "codigo": 4,
            "descricao": "Santos Eficiente"
        }
    ],
    "secretarias": [
        {
            "codigo": 2859,
            "dado_codigo": 5077,
            "sigla": "SEGOV",
            "nome": "SECRETARIA MUNICIPAL DE GOVERNO"
        }
    ],
    "autarquias": [],
    "metas": [
        {
            "codigo": 9,
            "numero": 8,
            "titulo": "Trabalho Decente e Crescimento Econ\u00f4mico",
            "objetivo": "Promover o crescimento econ\u00f4mico sustentado, inclusivo e sustent\u00e1vel, o emprego pleno e produtivo e o trabalho decente para todos",
            "imagem_url": "9.jpg",
            "link": "http://www.agenda2030.org.br/ods/8/"
        }
    ],
    "eixos": [
        {
            "codigo": 11,
            "descricao": "Economia Local, Din\u00e2mica, Criativa e Sustent\u00e1vel"
        }
    ],
    "valores": [
        {
            "codigo": 2587,
            "data": "2016-12-31 00:00:00",
            "valor": "1130360.00",
            "descricao": null
        },
        {
            "codigo": 2588,
            "data": "2013-12-31 00:00:00",
            "valor": "3300507.71",
            "descricao": null
        },
        {
            "codigo": 2589,
            "data": "2014-12-31 00:00:00",
            "valor": "4611569.66",
            "descricao": null
        },
        {
            "codigo": 2590,
            "data": "2015-12-31 00:00:00",
            "valor": "1716328.36",
            "descricao": null
        },
        {
            "codigo": 2591,
            "data": "2017-12-31 00:00:00",
            "valor": "83843.41",
            "descricao": null
        },
        {
            "codigo": 3591,
            "data": "2018-12-31 00:00:00",
            "valor": "88726.75",
            "descricao": null
        },
        {
            "codigo": 4544,
            "data": "2019-12-31 00:00:00",
            "valor": "2340.00",
            "descricao": null
        },
        {
            "codigo": 4962,
            "data": "2020-12-31 00:00:00",
            "valor": "0.00",
            "descricao": null
        },
        {
            "codigo": 5436,
            "data": "2021-12-31 00:00:00",
            "valor": "0.00",
            "descricao": null
        },
        {
            "codigo": 6798,
            "data": "2022-12-31 00:00:00",
            "valor": "14145604.39",
            "descricao": null
        }
    ]
}