{
    "codigo": 5089,
    "nome": "Valor da tarifa de \u00f4nibus preponderante no munic\u00edpio multiplicado por 50 viagens",
    "descricao": "Valor da tarifa de \u00f4nibus preponderante no munic\u00edpio multiplicado por 50 viagens - Cidades Sustentaveis",
    "fonte": "CET",
    "tipoValor": "D",
    "periodicidade": {
        "codigo": 6,
        "descricao": "Anual"
    },
    "tags": [
        {
            "codigo": 4,
            "descricao": "Santos Eficiente"
        }
    ],
    "secretarias": [],
    "autarquias": [
        {
            "codigo": 822,
            "dado_codigo": 5089,
            "sigla": "CET",
            "nome": "COMPANHIA DE ENGENHARIA DE TR\u00c1FEGO"
        }
    ],
    "metas": [
        {
            "codigo": 12,
            "numero": 11,
            "titulo": "Cidades e Comunidades Sustent\u00e1veis",
            "objetivo": "Tornar as cidades e os assentamentos humanos inclusivos, seguros, resilientes e sustent\u00e1veis",
            "imagem_url": "12.jpg",
            "link": "http://www.agenda2030.org.br/ods/11/"
        }
    ],
    "eixos": [
        {
            "codigo": 13,
            "descricao": "Melhor Mobilidade, Menor Tr\u00e1fego"
        }
    ],
    "valores": [
        {
            "codigo": 2647,
            "data": "2013-12-31 00:00:00",
            "valor": "0.00",
            "descricao": null
        },
        {
            "codigo": 2648,
            "data": "2017-12-31 00:00:00",
            "valor": "192.50",
            "descricao": null
        },
        {
            "codigo": 2649,
            "data": "2014-12-31 00:00:00",
            "valor": "0.00",
            "descricao": null
        },
        {
            "codigo": 2650,
            "data": "2016-12-31 00:00:00",
            "valor": "172.50",
            "descricao": null
        },
        {
            "codigo": 2651,
            "data": "2015-12-31 00:00:00",
            "valor": "0.00",
            "descricao": null
        },
        {
            "codigo": 3860,
            "data": "2018-12-31 00:00:00",
            "valor": "202.50",
            "descricao": null
        },
        {
            "codigo": 4315,
            "data": "2019-12-31 00:00:00",
            "valor": "232.50",
            "descricao": null
        },
        {
            "codigo": 5164,
            "data": "2020-12-31 00:00:00",
            "valor": "232.50",
            "descricao": null
        },
        {
            "codigo": 6804,
            "data": "2022-12-31 00:00:00",
            "valor": "247.50",
            "descricao": null
        },
        {
            "codigo": 7016,
            "data": "2023-12-31 00:00:00",
            "valor": "262.50",
            "descricao": null
        }
    ]
}