{
    "codigo": 5108,
    "nome": "Existe no munic\u00edpio sistemas inteligentes de contrata\u00e7\u00e3o de empresas? Quais?",
    "descricao": "Existe no munic\u00edpio sistemas inteligentes de contrata\u00e7\u00e3o de empresas? Quais? - Cidades Sustentaveis",
    "fonte": "SEFIN, ANTIGA SEGES",
    "tipoValor": "T",
    "periodicidade": {
        "codigo": 6,
        "descricao": "Anual"
    },
    "tags": [
        {
            "codigo": 4,
            "descricao": "Santos Eficiente"
        }
    ],
    "secretarias": [
        {
            "codigo": 4681,
            "dado_codigo": 5108,
            "sigla": "SEFIN",
            "nome": "SECRETARIA MUNICIPAL DE FINAN\u00c7AS E GEST\u00c3O"
        }
    ],
    "autarquias": [],
    "metas": [
        {
            "codigo": 17,
            "numero": 16,
            "titulo": "Paz, Justi\u00e7a e Institui\u00e7\u00f5es Eficazes",
            "objetivo": "Promover sociedades pac\u00edficas e inclusivas para o desenvolvimento sustent\u00e1vel, proporcionar o acesso \u00e0 justi\u00e7a para todos e construir institui\u00e7\u00f5es eficazes, respons\u00e1veis e inclusivas em todos os n\u00edveis",
            "imagem_url": "17.jpg",
            "link": "http://www.agenda2030.org.br/ods/16/"
        }
    ],
    "eixos": [
        {
            "codigo": 4,
            "descricao": "Governan\u00e7a"
        }
    ],
    "valores": [
        {
            "codigo": 2742,
            "data": "2016-12-31 00:00:00",
            "valor": "0.00",
            "descricao": "Sim. O Sistema Licita-Santos."
        },
        {
            "codigo": 2743,
            "data": "2013-12-31 00:00:00",
            "valor": "0.00",
            "descricao": "Justificativa: n\u00e3o foi poss\u00edvel apurar dado para este ano"
        },
        {
            "codigo": 2744,
            "data": "2017-12-31 00:00:00",
            "valor": "0.00",
            "descricao": "Sim. O Sistema LicitaSantosF\u00e1cil."
        },
        {
            "codigo": 2745,
            "data": "2015-12-31 00:00:00",
            "valor": "0.00",
            "descricao": "Sim. O Sistema Licita-Santos."
        },
        {
            "codigo": 2746,
            "data": "2014-12-31 00:00:00",
            "valor": "0.00",
            "descricao": "Justificativa: n\u00e3o foi poss\u00edvel apurar dado para este ano"
        },
        {
            "codigo": 3706,
            "data": "2018-12-31 00:00:00",
            "valor": null,
            "descricao": "Sim, o sistema LICITASANTOS F\u00e1cil."
        },
        {
            "codigo": 4203,
            "data": "2019-12-31 00:00:00",
            "valor": null,
            "descricao": "LiicitaSantos F\u00e1cil"
        },
        {
            "codigo": 5072,
            "data": "2020-12-31 00:00:00",
            "valor": null,
            "descricao": "Sim, LicitaSantos F\u00e1cil"
        },
        {
            "codigo": 5986,
            "data": "2021-12-30 00:00:00",
            "valor": null,
            "descricao": "Sim, Licita Santos!"
        },
        {
            "codigo": 6829,
            "data": "2022-12-31 00:00:00",
            "valor": null,
            "descricao": "Sim, Licita Santos!"
        },
        {
            "codigo": 7532,
            "data": "2023-12-31 00:00:00",
            "valor": null,
            "descricao": "Sim, Licita Santos"
        }
    ]
}