{
    "codigo": 5117,
    "nome": "N\u00famero de \u00f4nibus coletivos que utilizam sistemas de energia sustent\u00e1vel (el\u00e9trico, h\u00edbrido e combust\u00edveis renov\u00e1veis e limpos)",
    "descricao": "N\u00famero de \u00f4nibus coletivos que utilizam sistemas de energia sustent\u00e1vel (el\u00e9trico, h\u00edbrido e combust\u00edveis renov\u00e1veis e limpos) - Cidades Sustentaveis",
    "fonte": "CET",
    "tipoValor": "I",
    "periodicidade": {
        "codigo": 6,
        "descricao": "Anual"
    },
    "tags": [
        {
            "codigo": 7,
            "descricao": "Santos Mobilidade"
        }
    ],
    "secretarias": [],
    "autarquias": [
        {
            "codigo": 822,
            "dado_codigo": 5117,
            "sigla": "CET",
            "nome": "COMPANHIA DE ENGENHARIA DE TR\u00c1FEGO"
        }
    ],
    "metas": [
        {
            "codigo": 12,
            "numero": 11,
            "titulo": "Cidades e Comunidades Sustent\u00e1veis",
            "objetivo": "Tornar as cidades e os assentamentos humanos inclusivos, seguros, resilientes e sustent\u00e1veis",
            "imagem_url": "12.jpg",
            "link": "http://www.agenda2030.org.br/ods/11/"
        }
    ],
    "eixos": [
        {
            "codigo": 13,
            "descricao": "Melhor Mobilidade, Menor Tr\u00e1fego"
        }
    ],
    "valores": [
        {
            "codigo": 2787,
            "data": "2017-12-31 00:00:00",
            "valor": "305.00",
            "descricao": null
        },
        {
            "codigo": 2788,
            "data": "2013-12-31 00:00:00",
            "valor": "305.00",
            "descricao": null
        },
        {
            "codigo": 2789,
            "data": "2015-12-31 00:00:00",
            "valor": "305.00",
            "descricao": null
        },
        {
            "codigo": 2790,
            "data": "2014-12-31 00:00:00",
            "valor": "305.00",
            "descricao": null
        },
        {
            "codigo": 2791,
            "data": "2016-12-31 00:00:00",
            "valor": "305.00",
            "descricao": null
        },
        {
            "codigo": 3805,
            "data": "2018-12-31 00:00:00",
            "valor": "293.00",
            "descricao": null
        },
        {
            "codigo": 4435,
            "data": "2019-12-31 00:00:00",
            "valor": "293.00",
            "descricao": null
        },
        {
            "codigo": 5012,
            "data": "2020-12-31 00:00:00",
            "valor": "273.00",
            "descricao": null
        },
        {
            "codigo": 5570,
            "data": "2021-12-31 00:00:00",
            "valor": "224.00",
            "descricao": null
        },
        {
            "codigo": 6999,
            "data": "2023-12-31 00:00:00",
            "valor": "8.00",
            "descricao": null
        }
    ]
}