{
    "codigo": 5144,
    "nome": "N\u00famero total de processos municipais",
    "descricao": "N\u00famero total de processos municipais - Cidades Sustentaveis",
    "fonte": "SEGOV-DETIC",
    "tipoValor": "I",
    "periodicidade": {
        "codigo": 6,
        "descricao": "Anual"
    },
    "tags": [
        {
            "codigo": 18,
            "descricao": "Santos Transparente"
        }
    ],
    "secretarias": [
        {
            "codigo": 2859,
            "dado_codigo": 5144,
            "sigla": "SEGOV",
            "nome": "SECRETARIA MUNICIPAL DE GOVERNO"
        }
    ],
    "autarquias": [],
    "metas": [
        {
            "codigo": 17,
            "numero": 16,
            "titulo": "Paz, Justi\u00e7a e Institui\u00e7\u00f5es Eficazes",
            "objetivo": "Promover sociedades pac\u00edficas e inclusivas para o desenvolvimento sustent\u00e1vel, proporcionar o acesso \u00e0 justi\u00e7a para todos e construir institui\u00e7\u00f5es eficazes, respons\u00e1veis e inclusivas em todos os n\u00edveis",
            "imagem_url": "17.jpg",
            "link": "http://www.agenda2030.org.br/ods/16/"
        }
    ],
    "eixos": [
        {
            "codigo": 4,
            "descricao": "Governan\u00e7a"
        }
    ],
    "valores": [
        {
            "codigo": 2923,
            "data": "2015-12-31 00:00:00",
            "valor": "140769.00",
            "descricao": null
        },
        {
            "codigo": 2924,
            "data": "2016-12-31 00:00:00",
            "valor": "135438.00",
            "descricao": null
        },
        {
            "codigo": 2925,
            "data": "2017-12-31 00:00:00",
            "valor": "144011.00",
            "descricao": null
        },
        {
            "codigo": 2926,
            "data": "2013-12-31 00:00:00",
            "valor": "138110.00",
            "descricao": null
        },
        {
            "codigo": 2927,
            "data": "2014-12-31 00:00:00",
            "valor": "136387.00",
            "descricao": null
        },
        {
            "codigo": 3959,
            "data": "2018-12-31 00:00:00",
            "valor": "152321.00",
            "descricao": null
        },
        {
            "codigo": 4142,
            "data": "2019-12-31 00:00:00",
            "valor": "166144.00",
            "descricao": null
        },
        {
            "codigo": 5185,
            "data": "2020-12-31 00:00:00",
            "valor": "174213.00",
            "descricao": null
        },
        {
            "codigo": 6041,
            "data": "2021-12-30 00:00:00",
            "valor": "173210.00",
            "descricao": null
        },
        {
            "codigo": 6907,
            "data": "2022-12-31 00:00:00",
            "valor": "147487.00",
            "descricao": null
        }
    ]
}