{
    "codigo": 5149,
    "nome": "N\u00famero de professores nos anos finais do Ensino Fundamental e no Ensino M\u00e9dio da rede p\u00fablica",
    "descricao": "N\u00famero de professores nos anos finais do Ensino Fundamental e no Ensino M\u00e9dio da rede p\u00fablica - Cidades Sustentaveis",
    "fonte": "Diretoria Regional de Ensino do Estado + Seduc",
    "tipoValor": "I",
    "periodicidade": {
        "codigo": 6,
        "descricao": "Anual"
    },
    "tags": [
        {
            "codigo": 3,
            "descricao": "Santos Educadora"
        }
    ],
    "secretarias": [
        {
            "codigo": 2907,
            "dado_codigo": 5149,
            "sigla": "SEDUC",
            "nome": "SECRETARIA MUNICIPAL DE EDUCA\u00c7\u00c3O"
        }
    ],
    "autarquias": [],
    "metas": [
        {
            "codigo": 5,
            "numero": 5,
            "titulo": "Igualdade de G\u00eanero",
            "objetivo": "Alcan\u00e7ar a igualdade de g\u00eanero e empoderar todas as mulheres e meninas",
            "imagem_url": "5.jpg",
            "link": "http://www.agenda2030.org.br/ods/5/"
        }
    ],
    "eixos": [
        {
            "codigo": 10,
            "descricao": "Educa\u00e7\u00e3o para a Sustentabilidade e Qualidade de Vida"
        }
    ],
    "valores": [
        {
            "codigo": 2948,
            "data": "2017-12-31 00:00:00",
            "valor": "716.00",
            "descricao": null
        },
        {
            "codigo": 2949,
            "data": "2014-08-31 00:00:00",
            "valor": "756.00",
            "descricao": null
        },
        {
            "codigo": 2950,
            "data": "2013-08-31 00:00:00",
            "valor": "719.00",
            "descricao": null
        },
        {
            "codigo": 2951,
            "data": "2015-08-31 00:00:00",
            "valor": "729.00",
            "descricao": null
        },
        {
            "codigo": 2952,
            "data": "2016-12-31 00:00:00",
            "valor": "711.00",
            "descricao": null
        },
        {
            "codigo": 3779,
            "data": "2018-12-31 00:00:00",
            "valor": "716.00",
            "descricao": null
        },
        {
            "codigo": 4502,
            "data": "2019-12-31 00:00:00",
            "valor": "1339.00",
            "descricao": null
        },
        {
            "codigo": 5209,
            "data": "2020-12-31 00:00:00",
            "valor": "1769.00",
            "descricao": null
        },
        {
            "codigo": 5641,
            "data": "2021-12-21 00:00:00",
            "valor": "1769.00",
            "descricao": null
        },
        {
            "codigo": 6437,
            "data": "2022-12-31 00:00:00",
            "valor": "3679.00",
            "descricao": null
        },
        {
            "codigo": 7075,
            "data": "2023-12-31 00:00:00",
            "valor": "1971.00",
            "descricao": null
        }
    ]
}