{
    "codigo": 5150,
    "nome": "N\u00famero de professores da educa\u00e7\u00e3o b\u00e1sica com forma\u00e7\u00e3o em educa\u00e7\u00e3o especial",
    "descricao": "N\u00famero de professores da educa\u00e7\u00e3o b\u00e1sica com forma\u00e7\u00e3o em educa\u00e7\u00e3o especial - Cidades Sustentaveis",
    "fonte": "Diretoria Regional de Ensino do Estado + Seduc",
    "tipoValor": "I",
    "periodicidade": {
        "codigo": 6,
        "descricao": "Anual"
    },
    "tags": [
        {
            "codigo": 3,
            "descricao": "Santos Educadora"
        }
    ],
    "secretarias": [
        {
            "codigo": 2907,
            "dado_codigo": 5150,
            "sigla": "SEDUC",
            "nome": "SECRETARIA MUNICIPAL DE EDUCA\u00c7\u00c3O"
        }
    ],
    "autarquias": [],
    "metas": [
        {
            "codigo": 5,
            "numero": 5,
            "titulo": "Igualdade de G\u00eanero",
            "objetivo": "Alcan\u00e7ar a igualdade de g\u00eanero e empoderar todas as mulheres e meninas",
            "imagem_url": "5.jpg",
            "link": "http://www.agenda2030.org.br/ods/5/"
        }
    ],
    "eixos": [
        {
            "codigo": 10,
            "descricao": "Educa\u00e7\u00e3o para a Sustentabilidade e Qualidade de Vida"
        }
    ],
    "valores": [
        {
            "codigo": 2953,
            "data": "2015-08-31 00:00:00",
            "valor": "157.00",
            "descricao": null
        },
        {
            "codigo": 2954,
            "data": "2014-08-31 00:00:00",
            "valor": "166.00",
            "descricao": null
        },
        {
            "codigo": 2955,
            "data": "2017-12-31 00:00:00",
            "valor": "152.00",
            "descricao": null
        },
        {
            "codigo": 2956,
            "data": "2016-12-31 00:00:00",
            "valor": "155.00",
            "descricao": null
        },
        {
            "codigo": 2957,
            "data": "2013-08-31 00:00:00",
            "valor": "179.00",
            "descricao": null
        },
        {
            "codigo": 3781,
            "data": "2018-12-31 00:00:00",
            "valor": "152.00",
            "descricao": null
        },
        {
            "codigo": 4498,
            "data": "2019-12-31 00:00:00",
            "valor": "149.00",
            "descricao": null
        },
        {
            "codigo": 5010,
            "data": "2020-12-31 00:00:00",
            "valor": "147.00",
            "descricao": null
        },
        {
            "codigo": 5642,
            "data": "2021-12-21 00:00:00",
            "valor": "149.00",
            "descricao": null
        },
        {
            "codigo": 6433,
            "data": "2022-12-31 00:00:00",
            "valor": "3485.00",
            "descricao": null
        },
        {
            "codigo": 7070,
            "data": "2023-12-31 00:00:00",
            "valor": "241.00",
            "descricao": null
        }
    ]
}