{
    "codigo": 5162,
    "nome": "N\u00famero de professores na pr\u00e9-escola",
    "descricao": "N\u00famero de professores na pr\u00e9-escola - Cidades Sustentaveis",
    "fonte": "Seduc",
    "tipoValor": "I",
    "periodicidade": {
        "codigo": 6,
        "descricao": "Anual"
    },
    "tags": [
        {
            "codigo": 3,
            "descricao": "Santos Educadora"
        }
    ],
    "secretarias": [
        {
            "codigo": 2907,
            "dado_codigo": 5162,
            "sigla": "SEDUC",
            "nome": "SECRETARIA MUNICIPAL DE EDUCA\u00c7\u00c3O"
        }
    ],
    "autarquias": [],
    "metas": [
        {
            "codigo": 5,
            "numero": 5,
            "titulo": "Igualdade de G\u00eanero",
            "objetivo": "Alcan\u00e7ar a igualdade de g\u00eanero e empoderar todas as mulheres e meninas",
            "imagem_url": "5.jpg",
            "link": "http://www.agenda2030.org.br/ods/5/"
        }
    ],
    "eixos": [
        {
            "codigo": 10,
            "descricao": "Educa\u00e7\u00e3o para a Sustentabilidade e Qualidade de Vida"
        }
    ],
    "valores": [
        {
            "codigo": 3015,
            "data": "2015-08-31 00:00:00",
            "valor": "1710.00",
            "descricao": null
        },
        {
            "codigo": 3016,
            "data": "2014-08-31 00:00:00",
            "valor": "1716.00",
            "descricao": null
        },
        {
            "codigo": 3017,
            "data": "2013-08-31 00:00:00",
            "valor": "1278.00",
            "descricao": null
        },
        {
            "codigo": 3018,
            "data": "2017-12-31 00:00:00",
            "valor": "1256.00",
            "descricao": null
        },
        {
            "codigo": 3019,
            "data": "2016-12-31 00:00:00",
            "valor": "1964.00",
            "descricao": null
        },
        {
            "codigo": 3785,
            "data": "2018-12-31 00:00:00",
            "valor": "1256.00",
            "descricao": null
        },
        {
            "codigo": 4375,
            "data": "2019-12-31 00:00:00",
            "valor": "1375.00",
            "descricao": null
        },
        {
            "codigo": 5016,
            "data": "2020-12-31 00:00:00",
            "valor": "1283.00",
            "descricao": null
        },
        {
            "codigo": 5558,
            "data": "2021-12-21 00:00:00",
            "valor": "286.00",
            "descricao": null
        },
        {
            "codigo": 6435,
            "data": "2022-12-31 00:00:00",
            "valor": "167.00",
            "descricao": null
        },
        {
            "codigo": 7072,
            "data": "2023-12-31 00:00:00",
            "valor": "335.00",
            "descricao": null
        }
    ]
}