{
    "codigo": 5163,
    "nome": "N\u00famero de professores no ensino fundamental",
    "descricao": "N\u00famero de professores no ensino fundamental - Cidades Sustentaveis",
    "fonte": "Seduc",
    "tipoValor": "I",
    "periodicidade": {
        "codigo": 6,
        "descricao": "Anual"
    },
    "tags": [
        {
            "codigo": 3,
            "descricao": "Santos Educadora"
        }
    ],
    "secretarias": [
        {
            "codigo": 2907,
            "dado_codigo": 5163,
            "sigla": "SEDUC",
            "nome": "SECRETARIA MUNICIPAL DE EDUCA\u00c7\u00c3O"
        }
    ],
    "autarquias": [],
    "metas": [
        {
            "codigo": 5,
            "numero": 5,
            "titulo": "Igualdade de G\u00eanero",
            "objetivo": "Alcan\u00e7ar a igualdade de g\u00eanero e empoderar todas as mulheres e meninas",
            "imagem_url": "5.jpg",
            "link": "http://www.agenda2030.org.br/ods/5/"
        }
    ],
    "eixos": [
        {
            "codigo": 10,
            "descricao": "Educa\u00e7\u00e3o para a Sustentabilidade e Qualidade de Vida"
        }
    ],
    "valores": [
        {
            "codigo": 3020,
            "data": "2013-08-31 00:00:00",
            "valor": "1706.00",
            "descricao": null
        },
        {
            "codigo": 3021,
            "data": "2016-12-31 00:00:00",
            "valor": "1660.00",
            "descricao": null
        },
        {
            "codigo": 3022,
            "data": "2017-12-31 00:00:00",
            "valor": "1922.00",
            "descricao": null
        },
        {
            "codigo": 3023,
            "data": "2014-08-31 00:00:00",
            "valor": "1716.00",
            "descricao": null
        },
        {
            "codigo": 3024,
            "data": "2015-08-31 00:00:00",
            "valor": "1710.00",
            "descricao": null
        },
        {
            "codigo": 3924,
            "data": "2018-12-31 00:00:00",
            "valor": "1915.00",
            "descricao": null
        },
        {
            "codigo": 4376,
            "data": "2019-12-31 00:00:00",
            "valor": "1372.00",
            "descricao": null
        },
        {
            "codigo": 5018,
            "data": "2020-12-31 00:00:00",
            "valor": "1168.00",
            "descricao": null
        },
        {
            "codigo": 5559,
            "data": "2021-12-21 00:00:00",
            "valor": "652.00",
            "descricao": null
        },
        {
            "codigo": 6436,
            "data": "2022-12-31 00:00:00",
            "valor": "1468.00",
            "descricao": null
        },
        {
            "codigo": 7073,
            "data": "2023-12-31 00:00:00",
            "valor": "1445.00",
            "descricao": null
        }
    ]
}