{
    "codigo": 5166,
    "nome": "N\u00famero de alunos no ensino fundamental",
    "descricao": "N\u00famero de alunos no ensino fundamental - Cidades Sustentaveis",
    "fonte": "Seduc",
    "tipoValor": "I",
    "periodicidade": {
        "codigo": 6,
        "descricao": "Anual"
    },
    "tags": [
        {
            "codigo": 3,
            "descricao": "Santos Educadora"
        }
    ],
    "secretarias": [
        {
            "codigo": 2907,
            "dado_codigo": 5166,
            "sigla": "SEDUC",
            "nome": "SECRETARIA MUNICIPAL DE EDUCA\u00c7\u00c3O"
        }
    ],
    "autarquias": [],
    "metas": [
        {
            "codigo": 5,
            "numero": 5,
            "titulo": "Igualdade de G\u00eanero",
            "objetivo": "Alcan\u00e7ar a igualdade de g\u00eanero e empoderar todas as mulheres e meninas",
            "imagem_url": "5.jpg",
            "link": "http://www.agenda2030.org.br/ods/5/"
        }
    ],
    "eixos": [
        {
            "codigo": 10,
            "descricao": "Educa\u00e7\u00e3o para a Sustentabilidade e Qualidade de Vida"
        }
    ],
    "valores": [
        {
            "codigo": 3035,
            "data": "2017-12-31 00:00:00",
            "valor": "17944.00",
            "descricao": null
        },
        {
            "codigo": 3036,
            "data": "2016-12-31 00:00:00",
            "valor": "19302.00",
            "descricao": null
        },
        {
            "codigo": 3037,
            "data": "2015-12-31 00:00:00",
            "valor": "19191.00",
            "descricao": null
        },
        {
            "codigo": 3038,
            "data": "2013-12-31 00:00:00",
            "valor": "19161.00",
            "descricao": null
        },
        {
            "codigo": 3039,
            "data": "2014-12-31 00:00:00",
            "valor": "19025.00",
            "descricao": null
        },
        {
            "codigo": 3786,
            "data": "2018-12-31 00:00:00",
            "valor": "19284.00",
            "descricao": null
        },
        {
            "codigo": 4378,
            "data": "2019-12-31 00:00:00",
            "valor": "19436.00",
            "descricao": null
        },
        {
            "codigo": 5023,
            "data": "2020-12-31 00:00:00",
            "valor": "19440.00",
            "descricao": null
        },
        {
            "codigo": 5466,
            "data": "2021-12-21 00:00:00",
            "valor": "19321.00",
            "descricao": null
        },
        {
            "codigo": 6421,
            "data": "2022-12-31 00:00:00",
            "valor": "19400.00",
            "descricao": null
        },
        {
            "codigo": 7055,
            "data": "2023-12-31 00:00:00",
            "valor": "18720.00",
            "descricao": null
        }
    ]
}