{
    "codigo": 5175,
    "nome": "Quantidade de atletas participantes nos eventos esportivos (competi\u00e7\u00f5es e apresenta\u00e7\u00f5es) realizados na cidade (Inclusive eventos que n\u00e3o sejam realizados pela Administra\u00e7\u00e3o)",
    "descricao": "Quantidade de atletas participantes nos eventos esportivos (competi\u00e7\u00f5es e apresenta\u00e7\u00f5es) realizados na cidade (Inclusive eventos que n\u00e3o sejam realizados pela Administra\u00e7\u00e3o) - Cidades Sustentaveis",
    "fonte": "Semes",
    "tipoValor": "I",
    "periodicidade": {
        "codigo": 6,
        "descricao": "Anual"
    },
    "tags": [
        {
            "codigo": 5,
            "descricao": "Santos Esportiva"
        }
    ],
    "secretarias": [
        {
            "codigo": 576,
            "dado_codigo": 5175,
            "sigla": "SEMES",
            "nome": "SECRETARIA MUNICIPAL DE ESPORTES"
        }
    ],
    "autarquias": [],
    "metas": [
        {
            "codigo": 4,
            "numero": 3,
            "titulo": "Sa\u00fade e Bem-Estar",
            "objetivo": "Assegurar uma vida saud\u00e1vel e promover o bem-estar para todos, em todas as idades",
            "imagem_url": "4.jpg",
            "link": "http://www.agenda2030.org.br/ods/3/"
        }
    ],
    "eixos": [
        {
            "codigo": 14,
            "descricao": "A\u00e7\u00e3o Local para a Sa\u00fade"
        }
    ],
    "valores": [
        {
            "codigo": 3079,
            "data": "2013-12-31 00:00:00",
            "valor": "10755.00",
            "descricao": null
        },
        {
            "codigo": 3080,
            "data": "2014-12-31 00:00:00",
            "valor": "20951.00",
            "descricao": null
        },
        {
            "codigo": 3081,
            "data": "2017-12-31 00:00:00",
            "valor": "13217.00",
            "descricao": null
        },
        {
            "codigo": 3082,
            "data": "2015-12-31 00:00:00",
            "valor": "30643.00",
            "descricao": null
        },
        {
            "codigo": 3083,
            "data": "2016-12-31 00:00:00",
            "valor": "33698.00",
            "descricao": null
        },
        {
            "codigo": 3596,
            "data": "2018-12-31 00:00:00",
            "valor": "12828.00",
            "descricao": null
        },
        {
            "codigo": 4245,
            "data": "2019-12-31 00:00:00",
            "valor": "14061.00",
            "descricao": null
        },
        {
            "codigo": 5182,
            "data": "2020-12-31 00:00:00",
            "valor": "584.00",
            "descricao": null
        },
        {
            "codigo": 5965,
            "data": "2021-12-31 00:00:00",
            "valor": "35120.00",
            "descricao": null
        },
        {
            "codigo": 6973,
            "data": "2022-12-31 00:00:00",
            "valor": "42144.00",
            "descricao": null
        }
    ]
}