{
    "codigo": 5177,
    "nome": "Quantidade cursos esportivos para deficiente",
    "descricao": "Quantidade cursos esportivos para deficiente - Cidades Sustentaveis",
    "fonte": "Semes",
    "tipoValor": "I",
    "periodicidade": {
        "codigo": 6,
        "descricao": "Anual"
    },
    "tags": [
        {
            "codigo": 5,
            "descricao": "Santos Esportiva"
        }
    ],
    "secretarias": [
        {
            "codigo": 576,
            "dado_codigo": 5177,
            "sigla": "SEMES",
            "nome": "SECRETARIA MUNICIPAL DE ESPORTES"
        }
    ],
    "autarquias": [],
    "metas": [
        {
            "codigo": 4,
            "numero": 3,
            "titulo": "Sa\u00fade e Bem-Estar",
            "objetivo": "Assegurar uma vida saud\u00e1vel e promover o bem-estar para todos, em todas as idades",
            "imagem_url": "4.jpg",
            "link": "http://www.agenda2030.org.br/ods/3/"
        }
    ],
    "eixos": [
        {
            "codigo": 14,
            "descricao": "A\u00e7\u00e3o Local para a Sa\u00fade"
        }
    ],
    "valores": [
        {
            "codigo": 3089,
            "data": "2016-12-31 00:00:00",
            "valor": "6.00",
            "descricao": null
        },
        {
            "codigo": 3090,
            "data": "2014-12-31 00:00:00",
            "valor": "6.00",
            "descricao": null
        },
        {
            "codigo": 3091,
            "data": "2015-12-31 00:00:00",
            "valor": "5.00",
            "descricao": null
        },
        {
            "codigo": 3092,
            "data": "2017-12-31 00:00:00",
            "valor": "7.00",
            "descricao": null
        },
        {
            "codigo": 3600,
            "data": "2018-12-31 00:00:00",
            "valor": "11.00",
            "descricao": null
        },
        {
            "codigo": 4248,
            "data": "2019-12-31 00:00:00",
            "valor": "13.00",
            "descricao": null
        },
        {
            "codigo": 5154,
            "data": "2020-12-31 00:00:00",
            "valor": "13.00",
            "descricao": null
        },
        {
            "codigo": 5961,
            "data": "2021-12-31 00:00:00",
            "valor": "9.00",
            "descricao": null
        },
        {
            "codigo": 6941,
            "data": "2022-12-31 00:00:00",
            "valor": "12.00",
            "descricao": null
        }
    ]
}