{
    "codigo": 5179,
    "nome": "Quantidade de equipamentos esportivos em locais de baixa renda",
    "descricao": "Quantidade de equipamentos esportivos em locais de baixa renda - Cidades Sustent\u00e1veis",
    "fonte": "SEMES",
    "tipoValor": "I",
    "periodicidade": {
        "codigo": 6,
        "descricao": "Anual"
    },
    "tags": [
        {
            "codigo": 5,
            "descricao": "Santos Esportiva"
        }
    ],
    "secretarias": [
        {
            "codigo": 576,
            "dado_codigo": 5179,
            "sigla": "SEMES",
            "nome": "SECRETARIA MUNICIPAL DE ESPORTES"
        }
    ],
    "autarquias": [],
    "metas": [
        {
            "codigo": 4,
            "numero": 3,
            "titulo": "Sa\u00fade e Bem-Estar",
            "objetivo": "Assegurar uma vida saud\u00e1vel e promover o bem-estar para todos, em todas as idades",
            "imagem_url": "4.jpg",
            "link": "http://www.agenda2030.org.br/ods/3/"
        }
    ],
    "eixos": [
        {
            "codigo": 14,
            "descricao": "A\u00e7\u00e3o Local para a Sa\u00fade"
        }
    ],
    "valores": [
        {
            "codigo": 3098,
            "data": "2017-12-31 00:00:00",
            "valor": "19.00",
            "descricao": null
        },
        {
            "codigo": 3099,
            "data": "2016-12-31 00:00:00",
            "valor": "43.00",
            "descricao": null
        },
        {
            "codigo": 3100,
            "data": "2014-12-31 00:00:00",
            "valor": "41.00",
            "descricao": null
        },
        {
            "codigo": 3101,
            "data": "2015-12-31 00:00:00",
            "valor": "41.00",
            "descricao": null
        },
        {
            "codigo": 3102,
            "data": "2013-12-31 00:00:00",
            "valor": "42.00",
            "descricao": null
        },
        {
            "codigo": 3602,
            "data": "2018-12-31 00:00:00",
            "valor": "19.00",
            "descricao": null
        },
        {
            "codigo": 4250,
            "data": "2019-12-31 00:00:00",
            "valor": "19.00",
            "descricao": null
        },
        {
            "codigo": 5155,
            "data": "2020-12-31 00:00:00",
            "valor": "19.00",
            "descricao": null
        },
        {
            "codigo": 5966,
            "data": "2021-12-31 00:00:00",
            "valor": "37.00",
            "descricao": null
        },
        {
            "codigo": 6910,
            "data": "2022-12-31 00:00:00",
            "valor": "6.00",
            "descricao": null
        }
    ]
}