{
    "codigo": 5180,
    "nome": "Quantidade de pessoas atendidas nos equipamentos esportivos em locais de baixa renda",
    "descricao": "Quantidade de pessoas atendidas nos equipamentos esportivos em locais de baixa renda - Cidades Sustentaveis",
    "fonte": "Semes",
    "tipoValor": "I",
    "periodicidade": {
        "codigo": 6,
        "descricao": "Anual"
    },
    "tags": [
        {
            "codigo": 5,
            "descricao": "Santos Esportiva"
        }
    ],
    "secretarias": [
        {
            "codigo": 576,
            "dado_codigo": 5180,
            "sigla": "SEMES",
            "nome": "SECRETARIA MUNICIPAL DE ESPORTES"
        }
    ],
    "autarquias": [],
    "metas": [
        {
            "codigo": 4,
            "numero": 3,
            "titulo": "Sa\u00fade e Bem-Estar",
            "objetivo": "Assegurar uma vida saud\u00e1vel e promover o bem-estar para todos, em todas as idades",
            "imagem_url": "4.jpg",
            "link": "http://www.agenda2030.org.br/ods/3/"
        }
    ],
    "eixos": [
        {
            "codigo": 14,
            "descricao": "A\u00e7\u00e3o Local para a Sa\u00fade"
        }
    ],
    "valores": [
        {
            "codigo": 3103,
            "data": "2014-12-31 00:00:00",
            "valor": "7939.00",
            "descricao": null
        },
        {
            "codigo": 3104,
            "data": "2017-12-31 00:00:00",
            "valor": "8082.00",
            "descricao": null
        },
        {
            "codigo": 3105,
            "data": "2015-12-31 00:00:00",
            "valor": "8253.00",
            "descricao": null
        },
        {
            "codigo": 3106,
            "data": "2016-12-31 00:00:00",
            "valor": "9735.00",
            "descricao": null
        },
        {
            "codigo": 3603,
            "data": "2018-12-31 00:00:00",
            "valor": "4010.00",
            "descricao": null
        },
        {
            "codigo": 4247,
            "data": "2019-12-31 00:00:00",
            "valor": "3422.00",
            "descricao": null
        },
        {
            "codigo": 5176,
            "data": "2020-12-31 00:00:00",
            "valor": "3304.00",
            "descricao": null
        },
        {
            "codigo": 5970,
            "data": "2021-12-31 00:00:00",
            "valor": "2261.00",
            "descricao": null
        },
        {
            "codigo": 6976,
            "data": "2022-12-31 00:00:00",
            "valor": "2731.00",
            "descricao": null
        }
    ]
}