{
    "codigo": 5182,
    "nome": "Quantidade de alunos atendidos nos cursos oferecidos pelas escolas esportivas",
    "descricao": "Quantidade de alunos atendidos nos cursos oferecidos pelas escolas esportivas - Cidades Sustentaveis",
    "fonte": "Semes",
    "tipoValor": "I",
    "periodicidade": {
        "codigo": 6,
        "descricao": "Anual"
    },
    "tags": [
        {
            "codigo": 5,
            "descricao": "Santos Esportiva"
        }
    ],
    "secretarias": [
        {
            "codigo": 576,
            "dado_codigo": 5182,
            "sigla": "SEMES",
            "nome": "SECRETARIA MUNICIPAL DE ESPORTES"
        }
    ],
    "autarquias": [],
    "metas": [
        {
            "codigo": 4,
            "numero": 3,
            "titulo": "Sa\u00fade e Bem-Estar",
            "objetivo": "Assegurar uma vida saud\u00e1vel e promover o bem-estar para todos, em todas as idades",
            "imagem_url": "4.jpg",
            "link": "http://www.agenda2030.org.br/ods/3/"
        }
    ],
    "eixos": [
        {
            "codigo": 14,
            "descricao": "A\u00e7\u00e3o Local para a Sa\u00fade"
        }
    ],
    "valores": [
        {
            "codigo": 3112,
            "data": "2014-12-31 00:00:00",
            "valor": "16892.00",
            "descricao": null
        },
        {
            "codigo": 3113,
            "data": "2015-12-31 00:00:00",
            "valor": "17560.00",
            "descricao": null
        },
        {
            "codigo": 3114,
            "data": "2016-12-31 00:00:00",
            "valor": "16685.00",
            "descricao": null
        },
        {
            "codigo": 3115,
            "data": "2017-12-31 00:00:00",
            "valor": "17461.00",
            "descricao": null
        },
        {
            "codigo": 3606,
            "data": "2018-12-31 00:00:00",
            "valor": "10468.00",
            "descricao": null
        },
        {
            "codigo": 4252,
            "data": "2019-12-31 00:00:00",
            "valor": "12578.00",
            "descricao": null
        },
        {
            "codigo": 5178,
            "data": "2020-12-31 00:00:00",
            "valor": "15022.00",
            "descricao": null
        },
        {
            "codigo": 5963,
            "data": "2021-12-31 00:00:00",
            "valor": "8140.00",
            "descricao": null
        },
        {
            "codigo": 6971,
            "data": "2022-12-31 00:00:00",
            "valor": "9768.00",
            "descricao": null
        }
    ]
}