{
    "codigo": 5187,
    "nome": "N\u00famero de acidentes envolvendo motos",
    "descricao": "N\u00famero de acidentes envolvendo motos - Cidades Sustentaveis",
    "fonte": "CET",
    "tipoValor": "I",
    "periodicidade": {
        "codigo": 6,
        "descricao": "Anual"
    },
    "tags": [
        {
            "codigo": 7,
            "descricao": "Santos Mobilidade"
        }
    ],
    "secretarias": [],
    "autarquias": [
        {
            "codigo": 822,
            "dado_codigo": 5187,
            "sigla": "CET",
            "nome": "COMPANHIA DE ENGENHARIA DE TR\u00c1FEGO"
        }
    ],
    "metas": [
        {
            "codigo": 12,
            "numero": 11,
            "titulo": "Cidades e Comunidades Sustent\u00e1veis",
            "objetivo": "Tornar as cidades e os assentamentos humanos inclusivos, seguros, resilientes e sustent\u00e1veis",
            "imagem_url": "12.jpg",
            "link": "http://www.agenda2030.org.br/ods/11/"
        }
    ],
    "eixos": [
        {
            "codigo": 13,
            "descricao": "Melhor Mobilidade, Menor Tr\u00e1fego"
        }
    ],
    "valores": [
        {
            "codigo": 3135,
            "data": "2017-12-31 00:00:00",
            "valor": "1700.00",
            "descricao": null
        },
        {
            "codigo": 3136,
            "data": "2013-12-31 00:00:00",
            "valor": "2310.00",
            "descricao": null
        },
        {
            "codigo": 3137,
            "data": "2014-12-31 00:00:00",
            "valor": "2004.00",
            "descricao": null
        },
        {
            "codigo": 3138,
            "data": "2015-12-31 00:00:00",
            "valor": "1838.00",
            "descricao": null
        },
        {
            "codigo": 3139,
            "data": "2016-12-31 00:00:00",
            "valor": "1725.00",
            "descricao": null
        },
        {
            "codigo": 3807,
            "data": "2018-12-31 00:00:00",
            "valor": "910.00",
            "descricao": null
        },
        {
            "codigo": 4437,
            "data": "2019-12-31 00:00:00",
            "valor": "1060.00",
            "descricao": null
        },
        {
            "codigo": 5017,
            "data": "2020-12-31 00:00:00",
            "valor": "868.00",
            "descricao": null
        },
        {
            "codigo": 5572,
            "data": "2021-12-31 00:00:00",
            "valor": "991.00",
            "descricao": null
        },
        {
            "codigo": 6997,
            "data": "2023-12-31 00:00:00",
            "valor": "1092.00",
            "descricao": null
        }
    ]
}