{
    "codigo": 5188,
    "nome": "N\u00famero de acidentes envolvendo ciclistas",
    "descricao": "N\u00famero de acidentes envolvendo ciclistas - Cidades Sustentaveis",
    "fonte": "CET",
    "tipoValor": "I",
    "periodicidade": {
        "codigo": 6,
        "descricao": "Anual"
    },
    "tags": [
        {
            "codigo": 7,
            "descricao": "Santos Mobilidade"
        }
    ],
    "secretarias": [],
    "autarquias": [
        {
            "codigo": 822,
            "dado_codigo": 5188,
            "sigla": "CET",
            "nome": "COMPANHIA DE ENGENHARIA DE TR\u00c1FEGO"
        }
    ],
    "metas": [
        {
            "codigo": 12,
            "numero": 11,
            "titulo": "Cidades e Comunidades Sustent\u00e1veis",
            "objetivo": "Tornar as cidades e os assentamentos humanos inclusivos, seguros, resilientes e sustent\u00e1veis",
            "imagem_url": "12.jpg",
            "link": "http://www.agenda2030.org.br/ods/11/"
        }
    ],
    "eixos": [
        {
            "codigo": 13,
            "descricao": "Melhor Mobilidade, Menor Tr\u00e1fego"
        }
    ],
    "valores": [
        {
            "codigo": 3140,
            "data": "2017-12-31 00:00:00",
            "valor": "216.00",
            "descricao": null
        },
        {
            "codigo": 3141,
            "data": "2016-12-31 00:00:00",
            "valor": "218.00",
            "descricao": null
        },
        {
            "codigo": 3142,
            "data": "2015-12-31 00:00:00",
            "valor": "217.00",
            "descricao": null
        },
        {
            "codigo": 3143,
            "data": "2014-12-31 00:00:00",
            "valor": "231.00",
            "descricao": null
        },
        {
            "codigo": 3144,
            "data": "2013-12-31 00:00:00",
            "valor": "322.00",
            "descricao": null
        },
        {
            "codigo": 3808,
            "data": "2018-12-31 00:00:00",
            "valor": "137.00",
            "descricao": null
        },
        {
            "codigo": 4438,
            "data": "2019-12-31 00:00:00",
            "valor": "152.00",
            "descricao": null
        },
        {
            "codigo": 5019,
            "data": "2020-12-31 00:00:00",
            "valor": "126.00",
            "descricao": null
        },
        {
            "codigo": 5573,
            "data": "2021-12-31 00:00:00",
            "valor": "162.00",
            "descricao": null
        },
        {
            "codigo": 6996,
            "data": "2023-12-31 00:00:00",
            "valor": "152.00",
            "descricao": null
        }
    ]
}