{
    "codigo": 5189,
    "nome": "Popula\u00e7\u00e3o na faixa et\u00e1ria de 4 a 17 anos",
    "descricao": "Popula\u00e7\u00e3o na faixa et\u00e1ria de 4 a 17 anos - Cidades Sustent\u00e1veis - IBGE",
    "fonte": "Seduc",
    "tipoValor": "I",
    "periodicidade": {
        "codigo": 6,
        "descricao": "Anual"
    },
    "tags": [
        {
            "codigo": 3,
            "descricao": "Santos Educadora"
        }
    ],
    "secretarias": [
        {
            "codigo": 2907,
            "dado_codigo": 5189,
            "sigla": "SEDUC",
            "nome": "SECRETARIA MUNICIPAL DE EDUCA\u00c7\u00c3O"
        }
    ],
    "autarquias": [],
    "metas": [
        {
            "codigo": 5,
            "numero": 5,
            "titulo": "Igualdade de G\u00eanero",
            "objetivo": "Alcan\u00e7ar a igualdade de g\u00eanero e empoderar todas as mulheres e meninas",
            "imagem_url": "5.jpg",
            "link": "http://www.agenda2030.org.br/ods/5/"
        }
    ],
    "eixos": [
        {
            "codigo": 10,
            "descricao": "Educa\u00e7\u00e3o para a Sustentabilidade e Qualidade de Vida"
        }
    ],
    "valores": [
        {
            "codigo": 3145,
            "data": "2017-12-31 00:00:00",
            "valor": "69540.00",
            "descricao": null
        },
        {
            "codigo": 3146,
            "data": "2016-12-31 00:00:00",
            "valor": "69540.00",
            "descricao": null
        },
        {
            "codigo": 3147,
            "data": "2014-12-31 00:00:00",
            "valor": "69540.00",
            "descricao": null
        },
        {
            "codigo": 3148,
            "data": "2013-12-31 00:00:00",
            "valor": "69540.00",
            "descricao": null
        },
        {
            "codigo": 3149,
            "data": "2015-12-31 00:00:00",
            "valor": "69540.00",
            "descricao": null
        },
        {
            "codigo": 3789,
            "data": "2018-12-31 00:00:00",
            "valor": "69540.00",
            "descricao": null
        },
        {
            "codigo": 4379,
            "data": "2019-12-31 00:00:00",
            "valor": "69540.00",
            "descricao": null
        },
        {
            "codigo": 5128,
            "data": "2020-12-31 00:00:00",
            "valor": "69540.00",
            "descricao": null
        },
        {
            "codigo": 5607,
            "data": "2021-12-21 00:00:00",
            "valor": "30511.00",
            "descricao": null
        },
        {
            "codigo": 6455,
            "data": "2022-12-31 00:00:00",
            "valor": "30511.00",
            "descricao": null
        },
        {
            "codigo": 7100,
            "data": "2023-12-31 00:00:00",
            "valor": "30511.00",
            "descricao": null
        }
    ]
}