{
    "codigo": 5191,
    "nome": "Popula\u00e7\u00e3o masculina na faixa et\u00e1ria de 15 a 29 anos",
    "descricao": "Popula\u00e7\u00e3o masculina na faixa et\u00e1ria de 15 a 29 anos - Cidades Sustent\u00e1veis - Indicador \"Homic\u00eddio juvenil\"",
    "fonte": "IBGE - CENSO",
    "tipoValor": "I",
    "periodicidade": {
        "codigo": 6,
        "descricao": "Anual"
    },
    "tags": [
        {
            "codigo": 16,
            "descricao": "Santos Segura"
        }
    ],
    "secretarias": [
        {
            "codigo": 779,
            "dado_codigo": 5191,
            "sigla": "SESEG",
            "nome": "SECRETARIA MUNICIPAL DE SEGURAN\u00c7A"
        }
    ],
    "autarquias": [],
    "metas": [
        {
            "codigo": 17,
            "numero": 16,
            "titulo": "Paz, Justi\u00e7a e Institui\u00e7\u00f5es Eficazes",
            "objetivo": "Promover sociedades pac\u00edficas e inclusivas para o desenvolvimento sustent\u00e1vel, proporcionar o acesso \u00e0 justi\u00e7a para todos e construir institui\u00e7\u00f5es eficazes, respons\u00e1veis e inclusivas em todos os n\u00edveis",
            "imagem_url": "17.jpg",
            "link": "http://www.agenda2030.org.br/ods/16/"
        }
    ],
    "eixos": [
        {
            "codigo": 6,
            "descricao": "Equidade, Justi\u00e7a Social e Cultura de Paz"
        }
    ],
    "valores": [
        {
            "codigo": 3151,
            "data": "2014-12-31 00:00:00",
            "valor": "44885.00",
            "descricao": null
        },
        {
            "codigo": 3152,
            "data": "2016-12-31 00:00:00",
            "valor": "44885.00",
            "descricao": null
        },
        {
            "codigo": 3153,
            "data": "2015-12-31 00:00:00",
            "valor": "44885.00",
            "descricao": null
        },
        {
            "codigo": 3154,
            "data": "2013-12-31 00:00:00",
            "valor": "44885.00",
            "descricao": null
        },
        {
            "codigo": 3759,
            "data": "2018-12-31 00:00:00",
            "valor": "44885.00",
            "descricao": null
        },
        {
            "codigo": 4353,
            "data": "2019-12-31 00:00:00",
            "valor": "44855.00",
            "descricao": null
        },
        {
            "codigo": 4837,
            "data": "2020-12-31 00:00:00",
            "valor": "44855.00",
            "descricao": null
        },
        {
            "codigo": 5241,
            "data": "2017-12-31 00:00:00",
            "valor": "44855.00",
            "descricao": null
        },
        {
            "codigo": 5384,
            "data": "2021-12-31 00:00:00",
            "valor": "4.00",
            "descricao": null
        },
        {
            "codigo": 6575,
            "data": "2022-12-31 00:00:00",
            "valor": "44885.00",
            "descricao": null
        }
    ]
}