{
    "codigo": 5199,
    "nome": "N\u00famero total de equipamentos esportivos p\u00fablicos",
    "descricao": "N\u00famero total de equipamentos esportivos p\u00fablicos - Cidades Sustentaveis",
    "fonte": "Semes",
    "tipoValor": "I",
    "periodicidade": {
        "codigo": 6,
        "descricao": "Anual"
    },
    "tags": [
        {
            "codigo": 5,
            "descricao": "Santos Esportiva"
        }
    ],
    "secretarias": [
        {
            "codigo": 576,
            "dado_codigo": 5199,
            "sigla": "SEMES",
            "nome": "SECRETARIA MUNICIPAL DE ESPORTES"
        }
    ],
    "autarquias": [],
    "metas": [
        {
            "codigo": 4,
            "numero": 3,
            "titulo": "Sa\u00fade e Bem-Estar",
            "objetivo": "Assegurar uma vida saud\u00e1vel e promover o bem-estar para todos, em todas as idades",
            "imagem_url": "4.jpg",
            "link": "http://www.agenda2030.org.br/ods/3/"
        }
    ],
    "eixos": [
        {
            "codigo": 14,
            "descricao": "A\u00e7\u00e3o Local para a Sa\u00fade"
        }
    ],
    "valores": [
        {
            "codigo": 3186,
            "data": "2015-12-31 00:00:00",
            "valor": "41.00",
            "descricao": null
        },
        {
            "codigo": 3187,
            "data": "2014-12-31 00:00:00",
            "valor": "41.00",
            "descricao": null
        },
        {
            "codigo": 3188,
            "data": "2017-12-31 00:00:00",
            "valor": "43.00",
            "descricao": null
        },
        {
            "codigo": 3189,
            "data": "2016-12-31 00:00:00",
            "valor": "43.00",
            "descricao": null
        },
        {
            "codigo": 3190,
            "data": "2013-12-31 00:00:00",
            "valor": "42.00",
            "descricao": null
        },
        {
            "codigo": 3607,
            "data": "2018-12-31 00:00:00",
            "valor": "43.00",
            "descricao": null
        },
        {
            "codigo": 4253,
            "data": "2019-12-31 00:00:00",
            "valor": "43.00",
            "descricao": null
        },
        {
            "codigo": 5156,
            "data": "2020-12-31 00:00:00",
            "valor": "80.00",
            "descricao": null
        },
        {
            "codigo": 5960,
            "data": "2021-12-31 00:00:00",
            "valor": "69.00",
            "descricao": null
        },
        {
            "codigo": 6909,
            "data": "2022-12-31 00:00:00",
            "valor": "18.00",
            "descricao": null
        }
    ]
}