{
    "codigo": 5210,
    "nome": "Total de mortes com bicicleta",
    "descricao": "Total de mortes com bicicleta - Cidades Sustentaveis",
    "fonte": "CET",
    "tipoValor": "I",
    "periodicidade": {
        "codigo": 6,
        "descricao": "Anual"
    },
    "tags": [
        {
            "codigo": 7,
            "descricao": "Santos Mobilidade"
        }
    ],
    "secretarias": [],
    "autarquias": [
        {
            "codigo": 822,
            "dado_codigo": 5210,
            "sigla": "CET",
            "nome": "COMPANHIA DE ENGENHARIA DE TR\u00c1FEGO"
        }
    ],
    "metas": [
        {
            "codigo": 4,
            "numero": 3,
            "titulo": "Sa\u00fade e Bem-Estar",
            "objetivo": "Assegurar uma vida saud\u00e1vel e promover o bem-estar para todos, em todas as idades",
            "imagem_url": "4.jpg",
            "link": "http://www.agenda2030.org.br/ods/3/"
        }
    ],
    "eixos": [
        {
            "codigo": 13,
            "descricao": "Melhor Mobilidade, Menor Tr\u00e1fego"
        }
    ],
    "valores": [
        {
            "codigo": 1394,
            "data": "2016-12-31 00:00:00",
            "valor": "4.00",
            "descricao": null
        },
        {
            "codigo": 1395,
            "data": "2017-12-31 00:00:00",
            "valor": "5.00",
            "descricao": null
        },
        {
            "codigo": 3811,
            "data": "2018-12-31 00:00:00",
            "valor": "6.00",
            "descricao": null
        },
        {
            "codigo": 4441,
            "data": "2019-12-31 00:00:00",
            "valor": "11.00",
            "descricao": null
        },
        {
            "codigo": 5025,
            "data": "2020-12-31 00:00:00",
            "valor": "0.00",
            "descricao": null
        },
        {
            "codigo": 5578,
            "data": "2021-12-31 00:00:00",
            "valor": "0.00",
            "descricao": null
        },
        {
            "codigo": 7013,
            "data": "2023-12-31 00:00:00",
            "valor": "0.00",
            "descricao": null
        }
    ]
}