{
    "codigo": 5230,
    "nome": "N\u00famero de \u00f4nibus com elevador para pessoas com defici\u00eancia",
    "descricao": "N\u00famero de \u00f4nibus com elevador para pessoas com defici\u00eancia - Cidades Sustentaveis",
    "fonte": "CET",
    "tipoValor": "I",
    "periodicidade": {
        "codigo": 6,
        "descricao": "Anual"
    },
    "tags": [
        {
            "codigo": 7,
            "descricao": "Santos Mobilidade"
        }
    ],
    "secretarias": [],
    "autarquias": [
        {
            "codigo": 822,
            "dado_codigo": 5230,
            "sigla": "CET",
            "nome": "COMPANHIA DE ENGENHARIA DE TR\u00c1FEGO"
        }
    ],
    "metas": [
        {
            "codigo": 12,
            "numero": 11,
            "titulo": "Cidades e Comunidades Sustent\u00e1veis",
            "objetivo": "Tornar as cidades e os assentamentos humanos inclusivos, seguros, resilientes e sustent\u00e1veis",
            "imagem_url": "12.jpg",
            "link": "http://www.agenda2030.org.br/ods/11/"
        }
    ],
    "eixos": [
        {
            "codigo": 13,
            "descricao": "Melhor Mobilidade, Menor Tr\u00e1fego"
        }
    ],
    "valores": [
        {
            "codigo": 1452,
            "data": "2016-12-31 00:00:00",
            "valor": "116.00",
            "descricao": null
        },
        {
            "codigo": 1453,
            "data": "2017-12-31 00:00:00",
            "valor": "147.00",
            "descricao": null
        },
        {
            "codigo": 3819,
            "data": "2018-12-31 00:00:00",
            "valor": "81.00",
            "descricao": null
        },
        {
            "codigo": 4445,
            "data": "2019-12-31 00:00:00",
            "valor": "81.00",
            "descricao": null
        },
        {
            "codigo": 5032,
            "data": "2020-12-31 00:00:00",
            "valor": "81.00",
            "descricao": null
        },
        {
            "codigo": 5619,
            "data": "2021-12-31 00:00:00",
            "valor": "218.00",
            "descricao": null
        },
        {
            "codigo": 7000,
            "data": "2023-12-31 00:00:00",
            "valor": "217.00",
            "descricao": null
        }
    ]
}