{
    "codigo": 5238,
    "nome": "Gastos p\u00fablicos em cada \u00e1rea administrativa do munic\u00edpio \u2013 Ci\u00eancia e Tecnologia",
    "descricao": "Gastos p\u00fablicos em cada \u00e1rea administrativa do munic\u00edpio \u2013 Ci\u00eancia e Tecnologia - Cidades Sustentaveis",
    "fonte": "Sefin",
    "tipoValor": "D",
    "periodicidade": {
        "codigo": 6,
        "descricao": "Anual"
    },
    "tags": [
        {
            "codigo": 4,
            "descricao": "Santos Eficiente"
        }
    ],
    "secretarias": [
        {
            "codigo": 4681,
            "dado_codigo": 5238,
            "sigla": "SEFIN",
            "nome": "SECRETARIA MUNICIPAL DE FINAN\u00c7AS E GEST\u00c3O"
        }
    ],
    "autarquias": [],
    "metas": [
        {
            "codigo": 17,
            "numero": 16,
            "titulo": "Paz, Justi\u00e7a e Institui\u00e7\u00f5es Eficazes",
            "objetivo": "Promover sociedades pac\u00edficas e inclusivas para o desenvolvimento sustent\u00e1vel, proporcionar o acesso \u00e0 justi\u00e7a para todos e construir institui\u00e7\u00f5es eficazes, respons\u00e1veis e inclusivas em todos os n\u00edveis",
            "imagem_url": "17.jpg",
            "link": "http://www.agenda2030.org.br/ods/16/"
        }
    ],
    "eixos": [
        {
            "codigo": 7,
            "descricao": "Gest\u00e3o Local para a Sustentabilidade"
        }
    ],
    "valores": [
        {
            "codigo": 1474,
            "data": "2016-12-31 00:00:00",
            "valor": "100098.99",
            "descricao": null
        },
        {
            "codigo": 1475,
            "data": "2017-12-31 00:00:00",
            "valor": "1402770.83",
            "descricao": null
        },
        {
            "codigo": 3609,
            "data": "2018-12-31 00:00:00",
            "valor": "1059484.25",
            "descricao": null
        },
        {
            "codigo": 4551,
            "data": "2019-12-31 00:00:00",
            "valor": "1034711.97",
            "descricao": null
        },
        {
            "codigo": 4968,
            "data": "2020-12-31 00:00:00",
            "valor": "3060348.91",
            "descricao": null
        },
        {
            "codigo": 5433,
            "data": "2021-12-31 00:00:00",
            "valor": "1235461.94",
            "descricao": null
        },
        {
            "codigo": 6837,
            "data": "2022-12-31 00:00:00",
            "valor": "14145604.39",
            "descricao": null
        },
        {
            "codigo": 7508,
            "data": "2023-12-31 00:00:00",
            "valor": "27246333.53",
            "descricao": null
        }
    ]
}