{
    "codigo": 5262,
    "nome": "Gastos p\u00fablicos em cada \u00e1rea administrativa do munic\u00edpio \u2013 Direitos da Cidadania",
    "descricao": "Gastos p\u00fablicos em cada \u00e1rea administrativa do munic\u00edpio \u2013 Direitos da Cidadania - Cidades Sustentaveis",
    "fonte": "Sefin",
    "tipoValor": "D",
    "periodicidade": {
        "codigo": 6,
        "descricao": "Anual"
    },
    "tags": [
        {
            "codigo": 4,
            "descricao": "Santos Eficiente"
        }
    ],
    "secretarias": [
        {
            "codigo": 4681,
            "dado_codigo": 5262,
            "sigla": "SEFIN",
            "nome": "SECRETARIA MUNICIPAL DE FINAN\u00c7AS E GEST\u00c3O"
        }
    ],
    "autarquias": [],
    "metas": [
        {
            "codigo": 17,
            "numero": 16,
            "titulo": "Paz, Justi\u00e7a e Institui\u00e7\u00f5es Eficazes",
            "objetivo": "Promover sociedades pac\u00edficas e inclusivas para o desenvolvimento sustent\u00e1vel, proporcionar o acesso \u00e0 justi\u00e7a para todos e construir institui\u00e7\u00f5es eficazes, respons\u00e1veis e inclusivas em todos os n\u00edveis",
            "imagem_url": "17.jpg",
            "link": "http://www.agenda2030.org.br/ods/16/"
        }
    ],
    "eixos": [
        {
            "codigo": 7,
            "descricao": "Gest\u00e3o Local para a Sustentabilidade"
        }
    ],
    "valores": [
        {
            "codigo": 1519,
            "data": "2016-12-31 00:00:00",
            "valor": "8350783.00",
            "descricao": null
        },
        {
            "codigo": 1520,
            "data": "2017-12-31 00:00:00",
            "valor": "8888606.43",
            "descricao": null
        },
        {
            "codigo": 3631,
            "data": "2018-12-31 00:00:00",
            "valor": "1715055.77",
            "descricao": null
        },
        {
            "codigo": 4564,
            "data": "2019-12-31 00:00:00",
            "valor": "1087574.52",
            "descricao": null
        },
        {
            "codigo": 4981,
            "data": "2020-12-31 00:00:00",
            "valor": "1923234.93",
            "descricao": null
        },
        {
            "codigo": 5417,
            "data": "2021-12-31 00:00:00",
            "valor": "796012.72",
            "descricao": null
        },
        {
            "codigo": 6840,
            "data": "2022-12-31 00:00:00",
            "valor": "411588.66",
            "descricao": null
        },
        {
            "codigo": 7511,
            "data": "2023-12-31 00:00:00",
            "valor": "2862296.85",
            "descricao": null
        }
    ]
}