{
    "codigo": 5264,
    "nome": "Gastos p\u00fablicos em cada \u00e1rea administrativa do munic\u00edpio -Cultura",
    "descricao": "Gastos p\u00fablicos em cada \u00e1rea administrativa do munic\u00edpio -Cultura - Cidades Sustentaveis",
    "fonte": "Sefin",
    "tipoValor": "D",
    "periodicidade": {
        "codigo": 6,
        "descricao": "Anual"
    },
    "tags": [
        {
            "codigo": 4,
            "descricao": "Santos Eficiente"
        }
    ],
    "secretarias": [
        {
            "codigo": 4681,
            "dado_codigo": 5264,
            "sigla": "SEFIN",
            "nome": "SECRETARIA MUNICIPAL DE FINAN\u00c7AS E GEST\u00c3O"
        }
    ],
    "autarquias": [],
    "metas": [
        {
            "codigo": 17,
            "numero": 16,
            "titulo": "Paz, Justi\u00e7a e Institui\u00e7\u00f5es Eficazes",
            "objetivo": "Promover sociedades pac\u00edficas e inclusivas para o desenvolvimento sustent\u00e1vel, proporcionar o acesso \u00e0 justi\u00e7a para todos e construir institui\u00e7\u00f5es eficazes, respons\u00e1veis e inclusivas em todos os n\u00edveis",
            "imagem_url": "17.jpg",
            "link": "http://www.agenda2030.org.br/ods/16/"
        }
    ],
    "eixos": [
        {
            "codigo": 7,
            "descricao": "Gest\u00e3o Local para a Sustentabilidade"
        }
    ],
    "valores": [
        {
            "codigo": 1523,
            "data": "2017-12-31 00:00:00",
            "valor": "26976947.60",
            "descricao": null
        },
        {
            "codigo": 1524,
            "data": "2016-12-31 00:00:00",
            "valor": "37725933.00",
            "descricao": null
        },
        {
            "codigo": 3633,
            "data": "2018-12-31 00:00:00",
            "valor": "9053236.00",
            "descricao": null
        },
        {
            "codigo": 4566,
            "data": "2019-12-31 00:00:00",
            "valor": "18243750.01",
            "descricao": null
        },
        {
            "codigo": 4983,
            "data": "2020-12-31 00:00:00",
            "valor": "18851899.06",
            "descricao": null
        },
        {
            "codigo": 5412,
            "data": "2021-12-31 00:00:00",
            "valor": "10818910.10",
            "descricao": null
        },
        {
            "codigo": 6833,
            "data": "2022-12-31 00:00:00",
            "valor": "20769984.07",
            "descricao": null
        },
        {
            "codigo": 7505,
            "data": "2023-12-31 00:00:00",
            "valor": "40754115.44",
            "descricao": null
        }
    ]
}