{
    "codigo": 5274,
    "nome": "N\u00famero total de roubos no munic\u00edpio",
    "descricao": "N\u00famero total de roubos no munic\u00edpio - Cidades Sustent\u00e1veis - Indicador \"Roubos\"",
    "fonte": "Secretaria de Seguran\u00e7a P\u00fablica do Estado de S\u00e3o Paulo - Pol\u00edcia Civil (Deinter 6)",
    "tipoValor": "I",
    "periodicidade": {
        "codigo": 6,
        "descricao": "Anual"
    },
    "tags": [
        {
            "codigo": 16,
            "descricao": "Santos Segura"
        }
    ],
    "secretarias": [
        {
            "codigo": 779,
            "dado_codigo": 5274,
            "sigla": "SESEG",
            "nome": "SECRETARIA MUNICIPAL DE SEGURAN\u00c7A"
        }
    ],
    "autarquias": [],
    "metas": [
        {
            "codigo": 17,
            "numero": 16,
            "titulo": "Paz, Justi\u00e7a e Institui\u00e7\u00f5es Eficazes",
            "objetivo": "Promover sociedades pac\u00edficas e inclusivas para o desenvolvimento sustent\u00e1vel, proporcionar o acesso \u00e0 justi\u00e7a para todos e construir institui\u00e7\u00f5es eficazes, respons\u00e1veis e inclusivas em todos os n\u00edveis",
            "imagem_url": "17.jpg",
            "link": "http://www.agenda2030.org.br/ods/16/"
        }
    ],
    "eixos": [
        {
            "codigo": 6,
            "descricao": "Equidade, Justi\u00e7a Social e Cultura de Paz"
        }
    ],
    "valores": [
        {
            "codigo": 3276,
            "data": "2013-12-31 00:00:00",
            "valor": "4145.00",
            "descricao": null
        },
        {
            "codigo": 3277,
            "data": "2015-12-31 00:00:00",
            "valor": "4540.00",
            "descricao": null
        },
        {
            "codigo": 3278,
            "data": "2014-12-31 00:00:00",
            "valor": "5370.00",
            "descricao": null
        },
        {
            "codigo": 3279,
            "data": "2016-12-31 00:00:00",
            "valor": "4378.00",
            "descricao": null
        },
        {
            "codigo": 3280,
            "data": "2017-12-31 00:00:00",
            "valor": "3724.00",
            "descricao": null
        },
        {
            "codigo": 3742,
            "data": "2018-12-31 00:00:00",
            "valor": "3017.00",
            "descricao": null
        },
        {
            "codigo": 4294,
            "data": "2019-12-31 00:00:00",
            "valor": "2523.00",
            "descricao": null
        },
        {
            "codigo": 4841,
            "data": "2020-12-31 00:00:00",
            "valor": "1877.00",
            "descricao": null
        },
        {
            "codigo": 5383,
            "data": "2021-12-31 00:00:00",
            "valor": "1757.00",
            "descricao": null
        },
        {
            "codigo": 6574,
            "data": "2022-12-31 00:00:00",
            "valor": "684.00",
            "descricao": null
        }
    ]
}