{
    "codigo": 5282,
    "nome": "N\u00ba de v\u00edtimas fatais - Faixa Viva - 1 ano",
    "descricao": "N\u00ba de v\u00edtimas fatais - Faixa Viva - 1 ano - Cidade Aberta",
    "fonte": "CET",
    "tipoValor": "I",
    "periodicidade": {
        "codigo": 6,
        "descricao": "Anual"
    },
    "tags": [
        {
            "codigo": 7,
            "descricao": "Santos Mobilidade"
        }
    ],
    "secretarias": [],
    "autarquias": [
        {
            "codigo": 822,
            "dado_codigo": 5282,
            "sigla": "CET",
            "nome": "COMPANHIA DE ENGENHARIA DE TR\u00c1FEGO"
        }
    ],
    "metas": [
        {
            "codigo": 12,
            "numero": 11,
            "titulo": "Cidades e Comunidades Sustent\u00e1veis",
            "objetivo": "Tornar as cidades e os assentamentos humanos inclusivos, seguros, resilientes e sustent\u00e1veis",
            "imagem_url": "12.jpg",
            "link": "http://www.agenda2030.org.br/ods/11/"
        }
    ],
    "eixos": [
        {
            "codigo": 13,
            "descricao": "Melhor Mobilidade, Menor Tr\u00e1fego"
        }
    ],
    "valores": [
        {
            "codigo": 42,
            "data": "2015-12-31 00:00:00",
            "valor": "12.00",
            "descricao": null
        },
        {
            "codigo": 43,
            "data": "2016-12-31 00:00:00",
            "valor": "10.00",
            "descricao": null
        },
        {
            "codigo": 3905,
            "data": "2018-12-31 00:00:00",
            "valor": "6.00",
            "descricao": null
        },
        {
            "codigo": 4449,
            "data": "2019-12-31 00:00:00",
            "valor": "1.00",
            "descricao": null
        },
        {
            "codigo": 5042,
            "data": "2020-12-31 00:00:00",
            "valor": "1.00",
            "descricao": null
        },
        {
            "codigo": 5585,
            "data": "2021-12-31 00:00:00",
            "valor": "1.00",
            "descricao": null
        },
        {
            "codigo": 6995,
            "data": "2023-12-31 00:00:00",
            "valor": "4.00",
            "descricao": null
        }
    ]
}