{
    "codigo": 5316,
    "nome": "Alfabetiza\u00e7\u00e3o at\u00e9 08 anos",
    "descricao": "Alfabetiza\u00e7\u00e3o at\u00e9 08 Anos - Cidade Aberta",
    "fonte": "SEDUC/SIGES",
    "tipoValor": "I",
    "periodicidade": {
        "codigo": 6,
        "descricao": "Anual"
    },
    "tags": [
        {
            "codigo": 3,
            "descricao": "Santos Educadora"
        }
    ],
    "secretarias": [
        {
            "codigo": 2907,
            "dado_codigo": 5316,
            "sigla": "SEDUC",
            "nome": "SECRETARIA MUNICIPAL DE EDUCA\u00c7\u00c3O"
        }
    ],
    "autarquias": [],
    "metas": [
        {
            "codigo": 6,
            "numero": 4,
            "titulo": "Educa\u00e7\u00e3o de Qualidade",
            "objetivo": "Assegurar a educa\u00e7\u00e3o inclusiva e equitativa de qualidade, e promover oportunidades de aprendizagem ao longo da vida para todos",
            "imagem_url": "6.jpg",
            "link": "http://www.agenda2030.org.br/ods/4/"
        }
    ],
    "eixos": [
        {
            "codigo": 10,
            "descricao": "Educa\u00e7\u00e3o para a Sustentabilidade e Qualidade de Vida"
        }
    ],
    "valores": [
        {
            "codigo": 301,
            "data": "2015-12-31 00:00:00",
            "valor": "5912.00",
            "descricao": null
        },
        {
            "codigo": 302,
            "data": "2014-12-31 00:00:00",
            "valor": "2814.00",
            "descricao": null
        },
        {
            "codigo": 303,
            "data": "2013-12-31 00:00:00",
            "valor": "2693.00",
            "descricao": null
        },
        {
            "codigo": 304,
            "data": "2016-12-31 00:00:00",
            "valor": "2812.00",
            "descricao": null
        },
        {
            "codigo": 305,
            "data": "2011-12-31 00:00:00",
            "valor": "3082.00",
            "descricao": null
        },
        {
            "codigo": 306,
            "data": "2010-12-31 00:00:00",
            "valor": "3080.00",
            "descricao": null
        },
        {
            "codigo": 307,
            "data": "2009-12-31 00:00:00",
            "valor": "3899.00",
            "descricao": null
        },
        {
            "codigo": 308,
            "data": "2012-12-31 00:00:00",
            "valor": "3117.00",
            "descricao": null
        },
        {
            "codigo": 3887,
            "data": "2018-12-31 00:00:00",
            "valor": "8291.00",
            "descricao": null
        },
        {
            "codigo": 4417,
            "data": "2019-12-31 00:00:00",
            "valor": "8658.00",
            "descricao": null
        },
        {
            "codigo": 5029,
            "data": "2020-12-31 00:00:00",
            "valor": "3004.00",
            "descricao": null
        },
        {
            "codigo": 5469,
            "data": "2021-12-21 00:00:00",
            "valor": "2796.00",
            "descricao": null
        },
        {
            "codigo": 6399,
            "data": "2022-12-31 00:00:00",
            "valor": "3568.00",
            "descricao": null
        },
        {
            "codigo": 7020,
            "data": "2023-12-31 00:00:00",
            "valor": "3493.00",
            "descricao": null
        }
    ]
}