{
    "codigo": 5318,
    "nome": "Alunos no Ensino Fundamental com idade acima da recomendada",
    "descricao": "Alunos no Ensino Fundamental com idade acima da recomendada - Cidade Aberta",
    "fonte": "SEDUC/SIGES",
    "tipoValor": "I",
    "periodicidade": {
        "codigo": 6,
        "descricao": "Anual"
    },
    "tags": [
        {
            "codigo": 3,
            "descricao": "Santos Educadora"
        }
    ],
    "secretarias": [
        {
            "codigo": 2907,
            "dado_codigo": 5318,
            "sigla": "SEDUC",
            "nome": "SECRETARIA MUNICIPAL DE EDUCA\u00c7\u00c3O"
        }
    ],
    "autarquias": [],
    "metas": [
        {
            "codigo": 6,
            "numero": 4,
            "titulo": "Educa\u00e7\u00e3o de Qualidade",
            "objetivo": "Assegurar a educa\u00e7\u00e3o inclusiva e equitativa de qualidade, e promover oportunidades de aprendizagem ao longo da vida para todos",
            "imagem_url": "6.jpg",
            "link": "http://www.agenda2030.org.br/ods/4/"
        }
    ],
    "eixos": [
        {
            "codigo": 10,
            "descricao": "Educa\u00e7\u00e3o para a Sustentabilidade e Qualidade de Vida"
        }
    ],
    "valores": [
        {
            "codigo": 317,
            "data": "2009-12-31 00:00:00",
            "valor": "3014.00",
            "descricao": null
        },
        {
            "codigo": 318,
            "data": "2010-12-31 00:00:00",
            "valor": "3181.00",
            "descricao": null
        },
        {
            "codigo": 319,
            "data": "2011-12-31 00:00:00",
            "valor": "3052.00",
            "descricao": null
        },
        {
            "codigo": 320,
            "data": "2012-12-31 00:00:00",
            "valor": "2109.00",
            "descricao": null
        },
        {
            "codigo": 321,
            "data": "2013-12-31 00:00:00",
            "valor": "2174.00",
            "descricao": null
        },
        {
            "codigo": 322,
            "data": "2015-12-31 00:00:00",
            "valor": "1878.00",
            "descricao": null
        },
        {
            "codigo": 323,
            "data": "2014-12-31 00:00:00",
            "valor": "2170.00",
            "descricao": null
        },
        {
            "codigo": 324,
            "data": "2016-12-31 00:00:00",
            "valor": "1875.00",
            "descricao": null
        },
        {
            "codigo": 3839,
            "data": "2018-12-31 00:00:00",
            "valor": "2353.00",
            "descricao": null
        },
        {
            "codigo": 4418,
            "data": "2019-12-31 00:00:00",
            "valor": "1726.00",
            "descricao": null
        },
        {
            "codigo": 5033,
            "data": "2020-12-31 00:00:00",
            "valor": "1731.00",
            "descricao": null
        },
        {
            "codigo": 5471,
            "data": "2021-12-21 00:00:00",
            "valor": "1561.00",
            "descricao": null
        },
        {
            "codigo": 6401,
            "data": "2022-12-31 00:00:00",
            "valor": "1477.00",
            "descricao": null
        },
        {
            "codigo": 7022,
            "data": "2023-12-31 00:00:00",
            "valor": "1328.00",
            "descricao": null
        }
    ]
}