{
    "codigo": 5323,
    "nome": "Atendimento de 4 a 5 anos (pr\u00e9-escola)",
    "descricao": "Atendimento de 4 a 5 anos (pr\u00e9-escola) - Cidade Aberta",
    "fonte": "Censo Inep",
    "tipoValor": "I",
    "periodicidade": {
        "codigo": 6,
        "descricao": "Anual"
    },
    "tags": [
        {
            "codigo": 3,
            "descricao": "Santos Educadora"
        }
    ],
    "secretarias": [
        {
            "codigo": 2907,
            "dado_codigo": 5323,
            "sigla": "SEDUC",
            "nome": "SECRETARIA MUNICIPAL DE EDUCA\u00c7\u00c3O"
        }
    ],
    "autarquias": [],
    "metas": [
        {
            "codigo": 6,
            "numero": 4,
            "titulo": "Educa\u00e7\u00e3o de Qualidade",
            "objetivo": "Assegurar a educa\u00e7\u00e3o inclusiva e equitativa de qualidade, e promover oportunidades de aprendizagem ao longo da vida para todos",
            "imagem_url": "6.jpg",
            "link": "http://www.agenda2030.org.br/ods/4/"
        }
    ],
    "eixos": [
        {
            "codigo": 10,
            "descricao": "Educa\u00e7\u00e3o para a Sustentabilidade e Qualidade de Vida"
        }
    ],
    "valores": [
        {
            "codigo": 357,
            "data": "2009-12-31 00:00:00",
            "valor": "8487.00",
            "descricao": null
        },
        {
            "codigo": 358,
            "data": "2010-12-31 00:00:00",
            "valor": "6631.00",
            "descricao": null
        },
        {
            "codigo": 359,
            "data": "2011-12-31 00:00:00",
            "valor": "6023.00",
            "descricao": null
        },
        {
            "codigo": 360,
            "data": "2012-12-31 00:00:00",
            "valor": "5585.00",
            "descricao": null
        },
        {
            "codigo": 361,
            "data": "2013-12-31 00:00:00",
            "valor": "5503.00",
            "descricao": null
        },
        {
            "codigo": 362,
            "data": "2014-12-31 00:00:00",
            "valor": "5481.00",
            "descricao": null
        },
        {
            "codigo": 363,
            "data": "2015-12-31 00:00:00",
            "valor": "5199.00",
            "descricao": null
        },
        {
            "codigo": 364,
            "data": "2016-12-31 00:00:00",
            "valor": "4134.00",
            "descricao": null
        },
        {
            "codigo": 3879,
            "data": "2018-12-31 00:00:00",
            "valor": "4103.00",
            "descricao": null
        },
        {
            "codigo": 4388,
            "data": "2019-12-31 00:00:00",
            "valor": "4158.00",
            "descricao": null
        },
        {
            "codigo": 5041,
            "data": "2020-12-31 00:00:00",
            "valor": "4239.00",
            "descricao": null
        },
        {
            "codigo": 5477,
            "data": "2021-12-21 00:00:00",
            "valor": "3747.00",
            "descricao": null
        },
        {
            "codigo": 6403,
            "data": "2022-12-31 00:00:00",
            "valor": "5423.00",
            "descricao": null
        },
        {
            "codigo": 7350,
            "data": "2023-12-31 00:00:00",
            "valor": "5605.00",
            "descricao": null
        }
    ]
}