{
    "codigo": 5324,
    "nome": "Demanda atendida na Unidade Municipal de Educa\u00e7\u00e3o Especial",
    "descricao": "Demanda atendida na Unidade Municipal de Educa\u00e7\u00e3o Especial - Cidade Aberta",
    "fonte": "Censo Inep",
    "tipoValor": "I",
    "periodicidade": {
        "codigo": 6,
        "descricao": "Anual"
    },
    "tags": [
        {
            "codigo": 3,
            "descricao": "Santos Educadora"
        }
    ],
    "secretarias": [
        {
            "codigo": 2907,
            "dado_codigo": 5324,
            "sigla": "SEDUC",
            "nome": "SECRETARIA MUNICIPAL DE EDUCA\u00c7\u00c3O"
        }
    ],
    "autarquias": [],
    "metas": [
        {
            "codigo": 6,
            "numero": 4,
            "titulo": "Educa\u00e7\u00e3o de Qualidade",
            "objetivo": "Assegurar a educa\u00e7\u00e3o inclusiva e equitativa de qualidade, e promover oportunidades de aprendizagem ao longo da vida para todos",
            "imagem_url": "6.jpg",
            "link": "http://www.agenda2030.org.br/ods/4/"
        }
    ],
    "eixos": [
        {
            "codigo": 10,
            "descricao": "Educa\u00e7\u00e3o para a Sustentabilidade e Qualidade de Vida"
        }
    ],
    "valores": [
        {
            "codigo": 365,
            "data": "2010-12-31 00:00:00",
            "valor": "187.00",
            "descricao": null
        },
        {
            "codigo": 366,
            "data": "2009-12-31 00:00:00",
            "valor": "216.00",
            "descricao": null
        },
        {
            "codigo": 367,
            "data": "2016-12-31 00:00:00",
            "valor": "101.00",
            "descricao": null
        },
        {
            "codigo": 368,
            "data": "2015-12-31 00:00:00",
            "valor": "87.00",
            "descricao": null
        },
        {
            "codigo": 369,
            "data": "2014-12-31 00:00:00",
            "valor": "116.00",
            "descricao": null
        },
        {
            "codigo": 370,
            "data": "2013-12-31 00:00:00",
            "valor": "131.00",
            "descricao": null
        },
        {
            "codigo": 371,
            "data": "2012-12-31 00:00:00",
            "valor": "146.00",
            "descricao": null
        },
        {
            "codigo": 372,
            "data": "2011-12-31 00:00:00",
            "valor": "164.00",
            "descricao": null
        },
        {
            "codigo": 3880,
            "data": "2018-12-31 00:00:00",
            "valor": "80.00",
            "descricao": null
        },
        {
            "codigo": 4389,
            "data": "2019-12-31 00:00:00",
            "valor": "63.00",
            "descricao": null
        },
        {
            "codigo": 5043,
            "data": "2020-12-31 00:00:00",
            "valor": "46.00",
            "descricao": null
        },
        {
            "codigo": 5484,
            "data": "2021-12-21 00:00:00",
            "valor": "66.00",
            "descricao": null
        },
        {
            "codigo": 6407,
            "data": "2022-12-31 00:00:00",
            "valor": "31.00",
            "descricao": null
        },
        {
            "codigo": 7358,
            "data": "2023-12-31 00:00:00",
            "valor": "24.00",
            "descricao": null
        }
    ]
}