{
    "codigo": 5325,
    "nome": "Evas\u00e3o escolar",
    "descricao": "Evas\u00e3o - Cidade Aberta",
    "fonte": "Censo Inep",
    "tipoValor": "I",
    "periodicidade": {
        "codigo": 6,
        "descricao": "Anual"
    },
    "tags": [
        {
            "codigo": 3,
            "descricao": "Santos Educadora"
        }
    ],
    "secretarias": [
        {
            "codigo": 2907,
            "dado_codigo": 5325,
            "sigla": "SEDUC",
            "nome": "SECRETARIA MUNICIPAL DE EDUCA\u00c7\u00c3O"
        }
    ],
    "autarquias": [],
    "metas": [
        {
            "codigo": 5,
            "numero": 5,
            "titulo": "Igualdade de G\u00eanero",
            "objetivo": "Alcan\u00e7ar a igualdade de g\u00eanero e empoderar todas as mulheres e meninas",
            "imagem_url": "5.jpg",
            "link": "http://www.agenda2030.org.br/ods/5/"
        }
    ],
    "eixos": [
        {
            "codigo": 10,
            "descricao": "Educa\u00e7\u00e3o para a Sustentabilidade e Qualidade de Vida"
        }
    ],
    "valores": [
        {
            "codigo": 373,
            "data": "2016-12-31 00:00:00",
            "valor": "0.00",
            "descricao": null
        },
        {
            "codigo": 374,
            "data": "2015-12-31 00:00:00",
            "valor": "149.00",
            "descricao": null
        },
        {
            "codigo": 375,
            "data": "2014-12-31 00:00:00",
            "valor": "136.00",
            "descricao": null
        },
        {
            "codigo": 376,
            "data": "2013-12-31 00:00:00",
            "valor": "168.00",
            "descricao": null
        },
        {
            "codigo": 377,
            "data": "2012-12-31 00:00:00",
            "valor": "250.00",
            "descricao": null
        },
        {
            "codigo": 378,
            "data": "2011-12-31 00:00:00",
            "valor": "280.00",
            "descricao": null
        },
        {
            "codigo": 379,
            "data": "2010-12-31 00:00:00",
            "valor": "374.00",
            "descricao": null
        },
        {
            "codigo": 380,
            "data": "2009-12-31 00:00:00",
            "valor": "283.00",
            "descricao": null
        },
        {
            "codigo": 3893,
            "data": "2018-12-31 00:00:00",
            "valor": "143.00",
            "descricao": null
        },
        {
            "codigo": 4506,
            "data": "2019-12-31 00:00:00",
            "valor": "143.00",
            "descricao": null
        },
        {
            "codigo": 5123,
            "data": "2020-12-31 00:00:00",
            "valor": "9.00",
            "descricao": null
        },
        {
            "codigo": 5661,
            "data": "2021-12-21 00:00:00",
            "valor": "597.00",
            "descricao": null
        },
        {
            "codigo": 6427,
            "data": "2022-12-31 00:00:00",
            "valor": "201.00",
            "descricao": null
        },
        {
            "codigo": 7028,
            "data": "2023-12-31 00:00:00",
            "valor": "201.00",
            "descricao": null
        }
    ]
}