{
    "codigo": 5345,
    "nome": "Total de atendimentos psicol\u00f3gicos individuais",
    "descricao": "\u00cdndice de disponibilidade de atendimento psicol\u00f3gico individual - Cidade Aberta",
    "fonte": "SEFIN, ANTIGA SEGES",
    "tipoValor": "I",
    "periodicidade": {
        "codigo": 6,
        "descricao": "Anual"
    },
    "tags": [
        {
            "codigo": 4,
            "descricao": "Santos Eficiente"
        }
    ],
    "secretarias": [
        {
            "codigo": 4681,
            "dado_codigo": 5345,
            "sigla": "SEFIN",
            "nome": "SECRETARIA MUNICIPAL DE FINAN\u00c7AS E GEST\u00c3O"
        }
    ],
    "autarquias": [],
    "metas": [
        {
            "codigo": 12,
            "numero": 11,
            "titulo": "Cidades e Comunidades Sustent\u00e1veis",
            "objetivo": "Tornar as cidades e os assentamentos humanos inclusivos, seguros, resilientes e sustent\u00e1veis",
            "imagem_url": "12.jpg",
            "link": "http://www.agenda2030.org.br/ods/11/"
        }
    ],
    "eixos": [
        {
            "codigo": 14,
            "descricao": "A\u00e7\u00e3o Local para a Sa\u00fade"
        }
    ],
    "valores": [
        {
            "codigo": 528,
            "data": "2014-12-31 00:00:00",
            "valor": "5384.00",
            "descricao": null
        },
        {
            "codigo": 529,
            "data": "2015-12-31 00:00:00",
            "valor": "4944.00",
            "descricao": null
        },
        {
            "codigo": 530,
            "data": "2016-12-31 00:00:00",
            "valor": "4467.00",
            "descricao": null
        },
        {
            "codigo": 3890,
            "data": "2018-12-31 00:00:00",
            "valor": "3792.00",
            "descricao": null
        },
        {
            "codigo": 4120,
            "data": "2019-12-31 00:00:00",
            "valor": "621.00",
            "descricao": null
        },
        {
            "codigo": 5104,
            "data": "2020-12-31 00:00:00",
            "valor": "1706.00",
            "descricao": null
        },
        {
            "codigo": 5989,
            "data": "2021-12-30 00:00:00",
            "valor": "1150.00",
            "descricao": null
        },
        {
            "codigo": 6886,
            "data": "2022-12-31 00:00:00",
            "valor": "1334.00",
            "descricao": null
        },
        {
            "codigo": 7587,
            "data": "2023-12-31 00:00:00",
            "valor": "1339.00",
            "descricao": null
        }
    ]
}