{
    "codigo": 5350,
    "nome": "N\u00famero de publica\u00e7\u00f5es da estabilidade",
    "descricao": "Publica\u00e7\u00e3o da estabilidade - Cidade Aberta",
    "fonte": "SEFIN, ANTIGA SEGES",
    "tipoValor": "I",
    "periodicidade": {
        "codigo": 6,
        "descricao": "Anual"
    },
    "tags": [
        {
            "codigo": 4,
            "descricao": "Santos Eficiente"
        }
    ],
    "secretarias": [
        {
            "codigo": 4681,
            "dado_codigo": 5350,
            "sigla": "SEFIN",
            "nome": "SECRETARIA MUNICIPAL DE FINAN\u00c7AS E GEST\u00c3O"
        }
    ],
    "autarquias": [],
    "metas": [
        {
            "codigo": 17,
            "numero": 16,
            "titulo": "Paz, Justi\u00e7a e Institui\u00e7\u00f5es Eficazes",
            "objetivo": "Promover sociedades pac\u00edficas e inclusivas para o desenvolvimento sustent\u00e1vel, proporcionar o acesso \u00e0 justi\u00e7a para todos e construir institui\u00e7\u00f5es eficazes, respons\u00e1veis e inclusivas em todos os n\u00edveis",
            "imagem_url": "17.jpg",
            "link": "http://www.agenda2030.org.br/ods/16/"
        }
    ],
    "eixos": [
        {
            "codigo": 4,
            "descricao": "Governan\u00e7a"
        }
    ],
    "valores": [
        {
            "codigo": 659,
            "data": "2014-12-31 00:00:00",
            "valor": "274.00",
            "descricao": null
        },
        {
            "codigo": 660,
            "data": "2009-12-31 00:00:00",
            "valor": "248.00",
            "descricao": null
        },
        {
            "codigo": 661,
            "data": "2010-12-31 00:00:00",
            "valor": "895.00",
            "descricao": null
        },
        {
            "codigo": 662,
            "data": "2011-12-31 00:00:00",
            "valor": "795.00",
            "descricao": null
        },
        {
            "codigo": 663,
            "data": "2012-12-31 00:00:00",
            "valor": "362.00",
            "descricao": null
        },
        {
            "codigo": 664,
            "data": "2013-12-31 00:00:00",
            "valor": "335.00",
            "descricao": null
        },
        {
            "codigo": 665,
            "data": "2016-12-31 00:00:00",
            "valor": "1016.00",
            "descricao": null
        },
        {
            "codigo": 666,
            "data": "2015-12-31 00:00:00",
            "valor": "1176.00",
            "descricao": null
        },
        {
            "codigo": 3956,
            "data": "2018-12-31 00:00:00",
            "valor": "643.00",
            "descricao": null
        },
        {
            "codigo": 4123,
            "data": "2019-12-31 00:00:00",
            "valor": "299.00",
            "descricao": null
        },
        {
            "codigo": 5075,
            "data": "2020-12-31 00:00:00",
            "valor": "494.00",
            "descricao": null
        },
        {
            "codigo": 6000,
            "data": "2021-12-30 00:00:00",
            "valor": "865.00",
            "descricao": null
        },
        {
            "codigo": 6872,
            "data": "2022-12-31 00:00:00",
            "valor": "286.00",
            "descricao": null
        },
        {
            "codigo": 7569,
            "data": "2023-12-31 00:00:00",
            "valor": "174.00",
            "descricao": null
        }
    ]
}