{
    "codigo": 5355,
    "nome": "Total de servidores inclu\u00eddos na readapta\u00e7\u00e3o",
    "descricao": "Servidores inclusos na readapta\u00e7\u00e3o - Cidade Aberta",
    "fonte": "SEFIN, ANTIGA SEGES",
    "tipoValor": "I",
    "periodicidade": {
        "codigo": 6,
        "descricao": "Anual"
    },
    "tags": [
        {
            "codigo": 4,
            "descricao": "Santos Eficiente"
        }
    ],
    "secretarias": [
        {
            "codigo": 4681,
            "dado_codigo": 5355,
            "sigla": "SEFIN",
            "nome": "SECRETARIA MUNICIPAL DE FINAN\u00c7AS E GEST\u00c3O"
        }
    ],
    "autarquias": [],
    "metas": [
        {
            "codigo": 12,
            "numero": 11,
            "titulo": "Cidades e Comunidades Sustent\u00e1veis",
            "objetivo": "Tornar as cidades e os assentamentos humanos inclusivos, seguros, resilientes e sustent\u00e1veis",
            "imagem_url": "12.jpg",
            "link": "http://www.agenda2030.org.br/ods/11/"
        }
    ],
    "eixos": [
        {
            "codigo": 7,
            "descricao": "Gest\u00e3o Local para a Sustentabilidade"
        }
    ],
    "valores": [
        {
            "codigo": 724,
            "data": "2015-12-31 00:00:00",
            "valor": "0.00",
            "descricao": null
        },
        {
            "codigo": 725,
            "data": "2013-01-31 00:00:00",
            "valor": "0.00",
            "descricao": null
        },
        {
            "codigo": 726,
            "data": "2015-10-31 00:00:00",
            "valor": "0.00",
            "descricao": null
        },
        {
            "codigo": 727,
            "data": "2015-09-30 00:00:00",
            "valor": "0.00",
            "descricao": null
        },
        {
            "codigo": 728,
            "data": "2015-08-31 00:00:00",
            "valor": "0.00",
            "descricao": null
        },
        {
            "codigo": 729,
            "data": "2015-07-31 00:00:00",
            "valor": "0.00",
            "descricao": null
        },
        {
            "codigo": 730,
            "data": "2015-06-30 00:00:00",
            "valor": "0.00",
            "descricao": null
        },
        {
            "codigo": 731,
            "data": "2015-05-31 00:00:00",
            "valor": "17.00",
            "descricao": null
        },
        {
            "codigo": 732,
            "data": "2015-04-30 00:00:00",
            "valor": "18.00",
            "descricao": null
        },
        {
            "codigo": 733,
            "data": "2015-03-31 00:00:00",
            "valor": "8.00",
            "descricao": null
        },
        {
            "codigo": 734,
            "data": "2015-02-28 00:00:00",
            "valor": "5.00",
            "descricao": null
        },
        {
            "codigo": 735,
            "data": "2015-01-31 00:00:00",
            "valor": "7.00",
            "descricao": null
        },
        {
            "codigo": 736,
            "data": "2015-11-30 00:00:00",
            "valor": "0.00",
            "descricao": null
        },
        {
            "codigo": 737,
            "data": "2013-02-28 00:00:00",
            "valor": "0.00",
            "descricao": null
        },
        {
            "codigo": 738,
            "data": "2013-03-31 00:00:00",
            "valor": "0.00",
            "descricao": null
        },
        {
            "codigo": 739,
            "data": "2013-04-30 00:00:00",
            "valor": "0.00",
            "descricao": null
        },
        {
            "codigo": 740,
            "data": "2013-05-31 00:00:00",
            "valor": "0.00",
            "descricao": null
        },
        {
            "codigo": 741,
            "data": "2013-06-30 00:00:00",
            "valor": "0.00",
            "descricao": null
        },
        {
            "codigo": 742,
            "data": "2013-07-31 00:00:00",
            "valor": "17.00",
            "descricao": null
        },
        {
            "codigo": 743,
            "data": "2013-08-31 00:00:00",
            "valor": "18.00",
            "descricao": null
        },
        {
            "codigo": 744,
            "data": "2016-12-31 00:00:00",
            "valor": "154.00",
            "descricao": null
        },
        {
            "codigo": 745,
            "data": "2014-12-31 00:00:00",
            "valor": "14.00",
            "descricao": null
        },
        {
            "codigo": 746,
            "data": "2014-11-30 00:00:00",
            "valor": "13.00",
            "descricao": null
        },
        {
            "codigo": 747,
            "data": "2014-10-31 00:00:00",
            "valor": "22.00",
            "descricao": null
        },
        {
            "codigo": 748,
            "data": "2014-09-30 00:00:00",
            "valor": "8.00",
            "descricao": null
        },
        {
            "codigo": 749,
            "data": "2014-08-31 00:00:00",
            "valor": "2.00",
            "descricao": null
        },
        {
            "codigo": 750,
            "data": "2014-07-31 00:00:00",
            "valor": "11.00",
            "descricao": null
        },
        {
            "codigo": 751,
            "data": "2014-06-30 00:00:00",
            "valor": "7.00",
            "descricao": null
        },
        {
            "codigo": 752,
            "data": "2014-05-31 00:00:00",
            "valor": "7.00",
            "descricao": null
        },
        {
            "codigo": 753,
            "data": "2014-04-30 00:00:00",
            "valor": "2.00",
            "descricao": null
        },
        {
            "codigo": 754,
            "data": "2014-03-31 00:00:00",
            "valor": "9.00",
            "descricao": null
        },
        {
            "codigo": 755,
            "data": "2014-02-28 00:00:00",
            "valor": "21.00",
            "descricao": null
        },
        {
            "codigo": 756,
            "data": "2014-01-31 00:00:00",
            "valor": "22.00",
            "descricao": null
        },
        {
            "codigo": 757,
            "data": "2012-12-31 00:00:00",
            "valor": "0.00",
            "descricao": null
        },
        {
            "codigo": 758,
            "data": "2011-12-31 00:00:00",
            "valor": "0.00",
            "descricao": null
        },
        {
            "codigo": 759,
            "data": "2010-12-31 00:00:00",
            "valor": "0.00",
            "descricao": null
        },
        {
            "codigo": 760,
            "data": "2009-12-31 00:00:00",
            "valor": "0.00",
            "descricao": null
        },
        {
            "codigo": 761,
            "data": "2013-12-31 00:00:00",
            "valor": "19.00",
            "descricao": null
        },
        {
            "codigo": 762,
            "data": "2013-11-30 00:00:00",
            "valor": "7.00",
            "descricao": null
        },
        {
            "codigo": 763,
            "data": "2013-10-31 00:00:00",
            "valor": "18.00",
            "descricao": null
        },
        {
            "codigo": 764,
            "data": "2013-09-30 00:00:00",
            "valor": "22.00",
            "descricao": null
        },
        {
            "codigo": 3897,
            "data": "2018-12-31 00:00:00",
            "valor": "74.00",
            "descricao": null
        },
        {
            "codigo": 4126,
            "data": "2019-12-31 00:00:00",
            "valor": "85.00",
            "descricao": null
        },
        {
            "codigo": 5100,
            "data": "2020-12-31 00:00:00",
            "valor": "49.00",
            "descricao": null
        },
        {
            "codigo": 5984,
            "data": "2021-12-30 00:00:00",
            "valor": "81.00",
            "descricao": null
        },
        {
            "codigo": 6891,
            "data": "2022-12-31 00:00:00",
            "valor": "235.00",
            "descricao": null
        },
        {
            "codigo": 7578,
            "data": "2023-12-31 00:00:00",
            "valor": "348.00",
            "descricao": null
        }
    ]
}