{
    "codigo": 5378,
    "nome": "Quantidade de atividades de esporte e lazer oferecidas pelo Munic\u00edpio",
    "descricao": "Qtde de atividades de esporte e lazer oferecidas pelo Munic\u00edpio - Cidade Aberta",
    "fonte": "Relat\u00f3rio de atendimentos",
    "tipoValor": "I",
    "periodicidade": {
        "codigo": 6,
        "descricao": "Anual"
    },
    "tags": [
        {
            "codigo": 5,
            "descricao": "Santos Esportiva"
        }
    ],
    "secretarias": [
        {
            "codigo": 576,
            "dado_codigo": 5378,
            "sigla": "SEMES",
            "nome": "SECRETARIA MUNICIPAL DE ESPORTES"
        }
    ],
    "autarquias": [],
    "metas": [
        {
            "codigo": 4,
            "numero": 3,
            "titulo": "Sa\u00fade e Bem-Estar",
            "objetivo": "Assegurar uma vida saud\u00e1vel e promover o bem-estar para todos, em todas as idades",
            "imagem_url": "4.jpg",
            "link": "http://www.agenda2030.org.br/ods/3/"
        }
    ],
    "eixos": [
        {
            "codigo": 14,
            "descricao": "A\u00e7\u00e3o Local para a Sa\u00fade"
        }
    ],
    "valores": [
        {
            "codigo": 930,
            "data": "2009-12-31 00:00:00",
            "valor": "0.00",
            "descricao": null
        },
        {
            "codigo": 931,
            "data": "2010-12-31 00:00:00",
            "valor": "0.00",
            "descricao": null
        },
        {
            "codigo": 932,
            "data": "2011-12-31 00:00:00",
            "valor": "0.00",
            "descricao": null
        },
        {
            "codigo": 933,
            "data": "2012-12-31 00:00:00",
            "valor": "0.00",
            "descricao": null
        },
        {
            "codigo": 934,
            "data": "2013-12-31 00:00:00",
            "valor": "0.00",
            "descricao": null
        },
        {
            "codigo": 935,
            "data": "2014-12-31 00:00:00",
            "valor": "0.00",
            "descricao": null
        },
        {
            "codigo": 936,
            "data": "2015-12-31 00:00:00",
            "valor": "55.00",
            "descricao": null
        },
        {
            "codigo": 937,
            "data": "2016-12-31 00:00:00",
            "valor": "50.00",
            "descricao": null
        },
        {
            "codigo": 3608,
            "data": "2018-12-31 00:00:00",
            "valor": "66.00",
            "descricao": null
        },
        {
            "codigo": 4255,
            "data": "2019-12-31 00:00:00",
            "valor": "81.00",
            "descricao": null
        },
        {
            "codigo": 5157,
            "data": "2020-12-31 00:00:00",
            "valor": "81.00",
            "descricao": null
        },
        {
            "codigo": 5964,
            "data": "2021-12-31 00:00:00",
            "valor": "58.00",
            "descricao": null
        },
        {
            "codigo": 6972,
            "data": "2022-12-31 00:00:00",
            "valor": "62.00",
            "descricao": null
        }
    ]
}