{
    "codigo": 5381,
    "nome": "Danos ao patrim\u00f4nio",
    "descricao": "Casos de dano ao patrim\u00f4nio p\u00fablico municipal - Cidade Aberta",
    "fonte": "SESEG - SECRETARIA MUNICIPAL DE SEGURAN\u00c7A / DGCM",
    "tipoValor": "I",
    "periodicidade": {
        "codigo": 6,
        "descricao": "Anual"
    },
    "tags": [
        {
            "codigo": 16,
            "descricao": "Santos Segura"
        }
    ],
    "secretarias": [
        {
            "codigo": 779,
            "dado_codigo": 5381,
            "sigla": "SESEG",
            "nome": "SECRETARIA MUNICIPAL DE SEGURAN\u00c7A"
        }
    ],
    "autarquias": [],
    "metas": [
        {
            "codigo": 17,
            "numero": 16,
            "titulo": "Paz, Justi\u00e7a e Institui\u00e7\u00f5es Eficazes",
            "objetivo": "Promover sociedades pac\u00edficas e inclusivas para o desenvolvimento sustent\u00e1vel, proporcionar o acesso \u00e0 justi\u00e7a para todos e construir institui\u00e7\u00f5es eficazes, respons\u00e1veis e inclusivas em todos os n\u00edveis",
            "imagem_url": "17.jpg",
            "link": "http://www.agenda2030.org.br/ods/16/"
        }
    ],
    "eixos": [
        {
            "codigo": 6,
            "descricao": "Equidade, Justi\u00e7a Social e Cultura de Paz"
        }
    ],
    "valores": [
        {
            "codigo": 954,
            "data": "2012-12-31 00:00:00",
            "valor": "203.00",
            "descricao": null
        },
        {
            "codigo": 955,
            "data": "2015-12-31 00:00:00",
            "valor": "276.00",
            "descricao": null
        },
        {
            "codigo": 956,
            "data": "2013-12-31 00:00:00",
            "valor": "188.00",
            "descricao": null
        },
        {
            "codigo": 957,
            "data": "2016-12-31 00:00:00",
            "valor": "148.00",
            "descricao": null
        },
        {
            "codigo": 958,
            "data": "2011-12-31 00:00:00",
            "valor": "172.00",
            "descricao": null
        },
        {
            "codigo": 959,
            "data": "2014-12-31 00:00:00",
            "valor": "154.00",
            "descricao": null
        },
        {
            "codigo": 3821,
            "data": "2018-12-31 00:00:00",
            "valor": "157.00",
            "descricao": null
        },
        {
            "codigo": 4295,
            "data": "2019-12-31 00:00:00",
            "valor": "152.00",
            "descricao": null
        },
        {
            "codigo": 4858,
            "data": "2020-12-31 00:00:00",
            "valor": "161.00",
            "descricao": null
        },
        {
            "codigo": 5227,
            "data": "2017-12-31 00:00:00",
            "valor": "179.00",
            "descricao": null
        },
        {
            "codigo": 5356,
            "data": "2021-12-31 00:00:00",
            "valor": "198.00",
            "descricao": null
        },
        {
            "codigo": 6546,
            "data": "2022-12-31 00:00:00",
            "valor": "162.00",
            "descricao": null
        }
    ]
}