{
    "codigo": 5385,
    "nome": "Homic\u00eddio doloso (2)",
    "descricao": "Registro de Homic\u00eddio doloso (2) - inclui homic\u00eddio doloso por acidente de tr\u00e2nsito - em Santos - Cidade Aberta",
    "fonte": "Secretaria de Seguran\u00e7a P\u00fablica do Estado de S\u00e3o Paulo",
    "tipoValor": "I",
    "periodicidade": {
        "codigo": 6,
        "descricao": "Anual"
    },
    "tags": [
        {
            "codigo": 16,
            "descricao": "Santos Segura"
        }
    ],
    "secretarias": [
        {
            "codigo": 779,
            "dado_codigo": 5385,
            "sigla": "SESEG",
            "nome": "SECRETARIA MUNICIPAL DE SEGURAN\u00c7A"
        }
    ],
    "autarquias": [],
    "metas": [
        {
            "codigo": 17,
            "numero": 16,
            "titulo": "Paz, Justi\u00e7a e Institui\u00e7\u00f5es Eficazes",
            "objetivo": "Promover sociedades pac\u00edficas e inclusivas para o desenvolvimento sustent\u00e1vel, proporcionar o acesso \u00e0 justi\u00e7a para todos e construir institui\u00e7\u00f5es eficazes, respons\u00e1veis e inclusivas em todos os n\u00edveis",
            "imagem_url": "17.jpg",
            "link": "http://www.agenda2030.org.br/ods/16/"
        }
    ],
    "eixos": [
        {
            "codigo": 6,
            "descricao": "Equidade, Justi\u00e7a Social e Cultura de Paz"
        }
    ],
    "valores": [
        {
            "codigo": 982,
            "data": "2012-12-31 00:00:00",
            "valor": "273.00",
            "descricao": null
        },
        {
            "codigo": 983,
            "data": "2011-12-31 00:00:00",
            "valor": "256.00",
            "descricao": null
        },
        {
            "codigo": 984,
            "data": "2010-12-31 00:00:00",
            "valor": "0.00",
            "descricao": null
        },
        {
            "codigo": 985,
            "data": "2009-12-31 00:00:00",
            "valor": "0.00",
            "descricao": null
        },
        {
            "codigo": 986,
            "data": "2015-12-31 00:00:00",
            "valor": "11.00",
            "descricao": null
        },
        {
            "codigo": 987,
            "data": "2016-12-31 00:00:00",
            "valor": "19.00",
            "descricao": null
        },
        {
            "codigo": 988,
            "data": "2013-12-31 00:00:00",
            "valor": "30.00",
            "descricao": null
        },
        {
            "codigo": 989,
            "data": "2014-12-31 00:00:00",
            "valor": "16.00",
            "descricao": null
        },
        {
            "codigo": 3746,
            "data": "2018-12-31 00:00:00",
            "valor": "16.00",
            "descricao": null
        },
        {
            "codigo": 4262,
            "data": "2019-12-31 00:00:00",
            "valor": "21.00",
            "descricao": null
        },
        {
            "codigo": 4845,
            "data": "2020-12-31 00:00:00",
            "valor": "0.00",
            "descricao": null
        },
        {
            "codigo": 5231,
            "data": "2017-12-31 00:00:00",
            "valor": "13.00",
            "descricao": null
        },
        {
            "codigo": 5360,
            "data": "2021-12-31 00:00:00",
            "valor": "17.00",
            "descricao": null
        },
        {
            "codigo": 6550,
            "data": "2022-12-31 00:00:00",
            "valor": "19.00",
            "descricao": null
        }
    ]
}