{
    "codigo": 5386,
    "nome": "Latroc\u00ednio",
    "descricao": "Registro de latroc\u00ednio em Santos - Cidade Aberta",
    "fonte": "Secretaria de Seguran\u00e7a P\u00fablica do Estado de S\u00e3o Paulo",
    "tipoValor": "I",
    "periodicidade": {
        "codigo": 6,
        "descricao": "Anual"
    },
    "tags": [
        {
            "codigo": 16,
            "descricao": "Santos Segura"
        }
    ],
    "secretarias": [
        {
            "codigo": 779,
            "dado_codigo": 5386,
            "sigla": "SESEG",
            "nome": "SECRETARIA MUNICIPAL DE SEGURAN\u00c7A"
        }
    ],
    "autarquias": [],
    "metas": [
        {
            "codigo": 17,
            "numero": 16,
            "titulo": "Paz, Justi\u00e7a e Institui\u00e7\u00f5es Eficazes",
            "objetivo": "Promover sociedades pac\u00edficas e inclusivas para o desenvolvimento sustent\u00e1vel, proporcionar o acesso \u00e0 justi\u00e7a para todos e construir institui\u00e7\u00f5es eficazes, respons\u00e1veis e inclusivas em todos os n\u00edveis",
            "imagem_url": "17.jpg",
            "link": "http://www.agenda2030.org.br/ods/16/"
        }
    ],
    "eixos": [
        {
            "codigo": 6,
            "descricao": "Equidade, Justi\u00e7a Social e Cultura de Paz"
        }
    ],
    "valores": [
        {
            "codigo": 990,
            "data": "2010-12-31 00:00:00",
            "valor": "0.00",
            "descricao": null
        },
        {
            "codigo": 991,
            "data": "2009-12-31 00:00:00",
            "valor": "0.00",
            "descricao": null
        },
        {
            "codigo": 992,
            "data": "2015-12-31 00:00:00",
            "valor": "4.00",
            "descricao": null
        },
        {
            "codigo": 993,
            "data": "2011-12-31 00:00:00",
            "valor": "21.00",
            "descricao": null
        },
        {
            "codigo": 994,
            "data": "2012-12-31 00:00:00",
            "valor": "16.00",
            "descricao": null
        },
        {
            "codigo": 995,
            "data": "2016-12-31 00:00:00",
            "valor": "3.00",
            "descricao": null
        },
        {
            "codigo": 996,
            "data": "2013-12-31 00:00:00",
            "valor": "2.00",
            "descricao": null
        },
        {
            "codigo": 997,
            "data": "2014-12-31 00:00:00",
            "valor": "3.00",
            "descricao": null
        },
        {
            "codigo": 3747,
            "data": "2018-12-31 00:00:00",
            "valor": "5.00",
            "descricao": null
        },
        {
            "codigo": 4263,
            "data": "2019-12-31 00:00:00",
            "valor": "1.00",
            "descricao": null
        },
        {
            "codigo": 4846,
            "data": "2020-12-31 00:00:00",
            "valor": "2.00",
            "descricao": null
        },
        {
            "codigo": 5232,
            "data": "2017-12-31 00:00:00",
            "valor": "0.00",
            "descricao": null
        },
        {
            "codigo": 5364,
            "data": "2021-12-31 00:00:00",
            "valor": "0.00",
            "descricao": null
        },
        {
            "codigo": 6553,
            "data": "2022-12-31 00:00:00",
            "valor": "1.00",
            "descricao": null
        }
    ]
}