{
    "codigo": 5388,
    "nome": "Les\u00e3o corporal culposa por acidente de tr\u00e2nsito",
    "descricao": "Registro de les\u00e3o corporal culposa por acidente de tr\u00e2nsito em Santos - Cidade Aberta",
    "fonte": "Secretaria de Seguran\u00e7a P\u00fablica do Estado de S\u00e3o Paulo",
    "tipoValor": "I",
    "periodicidade": {
        "codigo": 6,
        "descricao": "Anual"
    },
    "tags": [
        {
            "codigo": 16,
            "descricao": "Santos Segura"
        }
    ],
    "secretarias": [
        {
            "codigo": 779,
            "dado_codigo": 5388,
            "sigla": "SESEG",
            "nome": "SECRETARIA MUNICIPAL DE SEGURAN\u00c7A"
        }
    ],
    "autarquias": [],
    "metas": [
        {
            "codigo": 17,
            "numero": 16,
            "titulo": "Paz, Justi\u00e7a e Institui\u00e7\u00f5es Eficazes",
            "objetivo": "Promover sociedades pac\u00edficas e inclusivas para o desenvolvimento sustent\u00e1vel, proporcionar o acesso \u00e0 justi\u00e7a para todos e construir institui\u00e7\u00f5es eficazes, respons\u00e1veis e inclusivas em todos os n\u00edveis",
            "imagem_url": "17.jpg",
            "link": "http://www.agenda2030.org.br/ods/16/"
        }
    ],
    "eixos": [
        {
            "codigo": 6,
            "descricao": "Equidade, Justi\u00e7a Social e Cultura de Paz"
        }
    ],
    "valores": [
        {
            "codigo": 1006,
            "data": "2013-12-31 00:00:00",
            "valor": "840.00",
            "descricao": null
        },
        {
            "codigo": 1007,
            "data": "2009-12-31 00:00:00",
            "valor": "0.00",
            "descricao": null
        },
        {
            "codigo": 1008,
            "data": "2015-12-31 00:00:00",
            "valor": "789.00",
            "descricao": null
        },
        {
            "codigo": 1009,
            "data": "2016-12-31 00:00:00",
            "valor": "664.00",
            "descricao": null
        },
        {
            "codigo": 1010,
            "data": "2014-12-31 00:00:00",
            "valor": "787.00",
            "descricao": null
        },
        {
            "codigo": 1011,
            "data": "2012-12-31 00:00:00",
            "valor": "5231.00",
            "descricao": null
        },
        {
            "codigo": 1012,
            "data": "2011-12-31 00:00:00",
            "valor": "5151.00",
            "descricao": null
        },
        {
            "codigo": 1013,
            "data": "2010-12-31 00:00:00",
            "valor": "0.00",
            "descricao": null
        },
        {
            "codigo": 3749,
            "data": "2018-12-31 00:00:00",
            "valor": "500.00",
            "descricao": null
        },
        {
            "codigo": 4265,
            "data": "2019-12-31 00:00:00",
            "valor": "514.00",
            "descricao": null
        },
        {
            "codigo": 4848,
            "data": "2020-12-31 00:00:00",
            "valor": "338.00",
            "descricao": null
        },
        {
            "codigo": 5234,
            "data": "2017-12-31 00:00:00",
            "valor": "623.00",
            "descricao": null
        },
        {
            "codigo": 5366,
            "data": "2021-12-31 00:00:00",
            "valor": "355.00",
            "descricao": null
        },
        {
            "codigo": 6555,
            "data": "2022-12-31 00:00:00",
            "valor": "418.00",
            "descricao": null
        }
    ]
}