{
    "codigo": 5390,
    "nome": "N\u00famero de interven\u00e7\u00f5es da guarda municipal nos pr\u00f3prios municipais",
    "descricao": "N\u00famero de interven\u00e7\u00f5es da guarda municipal nos pr\u00f3prios municipais - Cidade Aberta",
    "fonte": "SESEG - SECRETARIA MUNICIPAL DE SEGURAN\u00c7A / DGCM",
    "tipoValor": "I",
    "periodicidade": {
        "codigo": 6,
        "descricao": "Anual"
    },
    "tags": [
        {
            "codigo": 16,
            "descricao": "Santos Segura"
        }
    ],
    "secretarias": [
        {
            "codigo": 779,
            "dado_codigo": 5390,
            "sigla": "SESEG",
            "nome": "SECRETARIA MUNICIPAL DE SEGURAN\u00c7A"
        }
    ],
    "autarquias": [],
    "metas": [
        {
            "codigo": 17,
            "numero": 16,
            "titulo": "Paz, Justi\u00e7a e Institui\u00e7\u00f5es Eficazes",
            "objetivo": "Promover sociedades pac\u00edficas e inclusivas para o desenvolvimento sustent\u00e1vel, proporcionar o acesso \u00e0 justi\u00e7a para todos e construir institui\u00e7\u00f5es eficazes, respons\u00e1veis e inclusivas em todos os n\u00edveis",
            "imagem_url": "17.jpg",
            "link": "http://www.agenda2030.org.br/ods/16/"
        }
    ],
    "eixos": [
        {
            "codigo": 6,
            "descricao": "Equidade, Justi\u00e7a Social e Cultura de Paz"
        }
    ],
    "valores": [
        {
            "codigo": 1022,
            "data": "2010-12-31 00:00:00",
            "valor": "0.00",
            "descricao": null
        },
        {
            "codigo": 1023,
            "data": "2011-12-31 00:00:00",
            "valor": "2529.00",
            "descricao": null
        },
        {
            "codigo": 1024,
            "data": "2016-12-31 00:00:00",
            "valor": "1863.00",
            "descricao": null
        },
        {
            "codigo": 1025,
            "data": "2015-12-31 00:00:00",
            "valor": "2037.00",
            "descricao": null
        },
        {
            "codigo": 1026,
            "data": "2012-12-31 00:00:00",
            "valor": "2620.00",
            "descricao": null
        },
        {
            "codigo": 1027,
            "data": "2009-12-31 00:00:00",
            "valor": "0.00",
            "descricao": null
        },
        {
            "codigo": 3823,
            "data": "2018-12-31 00:00:00",
            "valor": "2901.00",
            "descricao": null
        },
        {
            "codigo": 4297,
            "data": "2019-12-31 00:00:00",
            "valor": "4520.00",
            "descricao": null
        },
        {
            "codigo": 4859,
            "data": "2020-12-31 00:00:00",
            "valor": "3010.00",
            "descricao": null
        },
        {
            "codigo": 5236,
            "data": "2017-12-31 00:00:00",
            "valor": "4063.00",
            "descricao": null
        },
        {
            "codigo": 5372,
            "data": "2021-12-31 00:00:00",
            "valor": "1136.00",
            "descricao": null
        },
        {
            "codigo": 6563,
            "data": "2022-12-31 00:00:00",
            "valor": "1303.00",
            "descricao": null
        }
    ]
}