{
    "codigo": 5397,
    "nome": "Roubo de carga",
    "descricao": "Roubo de carga - Cidade Aberta",
    "fonte": "Secretaria de Seguran\u00e7a P\u00fablica do Estado de S\u00e3o Paulo",
    "tipoValor": "I",
    "periodicidade": {
        "codigo": 6,
        "descricao": "Anual"
    },
    "tags": [
        {
            "codigo": 16,
            "descricao": "Santos Segura"
        }
    ],
    "secretarias": [
        {
            "codigo": 779,
            "dado_codigo": 5397,
            "sigla": "SESEG",
            "nome": "SECRETARIA MUNICIPAL DE SEGURAN\u00c7A"
        }
    ],
    "autarquias": [],
    "metas": [
        {
            "codigo": 17,
            "numero": 16,
            "titulo": "Paz, Justi\u00e7a e Institui\u00e7\u00f5es Eficazes",
            "objetivo": "Promover sociedades pac\u00edficas e inclusivas para o desenvolvimento sustent\u00e1vel, proporcionar o acesso \u00e0 justi\u00e7a para todos e construir institui\u00e7\u00f5es eficazes, respons\u00e1veis e inclusivas em todos os n\u00edveis",
            "imagem_url": "17.jpg",
            "link": "http://www.agenda2030.org.br/ods/16/"
        }
    ],
    "eixos": [
        {
            "codigo": 6,
            "descricao": "Equidade, Justi\u00e7a Social e Cultura de Paz"
        }
    ],
    "valores": [
        {
            "codigo": 1077,
            "data": "2010-12-31 00:00:00",
            "valor": "0.00",
            "descricao": null
        },
        {
            "codigo": 1078,
            "data": "2014-12-31 00:00:00",
            "valor": "36.00",
            "descricao": null
        },
        {
            "codigo": 1079,
            "data": "2012-12-31 00:00:00",
            "valor": "367.00",
            "descricao": null
        },
        {
            "codigo": 1080,
            "data": "2011-12-31 00:00:00",
            "valor": "364.00",
            "descricao": null
        },
        {
            "codigo": 1081,
            "data": "2016-12-31 00:00:00",
            "valor": "71.00",
            "descricao": null
        },
        {
            "codigo": 1082,
            "data": "2015-12-31 00:00:00",
            "valor": "27.00",
            "descricao": null
        },
        {
            "codigo": 1083,
            "data": "2009-12-31 00:00:00",
            "valor": "0.00",
            "descricao": null
        },
        {
            "codigo": 1084,
            "data": "2013-12-31 00:00:00",
            "valor": "53.00",
            "descricao": null
        },
        {
            "codigo": 3755,
            "data": "2018-12-31 00:00:00",
            "valor": "54.00",
            "descricao": null
        },
        {
            "codigo": 4271,
            "data": "2019-12-31 00:00:00",
            "valor": "67.00",
            "descricao": null
        },
        {
            "codigo": 4854,
            "data": "2020-12-31 00:00:00",
            "valor": "25.00",
            "descricao": null
        },
        {
            "codigo": 5223,
            "data": "2017-12-31 00:00:00",
            "valor": "64.00",
            "descricao": null
        },
        {
            "codigo": 5388,
            "data": "2021-12-31 00:00:00",
            "valor": "19.00",
            "descricao": null
        },
        {
            "codigo": 6579,
            "data": "2022-12-31 00:00:00",
            "valor": "26.00",
            "descricao": null
        }
    ]
}