{
    "codigo": 5398,
    "nome": "Roubo de ve\u00edculo",
    "descricao": "Roubo de ve\u00edculo - Cidade Aberta",
    "fonte": "Secretaria de Seguran\u00e7a P\u00fablica do Estado de S\u00e3o Paulo",
    "tipoValor": "I",
    "periodicidade": {
        "codigo": 6,
        "descricao": "Anual"
    },
    "tags": [
        {
            "codigo": 16,
            "descricao": "Santos Segura"
        }
    ],
    "secretarias": [
        {
            "codigo": 779,
            "dado_codigo": 5398,
            "sigla": "SESEG",
            "nome": "SECRETARIA MUNICIPAL DE SEGURAN\u00c7A"
        }
    ],
    "autarquias": [],
    "metas": [
        {
            "codigo": 17,
            "numero": 16,
            "titulo": "Paz, Justi\u00e7a e Institui\u00e7\u00f5es Eficazes",
            "objetivo": "Promover sociedades pac\u00edficas e inclusivas para o desenvolvimento sustent\u00e1vel, proporcionar o acesso \u00e0 justi\u00e7a para todos e construir institui\u00e7\u00f5es eficazes, respons\u00e1veis e inclusivas em todos os n\u00edveis",
            "imagem_url": "17.jpg",
            "link": "http://www.agenda2030.org.br/ods/16/"
        }
    ],
    "eixos": [
        {
            "codigo": 6,
            "descricao": "Equidade, Justi\u00e7a Social e Cultura de Paz"
        }
    ],
    "valores": [
        {
            "codigo": 1085,
            "data": "2009-12-31 00:00:00",
            "valor": "0.00",
            "descricao": null
        },
        {
            "codigo": 1086,
            "data": "2010-12-31 00:00:00",
            "valor": "0.00",
            "descricao": null
        },
        {
            "codigo": 1087,
            "data": "2011-12-31 00:00:00",
            "valor": "2000.00",
            "descricao": null
        },
        {
            "codigo": 1088,
            "data": "2016-12-31 00:00:00",
            "valor": "317.00",
            "descricao": null
        },
        {
            "codigo": 1089,
            "data": "2015-12-31 00:00:00",
            "valor": "289.00",
            "descricao": null
        },
        {
            "codigo": 1090,
            "data": "2014-12-31 00:00:00",
            "valor": "465.00",
            "descricao": null
        },
        {
            "codigo": 1091,
            "data": "2012-12-31 00:00:00",
            "valor": "2509.00",
            "descricao": null
        },
        {
            "codigo": 1092,
            "data": "2013-12-31 00:00:00",
            "valor": "290.00",
            "descricao": null
        },
        {
            "codigo": 3756,
            "data": "2018-12-31 00:00:00",
            "valor": "342.00",
            "descricao": null
        },
        {
            "codigo": 4272,
            "data": "2019-12-31 00:00:00",
            "valor": "169.00",
            "descricao": null
        },
        {
            "codigo": 4856,
            "data": "2020-12-31 00:00:00",
            "valor": "108.00",
            "descricao": null
        },
        {
            "codigo": 5222,
            "data": "2017-12-31 00:00:00",
            "valor": "224.00",
            "descricao": null
        },
        {
            "codigo": 5389,
            "data": "2021-12-31 00:00:00",
            "valor": "79.00",
            "descricao": null
        },
        {
            "codigo": 6580,
            "data": "2022-12-31 00:00:00",
            "valor": "118.00",
            "descricao": null
        }
    ]
}