{
    "codigo": 5400,
    "nome": "Tr\u00e1fico de entorpecentes",
    "descricao": "Tr\u00e1fico de entorpecentes - Cidade Aberta",
    "fonte": "Secretaria de Seguran\u00e7a P\u00fablica do Estado de S\u00e3o Paulo - Departamento de Pol\u00edcia Civil, Pol\u00edcia Militar e Superintend\u00eancia da Pol\u00edcia T\u00e9cnico-cient\u00edfica",
    "tipoValor": "I",
    "periodicidade": {
        "codigo": 6,
        "descricao": "Anual"
    },
    "tags": [
        {
            "codigo": 16,
            "descricao": "Santos Segura"
        }
    ],
    "secretarias": [
        {
            "codigo": 779,
            "dado_codigo": 5400,
            "sigla": "SESEG",
            "nome": "SECRETARIA MUNICIPAL DE SEGURAN\u00c7A"
        }
    ],
    "autarquias": [],
    "metas": [],
    "eixos": [
        {
            "codigo": 6,
            "descricao": "Equidade, Justi\u00e7a Social e Cultura de Paz"
        }
    ],
    "valores": [
        {
            "codigo": 1101,
            "data": "2012-12-31 00:00:00",
            "valor": "512.00",
            "descricao": null
        },
        {
            "codigo": 1102,
            "data": "2014-12-31 00:00:00",
            "valor": "245.00",
            "descricao": null
        },
        {
            "codigo": 1103,
            "data": "2011-12-31 00:00:00",
            "valor": "1954.00",
            "descricao": null
        },
        {
            "codigo": 1104,
            "data": "2015-12-31 00:00:00",
            "valor": "277.00",
            "descricao": null
        },
        {
            "codigo": 1105,
            "data": "2013-12-31 00:00:00",
            "valor": "376.00",
            "descricao": null
        },
        {
            "codigo": 1106,
            "data": "2016-12-31 00:00:00",
            "valor": "289.00",
            "descricao": null
        },
        {
            "codigo": 3758,
            "data": "2018-12-31 00:00:00",
            "valor": "210.00",
            "descricao": null
        },
        {
            "codigo": 4298,
            "data": "2019-12-31 00:00:00",
            "valor": "278.00",
            "descricao": null
        },
        {
            "codigo": 4857,
            "data": "2020-12-31 00:00:00",
            "valor": "230.00",
            "descricao": null
        },
        {
            "codigo": 5243,
            "data": "2017-12-31 00:00:00",
            "valor": "285.00",
            "descricao": null
        },
        {
            "codigo": 5391,
            "data": "2021-12-31 00:00:00",
            "valor": "231.00",
            "descricao": null
        },
        {
            "codigo": 6581,
            "data": "2022-12-31 00:00:00",
            "valor": "18.00",
            "descricao": null
        }
    ]
}