{
    "codigo": 5443,
    "nome": "Total de investimentos p\u00fablicos pr\u00f3prios realizados no munic\u00edpio",
    "descricao": "Total de investimentos p\u00fablicos pr\u00f3prios realizados no munic\u00edpio",
    "fonte": "Sistemas informatizados de tributos e cont\u00e1bil do Munic\u00edpio",
    "tipoValor": "D",
    "periodicidade": {
        "codigo": 6,
        "descricao": "Anual"
    },
    "tags": [
        {
            "codigo": 4,
            "descricao": "Santos Eficiente"
        }
    ],
    "secretarias": [
        {
            "codigo": 4681,
            "dado_codigo": 5443,
            "sigla": "SEFIN",
            "nome": "SECRETARIA MUNICIPAL DE FINAN\u00c7AS E GEST\u00c3O"
        }
    ],
    "autarquias": [],
    "metas": [
        {
            "codigo": 17,
            "numero": 16,
            "titulo": "Paz, Justi\u00e7a e Institui\u00e7\u00f5es Eficazes",
            "objetivo": "Promover sociedades pac\u00edficas e inclusivas para o desenvolvimento sustent\u00e1vel, proporcionar o acesso \u00e0 justi\u00e7a para todos e construir institui\u00e7\u00f5es eficazes, respons\u00e1veis e inclusivas em todos os n\u00edveis",
            "imagem_url": "17.jpg",
            "link": "http://www.agenda2030.org.br/ods/16/"
        }
    ],
    "eixos": [
        {
            "codigo": 11,
            "descricao": "Economia Local, Din\u00e2mica, Criativa e Sustent\u00e1vel"
        }
    ],
    "valores": [
        {
            "codigo": 3946,
            "data": "2018-12-31 00:00:00",
            "valor": "33476113.40",
            "descricao": null
        },
        {
            "codigo": 4571,
            "data": "2019-12-31 00:00:00",
            "valor": "41493764.04",
            "descricao": null
        },
        {
            "codigo": 5095,
            "data": "2020-12-31 00:00:00",
            "valor": "63946276.18",
            "descricao": null
        },
        {
            "codigo": 5448,
            "data": "2021-12-31 00:00:00",
            "valor": "79980505.07",
            "descricao": null
        },
        {
            "codigo": 6905,
            "data": "2022-12-31 00:00:00",
            "valor": "96517257.45",
            "descricao": null
        },
        {
            "codigo": 7522,
            "data": "2023-12-31 00:00:00",
            "valor": "290628114.65",
            "descricao": null
        }
    ]
}