{
    "codigo": 5457,
    "nome": "Despesa total prevista, em reais, com pessoal em esporte e lazer",
    "descricao": "Despesa total prevista, em reais, com pessoal em esporte e lazer",
    "fonte": "LOA - Lei Or\u00e7ament\u00e1ria Anual",
    "tipoValor": "D",
    "periodicidade": {
        "codigo": 6,
        "descricao": "Anual"
    },
    "tags": [
        {
            "codigo": 5,
            "descricao": "Santos Esportiva"
        }
    ],
    "secretarias": [
        {
            "codigo": 576,
            "dado_codigo": 5457,
            "sigla": "SEMES",
            "nome": "SECRETARIA MUNICIPAL DE ESPORTES"
        }
    ],
    "autarquias": [],
    "metas": [
        {
            "codigo": 4,
            "numero": 3,
            "titulo": "Sa\u00fade e Bem-Estar",
            "objetivo": "Assegurar uma vida saud\u00e1vel e promover o bem-estar para todos, em todas as idades",
            "imagem_url": "4.jpg",
            "link": "http://www.agenda2030.org.br/ods/3/"
        }
    ],
    "eixos": [
        {
            "codigo": 14,
            "descricao": "A\u00e7\u00e3o Local para a Sa\u00fade"
        }
    ],
    "valores": [
        {
            "codigo": 4400,
            "data": "2019-12-31 00:00:00",
            "valor": "22607000.00",
            "descricao": null
        },
        {
            "codigo": 5181,
            "data": "2020-12-31 00:00:00",
            "valor": "3018000.00",
            "descricao": null
        },
        {
            "codigo": 5956,
            "data": "2021-12-31 00:00:00",
            "valor": "2928000.00",
            "descricao": null
        },
        {
            "codigo": 6970,
            "data": "2022-12-31 00:00:00",
            "valor": "5161500.00",
            "descricao": null
        }
    ]
}