{
    "codigo": 5466,
    "nome": "Quantidade de carros emplacados no munic\u00edpio",
    "descricao": "Quantidade de carros emplacados no munic\u00edpio",
    "fonte": "CET",
    "tipoValor": "I",
    "periodicidade": {
        "codigo": 6,
        "descricao": "Anual"
    },
    "tags": [
        {
            "codigo": 7,
            "descricao": "Santos Mobilidade"
        }
    ],
    "secretarias": [],
    "autarquias": [
        {
            "codigo": 822,
            "dado_codigo": 5466,
            "sigla": "CET",
            "nome": "COMPANHIA DE ENGENHARIA DE TR\u00c1FEGO"
        }
    ],
    "metas": [
        {
            "codigo": 12,
            "numero": 11,
            "titulo": "Cidades e Comunidades Sustent\u00e1veis",
            "objetivo": "Tornar as cidades e os assentamentos humanos inclusivos, seguros, resilientes e sustent\u00e1veis",
            "imagem_url": "12.jpg",
            "link": "http://www.agenda2030.org.br/ods/11/"
        }
    ],
    "eixos": [
        {
            "codigo": 13,
            "descricao": "Melhor Mobilidade, Menor Tr\u00e1fego"
        }
    ],
    "valores": [
        {
            "codigo": 5055,
            "data": "2020-12-31 00:00:00",
            "valor": "142348.00",
            "descricao": null
        },
        {
            "codigo": 5621,
            "data": "2021-12-31 00:00:00",
            "valor": "140162.00",
            "descricao": null
        },
        {
            "codigo": 7008,
            "data": "2023-12-31 00:00:00",
            "valor": "139362.00",
            "descricao": null
        }
    ]
}