{
    "codigo": 5470,
    "nome": "Quantidade de t\u00e1xis com acessibilidade para cadeirantes",
    "descricao": "Quantidade de t\u00e1xis com acessibilidade para cadeirantes",
    "fonte": "CET",
    "tipoValor": "I",
    "periodicidade": {
        "codigo": 6,
        "descricao": "Anual"
    },
    "tags": [
        {
            "codigo": 7,
            "descricao": "Santos Mobilidade"
        }
    ],
    "secretarias": [],
    "autarquias": [
        {
            "codigo": 822,
            "dado_codigo": 5470,
            "sigla": "CET",
            "nome": "COMPANHIA DE ENGENHARIA DE TR\u00c1FEGO"
        }
    ],
    "metas": [
        {
            "codigo": 12,
            "numero": 11,
            "titulo": "Cidades e Comunidades Sustent\u00e1veis",
            "objetivo": "Tornar as cidades e os assentamentos humanos inclusivos, seguros, resilientes e sustent\u00e1veis",
            "imagem_url": "12.jpg",
            "link": "http://www.agenda2030.org.br/ods/11/"
        }
    ],
    "eixos": [
        {
            "codigo": 6,
            "descricao": "Equidade, Justi\u00e7a Social e Cultura de Paz"
        }
    ],
    "valores": [
        {
            "codigo": 3909,
            "data": "2018-12-31 00:00:00",
            "valor": "2.00",
            "descricao": null
        },
        {
            "codigo": 4461,
            "data": "2019-12-31 00:00:00",
            "valor": "2.00",
            "descricao": null
        },
        {
            "codigo": 5049,
            "data": "2020-12-31 00:00:00",
            "valor": "2.00",
            "descricao": null
        },
        {
            "codigo": 5590,
            "data": "2021-12-31 00:00:00",
            "valor": "2.00",
            "descricao": null
        },
        {
            "codigo": 7007,
            "data": "2023-12-31 00:00:00",
            "valor": "2.00",
            "descricao": null
        }
    ]
}