{
    "codigo": 5486,
    "nome": "Quantidade de passageiros que utilizam o VLT",
    "descricao": "Quantidade de passageiros que utilizam o VLT",
    "fonte": "CET",
    "tipoValor": "I",
    "periodicidade": {
        "codigo": 6,
        "descricao": "Anual"
    },
    "tags": [
        {
            "codigo": 7,
            "descricao": "Santos Mobilidade"
        }
    ],
    "secretarias": [],
    "autarquias": [
        {
            "codigo": 822,
            "dado_codigo": 5486,
            "sigla": "CET",
            "nome": "COMPANHIA DE ENGENHARIA DE TR\u00c1FEGO"
        }
    ],
    "metas": [
        {
            "codigo": 10,
            "numero": 9,
            "titulo": "Ind\u00fastria, Inova\u00e7\u00e3o e Infraestrutura",
            "objetivo": "Construir infraestruturas resilientes, promover a industrializa\u00e7\u00e3o inclusiva e sustent\u00e1vel e fomentar a inova\u00e7\u00e3o",
            "imagem_url": "10.jpg",
            "link": "http://www.agenda2030.org.br/ods/9/"
        }
    ],
    "eixos": [
        {
            "codigo": 13,
            "descricao": "Melhor Mobilidade, Menor Tr\u00e1fego"
        }
    ],
    "valores": [
        {
            "codigo": 3941,
            "data": "2018-12-31 00:00:00",
            "valor": "7033524.00",
            "descricao": null
        },
        {
            "codigo": 4448,
            "data": "2019-12-31 00:00:00",
            "valor": "8150000.00",
            "descricao": null
        },
        {
            "codigo": 5151,
            "data": "2020-12-31 00:00:00",
            "valor": "535000.00",
            "descricao": null
        },
        {
            "codigo": 5591,
            "data": "2021-12-31 00:00:00",
            "valor": "449070.00",
            "descricao": null
        },
        {
            "codigo": 7019,
            "data": "2023-12-31 00:00:00",
            "valor": "7000000.00",
            "descricao": null
        }
    ]
}