{
    "codigo": 5507,
    "nome": "N\u00famero de escolas p\u00fablicas de ensino fundamental e m\u00e9dio com acesso \u00e0 internet (Dado fornecido pelo Estado)",
    "descricao": "N\u00famero de escolas p\u00fablicas de ensino fundamental e m\u00e9dio com acesso \u00e0 internet (Dado fornecido pelo Estado) \u2013 Cidades Sustent\u00e1veis",
    "fonte": "Diretoria de Ensino do Estado",
    "tipoValor": "I",
    "periodicidade": {
        "codigo": 6,
        "descricao": "Anual"
    },
    "tags": [
        {
            "codigo": 3,
            "descricao": "Santos Educadora"
        }
    ],
    "secretarias": [
        {
            "codigo": 2907,
            "dado_codigo": 5507,
            "sigla": "SEDUC",
            "nome": "SECRETARIA MUNICIPAL DE EDUCA\u00c7\u00c3O"
        }
    ],
    "autarquias": [],
    "metas": [
        {
            "codigo": 6,
            "numero": 4,
            "titulo": "Educa\u00e7\u00e3o de Qualidade",
            "objetivo": "Assegurar a educa\u00e7\u00e3o inclusiva e equitativa de qualidade, e promover oportunidades de aprendizagem ao longo da vida para todos",
            "imagem_url": "6.jpg",
            "link": "http://www.agenda2030.org.br/ods/4/"
        }
    ],
    "eixos": [
        {
            "codigo": 10,
            "descricao": "Educa\u00e7\u00e3o para a Sustentabilidade e Qualidade de Vida"
        }
    ],
    "valores": [
        {
            "codigo": 3313,
            "data": "2017-12-31 00:00:00",
            "valor": "26.00",
            "descricao": null
        },
        {
            "codigo": 3314,
            "data": "2016-12-31 00:00:00",
            "valor": "26.00",
            "descricao": null
        },
        {
            "codigo": 3315,
            "data": "2015-12-31 00:00:00",
            "valor": "26.00",
            "descricao": null
        },
        {
            "codigo": 3316,
            "data": "2014-12-31 00:00:00",
            "valor": "26.00",
            "descricao": null
        },
        {
            "codigo": 3797,
            "data": "2018-12-31 00:00:00",
            "valor": "26.00",
            "descricao": null
        },
        {
            "codigo": 4509,
            "data": "2019-12-31 00:00:00",
            "valor": "24.00",
            "descricao": null
        },
        {
            "codigo": 5134,
            "data": "2020-12-31 00:00:00",
            "valor": "24.00",
            "descricao": null
        },
        {
            "codigo": 5610,
            "data": "2021-12-21 00:00:00",
            "valor": "22.00",
            "descricao": null
        },
        {
            "codigo": 6959,
            "data": "2022-12-31 00:00:00",
            "valor": "22.00",
            "descricao": null
        },
        {
            "codigo": 7067,
            "data": "2023-12-31 00:00:00",
            "valor": "22.00",
            "descricao": null
        }
    ]
}