{
    "codigo": 5510,
    "nome": "N\u00famero total de inscritos no ensino m\u00e9dio (matr\u00edculas efetuadas + vagas solicitadas) \u2013 Dado fornecido pelo Estado",
    "descricao": "N\u00famero total de inscritos no ensino m\u00e9dio (matr\u00edculas efetuadas + vagas solicitadas) \u2013 Dado fornecido pelo Estado \u2013 Cidades Sustent\u00e1veis",
    "fonte": "Diretoria de Ensino do Estado",
    "tipoValor": "I",
    "periodicidade": {
        "codigo": 6,
        "descricao": "Anual"
    },
    "tags": [
        {
            "codigo": 3,
            "descricao": "Santos Educadora"
        }
    ],
    "secretarias": [
        {
            "codigo": 2907,
            "dado_codigo": 5510,
            "sigla": "SEDUC",
            "nome": "SECRETARIA MUNICIPAL DE EDUCA\u00c7\u00c3O"
        }
    ],
    "autarquias": [],
    "metas": [
        {
            "codigo": 6,
            "numero": 4,
            "titulo": "Educa\u00e7\u00e3o de Qualidade",
            "objetivo": "Assegurar a educa\u00e7\u00e3o inclusiva e equitativa de qualidade, e promover oportunidades de aprendizagem ao longo da vida para todos",
            "imagem_url": "6.jpg",
            "link": "http://www.agenda2030.org.br/ods/4/"
        }
    ],
    "eixos": [
        {
            "codigo": 10,
            "descricao": "Educa\u00e7\u00e3o para a Sustentabilidade e Qualidade de Vida"
        }
    ],
    "valores": [
        {
            "codigo": 3325,
            "data": "2017-12-31 00:00:00",
            "valor": "8649.00",
            "descricao": null
        },
        {
            "codigo": 3326,
            "data": "2016-12-31 00:00:00",
            "valor": "8777.00",
            "descricao": null
        },
        {
            "codigo": 3327,
            "data": "2015-12-31 00:00:00",
            "valor": "8626.00",
            "descricao": null
        },
        {
            "codigo": 3328,
            "data": "2014-12-31 00:00:00",
            "valor": "8564.00",
            "descricao": null
        },
        {
            "codigo": 3966,
            "data": "2018-12-31 00:00:00",
            "valor": "14294.00",
            "descricao": null
        },
        {
            "codigo": 4395,
            "data": "2019-12-31 00:00:00",
            "valor": "11732.00",
            "descricao": null
        },
        {
            "codigo": 5201,
            "data": "2020-12-31 00:00:00",
            "valor": "12211.00",
            "descricao": null
        },
        {
            "codigo": 5613,
            "data": "2021-12-21 00:00:00",
            "valor": "9319.00",
            "descricao": null
        },
        {
            "codigo": 6844,
            "data": "2022-12-31 00:00:00",
            "valor": "16999.00",
            "descricao": null
        },
        {
            "codigo": 7091,
            "data": "2023-12-31 00:00:00",
            "valor": "12756.00",
            "descricao": null
        }
    ]
}