{
    "codigo": 5511,
    "nome": "N\u00famero de alunos da rede p\u00fablica com acesso \u00e0 quadra esportiva (coberta ou descoberta) \u2013 Dado fornecido pelo Estado",
    "descricao": "N\u00famero de alunos da rede p\u00fablica com acesso \u00e0 quadra esportiva (coberta ou descoberta) \u2013 Dado fornecido pelo Estado \u2013 Cidades Sustent\u00e1veis",
    "fonte": "Diretoria de Ensino do Estado",
    "tipoValor": "I",
    "periodicidade": {
        "codigo": 6,
        "descricao": "Anual"
    },
    "tags": [
        {
            "codigo": 3,
            "descricao": "Santos Educadora"
        }
    ],
    "secretarias": [
        {
            "codigo": 2907,
            "dado_codigo": 5511,
            "sigla": "SEDUC",
            "nome": "SECRETARIA MUNICIPAL DE EDUCA\u00c7\u00c3O"
        }
    ],
    "autarquias": [],
    "metas": [
        {
            "codigo": 6,
            "numero": 4,
            "titulo": "Educa\u00e7\u00e3o de Qualidade",
            "objetivo": "Assegurar a educa\u00e7\u00e3o inclusiva e equitativa de qualidade, e promover oportunidades de aprendizagem ao longo da vida para todos",
            "imagem_url": "6.jpg",
            "link": "http://www.agenda2030.org.br/ods/4/"
        }
    ],
    "eixos": [
        {
            "codigo": 10,
            "descricao": "Educa\u00e7\u00e3o para a Sustentabilidade e Qualidade de Vida"
        }
    ],
    "valores": [
        {
            "codigo": 3329,
            "data": "2017-12-31 00:00:00",
            "valor": "19861.00",
            "descricao": null
        },
        {
            "codigo": 3330,
            "data": "2016-12-31 00:00:00",
            "valor": "19399.00",
            "descricao": null
        },
        {
            "codigo": 3331,
            "data": "2015-12-31 00:00:00",
            "valor": "19532.00",
            "descricao": null
        },
        {
            "codigo": 3332,
            "data": "2014-12-31 00:00:00",
            "valor": "18111.00",
            "descricao": null
        },
        {
            "codigo": 3798,
            "data": "2018-12-31 00:00:00",
            "valor": "16980.00",
            "descricao": null
        },
        {
            "codigo": 4515,
            "data": "2019-12-31 00:00:00",
            "valor": "19795.00",
            "descricao": null
        },
        {
            "codigo": 5054,
            "data": "2020-12-31 00:00:00",
            "valor": "19421.00",
            "descricao": null
        },
        {
            "codigo": 5654,
            "data": "2021-12-21 00:00:00",
            "valor": "19421.00",
            "descricao": null
        },
        {
            "codigo": 6962,
            "data": "2022-12-21 00:00:00",
            "valor": "22.00",
            "descricao": null
        },
        {
            "codigo": 7355,
            "data": "2023-12-31 00:00:00",
            "valor": "49788.00",
            "descricao": null
        }
    ]
}