{
    "codigo": 5513,
    "nome": "N\u00famero de alunos com defic\u00eancia e transtornos globais do desenvolvimento matriculados em classes comuns na rede regular de ensino (Dado fornecido pelo Estado)",
    "descricao": "N\u00famero de alunos com defic\u00eancia e transtornos globais do desenvolvimento matriculados em classes comuns na rede regular de ensino (Dado fornecido pelo Estado) \u2013 Cidades Sustent\u00e1veis",
    "fonte": "Diretoria de Ensino do Estado",
    "tipoValor": "I",
    "periodicidade": {
        "codigo": 6,
        "descricao": "Anual"
    },
    "tags": [
        {
            "codigo": 3,
            "descricao": "Santos Educadora"
        }
    ],
    "secretarias": [
        {
            "codigo": 2907,
            "dado_codigo": 5513,
            "sigla": "SEDUC",
            "nome": "SECRETARIA MUNICIPAL DE EDUCA\u00c7\u00c3O"
        }
    ],
    "autarquias": [],
    "metas": [
        {
            "codigo": 6,
            "numero": 4,
            "titulo": "Educa\u00e7\u00e3o de Qualidade",
            "objetivo": "Assegurar a educa\u00e7\u00e3o inclusiva e equitativa de qualidade, e promover oportunidades de aprendizagem ao longo da vida para todos",
            "imagem_url": "6.jpg",
            "link": "http://www.agenda2030.org.br/ods/4/"
        }
    ],
    "eixos": [
        {
            "codigo": 10,
            "descricao": "Educa\u00e7\u00e3o para a Sustentabilidade e Qualidade de Vida"
        }
    ],
    "valores": [
        {
            "codigo": 3337,
            "data": "2017-12-31 00:00:00",
            "valor": "531.00",
            "descricao": null
        },
        {
            "codigo": 3338,
            "data": "2016-12-31 00:00:00",
            "valor": "418.00",
            "descricao": null
        },
        {
            "codigo": 3339,
            "data": "2015-12-31 00:00:00",
            "valor": "427.00",
            "descricao": null
        },
        {
            "codigo": 3340,
            "data": "2014-12-31 00:00:00",
            "valor": "336.00",
            "descricao": null
        },
        {
            "codigo": 3968,
            "data": "2018-12-31 00:00:00",
            "valor": "2898.00",
            "descricao": null
        },
        {
            "codigo": 4397,
            "data": "2019-12-31 00:00:00",
            "valor": "1594.00",
            "descricao": null
        },
        {
            "codigo": 5136,
            "data": "2020-12-31 00:00:00",
            "valor": "1574.00",
            "descricao": null
        },
        {
            "codigo": 5655,
            "data": "2021-12-21 00:00:00",
            "valor": "1574.00",
            "descricao": null
        },
        {
            "codigo": 6817,
            "data": "2022-12-31 00:00:00",
            "valor": "2384.00",
            "descricao": null
        },
        {
            "codigo": 7048,
            "data": "2023-12-31 00:00:00",
            "valor": "2369.00",
            "descricao": null
        }
    ]
}