{
    "codigo": 5515,
    "nome": "N\u00famero de matr\u00edculas de Educa\u00e7\u00e3o de Jovens e Adultos (EJA) integrada \u00e0 educa\u00e7\u00e3o profissional de n\u00edvel fundamental e m\u00e9dio (Dado fornecido pelo Estado)",
    "descricao": "N\u00famero de matr\u00edculas de Educa\u00e7\u00e3o de Jovens e Adultos (EJA) integrada \u00e0 educa\u00e7\u00e3o profissional de n\u00edvel fundamental e m\u00e9dio (Dado fornecido pelo Estado) \u2013 Cidades Sustent\u00e1veis",
    "fonte": "Diretoria de Ensino do Estado",
    "tipoValor": "I",
    "periodicidade": {
        "codigo": 6,
        "descricao": "Anual"
    },
    "tags": [
        {
            "codigo": 3,
            "descricao": "Santos Educadora"
        }
    ],
    "secretarias": [
        {
            "codigo": 2907,
            "dado_codigo": 5515,
            "sigla": "SEDUC",
            "nome": "SECRETARIA MUNICIPAL DE EDUCA\u00c7\u00c3O"
        }
    ],
    "autarquias": [],
    "metas": [
        {
            "codigo": 6,
            "numero": 4,
            "titulo": "Educa\u00e7\u00e3o de Qualidade",
            "objetivo": "Assegurar a educa\u00e7\u00e3o inclusiva e equitativa de qualidade, e promover oportunidades de aprendizagem ao longo da vida para todos",
            "imagem_url": "6.jpg",
            "link": "http://www.agenda2030.org.br/ods/4/"
        }
    ],
    "eixos": [
        {
            "codigo": 10,
            "descricao": "Educa\u00e7\u00e3o para a Sustentabilidade e Qualidade de Vida"
        }
    ],
    "valores": [
        {
            "codigo": 3345,
            "data": "2017-12-31 00:00:00",
            "valor": "1974.00",
            "descricao": null
        },
        {
            "codigo": 3346,
            "data": "2016-12-31 00:00:00",
            "valor": "1828.00",
            "descricao": null
        },
        {
            "codigo": 3347,
            "data": "2015-12-31 00:00:00",
            "valor": "1554.00",
            "descricao": null
        },
        {
            "codigo": 3348,
            "data": "2014-12-31 00:00:00",
            "valor": "1834.00",
            "descricao": null
        },
        {
            "codigo": 3970,
            "data": "2018-12-31 00:00:00",
            "valor": "1987.00",
            "descricao": null
        },
        {
            "codigo": 4421,
            "data": "2019-12-31 00:00:00",
            "valor": "2629.00",
            "descricao": null
        },
        {
            "codigo": 5056,
            "data": "2020-12-31 00:00:00",
            "valor": "146.00",
            "descricao": null
        },
        {
            "codigo": 5616,
            "data": "2021-12-21 00:00:00",
            "valor": "555.00",
            "descricao": null
        },
        {
            "codigo": 6818,
            "data": "2022-12-31 00:00:00",
            "valor": "4499.00",
            "descricao": null
        },
        {
            "codigo": 7069,
            "data": "2023-12-31 00:00:00",
            "valor": "4499.00",
            "descricao": null
        }
    ]
}