{
    "codigo": 5516,
    "nome": "N\u00famero de escolas que possuem banheiros, depend\u00eancias e vias adequadas a pessoas com defici\u00eancia e mobilidade reduzida (Dado fornecido pelo Estado)",
    "descricao": "N\u00famero de escolas que possuem banheiros, depend\u00eancias e vias adequadas a pessoas com defici\u00eancia e mobilidade reduzida (Dado fornecido pelo Estado) \u2013 Cidades Sustent\u00e1veis",
    "fonte": "Diretoria de Ensino do Estado",
    "tipoValor": "I",
    "periodicidade": {
        "codigo": 6,
        "descricao": "Anual"
    },
    "tags": [
        {
            "codigo": 3,
            "descricao": "Santos Educadora"
        }
    ],
    "secretarias": [
        {
            "codigo": 2907,
            "dado_codigo": 5516,
            "sigla": "SEDUC",
            "nome": "SECRETARIA MUNICIPAL DE EDUCA\u00c7\u00c3O"
        }
    ],
    "autarquias": [],
    "metas": [
        {
            "codigo": 6,
            "numero": 4,
            "titulo": "Educa\u00e7\u00e3o de Qualidade",
            "objetivo": "Assegurar a educa\u00e7\u00e3o inclusiva e equitativa de qualidade, e promover oportunidades de aprendizagem ao longo da vida para todos",
            "imagem_url": "6.jpg",
            "link": "http://www.agenda2030.org.br/ods/4/"
        }
    ],
    "eixos": [
        {
            "codigo": 10,
            "descricao": "Educa\u00e7\u00e3o para a Sustentabilidade e Qualidade de Vida"
        }
    ],
    "valores": [
        {
            "codigo": 3349,
            "data": "2017-12-31 00:00:00",
            "valor": "24.00",
            "descricao": null
        },
        {
            "codigo": 3350,
            "data": "2016-12-31 00:00:00",
            "valor": "25.00",
            "descricao": null
        },
        {
            "codigo": 3351,
            "data": "2015-12-31 00:00:00",
            "valor": "25.00",
            "descricao": null
        },
        {
            "codigo": 3352,
            "data": "2014-12-31 00:00:00",
            "valor": "25.00",
            "descricao": null
        },
        {
            "codigo": 3799,
            "data": "2018-12-31 00:00:00",
            "valor": "19.00",
            "descricao": null
        },
        {
            "codigo": 4510,
            "data": "2019-12-31 00:00:00",
            "valor": "13.00",
            "descricao": null
        },
        {
            "codigo": 5059,
            "data": "2020-12-31 00:00:00",
            "valor": "13.00",
            "descricao": null
        },
        {
            "codigo": 5656,
            "data": "2021-12-21 00:00:00",
            "valor": "13.00",
            "descricao": null
        }
    ]
}