{
    "codigo": 5518,
    "nome": "Total de indiv\u00edduos de 4 a 17 anos na escola (Dado fornecido pelo Estado)",
    "descricao": "Total de indiv\u00edduos de 4 a 17 anos na escola (Dado fornecido pelo Estado) \u2013 Cidades Sustent\u00e1veis",
    "fonte": "Diretoria de Ensino do Estado",
    "tipoValor": "I",
    "periodicidade": {
        "codigo": 6,
        "descricao": "Anual"
    },
    "tags": [
        {
            "codigo": 3,
            "descricao": "Santos Educadora"
        }
    ],
    "secretarias": [
        {
            "codigo": 2907,
            "dado_codigo": 5518,
            "sigla": "SEDUC",
            "nome": "SECRETARIA MUNICIPAL DE EDUCA\u00c7\u00c3O"
        }
    ],
    "autarquias": [],
    "metas": [
        {
            "codigo": 6,
            "numero": 4,
            "titulo": "Educa\u00e7\u00e3o de Qualidade",
            "objetivo": "Assegurar a educa\u00e7\u00e3o inclusiva e equitativa de qualidade, e promover oportunidades de aprendizagem ao longo da vida para todos",
            "imagem_url": "6.jpg",
            "link": "http://www.agenda2030.org.br/ods/4/"
        }
    ],
    "eixos": [
        {
            "codigo": 10,
            "descricao": "Educa\u00e7\u00e3o para a Sustentabilidade e Qualidade de Vida"
        }
    ],
    "valores": [
        {
            "codigo": 3357,
            "data": "2017-12-31 00:00:00",
            "valor": "69540.00",
            "descricao": null
        },
        {
            "codigo": 3358,
            "data": "2016-12-31 00:00:00",
            "valor": "69540.00",
            "descricao": null
        },
        {
            "codigo": 3359,
            "data": "2015-12-31 00:00:00",
            "valor": "69540.00",
            "descricao": null
        },
        {
            "codigo": 3360,
            "data": "2014-12-31 00:00:00",
            "valor": "69540.00",
            "descricao": null
        },
        {
            "codigo": 3972,
            "data": "2018-12-31 00:00:00",
            "valor": "69540.00",
            "descricao": null
        },
        {
            "codigo": 4511,
            "data": "2019-12-31 00:00:00",
            "valor": "69540.00",
            "descricao": null
        },
        {
            "codigo": 5062,
            "data": "2020-12-31 00:00:00",
            "valor": "69540.00",
            "descricao": null
        },
        {
            "codigo": 5657,
            "data": "2021-12-21 00:00:00",
            "valor": "69540.00",
            "descricao": null
        },
        {
            "codigo": 6849,
            "data": "2022-12-31 00:00:00",
            "valor": "70105.00",
            "descricao": null
        },
        {
            "codigo": 7107,
            "data": "2023-12-31 00:00:00",
            "valor": "23095.00",
            "descricao": null
        }
    ]
}