{
    "codigo": 5525,
    "nome": "N\u00famero total de processos municipais (digitais)",
    "descricao": "N\u00famero total de processos municipais (digitais) - Cidades Sustent\u00e1veis",
    "fonte": "SEGOV-DETIC",
    "tipoValor": "I",
    "periodicidade": {
        "codigo": 6,
        "descricao": "Anual"
    },
    "tags": [
        {
            "codigo": 18,
            "descricao": "Santos Transparente"
        }
    ],
    "secretarias": [
        {
            "codigo": 2859,
            "dado_codigo": 5525,
            "sigla": "SEGOV",
            "nome": "SECRETARIA MUNICIPAL DE GOVERNO"
        }
    ],
    "autarquias": [],
    "metas": [
        {
            "codigo": 17,
            "numero": 16,
            "titulo": "Paz, Justi\u00e7a e Institui\u00e7\u00f5es Eficazes",
            "objetivo": "Promover sociedades pac\u00edficas e inclusivas para o desenvolvimento sustent\u00e1vel, proporcionar o acesso \u00e0 justi\u00e7a para todos e construir institui\u00e7\u00f5es eficazes, respons\u00e1veis e inclusivas em todos os n\u00edveis",
            "imagem_url": "17.jpg",
            "link": "http://www.agenda2030.org.br/ods/16/"
        }
    ],
    "eixos": [
        {
            "codigo": 4,
            "descricao": "Governan\u00e7a"
        }
    ],
    "valores": [
        {
            "codigo": 3960,
            "data": "2016-12-31 00:00:00",
            "valor": "31649.00",
            "descricao": null
        },
        {
            "codigo": 4016,
            "data": "2015-12-31 00:00:00",
            "valor": "12839.00",
            "descricao": null
        },
        {
            "codigo": 4017,
            "data": "2017-12-31 00:00:00",
            "valor": "55425.00",
            "descricao": null
        },
        {
            "codigo": 4018,
            "data": "2018-12-31 00:00:00",
            "valor": "64524.00",
            "descricao": null
        },
        {
            "codigo": 6046,
            "data": "2021-12-30 00:00:00",
            "valor": "73351.00",
            "descricao": null
        },
        {
            "codigo": 6816,
            "data": "2022-12-31 00:00:00",
            "valor": "68667.00",
            "descricao": null
        }
    ]
}