{
    "codigo": 5529,
    "nome": "Total de indiv\u00edduos de 5 at\u00e9 8 anos (inclusive) plenamente alfabetizados",
    "descricao": "Total de indiv\u00edduos de 5 at\u00e9 8 anos (inclusive) plenamente alfabetizados - Cidades Sustentaveis",
    "fonte": "SEDUC",
    "tipoValor": "I",
    "periodicidade": {
        "codigo": 6,
        "descricao": "Anual"
    },
    "tags": [
        {
            "codigo": 3,
            "descricao": "Santos Educadora"
        }
    ],
    "secretarias": [
        {
            "codigo": 2907,
            "dado_codigo": 5529,
            "sigla": "SEDUC",
            "nome": "SECRETARIA MUNICIPAL DE EDUCA\u00c7\u00c3O"
        }
    ],
    "autarquias": [],
    "metas": [
        {
            "codigo": 6,
            "numero": 4,
            "titulo": "Educa\u00e7\u00e3o de Qualidade",
            "objetivo": "Assegurar a educa\u00e7\u00e3o inclusiva e equitativa de qualidade, e promover oportunidades de aprendizagem ao longo da vida para todos",
            "imagem_url": "6.jpg",
            "link": "http://www.agenda2030.org.br/ods/4/"
        }
    ],
    "eixos": [
        {
            "codigo": 10,
            "descricao": "Educa\u00e7\u00e3o para a Sustentabilidade e Qualidade de Vida"
        }
    ],
    "valores": [
        {
            "codigo": 5199,
            "data": "2020-12-31 00:00:00",
            "valor": "22529.00",
            "descricao": null
        },
        {
            "codigo": 5658,
            "data": "2021-12-21 00:00:00",
            "valor": "22529.00",
            "descricao": null
        },
        {
            "codigo": 6462,
            "data": "2022-12-31 00:00:00",
            "valor": "3568.00",
            "descricao": null
        },
        {
            "codigo": 7108,
            "data": "2023-12-31 00:00:00",
            "valor": "6216.00",
            "descricao": null
        }
    ]
}