{
    "codigo": 6607,
    "nome": "N\u00famero de escolas de ensino b\u00e1sico estadual em Santos:",
    "descricao": "#Programa Santos Verde Azul C\u00d3D: 16",
    "fonte": "SEDUC",
    "tipoValor": "I",
    "periodicidade": {
        "codigo": 6,
        "descricao": "Anual"
    },
    "tags": [
        {
            "codigo": 3,
            "descricao": "Santos Educadora"
        }
    ],
    "secretarias": [
        {
            "codigo": 2907,
            "dado_codigo": 6607,
            "sigla": "SEDUC",
            "nome": "SECRETARIA MUNICIPAL DE EDUCA\u00c7\u00c3O"
        }
    ],
    "autarquias": [],
    "metas": [
        {
            "codigo": 6,
            "numero": 4,
            "titulo": "Educa\u00e7\u00e3o de Qualidade",
            "objetivo": "Assegurar a educa\u00e7\u00e3o inclusiva e equitativa de qualidade, e promover oportunidades de aprendizagem ao longo da vida para todos",
            "imagem_url": "6.jpg",
            "link": "http://www.agenda2030.org.br/ods/4/"
        },
        {
            "codigo": 11,
            "numero": 10,
            "titulo": "Redu\u00e7\u00e3o da Desigualdades",
            "objetivo": "Reduzir a desigualdade dentro dos pa\u00edses e entre eles",
            "imagem_url": "11.jpg",
            "link": "http://www.agenda2030.org.br/ods/10/"
        }
    ],
    "eixos": [
        {
            "codigo": 10,
            "descricao": "Educa\u00e7\u00e3o para a Sustentabilidade e Qualidade de Vida"
        }
    ],
    "valores": [
        {
            "codigo": 5662,
            "data": "2021-12-21 00:00:00",
            "valor": "24.00",
            "descricao": null
        },
        {
            "codigo": 6424,
            "data": "2022-12-31 00:00:00",
            "valor": "28.00",
            "descricao": null
        },
        {
            "codigo": 7060,
            "data": "2023-12-31 00:00:00",
            "valor": "26.00",
            "descricao": null
        }
    ]
}