{
    "codigo": 6615,
    "nome": "N\u00famero total de empresas do setor de servi\u00e7os no munic\u00edpio:",
    "descricao": "#Programa Santos Verde Azul C\u00d3D: 24",
    "fonte": "SEFIN",
    "tipoValor": "I",
    "periodicidade": {
        "codigo": 6,
        "descricao": "Anual"
    },
    "tags": [
        {
            "codigo": 20,
            "descricao": "Santos Sustent\u00e1vel"
        }
    ],
    "secretarias": [
        {
            "codigo": 4681,
            "dado_codigo": 6615,
            "sigla": "SEFIN",
            "nome": "SECRETARIA MUNICIPAL DE FINAN\u00c7AS E GEST\u00c3O"
        }
    ],
    "autarquias": [],
    "metas": [
        {
            "codigo": 12,
            "numero": 11,
            "titulo": "Cidades e Comunidades Sustent\u00e1veis",
            "objetivo": "Tornar as cidades e os assentamentos humanos inclusivos, seguros, resilientes e sustent\u00e1veis",
            "imagem_url": "12.jpg",
            "link": "http://www.agenda2030.org.br/ods/11/"
        }
    ],
    "eixos": [
        {
            "codigo": 11,
            "descricao": "Economia Local, Din\u00e2mica, Criativa e Sustent\u00e1vel"
        }
    ],
    "valores": [
        {
            "codigo": 5670,
            "data": "2021-12-31 00:00:00",
            "valor": "74705.00",
            "descricao": null
        },
        {
            "codigo": 7583,
            "data": "2023-12-31 00:00:00",
            "valor": "43805.00",
            "descricao": null
        }
    ]
}