{
    "codigo": 6799,
    "nome": "N\u00famero anual de ve\u00edculos movidos \u00e0 diesel na Prefeitura de Santos:",
    "descricao": "#Programa Santos Verde Azul C\u00d3D: 127",
    "fonte": "SEFIN, ANTIGA SEGES",
    "tipoValor": "I",
    "periodicidade": {
        "codigo": 6,
        "descricao": "Anual"
    },
    "tags": [],
    "secretarias": [
        {
            "codigo": 4681,
            "dado_codigo": 6799,
            "sigla": "SEFIN",
            "nome": "SECRETARIA MUNICIPAL DE FINAN\u00c7AS E GEST\u00c3O"
        }
    ],
    "autarquias": [],
    "metas": [],
    "eixos": [],
    "valores": [
        {
            "codigo": 6075,
            "data": "2021-12-30 00:00:00",
            "valor": "180.00",
            "descricao": null
        },
        {
            "codigo": 6860,
            "data": "2022-12-31 00:00:00",
            "valor": "160.00",
            "descricao": null
        },
        {
            "codigo": 7554,
            "data": "2023-12-31 00:00:00",
            "valor": "174.00",
            "descricao": null
        }
    ]
}