{
    "codigo": 6805,
    "nome": "Quantidade total de diesel consumido nos ve\u00edculos pr\u00f3prios e locados da Administra\u00e7\u00e3o Municipal (em litros):",
    "descricao": "#Programa Santos Verde Azul C\u00d3D: 133",
    "fonte": "SEFIN, ANTIGA SEGES",
    "tipoValor": "D",
    "periodicidade": {
        "codigo": 6,
        "descricao": "Anual"
    },
    "tags": [
        {
            "codigo": 20,
            "descricao": "Santos Sustent\u00e1vel"
        }
    ],
    "secretarias": [
        {
            "codigo": 4681,
            "dado_codigo": 6805,
            "sigla": "SEFIN",
            "nome": "SECRETARIA MUNICIPAL DE FINAN\u00c7AS E GEST\u00c3O"
        }
    ],
    "autarquias": [],
    "metas": [
        {
            "codigo": 13,
            "numero": 12,
            "titulo": "Consumo e Produ\u00e7\u00e3o Respons\u00e1veis",
            "objetivo": "Assegurar padr\u00f5es de produ\u00e7\u00e3o e de consumo sustent\u00e1veis",
            "imagem_url": "13.jpg",
            "link": "http://www.agenda2030.org.br/ods/12/"
        },
        {
            "codigo": 14,
            "numero": 13,
            "titulo": "A\u00e7\u00e3o Contra a Mudan\u00e7a Global do Clima",
            "objetivo": "Tomar medidas urgentes para combater a mudan\u00e7a do clima e seus impactos*",
            "imagem_url": "14.jpg",
            "link": "http://www.agenda2030.org.br/ods/13/"
        }
    ],
    "eixos": [
        {
            "codigo": 12,
            "descricao": "Consumo Respons\u00e1vel e Op\u00e7\u00f5es de Estilo de Vida"
        }
    ],
    "valores": [
        {
            "codigo": 6080,
            "data": "2021-12-30 00:00:00",
            "valor": "363260600.00",
            "descricao": null
        },
        {
            "codigo": 6880,
            "data": "2022-12-31 00:00:00",
            "valor": "424308.24",
            "descricao": null
        },
        {
            "codigo": 7560,
            "data": "2023-12-31 00:00:00",
            "valor": "440713.42",
            "descricao": null
        }
    ]
}