{
    "codigo": 6808,
    "nome": "O munic\u00edpio de Santos apresenta ciclovias? (Sim ou N\u00e3o)",
    "descricao": "#Programa Santos Verde Azul C\u00d3D: 136",
    "fonte": "CET, SEDURB",
    "tipoValor": "T",
    "periodicidade": {
        "codigo": 6,
        "descricao": "Anual"
    },
    "tags": [
        {
            "codigo": 7,
            "descricao": "Santos Mobilidade"
        }
    ],
    "secretarias": [],
    "autarquias": [
        {
            "codigo": 822,
            "dado_codigo": 6808,
            "sigla": "CET",
            "nome": "COMPANHIA DE ENGENHARIA DE TR\u00c1FEGO"
        }
    ],
    "metas": [
        {
            "codigo": 13,
            "numero": 12,
            "titulo": "Consumo e Produ\u00e7\u00e3o Respons\u00e1veis",
            "objetivo": "Assegurar padr\u00f5es de produ\u00e7\u00e3o e de consumo sustent\u00e1veis",
            "imagem_url": "13.jpg",
            "link": "http://www.agenda2030.org.br/ods/12/"
        },
        {
            "codigo": 14,
            "numero": 13,
            "titulo": "A\u00e7\u00e3o Contra a Mudan\u00e7a Global do Clima",
            "objetivo": "Tomar medidas urgentes para combater a mudan\u00e7a do clima e seus impactos*",
            "imagem_url": "14.jpg",
            "link": "http://www.agenda2030.org.br/ods/13/"
        }
    ],
    "eixos": [
        {
            "codigo": 13,
            "descricao": "Melhor Mobilidade, Menor Tr\u00e1fego"
        }
    ],
    "valores": [
        {
            "codigo": 5954,
            "data": "2021-12-31 00:00:00",
            "valor": null,
            "descricao": "Sim."
        },
        {
            "codigo": 6586,
            "data": "2022-12-31 00:00:00",
            "valor": null,
            "descricao": "Sim"
        },
        {
            "codigo": 7005,
            "data": "2023-12-31 00:00:00",
            "valor": null,
            "descricao": "Sim"
        }
    ]
}