{
    "codigo": 6900,
    "nome": "Quantidade de Segurados (Serv. ativos, aposentados e pensionistas)",
    "descricao": "N\u00famero total de servidores, ativos, aposentados e pensionistas cadastrados no Iprev",
    "fonte": "Iprev",
    "tipoValor": "I",
    "periodicidade": {
        "codigo": 6,
        "descricao": "Anual"
    },
    "tags": [
        {
            "codigo": 17,
            "descricao": "Santos Saud\u00e1vel"
        }
    ],
    "secretarias": [],
    "autarquias": [
        {
            "codigo": 1736,
            "dado_codigo": 6900,
            "sigla": "IPREV",
            "nome": "INSTITUTO DE PREVID\u00caNCIA SOCIAL DOS SERVIDORES P\u00daBLICOS MUNICIPAIS DE SANTOS"
        }
    ],
    "metas": [
        {
            "codigo": 4,
            "numero": 3,
            "titulo": "Sa\u00fade e Bem-Estar",
            "objetivo": "Assegurar uma vida saud\u00e1vel e promover o bem-estar para todos, em todas as idades",
            "imagem_url": "4.jpg",
            "link": "http://www.agenda2030.org.br/ods/3/"
        },
        {
            "codigo": 9,
            "numero": 8,
            "titulo": "Trabalho Decente e Crescimento Econ\u00f4mico",
            "objetivo": "Promover o crescimento econ\u00f4mico sustentado, inclusivo e sustent\u00e1vel, o emprego pleno e produtivo e o trabalho decente para todos",
            "imagem_url": "9.jpg",
            "link": "http://www.agenda2030.org.br/ods/8/"
        }
    ],
    "eixos": [
        {
            "codigo": 14,
            "descricao": "A\u00e7\u00e3o Local para a Sa\u00fade"
        }
    ],
    "valores": [
        {
            "codigo": 5514,
            "data": "2021-12-31 00:00:00",
            "valor": "17839.00",
            "descricao": null
        },
        {
            "codigo": 6122,
            "data": "2022-12-31 00:00:00",
            "valor": "17550.00",
            "descricao": null
        },
        {
            "codigo": 7046,
            "data": "2023-12-31 00:00:00",
            "valor": "17883.00",
            "descricao": null
        }
    ]
}