{
    "codigo": 6903,
    "nome": "Pagamento de Benef\u00edcios e Outras Despesas",
    "descricao": "Valores gastos com benef\u00edcios dos segurados",
    "fonte": "Iprev",
    "tipoValor": "D",
    "periodicidade": {
        "codigo": 6,
        "descricao": "Anual"
    },
    "tags": [
        {
            "codigo": 18,
            "descricao": "Santos Transparente"
        }
    ],
    "secretarias": [],
    "autarquias": [
        {
            "codigo": 1736,
            "dado_codigo": 6903,
            "sigla": "IPREV",
            "nome": "INSTITUTO DE PREVID\u00caNCIA SOCIAL DOS SERVIDORES P\u00daBLICOS MUNICIPAIS DE SANTOS"
        }
    ],
    "metas": [
        {
            "codigo": 4,
            "numero": 3,
            "titulo": "Sa\u00fade e Bem-Estar",
            "objetivo": "Assegurar uma vida saud\u00e1vel e promover o bem-estar para todos, em todas as idades",
            "imagem_url": "4.jpg",
            "link": "http://www.agenda2030.org.br/ods/3/"
        },
        {
            "codigo": 9,
            "numero": 8,
            "titulo": "Trabalho Decente e Crescimento Econ\u00f4mico",
            "objetivo": "Promover o crescimento econ\u00f4mico sustentado, inclusivo e sustent\u00e1vel, o emprego pleno e produtivo e o trabalho decente para todos",
            "imagem_url": "9.jpg",
            "link": "http://www.agenda2030.org.br/ods/8/"
        }
    ],
    "eixos": [
        {
            "codigo": 4,
            "descricao": "Governan\u00e7a"
        }
    ],
    "valores": [
        {
            "codigo": 5517,
            "data": "2021-12-31 00:00:00",
            "valor": "461612317.33",
            "descricao": null
        },
        {
            "codigo": 6121,
            "data": "2022-12-31 00:00:00",
            "valor": "514972478.59",
            "descricao": null
        },
        {
            "codigo": 7045,
            "data": "2023-12-31 00:00:00",
            "valor": "543157867.99",
            "descricao": null
        }
    ]
}