{
    "codigo": 6904,
    "nome": "Despesas Administrativas",
    "descricao": "Valores gastos com despesas administrativas",
    "fonte": "IPREV",
    "tipoValor": "D",
    "periodicidade": {
        "codigo": 6,
        "descricao": "Anual"
    },
    "tags": [
        {
            "codigo": 18,
            "descricao": "Santos Transparente"
        }
    ],
    "secretarias": [],
    "autarquias": [
        {
            "codigo": 1736,
            "dado_codigo": 6904,
            "sigla": "IPREV",
            "nome": "INSTITUTO DE PREVID\u00caNCIA SOCIAL DOS SERVIDORES P\u00daBLICOS MUNICIPAIS DE SANTOS"
        }
    ],
    "metas": [
        {
            "codigo": 9,
            "numero": 8,
            "titulo": "Trabalho Decente e Crescimento Econ\u00f4mico",
            "objetivo": "Promover o crescimento econ\u00f4mico sustentado, inclusivo e sustent\u00e1vel, o emprego pleno e produtivo e o trabalho decente para todos",
            "imagem_url": "9.jpg",
            "link": "http://www.agenda2030.org.br/ods/8/"
        },
        {
            "codigo": 17,
            "numero": 16,
            "titulo": "Paz, Justi\u00e7a e Institui\u00e7\u00f5es Eficazes",
            "objetivo": "Promover sociedades pac\u00edficas e inclusivas para o desenvolvimento sustent\u00e1vel, proporcionar o acesso \u00e0 justi\u00e7a para todos e construir institui\u00e7\u00f5es eficazes, respons\u00e1veis e inclusivas em todos os n\u00edveis",
            "imagem_url": "17.jpg",
            "link": "http://www.agenda2030.org.br/ods/16/"
        }
    ],
    "eixos": [
        {
            "codigo": 4,
            "descricao": "Governan\u00e7a"
        }
    ],
    "valores": [
        {
            "codigo": 5518,
            "data": "2021-12-31 00:00:00",
            "valor": "4286732.57",
            "descricao": null
        },
        {
            "codigo": 6118,
            "data": "2022-12-31 00:00:00",
            "valor": "4944696.94",
            "descricao": null
        },
        {
            "codigo": 7042,
            "data": "2023-12-31 00:00:00",
            "valor": "6651650.11",
            "descricao": null
        }
    ]
}