{
    "codigo": 6924,
    "nome": "Total de atendimentos SAU para manuten\u00e7\u00e3o e desenvolvimento de sistemas",
    "descricao": "Total de SAUs atendidas pela Coordenadoria de Engenharia da Informa\u00e7\u00e3o",
    "fonte": "SEGOV-DETIC",
    "tipoValor": "I",
    "periodicidade": {
        "codigo": 6,
        "descricao": "Anual"
    },
    "tags": [
        {
            "codigo": 4,
            "descricao": "Santos Eficiente"
        }
    ],
    "secretarias": [
        {
            "codigo": 2859,
            "dado_codigo": 6924,
            "sigla": "SEGOV",
            "nome": "SECRETARIA MUNICIPAL DE GOVERNO"
        }
    ],
    "autarquias": [],
    "metas": [
        {
            "codigo": 10,
            "numero": 9,
            "titulo": "Ind\u00fastria, Inova\u00e7\u00e3o e Infraestrutura",
            "objetivo": "Construir infraestruturas resilientes, promover a industrializa\u00e7\u00e3o inclusiva e sustent\u00e1vel e fomentar a inova\u00e7\u00e3o",
            "imagem_url": "10.jpg",
            "link": "http://www.agenda2030.org.br/ods/9/"
        }
    ],
    "eixos": [
        {
            "codigo": 7,
            "descricao": "Gest\u00e3o Local para a Sustentabilidade"
        }
    ],
    "valores": [
        {
            "codigo": 5934,
            "data": "2021-12-31 00:00:00",
            "valor": "3908.00",
            "descricao": null
        },
        {
            "codigo": 6908,
            "data": "2022-12-31 00:00:00",
            "valor": "4879.00",
            "descricao": null
        }
    ]
}