{
    "codigo": 4868,
    "nome": "Popula\u00e7\u00e3o total do munic\u00edpio",
    "descricao": "Popula\u00e7\u00e3o total do munic\u00edpio - Cidades Sustent\u00e1veis - IBGE",
    "fonte": "IBGE",
    "tipoValor": "I",
    "periodicidade": {
        "codigo": 6,
        "descricao": "Anual"
    },
    "tags": [
        {
            "codigo": 1,
            "descricao": "Santos Acolhedora"
        }
    ],
    "secretarias": [
        {
            "codigo": 4681,
            "dado_codigo": 4868,
            "sigla": "SEFIN",
            "nome": "SECRETARIA MUNICIPAL DE FINAN\u00c7AS E GEST\u00c3O"
        }
    ],
    "autarquias": [],
    "metas": [
        {
            "codigo": 13,
            "numero": 12,
            "titulo": "Consumo e Produ\u00e7\u00e3o Respons\u00e1veis",
            "objetivo": "Assegurar padr\u00f5es de produ\u00e7\u00e3o e de consumo sustent\u00e1veis",
            "imagem_url": "13.jpg",
            "link": "http://www.agenda2030.org.br/ods/12/"
        }
    ],
    "eixos": [
        {
            "codigo": 12,
            "descricao": "Consumo Respons\u00e1vel e Op\u00e7\u00f5es de Estilo de Vida"
        }
    ],
    "valores": [
        {
            "codigo": 1531,
            "data": "2013-12-31 00:00:00",
            "valor": "433153.00",
            "descricao": null
        },
        {
            "codigo": 1532,
            "data": "2014-12-31 00:00:00",
            "valor": "433565.00",
            "descricao": null
        },
        {
            "codigo": 1533,
            "data": "2017-12-31 00:00:00",
            "valor": "434742.00",
            "descricao": null
        },
        {
            "codigo": 1534,
            "data": "2015-12-31 00:00:00",
            "valor": "433966.00",
            "descricao": null
        },
        {
            "codigo": 1535,
            "data": "2016-12-31 00:00:00",
            "valor": "434359.00",
            "descricao": null
        },
        {
            "codigo": 3693,
            "data": "2018-12-31 00:00:00",
            "valor": "432957.00",
            "descricao": null
        },
        {
            "codigo": 4143,
            "data": "2019-12-31 00:00:00",
            "valor": "433311.00",
            "descricao": null
        },
        {
            "codigo": 5052,
            "data": "2020-12-31 00:00:00",
            "valor": "433656.00",
            "descricao": null
        },
        {
            "codigo": 6021,
            "data": "2021-12-30 00:00:00",
            "valor": "433991.00",
            "descricao": null
        },
        {
            "codigo": 6897,
            "data": "2022-12-31 00:00:00",
            "valor": "418608.00",
            "descricao": null
        },
        {
            "codigo": 7536,
            "data": "2023-12-31 00:00:00",
            "valor": "418608.00",
            "descricao": null
        }
    ]
}