{
    "codigo": 4887,
    "nome": "Produto Interno Bruto (PIB) do munic\u00edpio",
    "descricao": "Produto Interno Bruto (PIB) do munic\u00edpio - Cidades Sustentaveis",
    "fonte": "Sefin",
    "tipoValor": "D",
    "periodicidade": {
        "codigo": 6,
        "descricao": "Anual"
    },
    "tags": [
        {
            "codigo": 4,
            "descricao": "Santos Eficiente"
        }
    ],
    "secretarias": [
        {
            "codigo": 4681,
            "dado_codigo": 4887,
            "sigla": "SEFIN",
            "nome": "SECRETARIA MUNICIPAL DE FINAN\u00c7AS E GEST\u00c3O"
        }
    ],
    "autarquias": [],
    "metas": [],
    "eixos": [
        {
            "codigo": 11,
            "descricao": "Economia Local, Din\u00e2mica, Criativa e Sustent\u00e1vel"
        }
    ],
    "valores": [
        {
            "codigo": 1625,
            "data": "2013-12-31 00:00:00",
            "valor": "18871519000.00",
            "descricao": null
        },
        {
            "codigo": 1626,
            "data": "2017-12-31 00:00:00",
            "valor": "19965591560.00",
            "descricao": null
        },
        {
            "codigo": 1627,
            "data": "2014-12-31 00:00:00",
            "valor": "20147782000.00",
            "descricao": null
        },
        {
            "codigo": 1628,
            "data": "2016-12-31 00:00:00",
            "valor": "20147782000.00",
            "descricao": null
        },
        {
            "codigo": 1629,
            "data": "2015-12-31 00:00:00",
            "valor": "20049770180.00",
            "descricao": null
        },
        {
            "codigo": 3581,
            "data": "2018-12-31 00:00:00",
            "valor": "21954556740.00",
            "descricao": null
        },
        {
            "codigo": 4533,
            "data": "2019-12-31 00:00:00",
            "valor": "22476386143.44",
            "descricao": null
        },
        {
            "codigo": 5429,
            "data": "2021-12-31 00:00:00",
            "valor": "22753121.09",
            "descricao": null
        },
        {
            "codigo": 7594,
            "data": "2023-12-31 00:00:00",
            "valor": "24090173.10",
            "descricao": null
        }
    ]
}