{
    "codigo": 4911,
    "nome": "Total de Compras P\u00fablicas Sustent\u00e1veis em reais",
    "descricao": "Total de Compras P\u00fablicas Sustent\u00e1veis em reais - Cidades Sustentaveis",
    "fonte": "Fonte Departamento de Licita\u00e7\u00f5es - Prefeitura Municipal de Santos",
    "tipoValor": "D",
    "periodicidade": {
        "codigo": 6,
        "descricao": "Anual"
    },
    "tags": [
        {
            "codigo": 4,
            "descricao": "Santos Eficiente"
        }
    ],
    "secretarias": [
        {
            "codigo": 4681,
            "dado_codigo": 4911,
            "sigla": "SEFIN",
            "nome": "SECRETARIA MUNICIPAL DE FINAN\u00c7AS E GEST\u00c3O"
        }
    ],
    "autarquias": [],
    "metas": [
        {
            "codigo": 13,
            "numero": 12,
            "titulo": "Consumo e Produ\u00e7\u00e3o Respons\u00e1veis",
            "objetivo": "Assegurar padr\u00f5es de produ\u00e7\u00e3o e de consumo sustent\u00e1veis",
            "imagem_url": "13.jpg",
            "link": "http://www.agenda2030.org.br/ods/12/"
        }
    ],
    "eixos": [
        {
            "codigo": 7,
            "descricao": "Gest\u00e3o Local para a Sustentabilidade"
        }
    ],
    "valores": [
        {
            "codigo": 1747,
            "data": "2016-12-31 00:00:00",
            "valor": "8365.50",
            "descricao": null
        },
        {
            "codigo": 1748,
            "data": "2017-12-31 00:00:00",
            "valor": "161250.57",
            "descricao": null
        },
        {
            "codigo": 1749,
            "data": "2013-12-31 00:00:00",
            "valor": "379720.00",
            "descricao": null
        },
        {
            "codigo": 1750,
            "data": "2015-12-31 00:00:00",
            "valor": "451920.00",
            "descricao": null
        },
        {
            "codigo": 1751,
            "data": "2014-12-31 00:00:00",
            "valor": "425760.00",
            "descricao": null
        },
        {
            "codigo": 3694,
            "data": "2018-12-31 00:00:00",
            "valor": "2159064.89",
            "descricao": null
        },
        {
            "codigo": 4106,
            "data": "2019-12-31 00:00:00",
            "valor": "10958327.35",
            "descricao": null
        },
        {
            "codigo": 5053,
            "data": "2020-12-31 00:00:00",
            "valor": "1866324.20",
            "descricao": null
        },
        {
            "codigo": 5974,
            "data": "2021-12-30 00:00:00",
            "valor": "17264896.71",
            "descricao": null
        },
        {
            "codigo": 6887,
            "data": "2022-12-31 00:00:00",
            "valor": "17532430.69",
            "descricao": null
        }
    ]
}