{
    "codigo": 4960,
    "nome": "Gasto total em sa\u00fade",
    "descricao": "Gasto total em sa\u00fade - Cidades Sustentaveis",
    "fonte": "SEFIN",
    "tipoValor": "D",
    "periodicidade": {
        "codigo": 6,
        "descricao": "Anual"
    },
    "tags": [
        {
            "codigo": 17,
            "descricao": "Santos Saud\u00e1vel"
        }
    ],
    "secretarias": [
        {
            "codigo": 4681,
            "dado_codigo": 4960,
            "sigla": "SEFIN",
            "nome": "SECRETARIA MUNICIPAL DE FINAN\u00c7AS E GEST\u00c3O"
        }
    ],
    "autarquias": [],
    "metas": [
        {
            "codigo": 4,
            "numero": 3,
            "titulo": "Sa\u00fade e Bem-Estar",
            "objetivo": "Assegurar uma vida saud\u00e1vel e promover o bem-estar para todos, em todas as idades",
            "imagem_url": "4.jpg",
            "link": "http://www.agenda2030.org.br/ods/3/"
        }
    ],
    "eixos": [
        {
            "codigo": 14,
            "descricao": "A\u00e7\u00e3o Local para a Sa\u00fade"
        }
    ],
    "valores": [
        {
            "codigo": 2008,
            "data": "2016-12-31 00:00:00",
            "valor": "513310748.00",
            "descricao": null
        },
        {
            "codigo": 2009,
            "data": "2013-12-31 00:00:00",
            "valor": "407147721.09",
            "descricao": null
        },
        {
            "codigo": 2010,
            "data": "2017-12-31 00:00:00",
            "valor": "550485822.92",
            "descricao": null
        },
        {
            "codigo": 2011,
            "data": "2014-12-31 00:00:00",
            "valor": "448916689.91",
            "descricao": null
        },
        {
            "codigo": 2012,
            "data": "2015-12-31 00:00:00",
            "valor": "460677139.73",
            "descricao": null
        },
        {
            "codigo": 3584,
            "data": "2018-12-31 00:00:00",
            "valor": "572080284.83",
            "descricao": null
        },
        {
            "codigo": 4536,
            "data": "2019-12-31 00:00:00",
            "valor": "651449102.29",
            "descricao": null
        },
        {
            "codigo": 4953,
            "data": "2020-12-31 00:00:00",
            "valor": "760278025.83",
            "descricao": null
        },
        {
            "codigo": 5431,
            "data": "2021-12-31 00:00:00",
            "valor": "859435724.17",
            "descricao": null
        },
        {
            "codigo": 6831,
            "data": "2022-12-31 00:00:00",
            "valor": "860765138.39",
            "descricao": null
        },
        {
            "codigo": 7503,
            "data": "2023-12-31 00:00:00",
            "valor": "922349367.60",
            "descricao": null
        }
    ]
}