{
    "codigo": 4963,
    "nome": "Valor do or\u00e7amento destinado a a\u00e7\u00f5es afirmativas em pol\u00edticas p\u00fablicas para a redu\u00e7\u00e3o da desigualdade",
    "descricao": "Valor do or\u00e7amento destinado a a\u00e7\u00f5es afirmativas em pol\u00edticas p\u00fablicas para a redu\u00e7\u00e3o da desigualdade - Cidades Sustentaveis",
    "fonte": "Sefin",
    "tipoValor": "D",
    "periodicidade": {
        "codigo": 6,
        "descricao": "Anual"
    },
    "tags": [
        {
            "codigo": 4,
            "descricao": "Santos Eficiente"
        }
    ],
    "secretarias": [
        {
            "codigo": 4681,
            "dado_codigo": 4963,
            "sigla": "SEFIN",
            "nome": "SECRETARIA MUNICIPAL DE FINAN\u00c7AS E GEST\u00c3O"
        }
    ],
    "autarquias": [],
    "metas": [
        {
            "codigo": 11,
            "numero": 10,
            "titulo": "Redu\u00e7\u00e3o da Desigualdades",
            "objetivo": "Reduzir a desigualdade dentro dos pa\u00edses e entre eles",
            "imagem_url": "11.jpg",
            "link": "http://www.agenda2030.org.br/ods/10/"
        }
    ],
    "eixos": [
        {
            "codigo": 6,
            "descricao": "Equidade, Justi\u00e7a Social e Cultura de Paz"
        }
    ],
    "valores": [
        {
            "codigo": 2023,
            "data": "2017-12-31 00:00:00",
            "valor": "63871737.79",
            "descricao": null
        },
        {
            "codigo": 2024,
            "data": "2016-12-31 00:00:00",
            "valor": "60424181.00",
            "descricao": null
        },
        {
            "codigo": 2025,
            "data": "2015-12-31 00:00:00",
            "valor": "0.00",
            "descricao": null
        },
        {
            "codigo": 2026,
            "data": "2014-12-31 00:00:00",
            "valor": "0.00",
            "descricao": null
        },
        {
            "codigo": 2027,
            "data": "2013-12-31 00:00:00",
            "valor": "0.00",
            "descricao": null
        },
        {
            "codigo": 3586,
            "data": "2018-12-31 00:00:00",
            "valor": "65616414.34",
            "descricao": null
        },
        {
            "codigo": 4538,
            "data": "2019-12-31 00:00:00",
            "valor": "68594488.96",
            "descricao": null
        },
        {
            "codigo": 4955,
            "data": "2020-12-31 00:00:00",
            "valor": "70411083.21",
            "descricao": null
        },
        {
            "codigo": 5438,
            "data": "2021-12-31 00:00:00",
            "valor": "76864092.35",
            "descricao": null
        },
        {
            "codigo": 6903,
            "data": "2022-12-31 00:00:00",
            "valor": "91489750.27",
            "descricao": null
        }
    ]
}