{
    "codigo": 4965,
    "nome": "No munic\u00edpio h\u00e1 acesso a servi\u00e7os de financiamento e cr\u00e9dito para pequenos empres\u00e1rios? Quais s\u00e3o?",
    "descricao": "No munic\u00edpio h\u00e1 acesso a servi\u00e7os de financiamento e cr\u00e9dito para pequenos empres\u00e1rios? Quais s\u00e3o? - Cidades Sustent\u00e1veis",
    "fonte": "SEFIN",
    "tipoValor": "T",
    "periodicidade": {
        "codigo": 6,
        "descricao": "Anual"
    },
    "tags": [
        {
            "codigo": 4,
            "descricao": "Santos Eficiente"
        }
    ],
    "secretarias": [
        {
            "codigo": 4681,
            "dado_codigo": 4965,
            "sigla": "SEFIN",
            "nome": "SECRETARIA MUNICIPAL DE FINAN\u00c7AS E GEST\u00c3O"
        }
    ],
    "autarquias": [],
    "metas": [
        {
            "codigo": 10,
            "numero": 9,
            "titulo": "Ind\u00fastria, Inova\u00e7\u00e3o e Infraestrutura",
            "objetivo": "Construir infraestruturas resilientes, promover a industrializa\u00e7\u00e3o inclusiva e sustent\u00e1vel e fomentar a inova\u00e7\u00e3o",
            "imagem_url": "10.jpg",
            "link": "http://www.agenda2030.org.br/ods/9/"
        }
    ],
    "eixos": [
        {
            "codigo": 11,
            "descricao": "Economia Local, Din\u00e2mica, Criativa e Sustent\u00e1vel"
        }
    ],
    "valores": [
        {
            "codigo": 2033,
            "data": "2017-12-31 00:00:00",
            "valor": "0.00",
            "descricao": "Sim. Banco do Povo Paulista."
        },
        {
            "codigo": 2034,
            "data": "2015-12-31 00:00:00",
            "valor": "0.00",
            "descricao": "Sim. Banco do Povo Paulista."
        },
        {
            "codigo": 2035,
            "data": "2014-12-31 00:00:00",
            "valor": "0.00",
            "descricao": "Sim. Banco do Povo Paulista."
        },
        {
            "codigo": 2036,
            "data": "2013-12-31 00:00:00",
            "valor": "0.00",
            "descricao": "Sim. Banco do Povo Paulista."
        },
        {
            "codigo": 2037,
            "data": "2016-12-31 00:00:00",
            "valor": "0.00",
            "descricao": "Sim. Banco do Povo Paulista."
        },
        {
            "codigo": 3849,
            "data": "2018-12-31 00:00:00",
            "valor": null,
            "descricao": "Sim. Banco do Povo Paulista."
        },
        {
            "codigo": 4308,
            "data": "2019-12-31 00:00:00",
            "valor": null,
            "descricao": "Sim, Banco do Povo Paulista."
        },
        {
            "codigo": 5160,
            "data": "2020-12-31 00:00:00",
            "valor": null,
            "descricao": "Sim, Banco do Povo Paulista."
        },
        {
            "codigo": 5693,
            "data": "2021-12-31 00:00:00",
            "valor": null,
            "descricao": "Sim, Banco do Povo Paulista."
        },
        {
            "codigo": 6782,
            "data": "2022-12-31 00:00:00",
            "valor": null,
            "descricao": "No momento n\u00e3o h\u00e1 subs\u00eddios na SEPORTE para esta informa\u00e7\u00e3o."
        },
        {
            "codigo": 7597,
            "data": "2023-12-31 00:00:00",
            "valor": null,
            "descricao": "Sim, Banco do Povo Paulista."
        }
    ]
}