{
    "codigo": 5030,
    "nome": "N\u00famero total de empresas do munic\u00edpio",
    "descricao": "N\u00famero total de empresas do munic\u00edpio - Cidades Sustentaveis",
    "fonte": "Sefin",
    "tipoValor": "I",
    "periodicidade": {
        "codigo": 6,
        "descricao": "Anual"
    },
    "tags": [
        {
            "codigo": 20,
            "descricao": "Santos Sustent\u00e1vel"
        }
    ],
    "secretarias": [
        {
            "codigo": 4681,
            "dado_codigo": 5030,
            "sigla": "SEFIN",
            "nome": "SECRETARIA MUNICIPAL DE FINAN\u00c7AS E GEST\u00c3O"
        }
    ],
    "autarquias": [],
    "metas": [
        {
            "codigo": 9,
            "numero": 8,
            "titulo": "Trabalho Decente e Crescimento Econ\u00f4mico",
            "objetivo": "Promover o crescimento econ\u00f4mico sustentado, inclusivo e sustent\u00e1vel, o emprego pleno e produtivo e o trabalho decente para todos",
            "imagem_url": "9.jpg",
            "link": "http://www.agenda2030.org.br/ods/8/"
        }
    ],
    "eixos": [
        {
            "codigo": 11,
            "descricao": "Economia Local, Din\u00e2mica, Criativa e Sustent\u00e1vel"
        }
    ],
    "valores": [
        {
            "codigo": 2353,
            "data": "2013-12-31 00:00:00",
            "valor": "35110.00",
            "descricao": null
        },
        {
            "codigo": 2354,
            "data": "2016-12-31 00:00:00",
            "valor": "38059.00",
            "descricao": null
        },
        {
            "codigo": 2355,
            "data": "2017-12-31 00:00:00",
            "valor": "36691.00",
            "descricao": null
        },
        {
            "codigo": 2356,
            "data": "2014-12-31 00:00:00",
            "valor": "35095.00",
            "descricao": null
        },
        {
            "codigo": 2357,
            "data": "2015-12-31 00:00:00",
            "valor": "36095.00",
            "descricao": null
        },
        {
            "codigo": 3635,
            "data": "2018-12-31 00:00:00",
            "valor": "39505.00",
            "descricao": null
        },
        {
            "codigo": 4539,
            "data": "2019-12-31 00:00:00",
            "valor": "42904.00",
            "descricao": null
        },
        {
            "codigo": 5088,
            "data": "2020-12-31 00:00:00",
            "valor": "44687.00",
            "descricao": null
        },
        {
            "codigo": 5668,
            "data": "2021-12-31 00:00:00",
            "valor": "86700.00",
            "descricao": null
        },
        {
            "codigo": 7581,
            "data": "2023-12-31 00:00:00",
            "valor": "71540.00",
            "descricao": null
        }
    ]
}