{
    "codigo": 5112,
    "nome": "Valor de receitas arrecadadas no munic\u00edpio",
    "descricao": "Valor de receitas arrecadadas no munic\u00edpio - Cidades Sustentaveis",
    "fonte": "Sefin",
    "tipoValor": "D",
    "periodicidade": {
        "codigo": 6,
        "descricao": "Anual"
    },
    "tags": [
        {
            "codigo": 4,
            "descricao": "Santos Eficiente"
        }
    ],
    "secretarias": [
        {
            "codigo": 4681,
            "dado_codigo": 5112,
            "sigla": "SEFIN",
            "nome": "SECRETARIA MUNICIPAL DE FINAN\u00c7AS E GEST\u00c3O"
        }
    ],
    "autarquias": [],
    "metas": [
        {
            "codigo": 18,
            "numero": 17,
            "titulo": "Parcerias e Meios de Implementa\u00e7\u00e3o",
            "objetivo": "Fortalecer os meios de implementa\u00e7\u00e3o e revitalizar a parceria global para o desenvolvimento sustent\u00e1vel",
            "imagem_url": "18.jpg",
            "link": "http://www.agenda2030.org.br/ods/17/"
        }
    ],
    "eixos": [
        {
            "codigo": 7,
            "descricao": "Gest\u00e3o Local para a Sustentabilidade"
        }
    ],
    "valores": [
        {
            "codigo": 2762,
            "data": "2015-12-31 00:00:00",
            "valor": "1935778784.57",
            "descricao": null
        },
        {
            "codigo": 2763,
            "data": "2014-12-31 00:00:00",
            "valor": "1809730288.22",
            "descricao": null
        },
        {
            "codigo": 2764,
            "data": "2013-12-31 00:00:00",
            "valor": "1643151645.89",
            "descricao": null
        },
        {
            "codigo": 2765,
            "data": "2016-12-31 00:00:00",
            "valor": "1529425687.00",
            "descricao": null
        },
        {
            "codigo": 2766,
            "data": "2017-12-31 00:00:00",
            "valor": "1602003033.05",
            "descricao": null
        },
        {
            "codigo": 3593,
            "data": "2018-12-31 00:00:00",
            "valor": "1845939093.00",
            "descricao": null
        },
        {
            "codigo": 4546,
            "data": "2019-12-31 00:00:00",
            "valor": "2225876357.34",
            "descricao": null
        },
        {
            "codigo": 5090,
            "data": "2020-12-31 00:00:00",
            "valor": "2008210092.10",
            "descricao": null
        },
        {
            "codigo": 5447,
            "data": "2021-12-31 00:00:00",
            "valor": "2283693423.65",
            "descricao": null
        },
        {
            "codigo": 6893,
            "data": "2022-12-31 00:00:00",
            "valor": "2808350601.86",
            "descricao": null
        },
        {
            "codigo": 7523,
            "data": "2023-12-31 00:00:00",
            "valor": "2221266176.34",
            "descricao": null
        }
    ]
}