{
    "codigo": 5113,
    "nome": "Valor total de receitas do munic\u00edpio",
    "descricao": "Valor total de receitas do munic\u00edpio - Cidades Sustentaveis",
    "fonte": "Sefin",
    "tipoValor": "D",
    "periodicidade": {
        "codigo": 6,
        "descricao": "Anual"
    },
    "tags": [
        {
            "codigo": 4,
            "descricao": "Santos Eficiente"
        }
    ],
    "secretarias": [
        {
            "codigo": 4681,
            "dado_codigo": 5113,
            "sigla": "SEFIN",
            "nome": "SECRETARIA MUNICIPAL DE FINAN\u00c7AS E GEST\u00c3O"
        }
    ],
    "autarquias": [],
    "metas": [
        {
            "codigo": 18,
            "numero": 17,
            "titulo": "Parcerias e Meios de Implementa\u00e7\u00e3o",
            "objetivo": "Fortalecer os meios de implementa\u00e7\u00e3o e revitalizar a parceria global para o desenvolvimento sustent\u00e1vel",
            "imagem_url": "18.jpg",
            "link": "http://www.agenda2030.org.br/ods/17/"
        }
    ],
    "eixos": [
        {
            "codigo": 7,
            "descricao": "Gest\u00e3o Local para a Sustentabilidade"
        }
    ],
    "valores": [
        {
            "codigo": 2767,
            "data": "2017-12-31 00:00:00",
            "valor": "2011227719.69",
            "descricao": null
        },
        {
            "codigo": 2768,
            "data": "2016-12-31 00:00:00",
            "valor": "1927733138.00",
            "descricao": null
        },
        {
            "codigo": 2769,
            "data": "2015-10-31 00:00:00",
            "valor": "1935778784.57",
            "descricao": null
        },
        {
            "codigo": 2770,
            "data": "2014-12-31 00:00:00",
            "valor": "1809730288.22",
            "descricao": null
        },
        {
            "codigo": 2771,
            "data": "2013-12-31 00:00:00",
            "valor": "1643151645.89",
            "descricao": null
        },
        {
            "codigo": 3594,
            "data": "2018-12-31 00:00:00",
            "valor": "2429241964.30",
            "descricao": null
        },
        {
            "codigo": 4547,
            "data": "2019-12-31 00:00:00",
            "valor": "2748087314.44",
            "descricao": null
        },
        {
            "codigo": 5091,
            "data": "2020-12-31 00:00:00",
            "valor": "2795284744.38",
            "descricao": null
        },
        {
            "codigo": 5451,
            "data": "2021-12-31 00:00:00",
            "valor": "2998374362.84",
            "descricao": null
        },
        {
            "codigo": 6896,
            "data": "2022-12-31 00:00:00",
            "valor": "3490564468.34",
            "descricao": null
        },
        {
            "codigo": 7527,
            "data": "2023-12-31 00:00:00",
            "valor": "4169069742.99",
            "descricao": null
        }
    ]
}