{
    "codigo": 5156,
    "nome": "N\u00famero de im\u00f3veis locados no munic\u00edpio",
    "descricao": "N\u00famero de im\u00f3veis locados no munic\u00edpio - Cidades Sustentaveis",
    "fonte": "SEFIN, ANTIGA SEGES",
    "tipoValor": "I",
    "periodicidade": {
        "codigo": 6,
        "descricao": "Anual"
    },
    "tags": [
        {
            "codigo": 19,
            "descricao": "Santos Zeladora"
        }
    ],
    "secretarias": [
        {
            "codigo": 4681,
            "dado_codigo": 5156,
            "sigla": "SEFIN",
            "nome": "SECRETARIA MUNICIPAL DE FINAN\u00c7AS E GEST\u00c3O"
        }
    ],
    "autarquias": [],
    "metas": [
        {
            "codigo": 12,
            "numero": 11,
            "titulo": "Cidades e Comunidades Sustent\u00e1veis",
            "objetivo": "Tornar as cidades e os assentamentos humanos inclusivos, seguros, resilientes e sustent\u00e1veis",
            "imagem_url": "12.jpg",
            "link": "http://www.agenda2030.org.br/ods/11/"
        }
    ],
    "eixos": [
        {
            "codigo": 8,
            "descricao": "Planejamento e Desenho Urbano"
        }
    ],
    "valores": [
        {
            "codigo": 2983,
            "data": "2017-12-31 00:00:00",
            "valor": "99.00",
            "descricao": null
        },
        {
            "codigo": 2984,
            "data": "2013-12-31 00:00:00",
            "valor": "0.00",
            "descricao": null
        },
        {
            "codigo": 2985,
            "data": "2014-12-31 00:00:00",
            "valor": "0.00",
            "descricao": null
        },
        {
            "codigo": 2986,
            "data": "2015-12-31 00:00:00",
            "valor": "0.00",
            "descricao": null
        },
        {
            "codigo": 2987,
            "data": "2016-12-31 00:00:00",
            "valor": "99.00",
            "descricao": null
        },
        {
            "codigo": 3955,
            "data": "2018-12-31 00:00:00",
            "valor": "100.00",
            "descricao": null
        },
        {
            "codigo": 4148,
            "data": "2019-12-31 00:00:00",
            "valor": "103.00",
            "descricao": null
        },
        {
            "codigo": 5187,
            "data": "2020-12-31 00:00:00",
            "valor": "103.00",
            "descricao": null
        },
        {
            "codigo": 6033,
            "data": "2021-12-30 00:00:00",
            "valor": "103.00",
            "descricao": null
        },
        {
            "codigo": 6867,
            "data": "2022-12-31 00:00:00",
            "valor": "106.00",
            "descricao": null
        },
        {
            "codigo": 7529,
            "data": "2023-12-31 00:00:00",
            "valor": "113.00",
            "descricao": null
        }
    ]
}