{
    "codigo": 5196,
    "nome": "N\u00famero total de domic\u00edlios do munic\u00edpio",
    "descricao": "N\u00famero total de domic\u00edlios do munic\u00edpio (209.321) - Cidades Sustentaveis",
    "fonte": "SEFIN, ANTIGA SEGES",
    "tipoValor": "I",
    "periodicidade": {
        "codigo": 6,
        "descricao": "Anual"
    },
    "tags": [
        {
            "codigo": 4,
            "descricao": "Santos Eficiente"
        }
    ],
    "secretarias": [
        {
            "codigo": 4681,
            "dado_codigo": 5196,
            "sigla": "SEFIN",
            "nome": "SECRETARIA MUNICIPAL DE FINAN\u00c7AS E GEST\u00c3O"
        }
    ],
    "autarquias": [],
    "metas": [
        {
            "codigo": 17,
            "numero": 16,
            "titulo": "Paz, Justi\u00e7a e Institui\u00e7\u00f5es Eficazes",
            "objetivo": "Promover sociedades pac\u00edficas e inclusivas para o desenvolvimento sustent\u00e1vel, proporcionar o acesso \u00e0 justi\u00e7a para todos e construir institui\u00e7\u00f5es eficazes, respons\u00e1veis e inclusivas em todos os n\u00edveis",
            "imagem_url": "17.jpg",
            "link": "http://www.agenda2030.org.br/ods/16/"
        }
    ],
    "eixos": [
        {
            "codigo": 4,
            "descricao": "Governan\u00e7a"
        }
    ],
    "valores": [
        {
            "codigo": 3171,
            "data": "2016-12-31 00:00:00",
            "valor": "150118.00",
            "descricao": null
        },
        {
            "codigo": 3172,
            "data": "2013-12-31 00:00:00",
            "valor": "147317.00",
            "descricao": null
        },
        {
            "codigo": 3173,
            "data": "2017-12-31 00:00:00",
            "valor": "151086.00",
            "descricao": null
        },
        {
            "codigo": 3174,
            "data": "2014-12-31 00:00:00",
            "valor": "148234.00",
            "descricao": null
        },
        {
            "codigo": 3175,
            "data": "2015-12-31 00:00:00",
            "valor": "149156.00",
            "descricao": null
        },
        {
            "codigo": 3707,
            "data": "2018-12-31 00:00:00",
            "valor": "152061.00",
            "descricao": null
        },
        {
            "codigo": 4145,
            "data": "2019-12-31 00:00:00",
            "valor": "153042.00",
            "descricao": null
        },
        {
            "codigo": 6057,
            "data": "2021-12-30 00:00:00",
            "valor": "153042.00",
            "descricao": null
        },
        {
            "codigo": 7580,
            "data": "2023-12-31 00:00:00",
            "valor": "184362.00",
            "descricao": null
        }
    ]
}