{
    "codigo": 5218,
    "nome": "Consumo total de \u00e1gua dom\u00e9stico, em metros c\u00fabicos (m\u00b3)",
    "descricao": "Consumo total de \u00e1gua dom\u00e9stico, em metros c\u00fabicos (m\u00b3) - Cidades Sustent\u00e1veis - Indicador \"Consumo de \u00e1gua na atividade econ\u00f4mica local\"",
    "fonte": "SEFIN",
    "tipoValor": "D",
    "periodicidade": {
        "codigo": 6,
        "descricao": "Anual"
    },
    "tags": [
        {
            "codigo": 4,
            "descricao": "Santos Eficiente"
        }
    ],
    "secretarias": [
        {
            "codigo": 4681,
            "dado_codigo": 5218,
            "sigla": "SEFIN",
            "nome": "SECRETARIA MUNICIPAL DE FINAN\u00c7AS E GEST\u00c3O"
        }
    ],
    "autarquias": [],
    "metas": [
        {
            "codigo": 7,
            "numero": 6,
            "titulo": "\u00c1gua Pot\u00e1vel e Saneamento",
            "objetivo": "Assegurar a disponibilidade e a gest\u00e3o sustent\u00e1vel da \u00e1gua e saneamento para todos",
            "imagem_url": "7.jpg",
            "link": "http://www.agenda2030.org.br/ods/6/"
        },
        {
            "codigo": 9,
            "numero": 8,
            "titulo": "Trabalho Decente e Crescimento Econ\u00f4mico",
            "objetivo": "Promover o crescimento econ\u00f4mico sustentado, inclusivo e sustent\u00e1vel, o emprego pleno e produtivo e o trabalho decente para todos",
            "imagem_url": "9.jpg",
            "link": "http://www.agenda2030.org.br/ods/8/"
        },
        {
            "codigo": 12,
            "numero": 11,
            "titulo": "Cidades e Comunidades Sustent\u00e1veis",
            "objetivo": "Tornar as cidades e os assentamentos humanos inclusivos, seguros, resilientes e sustent\u00e1veis",
            "imagem_url": "12.jpg",
            "link": "http://www.agenda2030.org.br/ods/11/"
        }
    ],
    "eixos": [
        {
            "codigo": 11,
            "descricao": "Economia Local, Din\u00e2mica, Criativa e Sustent\u00e1vel"
        }
    ],
    "valores": [
        {
            "codigo": 1411,
            "data": "2016-12-31 00:00:00",
            "valor": "29218591.00",
            "descricao": null
        },
        {
            "codigo": 1412,
            "data": "2017-12-31 00:00:00",
            "valor": "29218591.00",
            "descricao": null
        },
        {
            "codigo": 3872,
            "data": "2018-12-31 00:00:00",
            "valor": "29218591.00",
            "descricao": null
        },
        {
            "codigo": 4327,
            "data": "2019-12-31 00:00:00",
            "valor": "29218591.00",
            "descricao": null
        },
        {
            "codigo": 5172,
            "data": "2020-12-31 00:00:00",
            "valor": "29218591.00",
            "descricao": null
        },
        {
            "codigo": 7531,
            "data": "2023-12-31 00:00:00",
            "valor": "29879199.00",
            "descricao": null
        }
    ]
}