{
    "codigo": 5239,
    "nome": "Gastos p\u00fablicos em cada \u00e1rea administrativa do munic\u00edpio \u2013 Saneamento",
    "descricao": "Gastos p\u00fablicos em cada \u00e1rea administrativa do munic\u00edpio \u2013 Saneamento - Cidades Sustentaveis",
    "fonte": "Sefin",
    "tipoValor": "D",
    "periodicidade": {
        "codigo": 6,
        "descricao": "Anual"
    },
    "tags": [
        {
            "codigo": 4,
            "descricao": "Santos Eficiente"
        }
    ],
    "secretarias": [
        {
            "codigo": 4681,
            "dado_codigo": 5239,
            "sigla": "SEFIN",
            "nome": "SECRETARIA MUNICIPAL DE FINAN\u00c7AS E GEST\u00c3O"
        }
    ],
    "autarquias": [],
    "metas": [
        {
            "codigo": 17,
            "numero": 16,
            "titulo": "Paz, Justi\u00e7a e Institui\u00e7\u00f5es Eficazes",
            "objetivo": "Promover sociedades pac\u00edficas e inclusivas para o desenvolvimento sustent\u00e1vel, proporcionar o acesso \u00e0 justi\u00e7a para todos e construir institui\u00e7\u00f5es eficazes, respons\u00e1veis e inclusivas em todos os n\u00edveis",
            "imagem_url": "17.jpg",
            "link": "http://www.agenda2030.org.br/ods/16/"
        }
    ],
    "eixos": [
        {
            "codigo": 7,
            "descricao": "Gest\u00e3o Local para a Sustentabilidade"
        }
    ],
    "valores": [
        {
            "codigo": 1476,
            "data": "2016-12-31 00:00:00",
            "valor": "14100.00",
            "descricao": null
        },
        {
            "codigo": 1477,
            "data": "2017-12-31 00:00:00",
            "valor": "95000.00",
            "descricao": null
        },
        {
            "codigo": 3612,
            "data": "2018-12-31 00:00:00",
            "valor": "0.00",
            "descricao": null
        },
        {
            "codigo": 4552,
            "data": "2019-12-31 00:00:00",
            "valor": "121300.00",
            "descricao": null
        },
        {
            "codigo": 4969,
            "data": "2020-12-31 00:00:00",
            "valor": "11879.21",
            "descricao": null
        },
        {
            "codigo": 5423,
            "data": "2021-12-31 00:00:00",
            "valor": "357821.71",
            "descricao": null
        },
        {
            "codigo": 6854,
            "data": "2022-12-31 00:00:00",
            "valor": "17391611.84",
            "descricao": null
        },
        {
            "codigo": 7517,
            "data": "2023-12-31 00:00:00",
            "valor": "15424002.13",
            "descricao": null
        }
    ]
}