{
    "codigo": 5240,
    "nome": "Gastos p\u00fablicos em cada \u00e1rea administrativa do munic\u00edpio \u2013 Sa\u00fade",
    "descricao": "Gastos p\u00fablicos em cada \u00e1rea administrativa do munic\u00edpio \u2013 Sa\u00fade - Cidades Sustentaveis",
    "fonte": "Sefin",
    "tipoValor": "D",
    "periodicidade": {
        "codigo": 6,
        "descricao": "Anual"
    },
    "tags": [
        {
            "codigo": 4,
            "descricao": "Santos Eficiente"
        }
    ],
    "secretarias": [
        {
            "codigo": 4681,
            "dado_codigo": 5240,
            "sigla": "SEFIN",
            "nome": "SECRETARIA MUNICIPAL DE FINAN\u00c7AS E GEST\u00c3O"
        }
    ],
    "autarquias": [],
    "metas": [
        {
            "codigo": 17,
            "numero": 16,
            "titulo": "Paz, Justi\u00e7a e Institui\u00e7\u00f5es Eficazes",
            "objetivo": "Promover sociedades pac\u00edficas e inclusivas para o desenvolvimento sustent\u00e1vel, proporcionar o acesso \u00e0 justi\u00e7a para todos e construir institui\u00e7\u00f5es eficazes, respons\u00e1veis e inclusivas em todos os n\u00edveis",
            "imagem_url": "17.jpg",
            "link": "http://www.agenda2030.org.br/ods/16/"
        }
    ],
    "eixos": [
        {
            "codigo": 7,
            "descricao": "Gest\u00e3o Local para a Sustentabilidade"
        }
    ],
    "valores": [
        {
            "codigo": 1478,
            "data": "2017-12-31 00:00:00",
            "valor": "523125471.38",
            "descricao": null
        },
        {
            "codigo": 1479,
            "data": "2016-12-31 00:00:00",
            "valor": "513310748.00",
            "descricao": null
        },
        {
            "codigo": 3613,
            "data": "2018-12-31 00:00:00",
            "valor": "545374619.10",
            "descricao": null
        },
        {
            "codigo": 4553,
            "data": "2019-12-31 00:00:00",
            "valor": "631774846.51",
            "descricao": null
        },
        {
            "codigo": 4970,
            "data": "2020-12-31 00:00:00",
            "valor": "733055677.86",
            "descricao": null
        },
        {
            "codigo": 5424,
            "data": "2021-12-31 00:00:00",
            "valor": "832097147.32",
            "descricao": null
        },
        {
            "codigo": 6855,
            "data": "2022-12-31 00:00:00",
            "valor": "833711387.33",
            "descricao": null
        },
        {
            "codigo": 7518,
            "data": "2023-12-31 00:00:00",
            "valor": "934228239.79",
            "descricao": null
        }
    ]
}