{
    "codigo": 5243,
    "nome": "N\u00famero total, em quilowatt-hora (kWh), de energia consumida pelo munic\u00edpio",
    "descricao": "N\u00famero total, em quilowatt-hora (kWh), de energia consumida pelo munic\u00edpio - Cidades Sustentaveis",
    "fonte": "SEFIN, ANTIGA SEGES",
    "tipoValor": "I",
    "periodicidade": {
        "codigo": 6,
        "descricao": "Anual"
    },
    "tags": [
        {
            "codigo": 20,
            "descricao": "Santos Sustent\u00e1vel"
        }
    ],
    "secretarias": [
        {
            "codigo": 4681,
            "dado_codigo": 5243,
            "sigla": "SEFIN",
            "nome": "SECRETARIA MUNICIPAL DE FINAN\u00c7AS E GEST\u00c3O"
        }
    ],
    "autarquias": [],
    "metas": [
        {
            "codigo": 8,
            "numero": 7,
            "titulo": "Energia Acess\u00edvel e Limpa",
            "objetivo": "Assegurar o acesso confi\u00e1vel, sustent\u00e1vel, moderno e a pre\u00e7o acess\u00edvel \u00e0 energia para todos",
            "imagem_url": "8.jpg",
            "link": "http://www.agenda2030.org.br/ods/7/"
        }
    ],
    "eixos": [
        {
            "codigo": 12,
            "descricao": "Consumo Respons\u00e1vel e Op\u00e7\u00f5es de Estilo de Vida"
        }
    ],
    "valores": [
        {
            "codigo": 3231,
            "data": "2013-12-31 00:00:00",
            "valor": "1369134.00",
            "descricao": null
        },
        {
            "codigo": 3232,
            "data": "2017-12-31 00:00:00",
            "valor": "1394371.00",
            "descricao": null
        },
        {
            "codigo": 3233,
            "data": "2016-12-31 00:00:00",
            "valor": "1359823.00",
            "descricao": null
        },
        {
            "codigo": 3234,
            "data": "2014-12-31 00:00:00",
            "valor": "1437591.00",
            "descricao": null
        },
        {
            "codigo": 3235,
            "data": "2015-12-31 00:00:00",
            "valor": "1418896.00",
            "descricao": null
        },
        {
            "codigo": 3709,
            "data": "2018-12-31 00:00:00",
            "valor": "1394715413.00",
            "descricao": null
        },
        {
            "codigo": 4147,
            "data": "2019-12-31 00:00:00",
            "valor": "1417743439.00",
            "descricao": null
        },
        {
            "codigo": 5073,
            "data": "2020-12-31 00:00:00",
            "valor": "1315945064.00",
            "descricao": null
        },
        {
            "codigo": 6103,
            "data": "2021-12-31 00:00:00",
            "valor": "1347176131.00",
            "descricao": null
        },
        {
            "codigo": 7589,
            "data": "2023-12-31 00:00:00",
            "valor": "124537000.00",
            "descricao": null
        }
    ]
}