{
    "codigo": 5251,
    "nome": "Gastos p\u00fablicos em cada \u00e1rea administrativa do munic\u00edpio \u2013 Previd\u00eancia Social",
    "descricao": "Gastos p\u00fablicos em cada \u00e1rea administrativa do munic\u00edpio \u2013 Previd\u00eancia Social - Cidades Sustentaveis",
    "fonte": "Sefin",
    "tipoValor": "D",
    "periodicidade": {
        "codigo": 6,
        "descricao": "Anual"
    },
    "tags": [
        {
            "codigo": 4,
            "descricao": "Santos Eficiente"
        }
    ],
    "secretarias": [
        {
            "codigo": 4681,
            "dado_codigo": 5251,
            "sigla": "SEFIN",
            "nome": "SECRETARIA MUNICIPAL DE FINAN\u00c7AS E GEST\u00c3O"
        }
    ],
    "autarquias": [],
    "metas": [
        {
            "codigo": 17,
            "numero": 16,
            "titulo": "Paz, Justi\u00e7a e Institui\u00e7\u00f5es Eficazes",
            "objetivo": "Promover sociedades pac\u00edficas e inclusivas para o desenvolvimento sustent\u00e1vel, proporcionar o acesso \u00e0 justi\u00e7a para todos e construir institui\u00e7\u00f5es eficazes, respons\u00e1veis e inclusivas em todos os n\u00edveis",
            "imagem_url": "17.jpg",
            "link": "http://www.agenda2030.org.br/ods/16/"
        }
    ],
    "eixos": [
        {
            "codigo": 7,
            "descricao": "Gest\u00e3o Local para a Sustentabilidade"
        }
    ],
    "valores": [
        {
            "codigo": 1499,
            "data": "2017-12-31 00:00:00",
            "valor": "31130356.03",
            "descricao": null
        },
        {
            "codigo": 1500,
            "data": "2016-12-31 00:00:00",
            "valor": "30707877.70",
            "descricao": null
        },
        {
            "codigo": 3622,
            "data": "2018-12-31 00:00:00",
            "valor": "369882614.15",
            "descricao": null
        },
        {
            "codigo": 4558,
            "data": "2019-12-31 00:00:00",
            "valor": "406206434.37",
            "descricao": null
        },
        {
            "codigo": 4976,
            "data": "2020-12-31 00:00:00",
            "valor": "435817956.37",
            "descricao": null
        },
        {
            "codigo": 5435,
            "data": "2021-12-31 00:00:00",
            "valor": "452432564.15",
            "descricao": null
        },
        {
            "codigo": 6853,
            "data": "2022-12-31 00:00:00",
            "valor": "507496452.52",
            "descricao": null
        },
        {
            "codigo": 7585,
            "data": "2023-12-31 00:00:00",
            "valor": "584707338.44",
            "descricao": null
        }
    ]
}