{
    "codigo": 5253,
    "nome": "Gastos p\u00fablicos em cada \u00e1rea administrativa do munic\u00edpio \u2013 Comunica\u00e7\u00f5es",
    "descricao": "Gastos p\u00fablicos em cada \u00e1rea administrativa do munic\u00edpio \u2013 Comunica\u00e7\u00f5es - Cidades Sustentaveis",
    "fonte": "Sefin",
    "tipoValor": "D",
    "periodicidade": {
        "codigo": 6,
        "descricao": "Anual"
    },
    "tags": [
        {
            "codigo": 4,
            "descricao": "Santos Eficiente"
        }
    ],
    "secretarias": [
        {
            "codigo": 4681,
            "dado_codigo": 5253,
            "sigla": "SEFIN",
            "nome": "SECRETARIA MUNICIPAL DE FINAN\u00c7AS E GEST\u00c3O"
        }
    ],
    "autarquias": [],
    "metas": [
        {
            "codigo": 17,
            "numero": 16,
            "titulo": "Paz, Justi\u00e7a e Institui\u00e7\u00f5es Eficazes",
            "objetivo": "Promover sociedades pac\u00edficas e inclusivas para o desenvolvimento sustent\u00e1vel, proporcionar o acesso \u00e0 justi\u00e7a para todos e construir institui\u00e7\u00f5es eficazes, respons\u00e1veis e inclusivas em todos os n\u00edveis",
            "imagem_url": "17.jpg",
            "link": "http://www.agenda2030.org.br/ods/16/"
        }
    ],
    "eixos": [
        {
            "codigo": 7,
            "descricao": "Gest\u00e3o Local para a Sustentabilidade"
        }
    ],
    "valores": [
        {
            "codigo": 1503,
            "data": "2016-12-31 00:00:00",
            "valor": "0.00",
            "descricao": null
        },
        {
            "codigo": 1504,
            "data": "2017-12-31 00:00:00",
            "valor": "16571255.29",
            "descricao": null
        },
        {
            "codigo": 3646,
            "data": "2018-12-31 00:00:00",
            "valor": "11302663.91",
            "descricao": null
        },
        {
            "codigo": 4559,
            "data": "2019-12-31 00:00:00",
            "valor": "15180793.84",
            "descricao": null
        },
        {
            "codigo": 4977,
            "data": "2020-12-31 00:00:00",
            "valor": "15831949.63",
            "descricao": null
        },
        {
            "codigo": 5434,
            "data": "2021-12-31 00:00:00",
            "valor": "14905013.75",
            "descricao": null
        },
        {
            "codigo": 6838,
            "data": "2022-12-31 00:00:00",
            "valor": "13875233.25",
            "descricao": null
        },
        {
            "codigo": 7509,
            "data": "2023-12-31 00:00:00",
            "valor": "30257487.58",
            "descricao": null
        }
    ]
}