{
    "codigo": 5263,
    "nome": "Gastos p\u00fablicos em cada \u00e1rea administrativa do munic\u00edpio \u2013 Com\u00e9rcio e Servi\u00e7os",
    "descricao": "Gastos p\u00fablicos em cada \u00e1rea administrativa do munic\u00edpio \u2013 Com\u00e9rcio e Servi\u00e7os - Cidades Sustentaveis",
    "fonte": "Sefin",
    "tipoValor": "D",
    "periodicidade": {
        "codigo": 6,
        "descricao": "Anual"
    },
    "tags": [
        {
            "codigo": 4,
            "descricao": "Santos Eficiente"
        }
    ],
    "secretarias": [
        {
            "codigo": 4681,
            "dado_codigo": 5263,
            "sigla": "SEFIN",
            "nome": "SECRETARIA MUNICIPAL DE FINAN\u00c7AS E GEST\u00c3O"
        }
    ],
    "autarquias": [],
    "metas": [
        {
            "codigo": 17,
            "numero": 16,
            "titulo": "Paz, Justi\u00e7a e Institui\u00e7\u00f5es Eficazes",
            "objetivo": "Promover sociedades pac\u00edficas e inclusivas para o desenvolvimento sustent\u00e1vel, proporcionar o acesso \u00e0 justi\u00e7a para todos e construir institui\u00e7\u00f5es eficazes, respons\u00e1veis e inclusivas em todos os n\u00edveis",
            "imagem_url": "17.jpg",
            "link": "http://www.agenda2030.org.br/ods/16/"
        }
    ],
    "eixos": [
        {
            "codigo": 7,
            "descricao": "Gest\u00e3o Local para a Sustentabilidade"
        }
    ],
    "valores": [
        {
            "codigo": 1521,
            "data": "2017-12-31 00:00:00",
            "valor": "999999.99",
            "descricao": null
        },
        {
            "codigo": 1522,
            "data": "2016-12-31 00:00:00",
            "valor": "999999.99",
            "descricao": null
        },
        {
            "codigo": 3632,
            "data": "2018-12-31 00:00:00",
            "valor": "3558711.02",
            "descricao": null
        },
        {
            "codigo": 4565,
            "data": "2019-12-31 00:00:00",
            "valor": "1238687.32",
            "descricao": null
        },
        {
            "codigo": 4982,
            "data": "2020-12-31 00:00:00",
            "valor": "1000577.50",
            "descricao": null
        },
        {
            "codigo": 5415,
            "data": "2021-12-31 00:00:00",
            "valor": "6949336.67",
            "descricao": null
        },
        {
            "codigo": 6836,
            "data": "2022-12-31 00:00:00",
            "valor": "7446381.04",
            "descricao": null
        },
        {
            "codigo": 7590,
            "data": "2023-12-31 00:00:00",
            "valor": "0.00",
            "descricao": null
        }
    ]
}