{
    "codigo": 5265,
    "nome": "Gastos p\u00fablicos em cada \u00e1rea administrativa do munic\u00edpio \u2013 Assist\u00eancia Social",
    "descricao": "Gastos p\u00fablicos em cada \u00e1rea administrativa do munic\u00edpio \u2013 Assist\u00eancia Social - Cidades Sustentaveis",
    "fonte": "Sefin",
    "tipoValor": "D",
    "periodicidade": {
        "codigo": 6,
        "descricao": "Anual"
    },
    "tags": [
        {
            "codigo": 4,
            "descricao": "Santos Eficiente"
        }
    ],
    "secretarias": [
        {
            "codigo": 4681,
            "dado_codigo": 5265,
            "sigla": "SEFIN",
            "nome": "SECRETARIA MUNICIPAL DE FINAN\u00c7AS E GEST\u00c3O"
        }
    ],
    "autarquias": [],
    "metas": [
        {
            "codigo": 17,
            "numero": 16,
            "titulo": "Paz, Justi\u00e7a e Institui\u00e7\u00f5es Eficazes",
            "objetivo": "Promover sociedades pac\u00edficas e inclusivas para o desenvolvimento sustent\u00e1vel, proporcionar o acesso \u00e0 justi\u00e7a para todos e construir institui\u00e7\u00f5es eficazes, respons\u00e1veis e inclusivas em todos os n\u00edveis",
            "imagem_url": "17.jpg",
            "link": "http://www.agenda2030.org.br/ods/16/"
        }
    ],
    "eixos": [
        {
            "codigo": 7,
            "descricao": "Gest\u00e3o Local para a Sustentabilidade"
        }
    ],
    "valores": [
        {
            "codigo": 1525,
            "data": "2017-12-31 00:00:00",
            "valor": "54983131.36",
            "descricao": null
        },
        {
            "codigo": 1526,
            "data": "2016-12-31 00:00:00",
            "valor": "52073398.00",
            "descricao": null
        },
        {
            "codigo": 3634,
            "data": "2018-12-31 00:00:00",
            "valor": "63901408.57",
            "descricao": null
        },
        {
            "codigo": 4567,
            "data": "2019-12-31 00:00:00",
            "valor": "67506914.44",
            "descricao": null
        },
        {
            "codigo": 4985,
            "data": "2020-12-31 00:00:00",
            "valor": "68487848.28",
            "descricao": null
        },
        {
            "codigo": 5414,
            "data": "2021-12-31 00:00:00",
            "valor": "76068079.63",
            "descricao": null
        },
        {
            "codigo": 6835,
            "data": "2022-12-31 00:00:00",
            "valor": "91078161.61",
            "descricao": null
        },
        {
            "codigo": 7507,
            "data": "2023-12-31 00:00:00",
            "valor": "93103243.14",
            "descricao": null
        }
    ]
}