{
    "codigo": 5348,
    "nome": "N\u00famero de casos emergenciais atendidos",
    "descricao": "N\u00famero de casos emergenciais atendidos - Cidade Aberta",
    "fonte": "SEFIN, ANTIGA SEGES",
    "tipoValor": "I",
    "periodicidade": {
        "codigo": 6,
        "descricao": "Anual"
    },
    "tags": [
        {
            "codigo": 4,
            "descricao": "Santos Eficiente"
        }
    ],
    "secretarias": [
        {
            "codigo": 4681,
            "dado_codigo": 5348,
            "sigla": "SEFIN",
            "nome": "SECRETARIA MUNICIPAL DE FINAN\u00c7AS E GEST\u00c3O"
        }
    ],
    "autarquias": [],
    "metas": [
        {
            "codigo": 17,
            "numero": 16,
            "titulo": "Paz, Justi\u00e7a e Institui\u00e7\u00f5es Eficazes",
            "objetivo": "Promover sociedades pac\u00edficas e inclusivas para o desenvolvimento sustent\u00e1vel, proporcionar o acesso \u00e0 justi\u00e7a para todos e construir institui\u00e7\u00f5es eficazes, respons\u00e1veis e inclusivas em todos os n\u00edveis",
            "imagem_url": "17.jpg",
            "link": "http://www.agenda2030.org.br/ods/16/"
        }
    ],
    "eixos": [
        {
            "codigo": 4,
            "descricao": "Governan\u00e7a"
        }
    ],
    "valores": [
        {
            "codigo": 577,
            "data": "2012-12-31 00:00:00",
            "valor": "0.00",
            "descricao": null
        },
        {
            "codigo": 578,
            "data": "2015-02-28 00:00:00",
            "valor": "1.00",
            "descricao": null
        },
        {
            "codigo": 579,
            "data": "2010-12-31 00:00:00",
            "valor": "0.00",
            "descricao": null
        },
        {
            "codigo": 580,
            "data": "2016-12-31 00:00:00",
            "valor": "35.00",
            "descricao": null
        },
        {
            "codigo": 581,
            "data": "2013-12-31 00:00:00",
            "valor": "4.00",
            "descricao": null
        },
        {
            "codigo": 582,
            "data": "2013-11-30 00:00:00",
            "valor": "10.00",
            "descricao": null
        },
        {
            "codigo": 583,
            "data": "2013-10-31 00:00:00",
            "valor": "7.00",
            "descricao": null
        },
        {
            "codigo": 584,
            "data": "2013-09-30 00:00:00",
            "valor": "8.00",
            "descricao": null
        },
        {
            "codigo": 585,
            "data": "2013-08-31 00:00:00",
            "valor": "10.00",
            "descricao": null
        },
        {
            "codigo": 586,
            "data": "2013-07-31 00:00:00",
            "valor": "3.00",
            "descricao": null
        },
        {
            "codigo": 587,
            "data": "2013-06-30 00:00:00",
            "valor": "0.00",
            "descricao": null
        },
        {
            "codigo": 588,
            "data": "2013-05-31 00:00:00",
            "valor": "0.00",
            "descricao": null
        },
        {
            "codigo": 589,
            "data": "2013-04-30 00:00:00",
            "valor": "0.00",
            "descricao": null
        },
        {
            "codigo": 590,
            "data": "2013-03-31 00:00:00",
            "valor": "0.00",
            "descricao": null
        },
        {
            "codigo": 591,
            "data": "2013-02-28 00:00:00",
            "valor": "0.00",
            "descricao": null
        },
        {
            "codigo": 592,
            "data": "2013-01-31 00:00:00",
            "valor": "0.00",
            "descricao": null
        },
        {
            "codigo": 593,
            "data": "2009-12-31 00:00:00",
            "valor": "0.00",
            "descricao": null
        },
        {
            "codigo": 594,
            "data": "2014-12-31 00:00:00",
            "valor": "5.00",
            "descricao": null
        },
        {
            "codigo": 595,
            "data": "2014-11-30 00:00:00",
            "valor": "1.00",
            "descricao": null
        },
        {
            "codigo": 596,
            "data": "2014-10-31 00:00:00",
            "valor": "4.00",
            "descricao": null
        },
        {
            "codigo": 597,
            "data": "2014-09-30 00:00:00",
            "valor": "3.00",
            "descricao": null
        },
        {
            "codigo": 598,
            "data": "2014-08-31 00:00:00",
            "valor": "4.00",
            "descricao": null
        },
        {
            "codigo": 599,
            "data": "2014-07-31 00:00:00",
            "valor": "7.00",
            "descricao": null
        },
        {
            "codigo": 600,
            "data": "2014-06-30 00:00:00",
            "valor": "3.00",
            "descricao": null
        },
        {
            "codigo": 601,
            "data": "2014-05-31 00:00:00",
            "valor": "3.00",
            "descricao": null
        },
        {
            "codigo": 602,
            "data": "2014-04-30 00:00:00",
            "valor": "0.00",
            "descricao": null
        },
        {
            "codigo": 603,
            "data": "2014-03-31 00:00:00",
            "valor": "8.00",
            "descricao": null
        },
        {
            "codigo": 604,
            "data": "2014-02-28 00:00:00",
            "valor": "2.00",
            "descricao": null
        },
        {
            "codigo": 605,
            "data": "2014-01-31 00:00:00",
            "valor": "5.00",
            "descricao": null
        },
        {
            "codigo": 606,
            "data": "2015-12-31 00:00:00",
            "valor": "0.00",
            "descricao": null
        },
        {
            "codigo": 607,
            "data": "2015-11-30 00:00:00",
            "valor": "0.00",
            "descricao": null
        },
        {
            "codigo": 608,
            "data": "2015-10-31 00:00:00",
            "valor": "0.00",
            "descricao": null
        },
        {
            "codigo": 609,
            "data": "2015-09-30 00:00:00",
            "valor": "0.00",
            "descricao": null
        },
        {
            "codigo": 610,
            "data": "2015-08-31 00:00:00",
            "valor": "0.00",
            "descricao": null
        },
        {
            "codigo": 611,
            "data": "2015-01-31 00:00:00",
            "valor": "5.00",
            "descricao": null
        },
        {
            "codigo": 612,
            "data": "2015-07-31 00:00:00",
            "valor": "0.00",
            "descricao": null
        },
        {
            "codigo": 613,
            "data": "2015-06-30 00:00:00",
            "valor": "0.00",
            "descricao": null
        },
        {
            "codigo": 614,
            "data": "2015-05-31 00:00:00",
            "valor": "7.00",
            "descricao": null
        },
        {
            "codigo": 615,
            "data": "2015-04-30 00:00:00",
            "valor": "6.00",
            "descricao": null
        },
        {
            "codigo": 616,
            "data": "2015-03-31 00:00:00",
            "valor": "9.00",
            "descricao": null
        },
        {
            "codigo": 617,
            "data": "2011-12-31 00:00:00",
            "valor": "0.00",
            "descricao": null
        },
        {
            "codigo": 3892,
            "data": "2018-12-31 00:00:00",
            "valor": "53.00",
            "descricao": null
        },
        {
            "codigo": 4122,
            "data": "2019-12-31 00:00:00",
            "valor": "67.00",
            "descricao": null
        },
        {
            "codigo": 5190,
            "data": "2020-12-31 00:00:00",
            "valor": "27.00",
            "descricao": null
        },
        {
            "codigo": 5996,
            "data": "2021-12-30 00:00:00",
            "valor": "3.00",
            "descricao": null
        },
        {
            "codigo": 6866,
            "data": "2022-12-31 00:00:00",
            "valor": "32.00",
            "descricao": null
        },
        {
            "codigo": 7564,
            "data": "2023-12-31 00:00:00",
            "valor": "43.00",
            "descricao": null
        }
    ]
}