{
    "codigo": 5352,
    "nome": "Quantidade de servidores atendidos em grupo",
    "descricao": "Quantidade de servidores atendidos em grupo - Cidade Aberta",
    "fonte": "SEFIN, ANTIGA SEGES",
    "tipoValor": "I",
    "periodicidade": {
        "codigo": 6,
        "descricao": "Anual"
    },
    "tags": [
        {
            "codigo": 4,
            "descricao": "Santos Eficiente"
        }
    ],
    "secretarias": [
        {
            "codigo": 4681,
            "dado_codigo": 5352,
            "sigla": "SEFIN",
            "nome": "SECRETARIA MUNICIPAL DE FINAN\u00c7AS E GEST\u00c3O"
        }
    ],
    "autarquias": [],
    "metas": [
        {
            "codigo": 17,
            "numero": 16,
            "titulo": "Paz, Justi\u00e7a e Institui\u00e7\u00f5es Eficazes",
            "objetivo": "Promover sociedades pac\u00edficas e inclusivas para o desenvolvimento sustent\u00e1vel, proporcionar o acesso \u00e0 justi\u00e7a para todos e construir institui\u00e7\u00f5es eficazes, respons\u00e1veis e inclusivas em todos os n\u00edveis",
            "imagem_url": "17.jpg",
            "link": "http://www.agenda2030.org.br/ods/16/"
        }
    ],
    "eixos": [
        {
            "codigo": 4,
            "descricao": "Governan\u00e7a"
        }
    ],
    "valores": [
        {
            "codigo": 670,
            "data": "2012-12-31 00:00:00",
            "valor": "0.00",
            "descricao": null
        },
        {
            "codigo": 671,
            "data": "2011-12-31 00:00:00",
            "valor": "0.00",
            "descricao": null
        },
        {
            "codigo": 672,
            "data": "2015-01-31 00:00:00",
            "valor": "25.00",
            "descricao": null
        },
        {
            "codigo": 673,
            "data": "2015-02-28 00:00:00",
            "valor": "53.00",
            "descricao": null
        },
        {
            "codigo": 674,
            "data": "2015-03-31 00:00:00",
            "valor": "73.00",
            "descricao": null
        },
        {
            "codigo": 675,
            "data": "2015-04-30 00:00:00",
            "valor": "44.00",
            "descricao": null
        },
        {
            "codigo": 676,
            "data": "2015-05-31 00:00:00",
            "valor": "47.00",
            "descricao": null
        },
        {
            "codigo": 677,
            "data": "2015-06-30 00:00:00",
            "valor": "0.00",
            "descricao": null
        },
        {
            "codigo": 678,
            "data": "2015-07-31 00:00:00",
            "valor": "0.00",
            "descricao": null
        },
        {
            "codigo": 679,
            "data": "2015-08-31 00:00:00",
            "valor": "0.00",
            "descricao": null
        },
        {
            "codigo": 680,
            "data": "2015-09-30 00:00:00",
            "valor": "0.00",
            "descricao": null
        },
        {
            "codigo": 681,
            "data": "2015-10-31 00:00:00",
            "valor": "0.00",
            "descricao": null
        },
        {
            "codigo": 682,
            "data": "2015-11-30 00:00:00",
            "valor": "0.00",
            "descricao": null
        },
        {
            "codigo": 683,
            "data": "2015-12-31 00:00:00",
            "valor": "0.00",
            "descricao": null
        },
        {
            "codigo": 684,
            "data": "2010-12-31 00:00:00",
            "valor": "0.00",
            "descricao": null
        },
        {
            "codigo": 685,
            "data": "2009-12-31 00:00:00",
            "valor": "0.00",
            "descricao": null
        },
        {
            "codigo": 686,
            "data": "2016-12-31 00:00:00",
            "valor": "467.00",
            "descricao": null
        },
        {
            "codigo": 687,
            "data": "2014-12-31 00:00:00",
            "valor": "47.00",
            "descricao": null
        },
        {
            "codigo": 688,
            "data": "2014-11-30 00:00:00",
            "valor": "121.00",
            "descricao": null
        },
        {
            "codigo": 689,
            "data": "2014-10-31 00:00:00",
            "valor": "76.00",
            "descricao": null
        },
        {
            "codigo": 690,
            "data": "2014-09-30 00:00:00",
            "valor": "195.00",
            "descricao": null
        },
        {
            "codigo": 691,
            "data": "2014-08-31 00:00:00",
            "valor": "241.00",
            "descricao": null
        },
        {
            "codigo": 692,
            "data": "2014-07-31 00:00:00",
            "valor": "116.00",
            "descricao": null
        },
        {
            "codigo": 693,
            "data": "2014-06-30 00:00:00",
            "valor": "75.00",
            "descricao": null
        },
        {
            "codigo": 694,
            "data": "2014-05-31 00:00:00",
            "valor": "145.00",
            "descricao": null
        },
        {
            "codigo": 695,
            "data": "2014-04-30 00:00:00",
            "valor": "128.00",
            "descricao": null
        },
        {
            "codigo": 696,
            "data": "2014-03-31 00:00:00",
            "valor": "79.00",
            "descricao": null
        },
        {
            "codigo": 697,
            "data": "2014-02-28 00:00:00",
            "valor": "33.00",
            "descricao": null
        },
        {
            "codigo": 698,
            "data": "2014-01-31 00:00:00",
            "valor": "46.00",
            "descricao": null
        },
        {
            "codigo": 699,
            "data": "2013-01-31 00:00:00",
            "valor": "0.00",
            "descricao": null
        },
        {
            "codigo": 700,
            "data": "2013-12-31 00:00:00",
            "valor": "106.00",
            "descricao": null
        },
        {
            "codigo": 701,
            "data": "2013-11-30 00:00:00",
            "valor": "221.00",
            "descricao": null
        },
        {
            "codigo": 702,
            "data": "2013-10-31 00:00:00",
            "valor": "141.00",
            "descricao": null
        },
        {
            "codigo": 703,
            "data": "2013-09-30 00:00:00",
            "valor": "119.00",
            "descricao": null
        },
        {
            "codigo": 704,
            "data": "2013-08-31 00:00:00",
            "valor": "42.00",
            "descricao": null
        },
        {
            "codigo": 705,
            "data": "2013-07-31 00:00:00",
            "valor": "69.00",
            "descricao": null
        },
        {
            "codigo": 706,
            "data": "2013-06-30 00:00:00",
            "valor": "0.00",
            "descricao": null
        },
        {
            "codigo": 707,
            "data": "2013-05-31 00:00:00",
            "valor": "0.00",
            "descricao": null
        },
        {
            "codigo": 708,
            "data": "2013-04-30 00:00:00",
            "valor": "0.00",
            "descricao": null
        },
        {
            "codigo": 709,
            "data": "2013-03-31 00:00:00",
            "valor": "0.00",
            "descricao": null
        },
        {
            "codigo": 710,
            "data": "2013-02-28 00:00:00",
            "valor": "0.00",
            "descricao": null
        },
        {
            "codigo": 3894,
            "data": "2018-12-31 00:00:00",
            "valor": "260.00",
            "descricao": null
        },
        {
            "codigo": 4124,
            "data": "2019-12-31 00:00:00",
            "valor": "343.00",
            "descricao": null
        },
        {
            "codigo": 5106,
            "data": "2020-12-31 00:00:00",
            "valor": "248.00",
            "descricao": null
        },
        {
            "codigo": 5990,
            "data": "2021-12-30 00:00:00",
            "valor": "389.00",
            "descricao": null
        },
        {
            "codigo": 6877,
            "data": "2022-12-31 00:00:00",
            "valor": "854.00",
            "descricao": null
        },
        {
            "codigo": 7575,
            "data": "2023-12-31 00:00:00",
            "valor": "1281.00",
            "descricao": null
        }
    ]
}