{
    "codigo": 5440,
    "nome": "Despesa total do munic\u00edpio",
    "descricao": "Despesa total do munic\u00edpio - Cidade Aberta",
    "fonte": "SEFIN - Sistemas informatizados de tributos e cont\u00e1bil do Munic\u00edpio",
    "tipoValor": "D",
    "periodicidade": {
        "codigo": 6,
        "descricao": "Anual"
    },
    "tags": [
        {
            "codigo": 4,
            "descricao": "Santos Eficiente"
        }
    ],
    "secretarias": [
        {
            "codigo": 4681,
            "dado_codigo": 5440,
            "sigla": "SEFIN",
            "nome": "SECRETARIA MUNICIPAL DE FINAN\u00c7AS E GEST\u00c3O"
        }
    ],
    "autarquias": [],
    "metas": [
        {
            "codigo": 17,
            "numero": 16,
            "titulo": "Paz, Justi\u00e7a e Institui\u00e7\u00f5es Eficazes",
            "objetivo": "Promover sociedades pac\u00edficas e inclusivas para o desenvolvimento sustent\u00e1vel, proporcionar o acesso \u00e0 justi\u00e7a para todos e construir institui\u00e7\u00f5es eficazes, respons\u00e1veis e inclusivas em todos os n\u00edveis",
            "imagem_url": "17.jpg",
            "link": "http://www.agenda2030.org.br/ods/16/"
        }
    ],
    "eixos": [
        {
            "codigo": 4,
            "descricao": "Governan\u00e7a"
        }
    ],
    "valores": [
        {
            "codigo": 3943,
            "data": "2018-12-31 00:00:00",
            "valor": "2005213960.40",
            "descricao": null
        },
        {
            "codigo": 4568,
            "data": "2019-12-31 00:00:00",
            "valor": "2300123464.39",
            "descricao": null
        },
        {
            "codigo": 5092,
            "data": "2020-12-31 00:00:00",
            "valor": "2618951388.81",
            "descricao": null
        },
        {
            "codigo": 5443,
            "data": "2021-12-31 00:00:00",
            "valor": "2760240659.52",
            "descricao": null
        },
        {
            "codigo": 6825,
            "data": "2022-12-31 00:00:00",
            "valor": "2999576153.26",
            "descricao": null
        },
        {
            "codigo": 7591,
            "data": "2023-12-31 00:00:00",
            "valor": "4591046005.00",
            "descricao": null
        }
    ]
}