{
    "codigo": 5441,
    "nome": "Arrecada\u00e7\u00e3o com o Fundo de Participa\u00e7\u00e3o dos Munic\u00edpios (FPM)",
    "descricao": "Arrecada\u00e7\u00e3o com o Fundo de Participa\u00e7\u00e3o dos Munic\u00edpios (FPM) - Cidade Aberta",
    "fonte": "SEFIN - Sistemas informatizados de tributos e cont\u00e1bil do Munic\u00edpio",
    "tipoValor": "D",
    "periodicidade": {
        "codigo": 6,
        "descricao": "Anual"
    },
    "tags": [
        {
            "codigo": 4,
            "descricao": "Santos Eficiente"
        }
    ],
    "secretarias": [
        {
            "codigo": 4681,
            "dado_codigo": 5441,
            "sigla": "SEFIN",
            "nome": "SECRETARIA MUNICIPAL DE FINAN\u00c7AS E GEST\u00c3O"
        }
    ],
    "autarquias": [],
    "metas": [
        {
            "codigo": 17,
            "numero": 16,
            "titulo": "Paz, Justi\u00e7a e Institui\u00e7\u00f5es Eficazes",
            "objetivo": "Promover sociedades pac\u00edficas e inclusivas para o desenvolvimento sustent\u00e1vel, proporcionar o acesso \u00e0 justi\u00e7a para todos e construir institui\u00e7\u00f5es eficazes, respons\u00e1veis e inclusivas em todos os n\u00edveis",
            "imagem_url": "17.jpg",
            "link": "http://www.agenda2030.org.br/ods/16/"
        }
    ],
    "eixos": [
        {
            "codigo": 11,
            "descricao": "Economia Local, Din\u00e2mica, Criativa e Sustent\u00e1vel"
        }
    ],
    "valores": [
        {
            "codigo": 3944,
            "data": "2018-12-31 00:00:00",
            "valor": "69087785.33",
            "descricao": null
        },
        {
            "codigo": 4569,
            "data": "2019-12-31 00:00:00",
            "valor": "74827272.04",
            "descricao": null
        },
        {
            "codigo": 5093,
            "data": "2020-12-31 00:00:00",
            "valor": "71431674.35",
            "descricao": null
        },
        {
            "codigo": 5441,
            "data": "2021-12-31 00:00:00",
            "valor": "88032431.68",
            "descricao": null
        },
        {
            "codigo": 6822,
            "data": "2022-12-31 00:00:00",
            "valor": "109683409.24",
            "descricao": null
        },
        {
            "codigo": 7500,
            "data": "2023-12-31 00:00:00",
            "valor": "123497204.54",
            "descricao": null
        }
    ]
}