{
    "codigo": 5442,
    "nome": "Arrecada\u00e7\u00e3o com o Imposto sobre Circula\u00e7\u00e3o de Mercadorias e Presta\u00e7\u00e3o de Servi\u00e7os (ICMS)",
    "descricao": "Arrecada\u00e7\u00e3o com o Imposto sobre Circula\u00e7\u00e3o de Mercadorias e Presta\u00e7\u00e3o de Servi\u00e7os (ICMS) - Cidade Aberta",
    "fonte": "SEFIN - Sistemas informatizados de tributos e cont\u00e1bil do Munic\u00edpio",
    "tipoValor": "D",
    "periodicidade": {
        "codigo": 6,
        "descricao": "Anual"
    },
    "tags": [
        {
            "codigo": 4,
            "descricao": "Santos Eficiente"
        }
    ],
    "secretarias": [
        {
            "codigo": 4681,
            "dado_codigo": 5442,
            "sigla": "SEFIN",
            "nome": "SECRETARIA MUNICIPAL DE FINAN\u00c7AS E GEST\u00c3O"
        }
    ],
    "autarquias": [],
    "metas": [
        {
            "codigo": 17,
            "numero": 16,
            "titulo": "Paz, Justi\u00e7a e Institui\u00e7\u00f5es Eficazes",
            "objetivo": "Promover sociedades pac\u00edficas e inclusivas para o desenvolvimento sustent\u00e1vel, proporcionar o acesso \u00e0 justi\u00e7a para todos e construir institui\u00e7\u00f5es eficazes, respons\u00e1veis e inclusivas em todos os n\u00edveis",
            "imagem_url": "17.jpg",
            "link": "http://www.agenda2030.org.br/ods/16/"
        }
    ],
    "eixos": [
        {
            "codigo": 11,
            "descricao": "Economia Local, Din\u00e2mica, Criativa e Sustent\u00e1vel"
        }
    ],
    "valores": [
        {
            "codigo": 3945,
            "data": "2018-12-31 00:00:00",
            "valor": "303556682.26",
            "descricao": null
        },
        {
            "codigo": 4570,
            "data": "2019-12-31 00:00:00",
            "valor": "322356298.29",
            "descricao": null
        },
        {
            "codigo": 5094,
            "data": "2020-12-31 00:00:00",
            "valor": "278352855.85",
            "descricao": null
        },
        {
            "codigo": 5442,
            "data": "2021-12-31 00:00:00",
            "valor": "477833014.19",
            "descricao": null
        },
        {
            "codigo": 6823,
            "data": "2022-12-31 00:00:00",
            "valor": "589934101.47",
            "descricao": null
        },
        {
            "codigo": 7501,
            "data": "2023-12-31 00:00:00",
            "valor": "691016431.35",
            "descricao": null
        }
    ]
}