{
    "codigo": 5444,
    "nome": "Total arrecadado com o Imposto Predial e Territorial Urbano (IPTU)",
    "descricao": "Total arrecadado com o Imposto Predial e Territorial Urbano (IPTU)",
    "fonte": "Sistemas informatizados de tributos e cont\u00e1bil do Munic\u00edpio",
    "tipoValor": "D",
    "periodicidade": {
        "codigo": 6,
        "descricao": "Anual"
    },
    "tags": [
        {
            "codigo": 4,
            "descricao": "Santos Eficiente"
        }
    ],
    "secretarias": [
        {
            "codigo": 4681,
            "dado_codigo": 5444,
            "sigla": "SEFIN",
            "nome": "SECRETARIA MUNICIPAL DE FINAN\u00c7AS E GEST\u00c3O"
        }
    ],
    "autarquias": [],
    "metas": [
        {
            "codigo": 17,
            "numero": 16,
            "titulo": "Paz, Justi\u00e7a e Institui\u00e7\u00f5es Eficazes",
            "objetivo": "Promover sociedades pac\u00edficas e inclusivas para o desenvolvimento sustent\u00e1vel, proporcionar o acesso \u00e0 justi\u00e7a para todos e construir institui\u00e7\u00f5es eficazes, respons\u00e1veis e inclusivas em todos os n\u00edveis",
            "imagem_url": "17.jpg",
            "link": "http://www.agenda2030.org.br/ods/16/"
        }
    ],
    "eixos": [
        {
            "codigo": 11,
            "descricao": "Economia Local, Din\u00e2mica, Criativa e Sustent\u00e1vel"
        }
    ],
    "valores": [
        {
            "codigo": 3947,
            "data": "2018-12-31 00:00:00",
            "valor": "556933769.63",
            "descricao": null
        },
        {
            "codigo": 4572,
            "data": "2019-12-31 00:00:00",
            "valor": "581231210.62",
            "descricao": null
        },
        {
            "codigo": 4986,
            "data": "2020-12-31 00:00:00",
            "valor": "492911523.24",
            "descricao": null
        },
        {
            "codigo": 5444,
            "data": "2021-12-31 00:00:00",
            "valor": "517784630.36",
            "descricao": null
        },
        {
            "codigo": 7534,
            "data": "2023-12-31 00:00:00",
            "valor": "656176155.43",
            "descricao": null
        }
    ]
}