{
    "codigo": 5445,
    "nome": "Total arrecadado com o Imposto sobre Servi\u00e7os (ISS)",
    "descricao": "Total arrecadado com o Imposto sobre Servi\u00e7os (ISS)",
    "fonte": "Sistemas informatizados de tributos e cont\u00e1bil do Munic\u00edpio",
    "tipoValor": "D",
    "periodicidade": {
        "codigo": 6,
        "descricao": "Anual"
    },
    "tags": [
        {
            "codigo": 4,
            "descricao": "Santos Eficiente"
        }
    ],
    "secretarias": [
        {
            "codigo": 4681,
            "dado_codigo": 5445,
            "sigla": "SEFIN",
            "nome": "SECRETARIA MUNICIPAL DE FINAN\u00c7AS E GEST\u00c3O"
        }
    ],
    "autarquias": [],
    "metas": [
        {
            "codigo": 17,
            "numero": 16,
            "titulo": "Paz, Justi\u00e7a e Institui\u00e7\u00f5es Eficazes",
            "objetivo": "Promover sociedades pac\u00edficas e inclusivas para o desenvolvimento sustent\u00e1vel, proporcionar o acesso \u00e0 justi\u00e7a para todos e construir institui\u00e7\u00f5es eficazes, respons\u00e1veis e inclusivas em todos os n\u00edveis",
            "imagem_url": "17.jpg",
            "link": "http://www.agenda2030.org.br/ods/16/"
        }
    ],
    "eixos": [
        {
            "codigo": 11,
            "descricao": "Economia Local, Din\u00e2mica, Criativa e Sustent\u00e1vel"
        }
    ],
    "valores": [
        {
            "codigo": 3948,
            "data": "2018-12-31 00:00:00",
            "valor": "611411736.84",
            "descricao": null
        },
        {
            "codigo": 4573,
            "data": "2019-12-31 00:00:00",
            "valor": "709063360.48",
            "descricao": null
        },
        {
            "codigo": 4987,
            "data": "2020-12-31 00:00:00",
            "valor": "744905567.33",
            "descricao": null
        },
        {
            "codigo": 5445,
            "data": "2021-12-31 00:00:00",
            "valor": "842160432.72",
            "descricao": null
        },
        {
            "codigo": 7535,
            "data": "2023-12-31 00:00:00",
            "valor": "1127761314.98",
            "descricao": null
        }
    ]
}