{
    "codigo": 5447,
    "nome": "Total de pagamentos realizados em raz\u00e3o de horas extras",
    "descricao": "Total de pagamentos realizados em raz\u00e3o de horas extras",
    "fonte": "SEFIN, ANTIGA SEGES",
    "tipoValor": "D",
    "periodicidade": {
        "codigo": 6,
        "descricao": "Anual"
    },
    "tags": [
        {
            "codigo": 4,
            "descricao": "Santos Eficiente"
        }
    ],
    "secretarias": [
        {
            "codigo": 4681,
            "dado_codigo": 5447,
            "sigla": "SEFIN",
            "nome": "SECRETARIA MUNICIPAL DE FINAN\u00c7AS E GEST\u00c3O"
        }
    ],
    "autarquias": [],
    "metas": [
        {
            "codigo": 9,
            "numero": 8,
            "titulo": "Trabalho Decente e Crescimento Econ\u00f4mico",
            "objetivo": "Promover o crescimento econ\u00f4mico sustentado, inclusivo e sustent\u00e1vel, o emprego pleno e produtivo e o trabalho decente para todos",
            "imagem_url": "9.jpg",
            "link": "http://www.agenda2030.org.br/ods/8/"
        }
    ],
    "eixos": [
        {
            "codigo": 11,
            "descricao": "Economia Local, Din\u00e2mica, Criativa e Sustent\u00e1vel"
        }
    ],
    "valores": [
        {
            "codigo": 3898,
            "data": "2018-12-31 00:00:00",
            "valor": "9727102.91",
            "descricao": null
        },
        {
            "codigo": 4127,
            "data": "2019-12-31 00:00:00",
            "valor": "13151256.10",
            "descricao": null
        },
        {
            "codigo": 5076,
            "data": "2020-12-31 00:00:00",
            "valor": "15606646.77",
            "descricao": null
        },
        {
            "codigo": 5991,
            "data": "2021-12-30 00:00:00",
            "valor": "16692970.95",
            "descricao": null
        },
        {
            "codigo": 6890,
            "data": "2022-12-31 00:00:00",
            "valor": "20115595.49",
            "descricao": null
        },
        {
            "codigo": 7577,
            "data": "2023-12-31 00:00:00",
            "valor": "23694244.32",
            "descricao": null
        }
    ]
}