{
    "codigo": 5488,
    "nome": "Quantidade de empresas microempreendedoras individuais (MEI) cadastradas no munic\u00edpio",
    "descricao": "Quantidade de empresas microempreendedoras individuais (MEI) cadastradas no munic\u00edpio",
    "fonte": "Sefin",
    "tipoValor": "I",
    "periodicidade": {
        "codigo": 6,
        "descricao": "Anual"
    },
    "tags": [
        {
            "codigo": 4,
            "descricao": "Santos Eficiente"
        }
    ],
    "secretarias": [
        {
            "codigo": 4681,
            "dado_codigo": 5488,
            "sigla": "SEFIN",
            "nome": "SECRETARIA MUNICIPAL DE FINAN\u00c7AS E GEST\u00c3O"
        }
    ],
    "autarquias": [],
    "metas": [
        {
            "codigo": 9,
            "numero": 8,
            "titulo": "Trabalho Decente e Crescimento Econ\u00f4mico",
            "objetivo": "Promover o crescimento econ\u00f4mico sustentado, inclusivo e sustent\u00e1vel, o emprego pleno e produtivo e o trabalho decente para todos",
            "imagem_url": "9.jpg",
            "link": "http://www.agenda2030.org.br/ods/8/"
        }
    ],
    "eixos": [
        {
            "codigo": 11,
            "descricao": "Economia Local, Din\u00e2mica, Criativa e Sustent\u00e1vel"
        }
    ],
    "valores": [
        {
            "codigo": 3950,
            "data": "2018-12-31 00:00:00",
            "valor": "8116.00",
            "descricao": null
        },
        {
            "codigo": 4589,
            "data": "2019-12-31 00:00:00",
            "valor": "10305.00",
            "descricao": null
        },
        {
            "codigo": 4990,
            "data": "2020-12-31 00:00:00",
            "valor": "12749.00",
            "descricao": null
        },
        {
            "codigo": 5490,
            "data": "2021-12-31 00:00:00",
            "valor": "13039.00",
            "descricao": null
        }
    ]
}