{
    "codigo": 2,
    "nome": "A\u00e7\u00f5es de preserva\u00e7\u00e3o, valoriza\u00e7\u00e3o e difus\u00e3o do patrim\u00f4nio material e imaterial",
    "descricao": "Exist\u00eancia no munic\u00edpio de a\u00e7\u00f5es de preserva\u00e7\u00e3o, valoriza\u00e7\u00e3o e difus\u00e3o do patrim\u00f4nio material e imaterial - Cidades Sustentaveis",
    "fonte": "SECULT",
    "tipoValor": "T",
    "periodicidade": {
        "codigo": 6,
        "descricao": "Anual"
    },
    "tags": [
        {
            "codigo": 2,
            "descricao": "Santos Cultural e Tur\u00edstica"
        }
    ],
    "secretarias": [
        {
            "codigo": 609,
            "dado_codigo": 2,
            "sigla": "SECULT",
            "nome": "SECRETARIA MUNICIPAL DE CULTURA"
        }
    ],
    "autarquias": [],
    "metas": [
        {
            "codigo": 6,
            "numero": 4,
            "titulo": "Educa\u00e7\u00e3o de Qualidade",
            "objetivo": "Assegurar a educa\u00e7\u00e3o inclusiva e equitativa de qualidade, e promover oportunidades de aprendizagem ao longo da vida para todos",
            "imagem_url": "6.jpg",
            "link": "http://www.agenda2030.org.br/ods/4/"
        },
        {
            "codigo": 12,
            "numero": 11,
            "titulo": "Cidades e Comunidades Sustent\u00e1veis",
            "objetivo": "Tornar as cidades e os assentamentos humanos inclusivos, seguros, resilientes e sustent\u00e1veis",
            "imagem_url": "12.jpg",
            "link": "http://www.agenda2030.org.br/ods/11/"
        }
    ],
    "eixos": [
        {
            "codigo": 9,
            "descricao": "Cultura para a Sustentabilidade"
        }
    ],
    "valores": [
        {
            "codigo": 5,
            "data": "2016-12-31 00:00:00",
            "valor": "0.00",
            "descricao": "As a\u00e7\u00f5es do Conselho de Defesa do Patrim\u00f4nio Cultural de Santos (Condepasa) foram: 21 Reuni\u00f5es Ordin\u00e1rias de 532\u00aa \u00e0 552\u00aa; 01 Reuni\u00e3o Extraordin\u00e1ria e 22 Vistorias T\u00e9cnicas referentes a Estudos de Tombamento, Isen\u00e7\u00e3o de IPTU, Baixa de Obras de Restauro ou den\u00fancias de Obras Irregulares. Totalizando 44 a\u00e7\u00f5es"
        },
        {
            "codigo": 6,
            "data": "2015-12-31 00:00:00",
            "valor": "0.00",
            "descricao": "As a\u00e7\u00f5es do Conselho de Defesa do Patrim\u00f4nio Cultural de Santos (Condepasa) foram: 22 Reuni\u00f5es Ordin\u00e1rias; 01 Reuni\u00e3o Extraordin\u00e1ria e 20 Vistorias T\u00e9cnicas, totalizando 43 a\u00e7\u00f5es"
        },
        {
            "codigo": 7,
            "data": "2014-12-31 00:00:00",
            "valor": "0.00",
            "descricao": "As a\u00e7\u00f5es do Conselho de Defesa do Patrim\u00f4nio Cultural de Santos (Condepasa) foram: 22 Reuni\u00f5es Ordin\u00e1rias; 02 Reuni\u00e3o Extraordin\u00e1ria e 18 Vistorias T\u00e9cnicas, totalizando 42 a\u00e7\u00f5es"
        },
        {
            "codigo": 8,
            "data": "2013-12-31 00:00:00",
            "valor": "0.00",
            "descricao": "As a\u00e7\u00f5es do Conselho de Defesa do Patrim\u00f4nio Cultural de Santos (Condepasa) foram: 16 Reuni\u00f5es Ordin\u00e1rias; 03 Reuni\u00e3o Extraordin\u00e1ria e 21 Vistorias T\u00e9cnicas, totalizando 40 a\u00e7\u00f5es"
        },
        {
            "codigo": 3307,
            "data": "2017-12-31 00:00:00",
            "valor": null,
            "descricao": "Houve 56 a\u00e7\u00f5es do Conselho de Defesa do Patrim\u00f4nio Cultural de Santos (Condepasa) no ano de 2018, entre reuni\u00f5es ordin\u00e1rias, vistorias t\u00e9cnicas referentes \u00e0 estudos de tombamento, isen\u00e7\u00e3o de IPTU, baixa de obras de restauro ou den\u00fancias de obras irregulares."
        },
        {
            "codigo": 3824,
            "data": "2018-12-31 00:00:00",
            "valor": null,
            "descricao": "Houve 56 a\u00e7\u00f5es do Conselho de Defesa do Patrim\u00f4nio Cultural de Santos (Condepasa), entre reuni\u00f5es ordin\u00e1rias, vistorias t\u00e9cnicas referentes \u00e0 estudos de tombamento, isen\u00e7\u00e3o de IPTU, baixa de obras de restauro ou den\u00fancias de obras irregulares."
        },
        {
            "codigo": 4478,
            "data": "2019-12-30 00:00:00",
            "valor": null,
            "descricao": "Houve 58 a\u00e7\u00f5es do Conselho de Defesa do Patrim\u00f4nio Cultural de Santos (CONDEPASA), entre reuni\u00f5es ordin\u00e1rias, vistorias t\u00e9cnicas referentes \u00e0 estudos de tombamento, isen\u00e7\u00e3o de IPTU, baixa de obras de restauro ou den\u00fancias de obras irregulares."
        },
        {
            "codigo": 4905,
            "data": "2020-12-31 00:00:00",
            "valor": null,
            "descricao": "Houve 48 a\u00e7\u00f5es do Conselho de Defesa do Patrim\u00f4nio Cultural de Santos (CONDEPASA) , entre reuni\u00f5es ordin\u00e1rias, vistorias t\u00e9cnicas referentes a estudos de Tombamento, isen\u00e7\u00e3o de IPTU, baixas de obras de restauro ou den\u00fancias de obras irregulares."
        },
        {
            "codigo": 6058,
            "data": "2021-12-31 00:00:00",
            "valor": null,
            "descricao": "Houve 48 a\u00e7\u00f5es do Conselho de Defesa do Patrim\u00f4nio Cultural de Santos (CONDEPASA) , entre reuni\u00f5es ordin\u00e1rias, vistorias t\u00e9cnicas referentes a estudos de Tombamento, isen\u00e7\u00e3o de IPTU, baixas de obras de restauro ou den\u00fancias de obras irregulares."
        },
        {
            "codigo": 6944,
            "data": "2022-12-31 00:00:00",
            "valor": null,
            "descricao": "Houve 148 a\u00e7\u00f5es do Conselho de Defesa do Patrim\u00f4nio Cultural de Santos (CONDEPASA) e da Coordenadoria de Museus e Galerias, respons\u00e1vel pela manuten\u00e7\u00e3o dos monumentos p\u00fablicos da Cidade. Compete ao Condepasa a realiza\u00e7\u00e3o de reuni\u00f5es ordin\u00e1rias, vistorias t\u00e9cnicas referentes a estudos de Tombamento, baixas de obras de restauro e den\u00fancias de obras irregulares."
        }
    ]
}