{
    "codigo": 4863,
    "nome": "Distribui\u00e7\u00e3o por faixas de renda (pessoas com 10 anos ou mais de idade) \u2013 mais de 2 a 5 sal\u00e1rios m\u00ednimos",
    "descricao": "Distribui\u00e7\u00e3o por faixas de renda (pessoas com 10 anos ou mais de idade) \u2013 mais de 2 a 5 sal\u00e1rios m\u00ednimos - Cidades Sustentaveis",
    "fonte": "SEPORTE",
    "tipoValor": "I",
    "periodicidade": {
        "codigo": 6,
        "descricao": "Anual"
    },
    "tags": [
        {
            "codigo": 4,
            "descricao": "Santos Eficiente"
        }
    ],
    "secretarias": [
        {
            "codigo": 5939,
            "dado_codigo": 4863,
            "sigla": "SEPORTE",
            "nome": "SECRETARIA MUNICIPAL DE ASSUNTOS PORTU\u00c1RIOS E EMPREGO"
        }
    ],
    "autarquias": [],
    "metas": [
        {
            "codigo": 2,
            "numero": 1,
            "titulo": "Erradica\u00e7\u00e3o da Pobreza",
            "objetivo": "Acabar com a pobreza em todas as suas formas, em todos os lugares",
            "imagem_url": "2.jpg",
            "link": "http://www.agenda2030.org.br/ods/1/"
        }
    ],
    "eixos": [
        {
            "codigo": 6,
            "descricao": "Equidade, Justi\u00e7a Social e Cultura de Paz"
        }
    ],
    "valores": [
        {
            "codigo": 1368,
            "data": "2017-12-31 00:00:00",
            "valor": "89495.00",
            "descricao": null
        },
        {
            "codigo": 1369,
            "data": "2016-12-31 00:00:00",
            "valor": "89495.00",
            "descricao": null
        },
        {
            "codigo": 3840,
            "data": "2018-12-31 00:00:00",
            "valor": "89495.00",
            "descricao": null
        },
        {
            "codigo": 4300,
            "data": "2019-12-31 00:00:00",
            "valor": "89495.00",
            "descricao": null
        },
        {
            "codigo": 5141,
            "data": "2020-12-31 00:00:00",
            "valor": "89495.00",
            "descricao": null
        },
        {
            "codigo": 6094,
            "data": "2021-12-31 00:00:00",
            "valor": "89495.00",
            "descricao": null
        },
        {
            "codigo": 6775,
            "data": "2022-12-31 00:00:00",
            "valor": "191722.00",
            "descricao": null
        }
    ]
}