{
    "codigo": 4870,
    "nome": "Popula\u00e7\u00e3o residente com 10 anos ou mais",
    "descricao": "Popula\u00e7\u00e3o residente com 10 anos ou mais - Cidades Sustent\u00e1veis - IBGE",
    "fonte": "IBGE",
    "tipoValor": "I",
    "periodicidade": {
        "codigo": 6,
        "descricao": "Anual"
    },
    "tags": [
        {
            "codigo": 4,
            "descricao": "Santos Eficiente"
        }
    ],
    "secretarias": [
        {
            "codigo": 5491,
            "dado_codigo": 4870,
            "sigla": "SEECTUR",
            "nome": "SECRETARIA MUNICIPAL DE EMPREENDEDORISMO, ECONOMIA CRIATIVA E TURISMO"
        }
    ],
    "autarquias": [],
    "metas": [
        {
            "codigo": 2,
            "numero": 1,
            "titulo": "Erradica\u00e7\u00e3o da Pobreza",
            "objetivo": "Acabar com a pobreza em todas as suas formas, em todos os lugares",
            "imagem_url": "2.jpg",
            "link": "http://www.agenda2030.org.br/ods/1/"
        }
    ],
    "eixos": [
        {
            "codigo": 6,
            "descricao": "Equidade, Justi\u00e7a Social e Cultura de Paz"
        }
    ],
    "valores": [
        {
            "codigo": 1540,
            "data": "2017-12-31 00:00:00",
            "valor": "375661.00",
            "descricao": null
        },
        {
            "codigo": 1541,
            "data": "2014-12-31 00:00:00",
            "valor": "375661.00",
            "descricao": null
        },
        {
            "codigo": 1542,
            "data": "2013-12-31 00:00:00",
            "valor": "375661.00",
            "descricao": null
        },
        {
            "codigo": 1543,
            "data": "2016-12-31 00:00:00",
            "valor": "375661.00",
            "descricao": null
        },
        {
            "codigo": 1544,
            "data": "2015-12-31 00:00:00",
            "valor": "375661.00",
            "descricao": null
        },
        {
            "codigo": 3845,
            "data": "2018-12-31 00:00:00",
            "valor": "375661.00",
            "descricao": null
        },
        {
            "codigo": 4305,
            "data": "2019-12-31 00:00:00",
            "valor": "389502.00",
            "descricao": null
        },
        {
            "codigo": 5158,
            "data": "2020-12-31 00:00:00",
            "valor": "389502.00",
            "descricao": null
        },
        {
            "codigo": 6102,
            "data": "2021-12-31 00:00:00",
            "valor": "389502.00",
            "descricao": null
        },
        {
            "codigo": 6649,
            "data": "2022-12-31 00:00:00",
            "valor": "389502.00",
            "descricao": null
        },
        {
            "codigo": 7388,
            "data": "2023-12-31 00:00:00",
            "valor": "380111.00",
            "descricao": null
        }
    ]
}