{
    "codigo": 4872,
    "nome": "N\u00famero de nascidos vivos cujas m\u00e3es fizeram menos de 7 consultas pr\u00e9-natal",
    "descricao": "N\u00famero de nascidos vivos cujas m\u00e3es fizeram menos de 7 consultas pr\u00e9-natal - Cidades Sustentaveis",
    "fonte": "Sms",
    "tipoValor": "I",
    "periodicidade": {
        "codigo": 6,
        "descricao": "Anual"
    },
    "tags": [
        {
            "codigo": 17,
            "descricao": "Santos Saud\u00e1vel"
        }
    ],
    "secretarias": [
        {
            "codigo": 3399,
            "dado_codigo": 4872,
            "sigla": "SMS",
            "nome": "SECRETARIA MUNICIPAL DE SA\u00daDE"
        }
    ],
    "autarquias": [],
    "metas": [
        {
            "codigo": 4,
            "numero": 3,
            "titulo": "Sa\u00fade e Bem-Estar",
            "objetivo": "Assegurar uma vida saud\u00e1vel e promover o bem-estar para todos, em todas as idades",
            "imagem_url": "4.jpg",
            "link": "http://www.agenda2030.org.br/ods/3/"
        }
    ],
    "eixos": [
        {
            "codigo": 14,
            "descricao": "A\u00e7\u00e3o Local para a Sa\u00fade"
        }
    ],
    "valores": [
        {
            "codigo": 1551,
            "data": "2015-12-31 00:00:00",
            "valor": "710.00",
            "descricao": null
        },
        {
            "codigo": 1552,
            "data": "2016-12-31 00:00:00",
            "valor": "514.00",
            "descricao": null
        },
        {
            "codigo": 1553,
            "data": "2017-12-31 00:00:00",
            "valor": "713.00",
            "descricao": null
        },
        {
            "codigo": 1554,
            "data": "2013-12-31 00:00:00",
            "valor": "945.00",
            "descricao": null
        },
        {
            "codigo": 1555,
            "data": "2014-12-31 00:00:00",
            "valor": "907.00",
            "descricao": null
        },
        {
            "codigo": 3380,
            "data": "2018-12-31 00:00:00",
            "valor": "699.00",
            "descricao": null
        },
        {
            "codigo": 4090,
            "data": "2019-12-31 00:00:00",
            "valor": "739.00",
            "descricao": null
        },
        {
            "codigo": 4668,
            "data": "2020-12-31 00:00:00",
            "valor": "761.00",
            "descricao": null
        },
        {
            "codigo": 5745,
            "data": "2021-12-31 00:00:00",
            "valor": "650.00",
            "descricao": null
        },
        {
            "codigo": 6503,
            "data": "2022-12-31 00:00:00",
            "valor": "651.00",
            "descricao": null
        }
    ]
}