{
    "codigo": 4873,
    "nome": "N\u00famero de nascidos vivos cujas m\u00e3es tinham 19 anos ou menos",
    "descricao": "N\u00famero de nascidos vivos cujas m\u00e3es tinham 19 anos ou menos - Cidades Sustentaveis",
    "fonte": "Sms",
    "tipoValor": "I",
    "periodicidade": {
        "codigo": 6,
        "descricao": "Anual"
    },
    "tags": [
        {
            "codigo": 17,
            "descricao": "Santos Saud\u00e1vel"
        }
    ],
    "secretarias": [
        {
            "codigo": 3399,
            "dado_codigo": 4873,
            "sigla": "SMS",
            "nome": "SECRETARIA MUNICIPAL DE SA\u00daDE"
        }
    ],
    "autarquias": [],
    "metas": [
        {
            "codigo": 4,
            "numero": 3,
            "titulo": "Sa\u00fade e Bem-Estar",
            "objetivo": "Assegurar uma vida saud\u00e1vel e promover o bem-estar para todos, em todas as idades",
            "imagem_url": "4.jpg",
            "link": "http://www.agenda2030.org.br/ods/3/"
        }
    ],
    "eixos": [
        {
            "codigo": 14,
            "descricao": "A\u00e7\u00e3o Local para a Sa\u00fade"
        }
    ],
    "valores": [
        {
            "codigo": 1556,
            "data": "2014-12-31 00:00:00",
            "valor": "571.00",
            "descricao": null
        },
        {
            "codigo": 1557,
            "data": "2017-12-31 00:00:00",
            "valor": "484.00",
            "descricao": null
        },
        {
            "codigo": 1558,
            "data": "2013-12-31 00:00:00",
            "valor": "557.00",
            "descricao": null
        },
        {
            "codigo": 1559,
            "data": "2016-12-31 00:00:00",
            "valor": "442.00",
            "descricao": null
        },
        {
            "codigo": 1560,
            "data": "2015-12-31 00:00:00",
            "valor": "476.00",
            "descricao": null
        },
        {
            "codigo": 3381,
            "data": "2018-12-31 00:00:00",
            "valor": "388.00",
            "descricao": null
        },
        {
            "codigo": 4091,
            "data": "2019-12-31 00:00:00",
            "valor": "366.00",
            "descricao": null
        },
        {
            "codigo": 4669,
            "data": "2020-12-31 00:00:00",
            "valor": "352.00",
            "descricao": null
        },
        {
            "codigo": 5746,
            "data": "2021-12-31 00:00:00",
            "valor": "295.00",
            "descricao": null
        },
        {
            "codigo": 6504,
            "data": "2022-12-31 00:00:00",
            "valor": "246.00",
            "descricao": null
        }
    ]
}