{
    "codigo": 4874,
    "nome": "N\u00famero de \u00f3bitos por causas maternas",
    "descricao": "N\u00famero de \u00f3bitos por causas maternas - Cidades Sustentaveis",
    "fonte": "Sms",
    "tipoValor": "I",
    "periodicidade": {
        "codigo": 6,
        "descricao": "Anual"
    },
    "tags": [
        {
            "codigo": 17,
            "descricao": "Santos Saud\u00e1vel"
        }
    ],
    "secretarias": [
        {
            "codigo": 3399,
            "dado_codigo": 4874,
            "sigla": "SMS",
            "nome": "SECRETARIA MUNICIPAL DE SA\u00daDE"
        }
    ],
    "autarquias": [],
    "metas": [
        {
            "codigo": 4,
            "numero": 3,
            "titulo": "Sa\u00fade e Bem-Estar",
            "objetivo": "Assegurar uma vida saud\u00e1vel e promover o bem-estar para todos, em todas as idades",
            "imagem_url": "4.jpg",
            "link": "http://www.agenda2030.org.br/ods/3/"
        }
    ],
    "eixos": [
        {
            "codigo": 14,
            "descricao": "A\u00e7\u00e3o Local para a Sa\u00fade"
        }
    ],
    "valores": [
        {
            "codigo": 1561,
            "data": "2017-12-31 00:00:00",
            "valor": "1.00",
            "descricao": null
        },
        {
            "codigo": 1562,
            "data": "2016-12-31 00:00:00",
            "valor": "2.00",
            "descricao": null
        },
        {
            "codigo": 1563,
            "data": "2013-12-31 00:00:00",
            "valor": "3.00",
            "descricao": null
        },
        {
            "codigo": 1564,
            "data": "2014-12-31 00:00:00",
            "valor": "3.00",
            "descricao": null
        },
        {
            "codigo": 1565,
            "data": "2015-12-31 00:00:00",
            "valor": "3.00",
            "descricao": null
        },
        {
            "codigo": 3404,
            "data": "2018-12-31 00:00:00",
            "valor": "2.00",
            "descricao": null
        },
        {
            "codigo": 4097,
            "data": "2019-12-31 00:00:00",
            "valor": "3.00",
            "descricao": null
        },
        {
            "codigo": 4670,
            "data": "2020-12-31 00:00:00",
            "valor": "2.00",
            "descricao": null
        },
        {
            "codigo": 5747,
            "data": "2021-12-31 00:00:00",
            "valor": "6.00",
            "descricao": null
        },
        {
            "codigo": 6515,
            "data": "2022-12-31 00:00:00",
            "valor": "3.00",
            "descricao": null
        }
    ]
}