{
    "codigo": 4875,
    "nome": "N\u00famero de crian\u00e7as com baixo peso ao nascer",
    "descricao": "N\u00famero de crian\u00e7as com baixo peso ao nascer - Cidades Sustentaveis",
    "fonte": "Sms",
    "tipoValor": "I",
    "periodicidade": {
        "codigo": 6,
        "descricao": "Anual"
    },
    "tags": [
        {
            "codigo": 17,
            "descricao": "Santos Saud\u00e1vel"
        }
    ],
    "secretarias": [
        {
            "codigo": 3399,
            "dado_codigo": 4875,
            "sigla": "SMS",
            "nome": "SECRETARIA MUNICIPAL DE SA\u00daDE"
        }
    ],
    "autarquias": [],
    "metas": [
        {
            "codigo": 3,
            "numero": 2,
            "titulo": "Fome Zero e Agricultura Sustent\u00e1vel",
            "objetivo": "Acabar com a fome, alcan\u00e7ar a seguran\u00e7a alimentar e melhoria da nutri\u00e7\u00e3o e promover a agricultura sustent\u00e1vel",
            "imagem_url": "3.jpg",
            "link": "http://www.agenda2030.org.br/ods/2/"
        }
    ],
    "eixos": [
        {
            "codigo": 14,
            "descricao": "A\u00e7\u00e3o Local para a Sa\u00fade"
        }
    ],
    "valores": [
        {
            "codigo": 1566,
            "data": "2016-12-31 00:00:00",
            "valor": "390.00",
            "descricao": null
        },
        {
            "codigo": 1567,
            "data": "2017-12-31 00:00:00",
            "valor": "394.00",
            "descricao": null
        },
        {
            "codigo": 1568,
            "data": "2015-12-31 00:00:00",
            "valor": "444.00",
            "descricao": null
        },
        {
            "codigo": 1569,
            "data": "2014-12-31 00:00:00",
            "valor": "475.00",
            "descricao": null
        },
        {
            "codigo": 1570,
            "data": "2013-12-31 00:00:00",
            "valor": "439.00",
            "descricao": null
        },
        {
            "codigo": 3382,
            "data": "2018-12-31 00:00:00",
            "valor": "417.00",
            "descricao": null
        },
        {
            "codigo": 4089,
            "data": "2019-12-31 00:00:00",
            "valor": "393.00",
            "descricao": null
        },
        {
            "codigo": 4724,
            "data": "2020-12-31 00:00:00",
            "valor": "376.00",
            "descricao": null
        },
        {
            "codigo": 5748,
            "data": "2021-12-31 00:00:00",
            "valor": "376.00",
            "descricao": null
        },
        {
            "codigo": 6502,
            "data": "2022-12-31 00:00:00",
            "valor": "390.00",
            "descricao": null
        }
    ]
}