{
    "codigo": 4877,
    "nome": "Popula\u00e7\u00e3o de crian\u00e7as menores que 5 anos",
    "descricao": "Popula\u00e7\u00e3o de crian\u00e7as menores que 5 anos - Cidades Sustentaveis - IBGE",
    "fonte": "IBGE 2010",
    "tipoValor": "I",
    "periodicidade": {
        "codigo": 6,
        "descricao": "Anual"
    },
    "tags": [
        {
            "codigo": 17,
            "descricao": "Santos Saud\u00e1vel"
        }
    ],
    "secretarias": [
        {
            "codigo": 3399,
            "dado_codigo": 4877,
            "sigla": "SMS",
            "nome": "SECRETARIA MUNICIPAL DE SA\u00daDE"
        }
    ],
    "autarquias": [],
    "metas": [
        {
            "codigo": 3,
            "numero": 2,
            "titulo": "Fome Zero e Agricultura Sustent\u00e1vel",
            "objetivo": "Acabar com a fome, alcan\u00e7ar a seguran\u00e7a alimentar e melhoria da nutri\u00e7\u00e3o e promover a agricultura sustent\u00e1vel",
            "imagem_url": "3.jpg",
            "link": "http://www.agenda2030.org.br/ods/2/"
        }
    ],
    "eixos": [
        {
            "codigo": 14,
            "descricao": "A\u00e7\u00e3o Local para a Sa\u00fade"
        }
    ],
    "valores": [
        {
            "codigo": 1576,
            "data": "2017-12-31 00:00:00",
            "valor": "21280.00",
            "descricao": null
        },
        {
            "codigo": 1577,
            "data": "2015-12-31 00:00:00",
            "valor": "21280.00",
            "descricao": null
        },
        {
            "codigo": 1578,
            "data": "2013-12-31 00:00:00",
            "valor": "21280.00",
            "descricao": null
        },
        {
            "codigo": 1579,
            "data": "2014-12-31 00:00:00",
            "valor": "21280.00",
            "descricao": null
        },
        {
            "codigo": 1580,
            "data": "2016-12-31 00:00:00",
            "valor": "21280.00",
            "descricao": null
        },
        {
            "codigo": 3383,
            "data": "2018-12-31 00:00:00",
            "valor": "21280.00",
            "descricao": null
        },
        {
            "codigo": 4053,
            "data": "2019-12-31 00:00:00",
            "valor": "21280.00",
            "descricao": null
        },
        {
            "codigo": 4671,
            "data": "2020-12-31 00:00:00",
            "valor": "21280.00",
            "descricao": null
        },
        {
            "codigo": 5848,
            "data": "2021-12-31 00:00:00",
            "valor": "21280.00",
            "descricao": null
        },
        {
            "codigo": 6543,
            "data": "2022-12-31 00:00:00",
            "valor": "21280.00",
            "descricao": null
        }
    ]
}