{
    "codigo": 4878,
    "nome": "N\u00famero de pessoas infectadas com dengue, chikungunya ou zika",
    "descricao": "N\u00famero de pessoas infectadas com dengue, chikungunya ou zika - Cidades Sustentaveis",
    "fonte": "Sms",
    "tipoValor": "I",
    "periodicidade": {
        "codigo": 6,
        "descricao": "Anual"
    },
    "tags": [
        {
            "codigo": 17,
            "descricao": "Santos Saud\u00e1vel"
        }
    ],
    "secretarias": [
        {
            "codigo": 3399,
            "dado_codigo": 4878,
            "sigla": "SMS",
            "nome": "SECRETARIA MUNICIPAL DE SA\u00daDE"
        }
    ],
    "autarquias": [],
    "metas": [
        {
            "codigo": 4,
            "numero": 3,
            "titulo": "Sa\u00fade e Bem-Estar",
            "objetivo": "Assegurar uma vida saud\u00e1vel e promover o bem-estar para todos, em todas as idades",
            "imagem_url": "4.jpg",
            "link": "http://www.agenda2030.org.br/ods/3/"
        }
    ],
    "eixos": [
        {
            "codigo": 14,
            "descricao": "A\u00e7\u00e3o Local para a Sa\u00fade"
        }
    ],
    "valores": [
        {
            "codigo": 1581,
            "data": "2014-12-31 00:00:00",
            "valor": "2217.00",
            "descricao": null
        },
        {
            "codigo": 1582,
            "data": "2017-12-31 00:00:00",
            "valor": "69.00",
            "descricao": null
        },
        {
            "codigo": 1583,
            "data": "2016-12-31 00:00:00",
            "valor": "1273.00",
            "descricao": null
        },
        {
            "codigo": 1584,
            "data": "2015-12-31 00:00:00",
            "valor": "3614.00",
            "descricao": null
        },
        {
            "codigo": 1585,
            "data": "2013-12-31 00:00:00",
            "valor": "9531.00",
            "descricao": null
        },
        {
            "codigo": 3405,
            "data": "2018-12-31 00:00:00",
            "valor": "51.00",
            "descricao": null
        },
        {
            "codigo": 4084,
            "data": "2019-12-31 00:00:00",
            "valor": "162.00",
            "descricao": null
        },
        {
            "codigo": 4672,
            "data": "2020-12-31 00:00:00",
            "valor": "471.00",
            "descricao": null
        },
        {
            "codigo": 5749,
            "data": "2021-12-31 00:00:00",
            "valor": "11834.00",
            "descricao": null
        },
        {
            "codigo": 6509,
            "data": "2022-12-31 00:00:00",
            "valor": "720.00",
            "descricao": null
        }
    ]
}