{
    "codigo": 4879,
    "nome": "N\u00famero de catadores inclu\u00eddos no sistema de coleta seletiva",
    "descricao": "N\u00famero de catadores inclu\u00eddos no sistema de coleta seletiva - Cidades Sustentaveis",
    "fonte": "SEMAM",
    "tipoValor": "I",
    "periodicidade": {
        "codigo": 6,
        "descricao": "Anual"
    },
    "tags": [
        {
            "codigo": 20,
            "descricao": "Santos Sustent\u00e1vel"
        }
    ],
    "secretarias": [
        {
            "codigo": 5767,
            "dado_codigo": 4879,
            "sigla": "SEMAM",
            "nome": "SECRETARIA MUNICIPAL DE MEIO AMBIENTE E BEM-ESTAR ANIMAL"
        }
    ],
    "autarquias": [],
    "metas": [
        {
            "codigo": 13,
            "numero": 12,
            "titulo": "Consumo e Produ\u00e7\u00e3o Respons\u00e1veis",
            "objetivo": "Assegurar padr\u00f5es de produ\u00e7\u00e3o e de consumo sustent\u00e1veis",
            "imagem_url": "13.jpg",
            "link": "http://www.agenda2030.org.br/ods/12/"
        }
    ],
    "eixos": [
        {
            "codigo": 12,
            "descricao": "Consumo Respons\u00e1vel e Op\u00e7\u00f5es de Estilo de Vida"
        }
    ],
    "valores": [
        {
            "codigo": 1586,
            "data": "2014-12-31 00:00:00",
            "valor": "74.00",
            "descricao": null
        },
        {
            "codigo": 1587,
            "data": "2017-12-31 00:00:00",
            "valor": "154.00",
            "descricao": null
        },
        {
            "codigo": 1588,
            "data": "2015-12-31 00:00:00",
            "valor": "109.00",
            "descricao": null
        },
        {
            "codigo": 1589,
            "data": "2013-12-31 00:00:00",
            "valor": "90.00",
            "descricao": null
        },
        {
            "codigo": 1590,
            "data": "2016-12-31 00:00:00",
            "valor": "109.00",
            "descricao": null
        },
        {
            "codigo": 3535,
            "data": "2018-12-31 00:00:00",
            "valor": "166.00",
            "descricao": null
        },
        {
            "codigo": 4217,
            "data": "2019-12-31 00:00:00",
            "valor": "152.00",
            "descricao": null
        },
        {
            "codigo": 4732,
            "data": "2020-12-31 00:00:00",
            "valor": "235.00",
            "descricao": null
        },
        {
            "codigo": 5262,
            "data": "2021-12-31 00:00:00",
            "valor": "174.00",
            "descricao": null
        },
        {
            "codigo": 6192,
            "data": "2022-12-31 00:00:00",
            "valor": "167.00",
            "descricao": null
        },
        {
            "codigo": 7226,
            "data": "2023-12-31 00:00:00",
            "valor": "138.00",
            "descricao": null
        }
    ]
}