{
    "codigo": 4880,
    "nome": "N\u00famero total de catadores - Semam",
    "descricao": "N\u00famero total de catadores - Cidades Sustentaveis (dado compartilhado com a Seds)",
    "fonte": "SEMAM",
    "tipoValor": "I",
    "periodicidade": {
        "codigo": 6,
        "descricao": "Anual"
    },
    "tags": [
        {
            "codigo": 20,
            "descricao": "Santos Sustent\u00e1vel"
        }
    ],
    "secretarias": [
        {
            "codigo": 5767,
            "dado_codigo": 4880,
            "sigla": "SEMAM",
            "nome": "SECRETARIA MUNICIPAL DE MEIO AMBIENTE E BEM-ESTAR ANIMAL"
        }
    ],
    "autarquias": [],
    "metas": [
        {
            "codigo": 13,
            "numero": 12,
            "titulo": "Consumo e Produ\u00e7\u00e3o Respons\u00e1veis",
            "objetivo": "Assegurar padr\u00f5es de produ\u00e7\u00e3o e de consumo sustent\u00e1veis",
            "imagem_url": "13.jpg",
            "link": "http://www.agenda2030.org.br/ods/12/"
        }
    ],
    "eixos": [
        {
            "codigo": 12,
            "descricao": "Consumo Respons\u00e1vel e Op\u00e7\u00f5es de Estilo de Vida"
        }
    ],
    "valores": [
        {
            "codigo": 1591,
            "data": "2017-12-31 00:00:00",
            "valor": "277.00",
            "descricao": null
        },
        {
            "codigo": 1592,
            "data": "2016-12-31 00:00:00",
            "valor": "234.00",
            "descricao": null
        },
        {
            "codigo": 1593,
            "data": "2013-12-31 00:00:00",
            "valor": "112.00",
            "descricao": null
        },
        {
            "codigo": 1594,
            "data": "2014-12-31 00:00:00",
            "valor": "242.00",
            "descricao": null
        },
        {
            "codigo": 1595,
            "data": "2015-12-31 00:00:00",
            "valor": "234.00",
            "descricao": null
        },
        {
            "codigo": 3536,
            "data": "2018-12-31 00:00:00",
            "valor": "289.00",
            "descricao": null
        },
        {
            "codigo": 4218,
            "data": "2019-12-31 00:00:00",
            "valor": "130.00",
            "descricao": null
        },
        {
            "codigo": 4733,
            "data": "2020-12-31 00:00:00",
            "valor": "130.00",
            "descricao": null
        },
        {
            "codigo": 5263,
            "data": "2021-12-31 00:00:00",
            "valor": "142.00",
            "descricao": null
        },
        {
            "codigo": 6191,
            "data": "2022-12-31 00:00:00",
            "valor": "142.00",
            "descricao": null
        },
        {
            "codigo": 7225,
            "data": "2023-12-31 00:00:00",
            "valor": "82.00",
            "descricao": null
        }
    ]
}