{
    "codigo": 4882,
    "nome": "Valor total, em reais (R$), destinados \u00e0s campanhas de educa\u00e7\u00e3o cidad\u00e3",
    "descricao": "Valor total, em reais (R$), destinados \u00e0s campanhas de educa\u00e7\u00e3o cidad\u00e3 - Cidades Sustentaveis",
    "fonte": "SEGOV-DICOM",
    "tipoValor": "D",
    "periodicidade": {
        "codigo": 6,
        "descricao": "Anual"
    },
    "tags": [
        {
            "codigo": 18,
            "descricao": "Santos Transparente"
        }
    ],
    "secretarias": [
        {
            "codigo": 2859,
            "dado_codigo": 4882,
            "sigla": "SEGOV",
            "nome": "SECRETARIA MUNICIPAL DE GOVERNO"
        }
    ],
    "autarquias": [],
    "metas": [
        {
            "codigo": 5,
            "numero": 5,
            "titulo": "Igualdade de G\u00eanero",
            "objetivo": "Alcan\u00e7ar a igualdade de g\u00eanero e empoderar todas as mulheres e meninas",
            "imagem_url": "5.jpg",
            "link": "http://www.agenda2030.org.br/ods/5/"
        }
    ],
    "eixos": [
        {
            "codigo": 9,
            "descricao": "Cultura para a Sustentabilidade"
        }
    ],
    "valores": [
        {
            "codigo": 1601,
            "data": "2013-12-31 00:00:00",
            "valor": "0.00",
            "descricao": null
        },
        {
            "codigo": 1602,
            "data": "2014-12-31 00:00:00",
            "valor": "0.00",
            "descricao": null
        },
        {
            "codigo": 1603,
            "data": "2015-12-31 00:00:00",
            "valor": "2590737.55",
            "descricao": null
        },
        {
            "codigo": 1604,
            "data": "2017-12-31 00:00:00",
            "valor": "1599580.00",
            "descricao": null
        },
        {
            "codigo": 1605,
            "data": "2016-12-31 00:00:00",
            "valor": "951998.90",
            "descricao": null
        },
        {
            "codigo": 3937,
            "data": "2018-12-31 00:00:00",
            "valor": "1995630.00",
            "descricao": null
        },
        {
            "codigo": 4039,
            "data": "2019-12-31 00:00:00",
            "valor": "3245908.00",
            "descricao": null
        },
        {
            "codigo": 5186,
            "data": "2020-12-30 00:00:00",
            "valor": "3670120.00",
            "descricao": null
        },
        {
            "codigo": 5943,
            "data": "2021-12-31 00:00:00",
            "valor": "4215950.00",
            "descricao": null
        },
        {
            "codigo": 6821,
            "data": "2022-12-31 00:00:00",
            "valor": "6099081.39",
            "descricao": null
        }
    ]
}