{
    "codigo": 4884,
    "nome": "N\u00famero de centros culturais, espa\u00e7os e casas de cultura p\u00fablicos e privados",
    "descricao": "N\u00famero de centros culturais, espa\u00e7os e casas de cultura p\u00fablicos e privados - Cidades Sustentaveis",
    "fonte": "Secult",
    "tipoValor": "I",
    "periodicidade": {
        "codigo": 6,
        "descricao": "Anual"
    },
    "tags": [
        {
            "codigo": 2,
            "descricao": "Santos Cultural e Tur\u00edstica"
        }
    ],
    "secretarias": [
        {
            "codigo": 609,
            "dado_codigo": 4884,
            "sigla": "SECULT",
            "nome": "SECRETARIA MUNICIPAL DE CULTURA"
        }
    ],
    "autarquias": [],
    "metas": [
        {
            "codigo": 5,
            "numero": 5,
            "titulo": "Igualdade de G\u00eanero",
            "objetivo": "Alcan\u00e7ar a igualdade de g\u00eanero e empoderar todas as mulheres e meninas",
            "imagem_url": "5.jpg",
            "link": "http://www.agenda2030.org.br/ods/5/"
        }
    ],
    "eixos": [
        {
            "codigo": 9,
            "descricao": "Cultura para a Sustentabilidade"
        }
    ],
    "valores": [
        {
            "codigo": 1611,
            "data": "2013-12-31 00:00:00",
            "valor": "73.00",
            "descricao": null
        },
        {
            "codigo": 1612,
            "data": "2014-12-31 00:00:00",
            "valor": "75.00",
            "descricao": null
        },
        {
            "codigo": 1613,
            "data": "2015-12-31 00:00:00",
            "valor": "76.00",
            "descricao": null
        },
        {
            "codigo": 1614,
            "data": "2017-12-31 00:00:00",
            "valor": "81.00",
            "descricao": null
        },
        {
            "codigo": 1615,
            "data": "2016-12-31 00:00:00",
            "valor": "79.00",
            "descricao": null
        },
        {
            "codigo": 3667,
            "data": "2018-12-31 00:00:00",
            "valor": "81.00",
            "descricao": null
        },
        {
            "codigo": 4472,
            "data": "2019-12-30 00:00:00",
            "valor": "82.00",
            "descricao": null
        },
        {
            "codigo": 4898,
            "data": "2020-12-31 00:00:00",
            "valor": "164.00",
            "descricao": null
        },
        {
            "codigo": 6059,
            "data": "2021-12-31 00:00:00",
            "valor": "164.00",
            "descricao": null
        },
        {
            "codigo": 6947,
            "data": "2022-12-31 00:00:00",
            "valor": "164.00",
            "descricao": null
        }
    ]
}