{
    "codigo": 4885,
    "nome": "N\u00famero de livros infanto - juvenis dispon\u00edveis em bibliotecas municipais",
    "descricao": "N\u00famero de livros infanto - juvenis dispon\u00edveis em bibliotecas municipais - Cidades Sustentaveis",
    "fonte": "Secult",
    "tipoValor": "I",
    "periodicidade": {
        "codigo": 6,
        "descricao": "Anual"
    },
    "tags": [
        {
            "codigo": 2,
            "descricao": "Santos Cultural e Tur\u00edstica"
        }
    ],
    "secretarias": [
        {
            "codigo": 609,
            "dado_codigo": 4885,
            "sigla": "SECULT",
            "nome": "SECRETARIA MUNICIPAL DE CULTURA"
        }
    ],
    "autarquias": [],
    "metas": [
        {
            "codigo": 5,
            "numero": 5,
            "titulo": "Igualdade de G\u00eanero",
            "objetivo": "Alcan\u00e7ar a igualdade de g\u00eanero e empoderar todas as mulheres e meninas",
            "imagem_url": "5.jpg",
            "link": "http://www.agenda2030.org.br/ods/5/"
        }
    ],
    "eixos": [
        {
            "codigo": 9,
            "descricao": "Cultura para a Sustentabilidade"
        }
    ],
    "valores": [
        {
            "codigo": 1616,
            "data": "2016-12-31 00:00:00",
            "valor": "8992.00",
            "descricao": null
        },
        {
            "codigo": 1617,
            "data": "2015-12-31 00:00:00",
            "valor": "8870.00",
            "descricao": null
        },
        {
            "codigo": 1618,
            "data": "2014-12-31 00:00:00",
            "valor": "8862.00",
            "descricao": null
        },
        {
            "codigo": 1619,
            "data": "2017-12-31 00:00:00",
            "valor": "7974.00",
            "descricao": null
        },
        {
            "codigo": 1620,
            "data": "2013-12-31 00:00:00",
            "valor": "8732.00",
            "descricao": null
        },
        {
            "codigo": 3668,
            "data": "2018-12-31 00:00:00",
            "valor": "7974.00",
            "descricao": null
        },
        {
            "codigo": 4403,
            "data": "2019-12-30 00:00:00",
            "valor": "7974.00",
            "descricao": null
        },
        {
            "codigo": 4927,
            "data": "2020-12-31 00:00:00",
            "valor": "8124.00",
            "descricao": null
        },
        {
            "codigo": 6060,
            "data": "2021-12-31 00:00:00",
            "valor": "8524.00",
            "descricao": null
        },
        {
            "codigo": 6948,
            "data": "2022-12-31 00:00:00",
            "valor": "9127.00",
            "descricao": null
        }
    ]
}