{
    "codigo": 4896,
    "nome": "\u00c1rea total do munic\u00edpio em quil\u00f4metros quadrados (km\u00b2)",
    "descricao": "\u00c1rea total do munic\u00edpio em quil\u00f4metros quadrados (km\u00b2) (280,674) - Cidades Sustentaveis",
    "fonte": "SEDURB",
    "tipoValor": "D",
    "periodicidade": {
        "codigo": 6,
        "descricao": "Anual"
    },
    "tags": [
        {
            "codigo": 20,
            "descricao": "Santos Sustent\u00e1vel"
        }
    ],
    "secretarias": [
        {
            "codigo": 2937,
            "dado_codigo": 4896,
            "sigla": "SEDURB",
            "nome": "SECRETARIA MUNICIPAL DE DESENVOLVIMENTO URBANO"
        }
    ],
    "autarquias": [],
    "metas": [
        {
            "codigo": 16,
            "numero": 15,
            "titulo": "Vida Terrestre",
            "objetivo": "Proteger, recuperar e promover o uso sustent\u00e1vel dos ecossistemas terrestres, gerir de forma sustent\u00e1vel as florestas, combater a desertifica\u00e7\u00e3o, deter e reverter a degrada\u00e7\u00e3o da terra e deter a perda",
            "imagem_url": "16.jpg",
            "link": "http://www.agenda2030.org.br/ods/15/"
        }
    ],
    "eixos": [
        {
            "codigo": 5,
            "descricao": "Bens Naturais Comuns"
        }
    ],
    "valores": [
        {
            "codigo": 1672,
            "data": "2013-12-31 00:00:00",
            "valor": "281.00",
            "descricao": null
        },
        {
            "codigo": 1673,
            "data": "2016-12-31 00:00:00",
            "valor": "281.00",
            "descricao": null
        },
        {
            "codigo": 1674,
            "data": "2015-12-31 00:00:00",
            "valor": "281.00",
            "descricao": null
        },
        {
            "codigo": 1675,
            "data": "2017-12-31 00:00:00",
            "valor": "281.00",
            "descricao": null
        },
        {
            "codigo": 1676,
            "data": "2014-12-31 00:00:00",
            "valor": "281.00",
            "descricao": null
        },
        {
            "codigo": 3364,
            "data": "2018-12-31 00:00:00",
            "valor": "281.00",
            "descricao": null
        },
        {
            "codigo": 4029,
            "data": "2019-12-31 00:00:00",
            "valor": "281.00",
            "descricao": null
        },
        {
            "codigo": 4638,
            "data": "2020-12-31 00:00:00",
            "valor": "281.00",
            "descricao": null
        },
        {
            "codigo": 5354,
            "data": "2021-12-31 00:00:00",
            "valor": "281.03",
            "descricao": null
        },
        {
            "codigo": 6627,
            "data": "2022-12-31 00:00:00",
            "valor": "281.03",
            "descricao": null
        }
    ]
}