{
    "codigo": 4897,
    "nome": "N\u00famero total de inscritos em pr\u00e9-escolas (matr\u00edculas efetuadas + vagas solicitadas)",
    "descricao": "N\u00famero total de inscritos em pr\u00e9-escolas (matr\u00edculas efetuadas + vagas solicitadas) - Cidades Sustentaveis",
    "fonte": "Seduc",
    "tipoValor": "I",
    "periodicidade": {
        "codigo": 6,
        "descricao": "Anual"
    },
    "tags": [
        {
            "codigo": 3,
            "descricao": "Santos Educadora"
        }
    ],
    "secretarias": [
        {
            "codigo": 2907,
            "dado_codigo": 4897,
            "sigla": "SEDUC",
            "nome": "SECRETARIA MUNICIPAL DE EDUCA\u00c7\u00c3O"
        }
    ],
    "autarquias": [],
    "metas": [
        {
            "codigo": 5,
            "numero": 5,
            "titulo": "Igualdade de G\u00eanero",
            "objetivo": "Alcan\u00e7ar a igualdade de g\u00eanero e empoderar todas as mulheres e meninas",
            "imagem_url": "5.jpg",
            "link": "http://www.agenda2030.org.br/ods/5/"
        }
    ],
    "eixos": [
        {
            "codigo": 10,
            "descricao": "Educa\u00e7\u00e3o para a Sustentabilidade e Qualidade de Vida"
        }
    ],
    "valores": [
        {
            "codigo": 1677,
            "data": "2014-08-31 00:00:00",
            "valor": "3760.00",
            "descricao": null
        },
        {
            "codigo": 1678,
            "data": "2017-12-31 00:00:00",
            "valor": "3363.00",
            "descricao": null
        },
        {
            "codigo": 1679,
            "data": "2015-08-31 00:00:00",
            "valor": "3777.00",
            "descricao": null
        },
        {
            "codigo": 1680,
            "data": "2016-12-31 00:00:00",
            "valor": "4132.00",
            "descricao": null
        },
        {
            "codigo": 1681,
            "data": "2013-08-31 00:00:00",
            "valor": "3677.00",
            "descricao": null
        },
        {
            "codigo": 3831,
            "data": "2018-12-31 00:00:00",
            "valor": "4103.00",
            "descricao": null
        },
        {
            "codigo": 4357,
            "data": "2019-12-31 00:00:00",
            "valor": "4165.00",
            "descricao": null
        },
        {
            "codigo": 4946,
            "data": "2020-12-31 00:00:00",
            "valor": "4591.00",
            "descricao": null
        },
        {
            "codigo": 5562,
            "data": "2021-12-21 00:00:00",
            "valor": "3747.00",
            "descricao": null
        },
        {
            "codigo": 6447,
            "data": "2022-12-31 00:00:00",
            "valor": "5423.00",
            "descricao": null
        },
        {
            "codigo": 7360,
            "data": "2023-12-31 00:00:00",
            "valor": "5605.00",
            "descricao": null
        }
    ]
}