{
    "codigo": 4902,
    "nome": "N\u00famero total de fam\u00edlias que recebem recursos dos programas de transfer\u00eancia de renda",
    "descricao": "N\u00famero total de fam\u00edlias que recebem recursos dos programas de transfer\u00eancia de renda - Cidades Sustentaveis",
    "fonte": "Seds",
    "tipoValor": "I",
    "periodicidade": {
        "codigo": 6,
        "descricao": "Anual"
    },
    "tags": [
        {
            "codigo": 1,
            "descricao": "Santos Acolhedora"
        }
    ],
    "secretarias": [
        {
            "codigo": 3299,
            "dado_codigo": 4902,
            "sigla": "SEDS",
            "nome": "SECRETARIA MUNICIPAL DE DESENVOLVIMENTO SOCIAL"
        }
    ],
    "autarquias": [],
    "metas": [
        {
            "codigo": 2,
            "numero": 1,
            "titulo": "Erradica\u00e7\u00e3o da Pobreza",
            "objetivo": "Acabar com a pobreza em todas as suas formas, em todos os lugares",
            "imagem_url": "2.jpg",
            "link": "http://www.agenda2030.org.br/ods/1/"
        }
    ],
    "eixos": [
        {
            "codigo": 6,
            "descricao": "Equidade, Justi\u00e7a Social e Cultura de Paz"
        }
    ],
    "valores": [
        {
            "codigo": 1702,
            "data": "2016-12-31 00:00:00",
            "valor": "8722.00",
            "descricao": null
        },
        {
            "codigo": 1703,
            "data": "2014-12-31 00:00:00",
            "valor": "8110.00",
            "descricao": null
        },
        {
            "codigo": 1704,
            "data": "2015-12-31 00:00:00",
            "valor": "8730.00",
            "descricao": null
        },
        {
            "codigo": 1705,
            "data": "2017-12-31 00:00:00",
            "valor": "8793.00",
            "descricao": null
        },
        {
            "codigo": 1706,
            "data": "2013-12-31 00:00:00",
            "valor": "6608.00",
            "descricao": null
        },
        {
            "codigo": 3550,
            "data": "2018-12-31 00:00:00",
            "valor": "8978.00",
            "descricao": null
        },
        {
            "codigo": 4577,
            "data": "2019-12-31 00:00:00",
            "valor": "9029.00",
            "descricao": null
        },
        {
            "codigo": 5096,
            "data": "2020-12-31 00:00:00",
            "valor": "20230.00",
            "descricao": null
        },
        {
            "codigo": 5862,
            "data": "2021-12-31 00:00:00",
            "valor": "13932.00",
            "descricao": null
        },
        {
            "codigo": 6465,
            "data": "2022-12-31 00:00:00",
            "valor": "14560.00",
            "descricao": null
        }
    ]
}