{
    "codigo": 4903,
    "nome": "N\u00famero total de fam\u00edlias que solicitam recursos dos programas de transfer\u00eancia de renda existentes",
    "descricao": "N\u00famero total de fam\u00edlias que solicitam recursos dos programas de transfer\u00eancia de renda existentes - Cidades Sustentaveis",
    "fonte": "Seds",
    "tipoValor": "I",
    "periodicidade": {
        "codigo": 6,
        "descricao": "Anual"
    },
    "tags": [
        {
            "codigo": 1,
            "descricao": "Santos Acolhedora"
        }
    ],
    "secretarias": [
        {
            "codigo": 3299,
            "dado_codigo": 4903,
            "sigla": "SEDS",
            "nome": "SECRETARIA MUNICIPAL DE DESENVOLVIMENTO SOCIAL"
        }
    ],
    "autarquias": [],
    "metas": [
        {
            "codigo": 2,
            "numero": 1,
            "titulo": "Erradica\u00e7\u00e3o da Pobreza",
            "objetivo": "Acabar com a pobreza em todas as suas formas, em todos os lugares",
            "imagem_url": "2.jpg",
            "link": "http://www.agenda2030.org.br/ods/1/"
        }
    ],
    "eixos": [
        {
            "codigo": 6,
            "descricao": "Equidade, Justi\u00e7a Social e Cultura de Paz"
        }
    ],
    "valores": [
        {
            "codigo": 1707,
            "data": "2015-12-31 00:00:00",
            "valor": "11848.00",
            "descricao": null
        },
        {
            "codigo": 1708,
            "data": "2014-12-31 00:00:00",
            "valor": "11449.00",
            "descricao": null
        },
        {
            "codigo": 1709,
            "data": "2013-12-31 00:00:00",
            "valor": "11101.00",
            "descricao": null
        },
        {
            "codigo": 1710,
            "data": "2017-12-31 00:00:00",
            "valor": "13381.00",
            "descricao": null
        },
        {
            "codigo": 1711,
            "data": "2016-12-31 00:00:00",
            "valor": "8539.00",
            "descricao": null
        },
        {
            "codigo": 3636,
            "data": "2018-12-31 00:00:00",
            "valor": "13870.00",
            "descricao": null
        },
        {
            "codigo": 4578,
            "data": "2019-12-31 00:00:00",
            "valor": "14166.00",
            "descricao": null
        },
        {
            "codigo": 4910,
            "data": "2020-12-31 00:00:00",
            "valor": "14156.00",
            "descricao": null
        },
        {
            "codigo": 5863,
            "data": "2021-12-31 00:00:00",
            "valor": "15934.00",
            "descricao": null
        },
        {
            "codigo": 6466,
            "data": "2022-12-31 00:00:00",
            "valor": "20340.00",
            "descricao": null
        }
    ]
}