{
    "codigo": 4905,
    "nome": "N\u00famero total de interna\u00e7\u00f5es de pessoas residentes, de 60 anos ou mais, por causas relacionadas a poss\u00edvel agress\u00e3o",
    "descricao": "N\u00famero total de interna\u00e7\u00f5es de pessoas residentes, de 60 anos ou mais, por causas relacionadas a poss\u00edvel agress\u00e3o - Cidades Sustentaveis",
    "fonte": "Sms",
    "tipoValor": "I",
    "periodicidade": {
        "codigo": 6,
        "descricao": "Anual"
    },
    "tags": [
        {
            "codigo": 1,
            "descricao": "Santos Acolhedora"
        }
    ],
    "secretarias": [
        {
            "codigo": 3399,
            "dado_codigo": 4905,
            "sigla": "SMS",
            "nome": "SECRETARIA MUNICIPAL DE SA\u00daDE"
        }
    ],
    "autarquias": [],
    "metas": [
        {
            "codigo": 17,
            "numero": 16,
            "titulo": "Paz, Justi\u00e7a e Institui\u00e7\u00f5es Eficazes",
            "objetivo": "Promover sociedades pac\u00edficas e inclusivas para o desenvolvimento sustent\u00e1vel, proporcionar o acesso \u00e0 justi\u00e7a para todos e construir institui\u00e7\u00f5es eficazes, respons\u00e1veis e inclusivas em todos os n\u00edveis",
            "imagem_url": "17.jpg",
            "link": "http://www.agenda2030.org.br/ods/16/"
        }
    ],
    "eixos": [
        {
            "codigo": 6,
            "descricao": "Equidade, Justi\u00e7a Social e Cultura de Paz"
        }
    ],
    "valores": [
        {
            "codigo": 1717,
            "data": "2013-12-31 00:00:00",
            "valor": "0.00",
            "descricao": null
        },
        {
            "codigo": 1718,
            "data": "2016-12-31 00:00:00",
            "valor": "14.00",
            "descricao": null
        },
        {
            "codigo": 1719,
            "data": "2014-12-31 00:00:00",
            "valor": "0.00",
            "descricao": null
        },
        {
            "codigo": 1720,
            "data": "2017-12-31 00:00:00",
            "valor": "5.00",
            "descricao": null
        },
        {
            "codigo": 1721,
            "data": "2015-12-31 00:00:00",
            "valor": "1.00",
            "descricao": null
        },
        {
            "codigo": 3416,
            "data": "2018-12-31 00:00:00",
            "valor": "6.00",
            "descricao": null
        },
        {
            "codigo": 4070,
            "data": "2019-12-31 00:00:00",
            "valor": "5.00",
            "descricao": null
        },
        {
            "codigo": 4674,
            "data": "2020-12-31 00:00:00",
            "valor": "6.00",
            "descricao": null
        },
        {
            "codigo": 5751,
            "data": "2021-12-31 00:00:00",
            "valor": "1.00",
            "descricao": null
        },
        {
            "codigo": 6532,
            "data": "2022-12-31 00:00:00",
            "valor": "3.00",
            "descricao": null
        }
    ]
}