{
    "codigo": 4907,
    "nome": "N\u00famero de crimes violentos fatais",
    "descricao": "N\u00famero de crimes violentos fatais - Cidades Sustent\u00e1veis - Indicador \"Crimes violentos fatais\"",
    "fonte": "Secretaria de Seguran\u00e7a P\u00fablica do Estado de S\u00e3o Paulo - Pol\u00edcia Civil (Deinter 6)",
    "tipoValor": "I",
    "periodicidade": {
        "codigo": 6,
        "descricao": "Anual"
    },
    "tags": [
        {
            "codigo": 16,
            "descricao": "Santos Segura"
        }
    ],
    "secretarias": [
        {
            "codigo": 779,
            "dado_codigo": 4907,
            "sigla": "SESEG",
            "nome": "SECRETARIA MUNICIPAL DE SEGURAN\u00c7A"
        }
    ],
    "autarquias": [],
    "metas": [
        {
            "codigo": 17,
            "numero": 16,
            "titulo": "Paz, Justi\u00e7a e Institui\u00e7\u00f5es Eficazes",
            "objetivo": "Promover sociedades pac\u00edficas e inclusivas para o desenvolvimento sustent\u00e1vel, proporcionar o acesso \u00e0 justi\u00e7a para todos e construir institui\u00e7\u00f5es eficazes, respons\u00e1veis e inclusivas em todos os n\u00edveis",
            "imagem_url": "17.jpg",
            "link": "http://www.agenda2030.org.br/ods/16/"
        }
    ],
    "eixos": [
        {
            "codigo": 6,
            "descricao": "Equidade, Justi\u00e7a Social e Cultura de Paz"
        }
    ],
    "valores": [
        {
            "codigo": 1727,
            "data": "2013-12-31 00:00:00",
            "valor": "32.00",
            "descricao": null
        },
        {
            "codigo": 1728,
            "data": "2015-12-31 00:00:00",
            "valor": "15.00",
            "descricao": null
        },
        {
            "codigo": 1729,
            "data": "2014-12-31 00:00:00",
            "valor": "19.00",
            "descricao": null
        },
        {
            "codigo": 1730,
            "data": "2017-12-31 00:00:00",
            "valor": "14.00",
            "descricao": null
        },
        {
            "codigo": 1731,
            "data": "2016-12-31 00:00:00",
            "valor": "30.00",
            "descricao": null
        },
        {
            "codigo": 3720,
            "data": "2018-12-31 00:00:00",
            "valor": "21.00",
            "descricao": null
        },
        {
            "codigo": 4282,
            "data": "2019-12-31 00:00:00",
            "valor": "20.00",
            "descricao": null
        },
        {
            "codigo": 4828,
            "data": "2020-12-31 00:00:00",
            "valor": "13.00",
            "descricao": null
        },
        {
            "codigo": 5371,
            "data": "2021-12-31 00:00:00",
            "valor": "18.00",
            "descricao": null
        },
        {
            "codigo": 6562,
            "data": "2022-12-31 00:00:00",
            "valor": "22.00",
            "descricao": null
        }
    ]
}