{
    "codigo": 4910,
    "nome": "N\u00famero de pessoas em situa\u00e7\u00e3o de rua",
    "descricao": "N\u00famero de pessoas em situa\u00e7\u00e3o de rua - Cidades Sustentaveis",
    "fonte": "Seds",
    "tipoValor": "I",
    "periodicidade": {
        "codigo": 6,
        "descricao": "Anual"
    },
    "tags": [
        {
            "codigo": 1,
            "descricao": "Santos Acolhedora"
        }
    ],
    "secretarias": [
        {
            "codigo": 3299,
            "dado_codigo": 4910,
            "sigla": "SEDS",
            "nome": "SECRETARIA MUNICIPAL DE DESENVOLVIMENTO SOCIAL"
        }
    ],
    "autarquias": [],
    "metas": [
        {
            "codigo": 2,
            "numero": 1,
            "titulo": "Erradica\u00e7\u00e3o da Pobreza",
            "objetivo": "Acabar com a pobreza em todas as suas formas, em todos os lugares",
            "imagem_url": "2.jpg",
            "link": "http://www.agenda2030.org.br/ods/1/"
        }
    ],
    "eixos": [
        {
            "codigo": 6,
            "descricao": "Equidade, Justi\u00e7a Social e Cultura de Paz"
        }
    ],
    "valores": [
        {
            "codigo": 1742,
            "data": "2015-12-31 00:00:00",
            "valor": "797.00",
            "descricao": null
        },
        {
            "codigo": 1743,
            "data": "2017-12-31 00:00:00",
            "valor": "797.00",
            "descricao": null
        },
        {
            "codigo": 1744,
            "data": "2014-12-31 00:00:00",
            "valor": "797.00",
            "descricao": null
        },
        {
            "codigo": 1745,
            "data": "2013-12-31 00:00:00",
            "valor": "797.00",
            "descricao": null
        },
        {
            "codigo": 1746,
            "data": "2016-12-31 00:00:00",
            "valor": "797.00",
            "descricao": null
        },
        {
            "codigo": 3549,
            "data": "2018-12-31 00:00:00",
            "valor": "797.00",
            "descricao": null
        },
        {
            "codigo": 4579,
            "data": "2019-12-31 00:00:00",
            "valor": "797.00",
            "descricao": null
        },
        {
            "codigo": 4911,
            "data": "2020-12-31 00:00:00",
            "valor": "868.00",
            "descricao": null
        },
        {
            "codigo": 5864,
            "data": "2021-12-31 00:00:00",
            "valor": "868.00",
            "descricao": null
        },
        {
            "codigo": 6467,
            "data": "2022-12-31 00:00:00",
            "valor": "868.00",
            "descricao": null
        }
    ]
}