{
    "codigo": 4913,
    "nome": "N\u00famero total de pessoas com defici\u00eancia empregadas no governo",
    "descricao": "N\u00famero total de pessoas com defici\u00eancia empregadas no governo - Cidades Sustentaveis",
    "fonte": "SEFIN, ANTIGA SEGES",
    "tipoValor": "I",
    "periodicidade": {
        "codigo": 6,
        "descricao": "Anual"
    },
    "tags": [
        {
            "codigo": 4,
            "descricao": "Santos Eficiente"
        }
    ],
    "secretarias": [
        {
            "codigo": 4681,
            "dado_codigo": 4913,
            "sigla": "SEFIN",
            "nome": "SECRETARIA MUNICIPAL DE FINAN\u00c7AS E GEST\u00c3O"
        }
    ],
    "autarquias": [],
    "metas": [
        {
            "codigo": 11,
            "numero": 10,
            "titulo": "Redu\u00e7\u00e3o da Desigualdades",
            "objetivo": "Reduzir a desigualdade dentro dos pa\u00edses e entre eles",
            "imagem_url": "11.jpg",
            "link": "http://www.agenda2030.org.br/ods/10/"
        }
    ],
    "eixos": [
        {
            "codigo": 4,
            "descricao": "Governan\u00e7a"
        }
    ],
    "valores": [
        {
            "codigo": 1757,
            "data": "2012-12-31 00:00:00",
            "valor": "122.00",
            "descricao": null
        },
        {
            "codigo": 1758,
            "data": "2017-12-31 00:00:00",
            "valor": "159.00",
            "descricao": null
        },
        {
            "codigo": 1759,
            "data": "2015-12-31 00:00:00",
            "valor": "136.00",
            "descricao": null
        },
        {
            "codigo": 1760,
            "data": "2014-12-31 00:00:00",
            "valor": "133.00",
            "descricao": null
        },
        {
            "codigo": 1761,
            "data": "2013-12-31 00:00:00",
            "valor": "122.00",
            "descricao": null
        },
        {
            "codigo": 1762,
            "data": "2016-12-31 00:00:00",
            "valor": "148.00",
            "descricao": null
        },
        {
            "codigo": 3696,
            "data": "2018-12-31 00:00:00",
            "valor": "170.00",
            "descricao": null
        },
        {
            "codigo": 4108,
            "data": "2019-12-31 00:00:00",
            "valor": "173.00",
            "descricao": null
        },
        {
            "codigo": 5060,
            "data": "2020-12-31 00:00:00",
            "valor": "184.00",
            "descricao": null
        },
        {
            "codigo": 5980,
            "data": "2021-12-30 00:00:00",
            "valor": "185.00",
            "descricao": null
        },
        {
            "codigo": 6874,
            "data": "2022-12-31 00:00:00",
            "valor": "200.00",
            "descricao": null
        }
    ]
}