{
    "codigo": 4915,
    "nome": "N\u00famero total de atropelamentos",
    "descricao": "N\u00famero total de atropelamentos - Cidades Sustentaveis",
    "fonte": "CET",
    "tipoValor": "I",
    "periodicidade": {
        "codigo": 6,
        "descricao": "Anual"
    },
    "tags": [
        {
            "codigo": 7,
            "descricao": "Santos Mobilidade"
        }
    ],
    "secretarias": [],
    "autarquias": [
        {
            "codigo": 822,
            "dado_codigo": 4915,
            "sigla": "CET",
            "nome": "COMPANHIA DE ENGENHARIA DE TR\u00c1FEGO"
        }
    ],
    "metas": [
        {
            "codigo": 4,
            "numero": 3,
            "titulo": "Sa\u00fade e Bem-Estar",
            "objetivo": "Assegurar uma vida saud\u00e1vel e promover o bem-estar para todos, em todas as idades",
            "imagem_url": "4.jpg",
            "link": "http://www.agenda2030.org.br/ods/3/"
        }
    ],
    "eixos": [
        {
            "codigo": 13,
            "descricao": "Melhor Mobilidade, Menor Tr\u00e1fego"
        }
    ],
    "valores": [
        {
            "codigo": 1768,
            "data": "2013-12-31 00:00:00",
            "valor": "238.00",
            "descricao": null
        },
        {
            "codigo": 1769,
            "data": "2014-12-31 00:00:00",
            "valor": "219.00",
            "descricao": null
        },
        {
            "codigo": 1770,
            "data": "2015-12-31 00:00:00",
            "valor": "250.00",
            "descricao": null
        },
        {
            "codigo": 1771,
            "data": "2017-12-31 00:00:00",
            "valor": "179.00",
            "descricao": null
        },
        {
            "codigo": 1772,
            "data": "2016-12-31 00:00:00",
            "valor": "227.00",
            "descricao": null
        },
        {
            "codigo": 3801,
            "data": "2018-12-31 00:00:00",
            "valor": "109.00",
            "descricao": null
        },
        {
            "codigo": 4426,
            "data": "2019-12-31 00:00:00",
            "valor": "116.00",
            "descricao": null
        },
        {
            "codigo": 5000,
            "data": "2020-12-31 00:00:00",
            "valor": "66.00",
            "descricao": null
        },
        {
            "codigo": 5564,
            "data": "2021-12-31 00:00:00",
            "valor": "93.00",
            "descricao": null
        },
        {
            "codigo": 7003,
            "data": "2023-12-31 00:00:00",
            "valor": "146.00",
            "descricao": null
        }
    ]
}