{
    "codigo": 4917,
    "nome": "Extens\u00e3o total, em quil\u00f4metros (km), de vias do munic\u00edpio",
    "descricao": "Extens\u00e3o total, em quil\u00f4metros (km), de vias do munic\u00edpio - Cidades Sustentaveis",
    "fonte": "CET",
    "tipoValor": "D",
    "periodicidade": {
        "codigo": 6,
        "descricao": "Anual"
    },
    "tags": [
        {
            "codigo": 18,
            "descricao": "Santos Transparente"
        }
    ],
    "secretarias": [],
    "autarquias": [
        {
            "codigo": 822,
            "dado_codigo": 4917,
            "sigla": "CET",
            "nome": "COMPANHIA DE ENGENHARIA DE TR\u00c1FEGO"
        }
    ],
    "metas": [
        {
            "codigo": 12,
            "numero": 11,
            "titulo": "Cidades e Comunidades Sustent\u00e1veis",
            "objetivo": "Tornar as cidades e os assentamentos humanos inclusivos, seguros, resilientes e sustent\u00e1veis",
            "imagem_url": "12.jpg",
            "link": "http://www.agenda2030.org.br/ods/11/"
        }
    ],
    "eixos": [
        {
            "codigo": 13,
            "descricao": "Melhor Mobilidade, Menor Tr\u00e1fego"
        }
    ],
    "valores": [
        {
            "codigo": 1778,
            "data": "2017-12-31 00:00:00",
            "valor": "707.55",
            "descricao": null
        },
        {
            "codigo": 1779,
            "data": "2016-12-31 00:00:00",
            "valor": "707.55",
            "descricao": null
        },
        {
            "codigo": 1780,
            "data": "2016-12-31 00:00:00",
            "valor": "707.55",
            "descricao": null
        },
        {
            "codigo": 1781,
            "data": "2017-12-31 00:00:00",
            "valor": "707.55",
            "descricao": null
        },
        {
            "codigo": 1782,
            "data": "2014-12-31 00:00:00",
            "valor": "707.60",
            "descricao": null
        },
        {
            "codigo": 1783,
            "data": "2014-12-31 00:00:00",
            "valor": "707.60",
            "descricao": null
        },
        {
            "codigo": 1784,
            "data": "2013-12-31 00:00:00",
            "valor": "707.60",
            "descricao": null
        },
        {
            "codigo": 1785,
            "data": "2015-12-31 00:00:00",
            "valor": "707.60",
            "descricao": null
        },
        {
            "codigo": 1786,
            "data": "2015-12-31 00:00:00",
            "valor": "707.60",
            "descricao": null
        },
        {
            "codigo": 1787,
            "data": "2013-12-31 00:00:00",
            "valor": "707.60",
            "descricao": null
        },
        {
            "codigo": 3803,
            "data": "2018-12-31 00:00:00",
            "valor": "707.55",
            "descricao": null
        },
        {
            "codigo": 4428,
            "data": "2019-12-31 00:00:00",
            "valor": "707.55",
            "descricao": null
        },
        {
            "codigo": 5003,
            "data": "2020-12-31 00:00:00",
            "valor": "800.37",
            "descricao": null
        },
        {
            "codigo": 5566,
            "data": "2021-12-31 00:00:00",
            "valor": "800.37",
            "descricao": null
        },
        {
            "codigo": 7036,
            "data": "2023-12-31 00:00:00",
            "valor": "800.38",
            "descricao": null
        }
    ]
}