{
    "codigo": 4918,
    "nome": "\u00cdndice de Desenvolvimento Humano (IDH) municipal",
    "descricao": "\u00cdndice de Desenvolvimento Humano (IDH) municipal - Cidades Sustentaveis",
    "fonte": "SEPORTE",
    "tipoValor": "D",
    "periodicidade": {
        "codigo": 6,
        "descricao": "Anual"
    },
    "tags": [
        {
            "codigo": 4,
            "descricao": "Santos Eficiente"
        }
    ],
    "secretarias": [
        {
            "codigo": 5939,
            "dado_codigo": 4918,
            "sigla": "SEPORTE",
            "nome": "SECRETARIA MUNICIPAL DE ASSUNTOS PORTU\u00c1RIOS E EMPREGO"
        }
    ],
    "autarquias": [],
    "metas": [
        {
            "codigo": 11,
            "numero": 10,
            "titulo": "Redu\u00e7\u00e3o da Desigualdades",
            "objetivo": "Reduzir a desigualdade dentro dos pa\u00edses e entre eles",
            "imagem_url": "11.jpg",
            "link": "http://www.agenda2030.org.br/ods/10/"
        }
    ],
    "eixos": [
        {
            "codigo": 6,
            "descricao": "Equidade, Justi\u00e7a Social e Cultura de Paz"
        }
    ],
    "valores": [
        {
            "codigo": 1788,
            "data": "2017-08-31 00:00:00",
            "valor": "0.84",
            "descricao": null
        },
        {
            "codigo": 1789,
            "data": "2017-12-31 00:00:00",
            "valor": "0.84",
            "descricao": null
        },
        {
            "codigo": 1790,
            "data": "2013-12-31 00:00:00",
            "valor": "0.84",
            "descricao": null
        },
        {
            "codigo": 1791,
            "data": "2015-12-31 00:00:00",
            "valor": "0.84",
            "descricao": null
        },
        {
            "codigo": 1792,
            "data": "2016-12-31 00:00:00",
            "valor": "0.84",
            "descricao": null
        },
        {
            "codigo": 1793,
            "data": "2014-12-31 00:00:00",
            "valor": "0.84",
            "descricao": null
        },
        {
            "codigo": 3846,
            "data": "2018-12-31 00:00:00",
            "valor": "0.84",
            "descricao": null
        },
        {
            "codigo": 4299,
            "data": "2019-12-31 00:00:00",
            "valor": "0.84",
            "descricao": null
        },
        {
            "codigo": 5159,
            "data": "2020-12-31 00:00:00",
            "valor": "0.84",
            "descricao": null
        },
        {
            "codigo": 5688,
            "data": "2021-12-31 00:00:00",
            "valor": "0.84",
            "descricao": null
        },
        {
            "codigo": 6780,
            "data": "2022-12-31 00:00:00",
            "valor": "0.84",
            "descricao": null
        }
    ]
}