{
    "codigo": 4920,
    "nome": "N\u00famero de edif\u00edcios novos e reformados que t\u00eam avalia\u00e7\u00e3o em termos de crit\u00e9rios de sustentabilidade",
    "descricao": "N\u00famero de edif\u00edcios novos e reformados que t\u00eam avalia\u00e7\u00e3o em termos de crit\u00e9rios de sustentabilidade - Cidades Sustentaveis",
    "fonte": "Siedi",
    "tipoValor": "I",
    "periodicidade": {
        "codigo": 6,
        "descricao": "Anual"
    },
    "tags": [
        {
            "codigo": 19,
            "descricao": "Santos Zeladora"
        }
    ],
    "secretarias": [
        {
            "codigo": 1503,
            "dado_codigo": 4920,
            "sigla": "SIEDI",
            "nome": "SECRETARIA MUNICIPAL DE INFRAESTRUTURA E EDIFICA\u00c7\u00d5ES"
        }
    ],
    "autarquias": [],
    "metas": [
        {
            "codigo": 12,
            "numero": 11,
            "titulo": "Cidades e Comunidades Sustent\u00e1veis",
            "objetivo": "Tornar as cidades e os assentamentos humanos inclusivos, seguros, resilientes e sustent\u00e1veis",
            "imagem_url": "12.jpg",
            "link": "http://www.agenda2030.org.br/ods/11/"
        }
    ],
    "eixos": [
        {
            "codigo": 8,
            "descricao": "Planejamento e Desenho Urbano"
        }
    ],
    "valores": [
        {
            "codigo": 1799,
            "data": "2014-12-31 00:00:00",
            "valor": "0.00",
            "descricao": null
        },
        {
            "codigo": 1800,
            "data": "2015-12-31 00:00:00",
            "valor": "0.00",
            "descricao": null
        },
        {
            "codigo": 1801,
            "data": "2016-12-31 00:00:00",
            "valor": "4.00",
            "descricao": null
        },
        {
            "codigo": 1802,
            "data": "2017-12-31 00:00:00",
            "valor": "5.00",
            "descricao": null
        },
        {
            "codigo": 1803,
            "data": "2013-12-31 00:00:00",
            "valor": "0.00",
            "descricao": null
        },
        {
            "codigo": 3925,
            "data": "2018-12-31 00:00:00",
            "valor": "6.00",
            "descricao": null
        },
        {
            "codigo": 4468,
            "data": "2019-12-31 00:00:00",
            "valor": "6.00",
            "descricao": null
        },
        {
            "codigo": 5124,
            "data": "2020-12-30 00:00:00",
            "valor": "10.00",
            "descricao": null
        },
        {
            "codigo": 5921,
            "data": "2021-12-31 00:00:00",
            "valor": "9.00",
            "descricao": null
        },
        {
            "codigo": 6665,
            "data": "2022-12-31 00:00:00",
            "valor": "8.00",
            "descricao": null
        }
    ]
}