{
    "codigo": 4921,
    "nome": "N\u00famero total de edif\u00edcios novos e projetos de reforma",
    "descricao": "N\u00famero total de edif\u00edcios novos e projetos de reforma - Cidades Sustentaveis",
    "fonte": "Siedi",
    "tipoValor": "I",
    "periodicidade": {
        "codigo": 6,
        "descricao": "Anual"
    },
    "tags": [
        {
            "codigo": 19,
            "descricao": "Santos Zeladora"
        }
    ],
    "secretarias": [
        {
            "codigo": 1503,
            "dado_codigo": 4921,
            "sigla": "SIEDI",
            "nome": "SECRETARIA MUNICIPAL DE INFRAESTRUTURA E EDIFICA\u00c7\u00d5ES"
        }
    ],
    "autarquias": [],
    "metas": [
        {
            "codigo": 12,
            "numero": 11,
            "titulo": "Cidades e Comunidades Sustent\u00e1veis",
            "objetivo": "Tornar as cidades e os assentamentos humanos inclusivos, seguros, resilientes e sustent\u00e1veis",
            "imagem_url": "12.jpg",
            "link": "http://www.agenda2030.org.br/ods/11/"
        }
    ],
    "eixos": [
        {
            "codigo": 8,
            "descricao": "Planejamento e Desenho Urbano"
        }
    ],
    "valores": [
        {
            "codigo": 1804,
            "data": "2017-12-31 00:00:00",
            "valor": "7.00",
            "descricao": null
        },
        {
            "codigo": 1805,
            "data": "2014-12-31 00:00:00",
            "valor": "0.00",
            "descricao": null
        },
        {
            "codigo": 1806,
            "data": "2015-12-31 00:00:00",
            "valor": "0.00",
            "descricao": null
        },
        {
            "codigo": 1807,
            "data": "2016-12-31 00:00:00",
            "valor": "6.00",
            "descricao": null
        },
        {
            "codigo": 1808,
            "data": "2013-12-31 00:00:00",
            "valor": "0.00",
            "descricao": null
        },
        {
            "codigo": 3926,
            "data": "2018-12-31 00:00:00",
            "valor": "6.00",
            "descricao": null
        },
        {
            "codigo": 4469,
            "data": "2019-12-31 00:00:00",
            "valor": "16.00",
            "descricao": null
        },
        {
            "codigo": 5125,
            "data": "2020-12-30 00:00:00",
            "valor": "94.00",
            "descricao": null
        },
        {
            "codigo": 5922,
            "data": "2021-12-31 00:00:00",
            "valor": "144.00",
            "descricao": null
        },
        {
            "codigo": 6671,
            "data": "2022-12-31 00:00:00",
            "valor": "15.00",
            "descricao": null
        }
    ]
}