{
    "codigo": 4922,
    "nome": "Quantidade total de quil\u00f4metros de cal\u00e7adas",
    "descricao": "Quantidade total de quil\u00f4metros de cal\u00e7adas - Cidades Sustentaveis",
    "fonte": "Siedi",
    "tipoValor": "D",
    "periodicidade": {
        "codigo": 6,
        "descricao": "Anual"
    },
    "tags": [
        {
            "codigo": 19,
            "descricao": "Santos Zeladora"
        }
    ],
    "secretarias": [
        {
            "codigo": 1503,
            "dado_codigo": 4922,
            "sigla": "SIEDI",
            "nome": "SECRETARIA MUNICIPAL DE INFRAESTRUTURA E EDIFICA\u00c7\u00d5ES"
        }
    ],
    "autarquias": [],
    "metas": [
        {
            "codigo": 12,
            "numero": 11,
            "titulo": "Cidades e Comunidades Sustent\u00e1veis",
            "objetivo": "Tornar as cidades e os assentamentos humanos inclusivos, seguros, resilientes e sustent\u00e1veis",
            "imagem_url": "12.jpg",
            "link": "http://www.agenda2030.org.br/ods/11/"
        }
    ],
    "eixos": [
        {
            "codigo": 8,
            "descricao": "Planejamento e Desenho Urbano"
        }
    ],
    "valores": [
        {
            "codigo": 1809,
            "data": "2017-12-31 00:00:00",
            "valor": "525500.00",
            "descricao": null
        },
        {
            "codigo": 1810,
            "data": "2016-12-31 00:00:00",
            "valor": "525500.00",
            "descricao": null
        },
        {
            "codigo": 1811,
            "data": "2014-12-31 00:00:00",
            "valor": "525500.00",
            "descricao": null
        },
        {
            "codigo": 1812,
            "data": "2015-12-31 00:00:00",
            "valor": "525500.00",
            "descricao": null
        },
        {
            "codigo": 1813,
            "data": "2013-12-31 00:00:00",
            "valor": "525500.00",
            "descricao": null
        },
        {
            "codigo": 3927,
            "data": "2018-12-31 00:00:00",
            "valor": "525500.00",
            "descricao": null
        },
        {
            "codigo": 4470,
            "data": "2019-12-31 00:00:00",
            "valor": "4234.42",
            "descricao": null
        },
        {
            "codigo": 5126,
            "data": "2020-12-30 00:00:00",
            "valor": "12.10",
            "descricao": null
        },
        {
            "codigo": 5923,
            "data": "2021-12-31 00:00:00",
            "valor": "5136.00",
            "descricao": null
        },
        {
            "codigo": 6681,
            "data": "2022-12-31 00:00:00",
            "valor": "0.00",
            "descricao": null
        }
    ]
}