{
    "codigo": 4923,
    "nome": "Total de emiss\u00f5es transformadas em CO2 equivalente",
    "descricao": "Total de emiss\u00f5es transformadas em CO2 equivalente - Cidades Sustentaveis",
    "fonte": "SEMIL",
    "tipoValor": "D",
    "periodicidade": {
        "codigo": 6,
        "descricao": "Anual"
    },
    "tags": [
        {
            "codigo": 20,
            "descricao": "Santos Sustent\u00e1vel"
        }
    ],
    "secretarias": [
        {
            "codigo": 5767,
            "dado_codigo": 4923,
            "sigla": "SEMAM",
            "nome": "SECRETARIA MUNICIPAL DE MEIO AMBIENTE E BEM-ESTAR ANIMAL"
        }
    ],
    "autarquias": [],
    "metas": [
        {
            "codigo": 14,
            "numero": 13,
            "titulo": "A\u00e7\u00e3o Contra a Mudan\u00e7a Global do Clima",
            "objetivo": "Tomar medidas urgentes para combater a mudan\u00e7a do clima e seus impactos*",
            "imagem_url": "14.jpg",
            "link": "http://www.agenda2030.org.br/ods/13/"
        }
    ],
    "eixos": [
        {
            "codigo": 15,
            "descricao": "Do Local para o Global"
        }
    ],
    "valores": [
        {
            "codigo": 1814,
            "data": "2017-12-31 00:00:00",
            "valor": "537600.00",
            "descricao": null
        },
        {
            "codigo": 1815,
            "data": "2015-12-31 00:00:00",
            "valor": "0.00",
            "descricao": null
        },
        {
            "codigo": 1816,
            "data": "2016-12-31 00:00:00",
            "valor": "0.00",
            "descricao": null
        },
        {
            "codigo": 1817,
            "data": "2014-12-31 00:00:00",
            "valor": "0.00",
            "descricao": null
        },
        {
            "codigo": 1818,
            "data": "2013-12-31 00:00:00",
            "valor": "0.00",
            "descricao": null
        },
        {
            "codigo": 3477,
            "data": "2018-12-31 00:00:00",
            "valor": "554960.00",
            "descricao": null
        },
        {
            "codigo": 4151,
            "data": "2019-12-31 00:00:00",
            "valor": "528080.00",
            "descricao": null
        },
        {
            "codigo": 4735,
            "data": "2020-12-31 00:00:00",
            "valor": "500360.00",
            "descricao": null
        },
        {
            "codigo": 5265,
            "data": "2021-12-31 00:00:00",
            "valor": "500360.00",
            "descricao": null
        },
        {
            "codigo": 6294,
            "data": "2022-12-31 00:00:00",
            "valor": "557710.00",
            "descricao": null
        },
        {
            "codigo": 7322,
            "data": "2023-12-31 00:00:00",
            "valor": "660670.00",
            "descricao": null
        }
    ]
}