{
    "codigo": 4924,
    "nome": "N\u00famero de aprendizes contratados",
    "descricao": "N\u00famero de aprendizes contratados - Cidades Sustentaveis",
    "fonte": "Departamento de Gest\u00e3o de Pessoas e Ambiente de Trabalho",
    "tipoValor": "I",
    "periodicidade": {
        "codigo": 6,
        "descricao": "Anual"
    },
    "tags": [
        {
            "codigo": 4,
            "descricao": "Santos Eficiente"
        }
    ],
    "secretarias": [
        {
            "codigo": 4681,
            "dado_codigo": 4924,
            "sigla": "SEFIN",
            "nome": "SECRETARIA MUNICIPAL DE FINAN\u00c7AS E GEST\u00c3O"
        }
    ],
    "autarquias": [],
    "metas": [
        {
            "codigo": 9,
            "numero": 8,
            "titulo": "Trabalho Decente e Crescimento Econ\u00f4mico",
            "objetivo": "Promover o crescimento econ\u00f4mico sustentado, inclusivo e sustent\u00e1vel, o emprego pleno e produtivo e o trabalho decente para todos",
            "imagem_url": "9.jpg",
            "link": "http://www.agenda2030.org.br/ods/8/"
        }
    ],
    "eixos": [
        {
            "codigo": 11,
            "descricao": "Economia Local, Din\u00e2mica, Criativa e Sustent\u00e1vel"
        }
    ],
    "valores": [
        {
            "codigo": 1819,
            "data": "2014-12-31 00:00:00",
            "valor": "119.00",
            "descricao": null
        },
        {
            "codigo": 1820,
            "data": "2015-12-31 00:00:00",
            "valor": "99.00",
            "descricao": null
        },
        {
            "codigo": 1821,
            "data": "2016-12-31 00:00:00",
            "valor": "84.00",
            "descricao": null
        },
        {
            "codigo": 1822,
            "data": "2012-12-31 00:00:00",
            "valor": "171.00",
            "descricao": null
        },
        {
            "codigo": 1823,
            "data": "2013-12-31 00:00:00",
            "valor": "95.00",
            "descricao": null
        },
        {
            "codigo": 1824,
            "data": "2017-12-31 00:00:00",
            "valor": "145.00",
            "descricao": null
        },
        {
            "codigo": 3697,
            "data": "2018-12-31 00:00:00",
            "valor": "39.00",
            "descricao": null
        },
        {
            "codigo": 4109,
            "data": "2019-12-31 00:00:00",
            "valor": "77.00",
            "descricao": null
        },
        {
            "codigo": 5063,
            "data": "2020-12-31 00:00:00",
            "valor": "78.00",
            "descricao": null
        },
        {
            "codigo": 5981,
            "data": "2021-12-30 00:00:00",
            "valor": "99.00",
            "descricao": null
        },
        {
            "codigo": 6864,
            "data": "2022-12-31 00:00:00",
            "valor": "107.00",
            "descricao": null
        }
    ]
}