{
    "codigo": 4928,
    "nome": "N\u00famero de secretarias do governo que contam com Conselhos Municipais",
    "descricao": "N\u00famero de secretarias do governo que contam com Conselhos Municipais - Cidades Sustentaveis",
    "fonte": "SEMULHER",
    "tipoValor": "I",
    "periodicidade": {
        "codigo": 6,
        "descricao": "Anual"
    },
    "tags": [
        {
            "codigo": 1,
            "descricao": "Santos Acolhedora"
        }
    ],
    "secretarias": [
        {
            "codigo": 4095,
            "dado_codigo": 4928,
            "sigla": "SEMULHER",
            "nome": "SECRETARIA MUNICIPAL DA MULHER, DA CIDADANIA E DOS DIREITOS HUMANOS"
        }
    ],
    "autarquias": [],
    "metas": [
        {
            "codigo": 17,
            "numero": 16,
            "titulo": "Paz, Justi\u00e7a e Institui\u00e7\u00f5es Eficazes",
            "objetivo": "Promover sociedades pac\u00edficas e inclusivas para o desenvolvimento sustent\u00e1vel, proporcionar o acesso \u00e0 justi\u00e7a para todos e construir institui\u00e7\u00f5es eficazes, respons\u00e1veis e inclusivas em todos os n\u00edveis",
            "imagem_url": "17.jpg",
            "link": "http://www.agenda2030.org.br/ods/16/"
        }
    ],
    "eixos": [
        {
            "codigo": 4,
            "descricao": "Governan\u00e7a"
        }
    ],
    "valores": [
        {
            "codigo": 1841,
            "data": "2015-12-31 00:00:00",
            "valor": "10.00",
            "descricao": null
        },
        {
            "codigo": 1842,
            "data": "2014-12-31 00:00:00",
            "valor": "12.00",
            "descricao": null
        },
        {
            "codigo": 1843,
            "data": "2013-12-31 00:00:00",
            "valor": "12.00",
            "descricao": null
        },
        {
            "codigo": 1844,
            "data": "2017-12-31 00:00:00",
            "valor": "10.00",
            "descricao": null
        },
        {
            "codigo": 1845,
            "data": "2016-12-31 00:00:00",
            "valor": "10.00",
            "descricao": null
        },
        {
            "codigo": 3542,
            "data": "2018-12-31 00:00:00",
            "valor": "10.00",
            "descricao": null
        },
        {
            "codigo": 4453,
            "data": "2019-12-31 00:00:00",
            "valor": "13.00",
            "descricao": null
        },
        {
            "codigo": 4456,
            "data": "2019-12-31 00:00:00",
            "valor": "13.00",
            "descricao": null
        },
        {
            "codigo": 4936,
            "data": "2020-12-30 00:00:00",
            "valor": "13.00",
            "descricao": null
        },
        {
            "codigo": 5888,
            "data": "2021-12-31 00:00:00",
            "valor": "13.00",
            "descricao": null
        },
        {
            "codigo": 6743,
            "data": "2022-12-31 00:00:00",
            "valor": "12.00",
            "descricao": null
        }
    ]
}