{
    "codigo": 4930,
    "nome": "Listar os espa\u00e7os de participa\u00e7\u00e3o deliberativos que existem na cidade.  Qual \u00e9 a periodicidade dos encontros?",
    "descricao": "Listar os espa\u00e7os de participa\u00e7\u00e3o deliberativos que existem na cidade.  Qual \u00e9 a periodicidade dos encontros? - Cidades Sustentaveis",
    "fonte": "SEMULHER",
    "tipoValor": "T",
    "periodicidade": {
        "codigo": 6,
        "descricao": "Anual"
    },
    "tags": [
        {
            "codigo": 1,
            "descricao": "Santos Acolhedora"
        }
    ],
    "secretarias": [
        {
            "codigo": 4095,
            "dado_codigo": 4930,
            "sigla": "SEMULHER",
            "nome": "SECRETARIA MUNICIPAL DA MULHER, DA CIDADANIA E DOS DIREITOS HUMANOS"
        }
    ],
    "autarquias": [],
    "metas": [
        {
            "codigo": 17,
            "numero": 16,
            "titulo": "Paz, Justi\u00e7a e Institui\u00e7\u00f5es Eficazes",
            "objetivo": "Promover sociedades pac\u00edficas e inclusivas para o desenvolvimento sustent\u00e1vel, proporcionar o acesso \u00e0 justi\u00e7a para todos e construir institui\u00e7\u00f5es eficazes, respons\u00e1veis e inclusivas em todos os n\u00edveis",
            "imagem_url": "17.jpg",
            "link": "http://www.agenda2030.org.br/ods/16/"
        }
    ],
    "eixos": [
        {
            "codigo": 4,
            "descricao": "Governan\u00e7a"
        }
    ],
    "valores": [
        {
            "codigo": 1851,
            "data": "2016-12-31 00:00:00",
            "valor": "0.00",
            "descricao": "Seguem os espa\u00e7os: CMAS; CONCULT; COMDEMA; CONDEPASA; CMDU; CMDCA; COMMULHER; CME; COMEMPREGO; COMEB; COMESP; CMI; CMJ; COMAD; CMSS; COMTUR; COMVIDA."
        },
        {
            "codigo": 1852,
            "data": "2015-12-31 00:00:00",
            "valor": "0.00",
            "descricao": "S\u00e3o 29 espa\u00e7os."
        },
        {
            "codigo": 1853,
            "data": "2017-12-31 00:00:00",
            "valor": "0.00",
            "descricao": "Seguem os espa\u00e7os: CMAS; CONCULT; COMDEMA; CONDEPASA; CMDU; CMDCA; COMMULHER; CME; COMEMPREGO; COMEB; COMESP; CMI; CMJ; COMAD; CMSS; COMTUR; COMVIDA."
        },
        {
            "codigo": 1854,
            "data": "2013-12-31 00:00:00",
            "valor": "0.00",
            "descricao": "CMACS-FUNDEB - Conselho de Acompanhamento e Controle Social do Fundo de Manuten\u00e7\u00e3o e Desenvolvimento da Educa\u00e7\u00e3o B\u00e1sica e de Valoriza\u00e7\u00e3o dos Profissionais da Educa\u00e7\u00e3o; CMAE \u2013 Conselho Municipal de Alimenta\u00e7\u00e3o Escolar; CMAS \u2013 Conselho Municipal de Assist\u00eancia Social; CONCULT \u2013 Conselho Municipal de Cultura; COMDEMA \u2013 Conselho Municipal da Defesa do Meio Ambiente; CONDEPASA \u2013 Conselho Municipal da Defesa do Patrimonio Cultural; CDES \u2013 Conselho Municipal do Desenvolvimento Econ\u00f4mico; CMDU \u2013 Conselho Municipal do Desenvolvimento Urbano; CMDCA \u2013 Conselho Municipal dos Direitos da Crian\u00e7a e do Adolescente; COMMULHER \u2013 Conselho Municipal dos Direitos da Mulher; CONDEFI \u2013 Conselho Municipal dos Direitos das Pessoas com Defici\u00eancia; CME \u2013 Conselho Municipal de Educa\u00e7\u00e3o; COM-EMPREGO \u2013 Conselho Municipal do Emprego. Trabalho e Renda; COMEB \u2013 Conselho Municipal de Entidades de Bairro; COMESP \u2013 Conselho Municipal de Esportes; CMH \u2013 Conselho Municipal de Habita\u00e7\u00e3o; CMI \u2013 Conselho Municipal do Idoso; CMJ \u2013 Conselho Municipal da Juventude; CMPDCN \u2013 Conselho Municipal da Participa\u00e7\u00e3o e Desenvolvimento da Comunidade Negra; COMAD \u2013 Conselho Municipal das Pol\u00edticas P\u00fablicas sobre Tabaco, \u00c1lcool e outras Drogas; CMSS \u2013 Conselho Municipal de Sa\u00fade de Santos; COMSEA - Conselho Municipal de Seguran\u00e7a Alimentar; CONSEM \u2013 Conselho Municipal de Seguran\u00e7a Municipal; COMTUR \u2013 Conselho Municipal de Turismo; COMVIDA \u2013 Conselho Municipal da Vida Animal."
        },
        {
            "codigo": 3544,
            "data": "2018-12-31 00:00:00",
            "valor": null,
            "descricao": "Seguem os espa\u00e7os: CMAS; CONCULT; COMDEMA; CONDEPASA; CMDU; CMDCA; COMMULHER; CME; COMEMPREGO; COMEB; COMESP; CMI; CMJ; COMAD; CMSS; COMTUR; COMVIDA."
        },
        {
            "codigo": 4457,
            "data": "2019-12-31 00:00:00",
            "valor": null,
            "descricao": "CMAS;CONCULT;COMDEMA;COBDEPASA;CMDU;CMDCA;COMMULHER;CME;COEMPREGO;COMEB;COMESP;CMI;CMJ;COMAD;CMSS;COMTUR;COMVIDA"
        },
        {
            "codigo": 4458,
            "data": "2019-12-31 00:00:00",
            "valor": null,
            "descricao": "CMAS;CONCULT;COMDEMA;COBDEPASA;CMDU;CMDCA;COMMULHER;CME;COEMPREGO;COMEB;COMESP;CMI;CMJ;COMAD;CMSS;COMTUR;COMVIDA;COCESJE;COMUS"
        },
        {
            "codigo": 4940,
            "data": "2020-12-30 00:00:00",
            "valor": null,
            "descricao": "CMACS-FUNDEB; CMAE; CMAS; CMDCA; CMDU; CME; CMH; CMI; CMJ; CMMC; CMSS; COEMPREGO; COMAD; COMDEMA; COMEB; COMMULHER; COMTUR; COMVIDA; CONCULT; CONDEFI;CONDEPASA. As reuni\u00f5es s\u00e3o mensais ou se necess\u00e1rio por convoca\u00e7\u00e3o extraordin\u00e1ria,  de acordo com a pertin\u00eancia, a qualquer tempo, no  moldes previstos em cada estatuto."
        },
        {
            "codigo": 5941,
            "data": "2021-12-31 00:00:00",
            "valor": null,
            "descricao": "O Controle Social no Munic\u00edpio \u00e9 realizados atrav\u00e9s de 29 Conselhos, s\u00e3o eles: \nCMACS-FUNDEB - Conselho de Acompanhamento e Controle Social do Fundo de Manuten\u00e7\u00e3o e Desenvolvimento da Educa\u00e7\u00e3o B\u00e1sica e de Valoriza\u00e7\u00e3o dos Profissionais da Educa\u00e7\u00e3o;\nCMAE \u2013 Conselho Municipal de Alimenta\u00e7\u00e3o Escolar;\nCMAS \u2013 Conselho Municipal de Assist\u00eancia Social;\nCONCULT \u2013 Conselho Municipal de Cultura;\nCOMDEMA \u2013 Conselho Municipal da Defesa do Meio Ambiente;\nCONDEPASA \u2013 Conselho Municipal da Defesa do Patrim\u00f4nio Cultural \nCMDU \u2013 Conselho Municipal do Desenvolvimento Urbano;\nCMDCA \u2013 Conselho Municipal dos Direitos da Crian\u00e7a e do Adolescente;\nCOMMULHER \u2013 Conselho Municipal dos Direitos da Mulher;\nCONDEFI \u2013 Conselho Municipal dos Direitos das Pessoas com Defici\u00eancia;\nCME \u2013 Conselho Municipal de Educa\u00e7\u00e3o;\nCOEMPREGO - Conselho Municipal do Emprego. Trabalho e Renda;\nCOMEB \u2013 Conselho Municipal de Entidades de Bairro;\nCOMESP \u2013 Conselho Municipal de Esportes;\nCMH \u2013 Conselho Municipal de Habita\u00e7\u00e3o;\nCMI \u2013 Conselho Municipal do Idoso;\nCMJ \u2013 Conselho Municipal da Juventude;\nCMPDCNPIR - Conselho Municipal da Participa\u00e7\u00e3o e Desenvolvimento da Comunidade Negra e Promo\u00e7\u00e3o de Igualdade Racial;\nCOMAD \u2013 Conselho Municipal das Pol\u00edticas sobre Drogas;\nCMSS \u2013 Conselho Municipal de Sa\u00fade de Santos;\nCOMSEA - Conselho Municipal de Seguran\u00e7a Alimentar e Nutricional;\nCONSEM \u2013 Conselho de Seguran\u00e7a Municipal;\nCOMTUR \u2013 Conselho Municipal de Turismo;\nCOMVIDA \u2013 Conselho Municipal da Vida Animal;\nCMT - Conselho Municipal de Transpar\u00eancia Institucional, Fiscaliza\u00e7\u00e3o Administrativa e Controle Social de Santos;\nCOMUS - Conselho Municipal de Usu\u00e1rios de Servi\u00e7os P\u00fablicos;\nCMSBS - Conselho Municipal de Saneamento B\u00e1sico de Santos;\nCOCESJE - Conselho Consultivo da Unidade de Conserva\u00e7\u00e3o Municipal Parque Natural Municipal Engenho S\u00e3o Jorge dos Erasmos;\nCONSEG - Conselho Comunit\u00e1rio de Seguran\u00e7a."
        },
        {
            "codigo": 6739,
            "data": "2022-12-31 00:00:00",
            "valor": null,
            "descricao": "O Controle Social no Munic\u00edpio \u00e9 realizados atrav\u00e9s de 30 Conselhos, s\u00e3o eles: CMACS-FUNDEB - Conselho de Acompanhamento e Controle Social do Fundo de Manuten\u00e7\u00e3o e Desenvolvimento da Educa\u00e7\u00e3o B\u00e1sica e de Valoriza\u00e7\u00e3o dos Profissionais da Educa\u00e7\u00e3o; CMAE \u2013 Conselho Municipal de Alimenta\u00e7\u00e3o Escolar; CMAS \u2013 Conselho Municipal de Assist\u00eancia Social; CONCULT \u2013 Conselho Municipal de Cultura; COMDEMA \u2013 Conselho Municipal da Defesa do Meio Ambiente; CONDEPASA \u2013 Conselho Municipal da Defesa do Patrim\u00f4nio Cultural CMDU \u2013 Conselho Municipal do Desenvolvimento Urbano; CMDCA \u2013 Conselho Municipal dos Direitos da Crian\u00e7a e do Adolescente; COMMULHER \u2013 Conselho Municipal dos Direitos da Mulher; CONDEFI \u2013 Conselho Municipal dos Direitos das Pessoas com Defici\u00eancia; CME \u2013 Conselho Municipal de Educa\u00e7\u00e3o; COEMPREGO - Conselho Municipal do Emprego. Trabalho e Renda; COMEB \u2013 Conselho Municipal de Entidades de Bairro; COMESP \u2013 Conselho Municipal de Esportes; CMH \u2013 Conselho Municipal de Habita\u00e7\u00e3o; CMI \u2013 Conselho Municipal do Idoso; CMJ \u2013 Conselho Municipal da Juventude; CMPDCNPIR - Conselho Municipal da Participa\u00e7\u00e3o e Desenvolvimento da Comunidade Negra e Promo\u00e7\u00e3o de Igualdade Racial; COMAD \u2013 Conselho Municipal das Pol\u00edticas sobre Drogas; CMSS \u2013 Conselho Municipal de Sa\u00fade de Santos; COMSEA - Conselho Municipal de Seguran\u00e7a Alimentar e Nutricional; CONSEM \u2013 Conselho de Seguran\u00e7a Municipal; COMTUR \u2013 Conselho Municipal de Turismo; COMVIDA \u2013 Conselho Municipal da Vida Animal; CMT - Conselho Municipal de Transpar\u00eancia Institucional, Fiscaliza\u00e7\u00e3o Administrativa e Controle Social de Santos; COMUS - Conselho Municipal de Usu\u00e1rios de Servi\u00e7os P\u00fablicos; CMSBS - Conselho Municipal de Saneamento B\u00e1sico de Santos; COCESJE - Conselho Consultivo da Unidade de Conserva\u00e7\u00e3o Municipal Parque Natural Municipal Engenho S\u00e3o Jorge dos Erasmos; CONSEG - Conselho Comunit\u00e1rio de Seguran\u00e7a, CONLGBT Conselho Municipal de Pol\u00edticas LGBT."
        }
    ]
}