{
    "codigo": 4931,
    "nome": "Qual \u00e9 a periodicidade dos encontros?",
    "descricao": "Qual \u00e9 a periodicidade dos encontros? - Cidades Sustentaveis",
    "fonte": "SEMULHER",
    "tipoValor": "T",
    "periodicidade": {
        "codigo": 6,
        "descricao": "Anual"
    },
    "tags": [
        {
            "codigo": 1,
            "descricao": "Santos Acolhedora"
        }
    ],
    "secretarias": [
        {
            "codigo": 4095,
            "dado_codigo": 4931,
            "sigla": "SEMULHER",
            "nome": "SECRETARIA MUNICIPAL DA MULHER, DA CIDADANIA E DOS DIREITOS HUMANOS"
        }
    ],
    "autarquias": [],
    "metas": [
        {
            "codigo": 17,
            "numero": 16,
            "titulo": "Paz, Justi\u00e7a e Institui\u00e7\u00f5es Eficazes",
            "objetivo": "Promover sociedades pac\u00edficas e inclusivas para o desenvolvimento sustent\u00e1vel, proporcionar o acesso \u00e0 justi\u00e7a para todos e construir institui\u00e7\u00f5es eficazes, respons\u00e1veis e inclusivas em todos os n\u00edveis",
            "imagem_url": "17.jpg",
            "link": "http://www.agenda2030.org.br/ods/16/"
        }
    ],
    "eixos": [
        {
            "codigo": 4,
            "descricao": "Governan\u00e7a"
        }
    ],
    "valores": [
        {
            "codigo": 1855,
            "data": "2013-12-31 00:00:00",
            "valor": "0.00",
            "descricao": "Mensal"
        },
        {
            "codigo": 1856,
            "data": "2014-12-31 00:00:00",
            "valor": "0.00",
            "descricao": "Mensal"
        },
        {
            "codigo": 1857,
            "data": "2015-12-31 00:00:00",
            "valor": "0.00",
            "descricao": "Mensal"
        },
        {
            "codigo": 1858,
            "data": "2016-12-31 00:00:00",
            "valor": "0.00",
            "descricao": "Os encontros s\u00e3o mensais por\u00e9m, o CONDEPASA realizou encontros quinzenais."
        },
        {
            "codigo": 1859,
            "data": "2017-12-31 00:00:00",
            "valor": "0.00",
            "descricao": "Os encontros s\u00e3o mensais na forma de assembleias ordin\u00e1rias, com calend\u00e1rio pr\u00e9vio estabelecido. Por\u00e9m, se houver necessidade Em car\u00e1ter extraordin\u00e1rio, o Conselho poder\u00e1 reunir-se a qualquer momento, de acordo com as necessidades de servi\u00e7o, por convoca\u00e7\u00e3o de seu Presidente, do Prefeito Municipal, ou de representatividade especifica de Conselheiros, constante no Regimento de cada Conselho."
        },
        {
            "codigo": 3545,
            "data": "2018-12-31 00:00:00",
            "valor": null,
            "descricao": "Os encontros s\u00e3o mensais na forma de assembleias ordin\u00e1rias, com calend\u00e1rio pr\u00e9vio estabelecido. Por\u00e9m, se houver necessidade Em car\u00e1ter extraordin\u00e1rio, o Conselho poder\u00e1 reunir-se a qualquer momento, de acordo com as necessidades de servi\u00e7o, por convoca\u00e7\u00e3o de seu Presidente, do Prefeito Municipal, ou de representatividade especifica de Conselheiros, constante no Regimento de cada Conselho."
        },
        {
            "codigo": 4460,
            "data": "2019-12-31 00:00:00",
            "valor": null,
            "descricao": "Os encontros s\u00e3o mensais na forma de assembleias ordin\u00e1rias, com calend\u00e1rio pr\u00e9vio estabelecido. Por\u00e9m, se houver necessidade Em car\u00e1ter extraordin\u00e1rio, o Conselho poder\u00e1 reunir-se a qualquer momento, de acordo com as necessidades de servi\u00e7o, por convoca\u00e7\u00e3o de seu Presidente, do Prefeito Municipal, ou de representatividade especifica de Conselheiros, constante no Regimento de cada Conselho."
        },
        {
            "codigo": 4463,
            "data": "2019-12-31 00:00:00",
            "valor": null,
            "descricao": "Os encontros s\u00e3o mensais na forma de assembleias ordin\u00e1rias, com calend\u00e1rio pr\u00e9vio estabelecido. Por\u00e9m, se houver necessidade Em car\u00e1ter extraordin\u00e1rio, o Conselho poder\u00e1 reunir-se a qualquer momento, de acordo com as necessidades de servi\u00e7o, por convoca\u00e7\u00e3o de seu Presidente, do Prefeito Municipal, ou de representatividade especifica de Conselheiros, constante no Regimento de cada Conselho."
        },
        {
            "codigo": 4891,
            "data": "2020-12-30 00:00:00",
            "valor": null,
            "descricao": "Os encontros  dos conselhos  s\u00e3o, regularmente de forma ordin\u00e1ria,  mensais,   com calend\u00e1rio pr\u00e9vio estabelecido  por cada conselho, que pode ser consultado no Portal dos Conselhos da Prefeitura de Santos. Por\u00e9m, se houver necessidade e em car\u00e1ter extraordin\u00e1rio, o Conselho poder\u00e1 reunir-se a qualquer tempo  de acordo com  a necessidade,   por convoca\u00e7\u00e3o de seu Presidente, do Prefeito Municipal ou de representatividade especifica de conselheiros,  na forma regimental prevista no estatuto de cada conselho."
        },
        {
            "codigo": 5897,
            "data": "2021-12-31 00:00:00",
            "valor": null,
            "descricao": "Os encontros dos conselhos s\u00e3o, regularmente de forma ordin\u00e1ria, mensais, com calend\u00e1rio pr\u00e9vio estabelecido por cada conselho, que pode ser consultado no Portal dos Conselhos da Prefeitura de Santos. Por\u00e9m, se houver necessidade e em car\u00e1ter extraordin\u00e1rio, o Conselho poder\u00e1 reunir-se a qualquer tempo de acordo com a necessidade, por convoca\u00e7\u00e3o de seu Presidente, do Prefeito Municipal ou de representatividade especifica de conselheiros, na forma regimental prevista no estatuto de cada Conselho."
        },
        {
            "codigo": 6746,
            "data": "2022-12-31 00:00:00",
            "valor": null,
            "descricao": "Os encontros dos conselhos s\u00e3o, regularmente de forma ordin\u00e1ria, mensais, com calend\u00e1rio pr\u00e9vio estabelecido por cada conselho, que pode ser consultado no Portal dos Conselhos da Prefeitura de Santos. Por\u00e9m, se houver necessidade e em carater extraordin\u00e1rio, o Conselho poder\u00e1 reunir-se a qualquer tempo de acordo com a necessidade, por convoca\u00e7\u00e3o de seu Presidente, do Prefeito Municipal ou de representatividade especifica de conselheiros, na forma regimental prevista no estatuto de cada Conselho."
        }
    ]
}