{
    "codigo": 4932,
    "nome": "Qual o n\u00famero de participantes?",
    "descricao": "Qual o n\u00famero de participantes? - Cidades Sustentaveis",
    "fonte": "SEMULHER",
    "tipoValor": "I",
    "periodicidade": {
        "codigo": 6,
        "descricao": "Anual"
    },
    "tags": [
        {
            "codigo": 1,
            "descricao": "Santos Acolhedora"
        }
    ],
    "secretarias": [
        {
            "codigo": 4095,
            "dado_codigo": 4932,
            "sigla": "SEMULHER",
            "nome": "SECRETARIA MUNICIPAL DA MULHER, DA CIDADANIA E DOS DIREITOS HUMANOS"
        }
    ],
    "autarquias": [],
    "metas": [
        {
            "codigo": 17,
            "numero": 16,
            "titulo": "Paz, Justi\u00e7a e Institui\u00e7\u00f5es Eficazes",
            "objetivo": "Promover sociedades pac\u00edficas e inclusivas para o desenvolvimento sustent\u00e1vel, proporcionar o acesso \u00e0 justi\u00e7a para todos e construir institui\u00e7\u00f5es eficazes, respons\u00e1veis e inclusivas em todos os n\u00edveis",
            "imagem_url": "17.jpg",
            "link": "http://www.agenda2030.org.br/ods/16/"
        }
    ],
    "eixos": [
        {
            "codigo": 4,
            "descricao": "Governan\u00e7a"
        }
    ],
    "valores": [
        {
            "codigo": 1860,
            "data": "2016-12-31 00:00:00",
            "valor": "1287.00",
            "descricao": null
        },
        {
            "codigo": 1861,
            "data": "2014-12-31 00:00:00",
            "valor": "0.00",
            "descricao": null
        },
        {
            "codigo": 1862,
            "data": "2017-12-31 00:00:00",
            "valor": "846.00",
            "descricao": null
        },
        {
            "codigo": 1863,
            "data": "2013-12-31 00:00:00",
            "valor": "122.00",
            "descricao": null
        },
        {
            "codigo": 1864,
            "data": "2015-12-31 00:00:00",
            "valor": "900.00",
            "descricao": null
        },
        {
            "codigo": 3546,
            "data": "2018-12-31 00:00:00",
            "valor": "900.00",
            "descricao": null
        },
        {
            "codigo": 4486,
            "data": "2019-12-31 00:00:00",
            "valor": "1302.00",
            "descricao": null
        },
        {
            "codigo": 4937,
            "data": "2020-12-30 00:00:00",
            "valor": "1302.00",
            "descricao": null
        },
        {
            "codigo": 5892,
            "data": "2021-12-31 00:00:00",
            "valor": "1817.00",
            "descricao": null
        },
        {
            "codigo": 6747,
            "data": "2022-12-31 00:00:00",
            "valor": "1817.00",
            "descricao": null
        }
    ]
}