{
    "codigo": 4933,
    "nome": "Com quanto tempo de anteced\u00eancia s\u00e3o convocadas as reuni\u00f5es?",
    "descricao": "Com quanto tempo de anteced\u00eancia s\u00e3o convocadas as reuni\u00f5es? - Cidades Sustentaveis",
    "fonte": "SEMULHER",
    "tipoValor": "T",
    "periodicidade": {
        "codigo": 6,
        "descricao": "Anual"
    },
    "tags": [
        {
            "codigo": 4,
            "descricao": "Santos Eficiente"
        }
    ],
    "secretarias": [
        {
            "codigo": 4095,
            "dado_codigo": 4933,
            "sigla": "SEMULHER",
            "nome": "SECRETARIA MUNICIPAL DA MULHER, DA CIDADANIA E DOS DIREITOS HUMANOS"
        }
    ],
    "autarquias": [],
    "metas": [
        {
            "codigo": 17,
            "numero": 16,
            "titulo": "Paz, Justi\u00e7a e Institui\u00e7\u00f5es Eficazes",
            "objetivo": "Promover sociedades pac\u00edficas e inclusivas para o desenvolvimento sustent\u00e1vel, proporcionar o acesso \u00e0 justi\u00e7a para todos e construir institui\u00e7\u00f5es eficazes, respons\u00e1veis e inclusivas em todos os n\u00edveis",
            "imagem_url": "17.jpg",
            "link": "http://www.agenda2030.org.br/ods/16/"
        }
    ],
    "eixos": [
        {
            "codigo": 4,
            "descricao": "Governan\u00e7a"
        }
    ],
    "valores": [
        {
            "codigo": 1865,
            "data": "2014-12-31 00:00:00",
            "valor": "0.00",
            "descricao": "Em m\u00e9dia 7 dias de anteced\u00eancia."
        },
        {
            "codigo": 1866,
            "data": "2013-12-31 00:00:00",
            "valor": "0.00",
            "descricao": "Em m\u00e9dia 7 dias de anteced\u00eancia."
        },
        {
            "codigo": 1867,
            "data": "2017-12-31 00:00:00",
            "valor": "0.00",
            "descricao": "As reuni\u00f5es s\u00e3o convocadas em m\u00e9dia com 05 (sete) dias de anteced\u00eancia."
        },
        {
            "codigo": 1868,
            "data": "2015-12-31 00:00:00",
            "valor": "0.00",
            "descricao": "Em m\u00e9dia 7 dias de anteced\u00eancia."
        },
        {
            "codigo": 1869,
            "data": "2016-12-31 00:00:00",
            "valor": "0.00",
            "descricao": "As reuni\u00f5es s\u00e3o convocadas em m\u00e9dia com 07 (sete) dias de anteced\u00eancia."
        },
        {
            "codigo": 3543,
            "data": "2018-12-31 00:00:00",
            "valor": null,
            "descricao": "As reuni\u00f5es s\u00e3o convocadas em m\u00e9dia com 07 (sete) dias de anteced\u00eancia."
        },
        {
            "codigo": 4466,
            "data": "2019-12-31 00:00:00",
            "valor": null,
            "descricao": "As reuni\u00f5es s\u00e3o convocadas em m\u00e9dia com 07 (sete) dias de anteced\u00eancia."
        },
        {
            "codigo": 4467,
            "data": "2019-12-31 00:00:00",
            "valor": null,
            "descricao": "As reuni\u00f5es s\u00e3o convocadas em m\u00e9dia com 07 (sete) dias de anteced\u00eancia."
        },
        {
            "codigo": 4892,
            "data": "2020-12-30 00:00:00",
            "valor": null,
            "descricao": "As reuni\u00f5es s\u00e3o convocadas, em m\u00e9dia, com 07 (sete) dias de anteced\u00eancia, com publica\u00e7\u00e3o no Di\u00e1rio Oficial do Munic\u00edpio."
        },
        {
            "codigo": 5893,
            "data": "2021-12-31 00:00:00",
            "valor": null,
            "descricao": "As reuni\u00f5es s\u00e3o convocadas, em m\u00e9dia, com 07 (sete) dias de anteced\u00eancia, com publica\u00e7\u00e3o no Di\u00e1rio Oficial do Munic\u00edpio."
        },
        {
            "codigo": 6730,
            "data": "2022-12-31 00:00:00",
            "valor": null,
            "descricao": "As reuni\u00f5es s\u00e3o convocadas, em m\u00e9dia, com 07 (sete) dias de anteced\u00eancia, com publica\u00e7\u00e3o no Di\u00e1rio Oficial do Munic\u00edpio quanto pelo calend\u00e1rio de reuni\u00f5es disponibilizado no portal dos conselhos."
        }
    ]
}