{
    "codigo": 4934,
    "nome": "Quais ve\u00edculos de comunica\u00e7\u00e3o s\u00e3o utilizados para fazer a convocat\u00f3ria?",
    "descricao": "Quais ve\u00edculos de comunica\u00e7\u00e3o s\u00e3o utilizados para fazer a convocat\u00f3ria? - Cidades Sustentaveis",
    "fonte": "SEMULHER",
    "tipoValor": "T",
    "periodicidade": {
        "codigo": 6,
        "descricao": "Anual"
    },
    "tags": [
        {
            "codigo": 1,
            "descricao": "Santos Acolhedora"
        }
    ],
    "secretarias": [
        {
            "codigo": 4095,
            "dado_codigo": 4934,
            "sigla": "SEMULHER",
            "nome": "SECRETARIA MUNICIPAL DA MULHER, DA CIDADANIA E DOS DIREITOS HUMANOS"
        }
    ],
    "autarquias": [],
    "metas": [
        {
            "codigo": 17,
            "numero": 16,
            "titulo": "Paz, Justi\u00e7a e Institui\u00e7\u00f5es Eficazes",
            "objetivo": "Promover sociedades pac\u00edficas e inclusivas para o desenvolvimento sustent\u00e1vel, proporcionar o acesso \u00e0 justi\u00e7a para todos e construir institui\u00e7\u00f5es eficazes, respons\u00e1veis e inclusivas em todos os n\u00edveis",
            "imagem_url": "17.jpg",
            "link": "http://www.agenda2030.org.br/ods/16/"
        }
    ],
    "eixos": [
        {
            "codigo": 4,
            "descricao": "Governan\u00e7a"
        }
    ],
    "valores": [
        {
            "codigo": 1870,
            "data": "2015-12-31 00:00:00",
            "valor": "0.00",
            "descricao": "Convoca\u00e7\u00e3o por publica\u00e7\u00e3o no Di\u00e1rio Oficial do Munic\u00edpio, no Portal dos conselhos e por e-mail."
        },
        {
            "codigo": 1871,
            "data": "2017-12-31 00:00:00",
            "valor": "0.00",
            "descricao": "As convocat\u00f3rias s\u00e3o feitas atrav\u00e9s de publica\u00e7\u00e3o no Di\u00e1rio Oficial do Munic\u00edpio, no Portal dos Conselhos e via e-mail."
        },
        {
            "codigo": 1872,
            "data": "2016-12-31 00:00:00",
            "valor": "0.00",
            "descricao": "Para a convocat\u00f3ria s\u00e3o utilizados a publica\u00e7\u00e3o no Di\u00e1rio Oficial do Munic\u00edpio, no Portal dos Conselhos e por e-mail."
        },
        {
            "codigo": 1873,
            "data": "2014-12-31 00:00:00",
            "valor": "0.00",
            "descricao": "Convoca\u00e7\u00e3o por publica\u00e7\u00e3o no Di\u00e1rio Oficial do Munic\u00edpio, no Portal dos conselhos e por e-mail."
        },
        {
            "codigo": 1874,
            "data": "2013-12-31 00:00:00",
            "valor": "0.00",
            "descricao": "Convoca\u00e7\u00e3o por publica\u00e7\u00e3o no Di\u00e1rio Oficial do Munic\u00edpio, no Portal dos conselhos e por e-mail."
        },
        {
            "codigo": 3541,
            "data": "2018-12-31 00:00:00",
            "valor": null,
            "descricao": "Para a convocat\u00f3ria s\u00e3o utilizados a publica\u00e7\u00e3o no Di\u00e1rio Oficial do Munic\u00edpio, no Portal dos Conselhos e por e-mail."
        },
        {
            "codigo": 4474,
            "data": "2019-12-31 00:00:00",
            "valor": null,
            "descricao": "Para a convocat\u00f3ria s\u00e3o utilizados publica\u00e7\u00e3o no Di\u00e1rio Oficial do Munic\u00edpio, no Portal dos Conselhos, por e-mail e se tiver grupo de WhatsApp, \u00e9 mais um meio de informar aos participantes."
        },
        {
            "codigo": 4476,
            "data": "2019-12-31 00:00:00",
            "valor": null,
            "descricao": "Para a convocat\u00f3ria s\u00e3o utilizados  publica\u00e7\u00e3o no Di\u00e1rio Oficial do Munic\u00edpio, no Portal dos Conselhos, por e-mail e se tiver grupo de WhatsApp \u00e9 mais um meio de informar aos participantes."
        },
        {
            "codigo": 4893,
            "data": "2020-12-30 00:00:00",
            "valor": null,
            "descricao": "As convocat\u00f3rias s\u00e3o publicadas no Di\u00e1rio Oficial do Munic\u00edpio. Por\u00e9m, a maioria dos Conselhos encaminham aviso  por e-mail , WhatsApp, como forma de alertar os participantes."
        },
        {
            "codigo": 5894,
            "data": "2021-12-31 00:00:00",
            "valor": null,
            "descricao": "Para a convocat\u00f3ria s\u00e3o utilizados a publica\u00e7\u00e3o no Di\u00e1rio Oficial do Munic\u00edpio, no Portal dos Conselhos."
        },
        {
            "codigo": 6745,
            "data": "2022-12-31 00:00:00",
            "valor": null,
            "descricao": "Para a convocat\u00f3ria s\u00e3o utilizadas  publica\u00e7\u00f5es  no Di\u00e1rio Oficial do Munic\u00edpio: https://diariooficial.santos.sp.gov.br\n e tamb\u00e9m no Portal dos Conselhos: https://santos.sp.gov.br/conselhos no item calend\u00e1rio conselhos e comiss\u00f5es https://www.santos.sp.gov.br/calendario/conselhos"
        }
    ]
}