{
    "codigo": 4935,
    "nome": "N\u00famero total, em metros c\u00fabicos (m\u00b3), de \u00e1gua tratada do munic\u00edpio",
    "descricao": "N\u00famero total, em metros c\u00fabicos (m\u00b3), de \u00e1gua tratada do munic\u00edpio - Cidades Sustentaveis",
    "fonte": "SEMAM",
    "tipoValor": "I",
    "periodicidade": {
        "codigo": 6,
        "descricao": "Anual"
    },
    "tags": [
        {
            "codigo": 20,
            "descricao": "Santos Sustent\u00e1vel"
        }
    ],
    "secretarias": [
        {
            "codigo": 5767,
            "dado_codigo": 4935,
            "sigla": "SEMAM",
            "nome": "SECRETARIA MUNICIPAL DE MEIO AMBIENTE E BEM-ESTAR ANIMAL"
        }
    ],
    "autarquias": [],
    "metas": [
        {
            "codigo": 7,
            "numero": 6,
            "titulo": "\u00c1gua Pot\u00e1vel e Saneamento",
            "objetivo": "Assegurar a disponibilidade e a gest\u00e3o sustent\u00e1vel da \u00e1gua e saneamento para todos",
            "imagem_url": "7.jpg",
            "link": "http://www.agenda2030.org.br/ods/6/"
        }
    ],
    "eixos": [
        {
            "codigo": 5,
            "descricao": "Bens Naturais Comuns"
        }
    ],
    "valores": [
        {
            "codigo": 1875,
            "data": "2017-12-31 00:00:00",
            "valor": "47218004.00",
            "descricao": null
        },
        {
            "codigo": 1876,
            "data": "2014-12-31 00:00:00",
            "valor": "51940471.00",
            "descricao": null
        },
        {
            "codigo": 1877,
            "data": "2013-12-31 00:00:00",
            "valor": "52331656.00",
            "descricao": null
        },
        {
            "codigo": 1878,
            "data": "2016-12-31 00:00:00",
            "valor": "47825460.00",
            "descricao": null
        },
        {
            "codigo": 1879,
            "data": "2015-12-31 00:00:00",
            "valor": "47825465.00",
            "descricao": null
        },
        {
            "codigo": 3476,
            "data": "2018-12-31 00:00:00",
            "valor": "47720713.00",
            "descricao": null
        },
        {
            "codigo": 4152,
            "data": "2019-12-31 00:00:00",
            "valor": "49264379.00",
            "descricao": null
        },
        {
            "codigo": 4736,
            "data": "2020-12-31 00:00:00",
            "valor": "50268350.00",
            "descricao": null
        },
        {
            "codigo": 5266,
            "data": "2021-12-31 00:00:00",
            "valor": "50390167.00",
            "descricao": null
        },
        {
            "codigo": 6392,
            "data": "2022-12-31 00:00:00",
            "valor": "50832067.00",
            "descricao": null
        },
        {
            "codigo": 7344,
            "data": "2023-12-31 00:00:00",
            "valor": "48561064.00",
            "descricao": null
        }
    ]
}