{
    "codigo": 4938,
    "nome": "Total de funcion\u00e1rios do munic\u00edpio",
    "descricao": "Total de funcion\u00e1rios do munic\u00edpio - Cidades Sustentaveis",
    "fonte": "SEFIN, ANTIGA SEGES",
    "tipoValor": "I",
    "periodicidade": {
        "codigo": 6,
        "descricao": "Anual"
    },
    "tags": [
        {
            "codigo": 4,
            "descricao": "Santos Eficiente"
        }
    ],
    "secretarias": [
        {
            "codigo": 4681,
            "dado_codigo": 4938,
            "sigla": "SEFIN",
            "nome": "SECRETARIA MUNICIPAL DE FINAN\u00c7AS E GEST\u00c3O"
        }
    ],
    "autarquias": [],
    "metas": [
        {
            "codigo": 11,
            "numero": 10,
            "titulo": "Redu\u00e7\u00e3o da Desigualdades",
            "objetivo": "Reduzir a desigualdade dentro dos pa\u00edses e entre eles",
            "imagem_url": "11.jpg",
            "link": "http://www.agenda2030.org.br/ods/10/"
        }
    ],
    "eixos": [
        {
            "codigo": 4,
            "descricao": "Governan\u00e7a"
        }
    ],
    "valores": [
        {
            "codigo": 1890,
            "data": "2017-12-31 00:00:00",
            "valor": "11642.00",
            "descricao": null
        },
        {
            "codigo": 1891,
            "data": "2016-12-31 00:00:00",
            "valor": "11414.00",
            "descricao": null
        },
        {
            "codigo": 1892,
            "data": "2012-12-31 00:00:00",
            "valor": "10669.00",
            "descricao": null
        },
        {
            "codigo": 1893,
            "data": "2013-12-31 00:00:00",
            "valor": "11044.00",
            "descricao": null
        },
        {
            "codigo": 1894,
            "data": "2014-12-31 00:00:00",
            "valor": "11497.00",
            "descricao": null
        },
        {
            "codigo": 1895,
            "data": "2015-12-31 00:00:00",
            "valor": "11409.00",
            "descricao": null
        },
        {
            "codigo": 3699,
            "data": "2018-12-31 00:00:00",
            "valor": "11954.00",
            "descricao": null
        },
        {
            "codigo": 4111,
            "data": "2019-12-31 00:00:00",
            "valor": "11640.00",
            "descricao": null
        },
        {
            "codigo": 5065,
            "data": "2020-12-31 00:00:00",
            "valor": "12414.00",
            "descricao": null
        },
        {
            "codigo": 5979,
            "data": "2021-12-30 00:00:00",
            "valor": "13212.00",
            "descricao": null
        },
        {
            "codigo": 6888,
            "data": "2022-12-31 00:00:00",
            "valor": "10991.00",
            "descricao": null
        }
    ]
}