{
    "codigo": 4939,
    "nome": "N\u00famero total, em metros quadrados (m\u00b2) de \u00e1rea verde p\u00fablica por habitante",
    "descricao": "N\u00famero total, em metros quadrados (m\u00b2) de \u00e1rea verde p\u00fablica por habitante - Cidades Sustent\u00e1veis",
    "fonte": "SEMAM",
    "tipoValor": "D",
    "periodicidade": {
        "codigo": 6,
        "descricao": "Anual"
    },
    "tags": [
        {
            "codigo": 20,
            "descricao": "Santos Sustent\u00e1vel"
        }
    ],
    "secretarias": [
        {
            "codigo": 5767,
            "dado_codigo": 4939,
            "sigla": "SEMAM",
            "nome": "SECRETARIA MUNICIPAL DE MEIO AMBIENTE E BEM-ESTAR ANIMAL"
        }
    ],
    "autarquias": [],
    "metas": [
        {
            "codigo": 12,
            "numero": 11,
            "titulo": "Cidades e Comunidades Sustent\u00e1veis",
            "objetivo": "Tornar as cidades e os assentamentos humanos inclusivos, seguros, resilientes e sustent\u00e1veis",
            "imagem_url": "12.jpg",
            "link": "http://www.agenda2030.org.br/ods/11/"
        }
    ],
    "eixos": [
        {
            "codigo": 7,
            "descricao": "Gest\u00e3o Local para a Sustentabilidade"
        }
    ],
    "valores": [
        {
            "codigo": 1896,
            "data": "2014-12-31 00:00:00",
            "valor": "0.00",
            "descricao": null
        },
        {
            "codigo": 1897,
            "data": "2015-12-31 00:00:00",
            "valor": "0.00",
            "descricao": null
        },
        {
            "codigo": 1898,
            "data": "2013-12-31 00:00:00",
            "valor": "0.00",
            "descricao": null
        },
        {
            "codigo": 1899,
            "data": "2017-12-31 00:00:00",
            "valor": "13.00",
            "descricao": null
        },
        {
            "codigo": 1900,
            "data": "2016-12-31 00:00:00",
            "valor": "15.83",
            "descricao": null
        },
        {
            "codigo": 3475,
            "data": "2018-12-31 00:00:00",
            "valor": "13.00",
            "descricao": null
        },
        {
            "codigo": 4220,
            "data": "2019-12-31 00:00:00",
            "valor": "17.00",
            "descricao": null
        },
        {
            "codigo": 4737,
            "data": "2020-12-31 00:00:00",
            "valor": "17.00",
            "descricao": null
        },
        {
            "codigo": 5267,
            "data": "2021-12-31 00:00:00",
            "valor": "16.01",
            "descricao": null
        },
        {
            "codigo": 6148,
            "data": "2022-12-31 00:00:00",
            "valor": "16.01",
            "descricao": null
        },
        {
            "codigo": 7368,
            "data": "2023-12-31 00:00:00",
            "valor": "16.01",
            "descricao": null
        }
    ]
}