{
    "codigo": 4940,
    "nome": "Percentual da popula\u00e7\u00e3o que vive em um raio de at\u00e9 300m de \u00e1reas verdes",
    "descricao": "Percentual da popula\u00e7\u00e3o que vive em um raio de at\u00e9 300m de \u00e1reas verdes - Cidades Sustentaveis",
    "fonte": "Sedurb",
    "tipoValor": "D",
    "periodicidade": {
        "codigo": 6,
        "descricao": "Anual"
    },
    "tags": [
        {
            "codigo": 20,
            "descricao": "Santos Sustent\u00e1vel"
        }
    ],
    "secretarias": [
        {
            "codigo": 2937,
            "dado_codigo": 4940,
            "sigla": "SEDURB",
            "nome": "SECRETARIA MUNICIPAL DE DESENVOLVIMENTO URBANO"
        }
    ],
    "autarquias": [],
    "metas": [
        {
            "codigo": 12,
            "numero": 11,
            "titulo": "Cidades e Comunidades Sustent\u00e1veis",
            "objetivo": "Tornar as cidades e os assentamentos humanos inclusivos, seguros, resilientes e sustent\u00e1veis",
            "imagem_url": "12.jpg",
            "link": "http://www.agenda2030.org.br/ods/11/"
        }
    ],
    "eixos": [
        {
            "codigo": 7,
            "descricao": "Gest\u00e3o Local para a Sustentabilidade"
        }
    ],
    "valores": [
        {
            "codigo": 1901,
            "data": "2013-12-31 00:00:00",
            "valor": "0.00",
            "descricao": null
        },
        {
            "codigo": 1902,
            "data": "2014-12-31 00:00:00",
            "valor": "0.00",
            "descricao": null
        },
        {
            "codigo": 1903,
            "data": "2016-12-31 00:00:00",
            "valor": "0.00",
            "descricao": null
        },
        {
            "codigo": 1904,
            "data": "2015-12-31 00:00:00",
            "valor": "0.00",
            "descricao": null
        },
        {
            "codigo": 1905,
            "data": "2018-12-31 00:00:00",
            "valor": "54.02",
            "descricao": null
        },
        {
            "codigo": 4030,
            "data": "2019-12-31 00:00:00",
            "valor": "54.02",
            "descricao": null
        },
        {
            "codigo": 4639,
            "data": "2020-12-31 00:00:00",
            "valor": "54.02",
            "descricao": null
        },
        {
            "codigo": 5355,
            "data": "2021-12-31 00:00:00",
            "valor": "54.02",
            "descricao": null
        },
        {
            "codigo": 6626,
            "data": "2022-12-31 00:00:00",
            "valor": "54.02",
            "descricao": null
        }
    ]
}