{
    "codigo": 4941,
    "nome": "N\u00famero de quil\u00f4metros de cal\u00e7adas acess\u00edveis",
    "descricao": "N\u00famero de quil\u00f4metros de cal\u00e7adas acess\u00edveis - Cidades Sustentaveis",
    "fonte": "Siedi",
    "tipoValor": "D",
    "periodicidade": {
        "codigo": 6,
        "descricao": "Anual"
    },
    "tags": [
        {
            "codigo": 19,
            "descricao": "Santos Zeladora"
        }
    ],
    "secretarias": [
        {
            "codigo": 1503,
            "dado_codigo": 4941,
            "sigla": "SIEDI",
            "nome": "SECRETARIA MUNICIPAL DE INFRAESTRUTURA E EDIFICA\u00c7\u00d5ES"
        }
    ],
    "autarquias": [],
    "metas": [
        {
            "codigo": 12,
            "numero": 11,
            "titulo": "Cidades e Comunidades Sustent\u00e1veis",
            "objetivo": "Tornar as cidades e os assentamentos humanos inclusivos, seguros, resilientes e sustent\u00e1veis",
            "imagem_url": "12.jpg",
            "link": "http://www.agenda2030.org.br/ods/11/"
        }
    ],
    "eixos": [
        {
            "codigo": 8,
            "descricao": "Planejamento e Desenho Urbano"
        }
    ],
    "valores": [
        {
            "codigo": 1906,
            "data": "2013-12-31 00:00:00",
            "valor": "2.47",
            "descricao": null
        },
        {
            "codigo": 1908,
            "data": "2015-12-31 00:00:00",
            "valor": "6.76",
            "descricao": null
        },
        {
            "codigo": 1909,
            "data": "2014-12-31 00:00:00",
            "valor": "4.68",
            "descricao": null
        },
        {
            "codigo": 1910,
            "data": "2016-12-31 00:00:00",
            "valor": "2.58",
            "descricao": null
        },
        {
            "codigo": 1911,
            "data": "2017-12-31 00:00:00",
            "valor": "8.35",
            "descricao": null
        },
        {
            "codigo": 3928,
            "data": "2018-12-31 00:00:00",
            "valor": "20.97",
            "descricao": null
        },
        {
            "codigo": 4471,
            "data": "2019-12-31 00:00:00",
            "valor": "14.58",
            "descricao": null
        },
        {
            "codigo": 5127,
            "data": "2020-12-30 00:00:00",
            "valor": "4.84",
            "descricao": null
        },
        {
            "codigo": 6011,
            "data": "2021-12-31 00:00:00",
            "valor": "2.87",
            "descricao": null
        },
        {
            "codigo": 6678,
            "data": "2022-12-31 00:00:00",
            "valor": "0.00",
            "descricao": null
        }
    ]
}