{
    "codigo": 4944,
    "nome": "N\u00famero de crian\u00e7as e adolescentes afastadas de situa\u00e7\u00e3o irregular de trabalho infantil",
    "descricao": "N\u00famero de crian\u00e7as e adolescentes afastadas de situa\u00e7\u00e3o irregular de trabalho infantil - Cidades Sustentaveis",
    "fonte": "Seds",
    "tipoValor": "I",
    "periodicidade": {
        "codigo": 6,
        "descricao": "Anual"
    },
    "tags": [
        {
            "codigo": 1,
            "descricao": "Santos Acolhedora"
        }
    ],
    "secretarias": [
        {
            "codigo": 3299,
            "dado_codigo": 4944,
            "sigla": "SEDS",
            "nome": "SECRETARIA MUNICIPAL DE DESENVOLVIMENTO SOCIAL"
        }
    ],
    "autarquias": [],
    "metas": [
        {
            "codigo": 9,
            "numero": 8,
            "titulo": "Trabalho Decente e Crescimento Econ\u00f4mico",
            "objetivo": "Promover o crescimento econ\u00f4mico sustentado, inclusivo e sustent\u00e1vel, o emprego pleno e produtivo e o trabalho decente para todos",
            "imagem_url": "9.jpg",
            "link": "http://www.agenda2030.org.br/ods/8/"
        }
    ],
    "eixos": [],
    "valores": [
        {
            "codigo": 1922,
            "data": "2013-12-31 00:00:00",
            "valor": "0.00",
            "descricao": null
        },
        {
            "codigo": 1923,
            "data": "2014-12-31 00:00:00",
            "valor": "0.00",
            "descricao": null
        },
        {
            "codigo": 1924,
            "data": "2015-12-31 00:00:00",
            "valor": "0.00",
            "descricao": null
        },
        {
            "codigo": 1925,
            "data": "2016-12-31 00:00:00",
            "valor": "138.00",
            "descricao": null
        },
        {
            "codigo": 1926,
            "data": "2017-12-31 00:00:00",
            "valor": "32.00",
            "descricao": null
        },
        {
            "codigo": 3567,
            "data": "2018-12-31 00:00:00",
            "valor": "30.00",
            "descricao": null
        },
        {
            "codigo": 4580,
            "data": "2019-12-31 00:00:00",
            "valor": "15.00",
            "descricao": null
        },
        {
            "codigo": 4912,
            "data": "2020-12-31 00:00:00",
            "valor": "14.00",
            "descricao": null
        },
        {
            "codigo": 5865,
            "data": "2021-12-31 00:00:00",
            "valor": "27.00",
            "descricao": null
        },
        {
            "codigo": 6468,
            "data": "2022-12-31 00:00:00",
            "valor": "35.00",
            "descricao": null
        }
    ]
}