{
    "codigo": 4945,
    "nome": "N\u00famero de interna\u00e7\u00f5es hospitalares ocorridas em consequ\u00eancia de doen\u00e7as relacionadas ao saneamento ambiental inadequado (DRSAI)",
    "descricao": "N\u00famero de interna\u00e7\u00f5es hospitalares ocorridas em consequ\u00eancia de doen\u00e7as relacionadas ao saneamento ambiental inadequado (DRSAI) - Cidades Sustentaveis",
    "fonte": "Sms",
    "tipoValor": "I",
    "periodicidade": {
        "codigo": 6,
        "descricao": "Anual"
    },
    "tags": [
        {
            "codigo": 17,
            "descricao": "Santos Saud\u00e1vel"
        }
    ],
    "secretarias": [
        {
            "codigo": 3399,
            "dado_codigo": 4945,
            "sigla": "SMS",
            "nome": "SECRETARIA MUNICIPAL DE SA\u00daDE"
        }
    ],
    "autarquias": [],
    "metas": [
        {
            "codigo": 12,
            "numero": 11,
            "titulo": "Cidades e Comunidades Sustent\u00e1veis",
            "objetivo": "Tornar as cidades e os assentamentos humanos inclusivos, seguros, resilientes e sustent\u00e1veis",
            "imagem_url": "12.jpg",
            "link": "http://www.agenda2030.org.br/ods/11/"
        }
    ],
    "eixos": [
        {
            "codigo": 12,
            "descricao": "Consumo Respons\u00e1vel e Op\u00e7\u00f5es de Estilo de Vida"
        }
    ],
    "valores": [
        {
            "codigo": 1927,
            "data": "2016-12-31 00:00:00",
            "valor": "94.00",
            "descricao": null
        },
        {
            "codigo": 1928,
            "data": "2013-12-31 00:00:00",
            "valor": "169.00",
            "descricao": null
        },
        {
            "codigo": 1929,
            "data": "2017-12-31 00:00:00",
            "valor": "41.00",
            "descricao": null
        },
        {
            "codigo": 1930,
            "data": "2014-12-31 00:00:00",
            "valor": "61.00",
            "descricao": null
        },
        {
            "codigo": 1931,
            "data": "2015-12-31 00:00:00",
            "valor": "179.00",
            "descricao": null
        },
        {
            "codigo": 3417,
            "data": "2018-12-31 00:00:00",
            "valor": "45.00",
            "descricao": null
        },
        {
            "codigo": 4067,
            "data": "2019-12-31 00:00:00",
            "valor": "53.00",
            "descricao": null
        },
        {
            "codigo": 4675,
            "data": "2020-12-31 00:00:00",
            "valor": "32.00",
            "descricao": null
        },
        {
            "codigo": 5752,
            "data": "2021-12-31 00:00:00",
            "valor": "90.00",
            "descricao": null
        },
        {
            "codigo": 6529,
            "data": "2022-12-31 00:00:00",
            "valor": "27.00",
            "descricao": null
        }
    ]
}