{
    "codigo": 4947,
    "nome": "Existe no munic\u00edpio pol\u00edticas de fomento para a efici\u00eancia energ\u00e9tica local? Quais?",
    "descricao": "Existe no munic\u00edpio pol\u00edticas de fomento para a efici\u00eancia energ\u00e9tica local? Quais? - Cidades Sustentaveis",
    "fonte": "Sedurb",
    "tipoValor": "T",
    "periodicidade": {
        "codigo": 6,
        "descricao": "Anual"
    },
    "tags": [
        {
            "codigo": 4,
            "descricao": "Santos Eficiente"
        }
    ],
    "secretarias": [
        {
            "codigo": 2937,
            "dado_codigo": 4947,
            "sigla": "SEDURB",
            "nome": "SECRETARIA MUNICIPAL DE DESENVOLVIMENTO URBANO"
        }
    ],
    "autarquias": [],
    "metas": [
        {
            "codigo": 9,
            "numero": 8,
            "titulo": "Trabalho Decente e Crescimento Econ\u00f4mico",
            "objetivo": "Promover o crescimento econ\u00f4mico sustentado, inclusivo e sustent\u00e1vel, o emprego pleno e produtivo e o trabalho decente para todos",
            "imagem_url": "9.jpg",
            "link": "http://www.agenda2030.org.br/ods/8/"
        }
    ],
    "eixos": [
        {
            "codigo": 11,
            "descricao": "Economia Local, Din\u00e2mica, Criativa e Sustent\u00e1vel"
        }
    ],
    "valores": [
        {
            "codigo": 1938,
            "data": "2017-12-31 00:00:00",
            "valor": "0.00",
            "descricao": "Atualmente temos vigente o Decreto que classifica os Edif\u00edcios Verdes e Inteligentes - LC n\u00ba 730 de 11/07/2011, e a Lei que concede incentivo fiscal \u00e0 implanta\u00e7\u00e3o de coberturas verdes. - Lc. n\u00ba 913 de 21/12/2015. - Decreto n\u00ba. 5.998, de 28 de novembro de 2011. Fixa requisitos para a Classifica\u00e7\u00e3o dos Edif\u00edcios Verdes e Inteligentes, definidos na Lei Complementar n.\u00ba 730, de 11 de julho de 2011, e d\u00e1 outras provid\u00eancias. Os indicadores da Participa\u00e7\u00e3o Direta nos Resultados e Plano Diretor de Metas (PDR/PDM) espec\u00edficos do consumo de energia, vinculados \u00e0s Secretarias e demais autarquias."
        },
        {
            "codigo": 1939,
            "data": "2013-12-31 00:00:00",
            "valor": "0.00",
            "descricao": "No munic\u00edpio de Santos existe o fomento de pol\u00edticas para efici\u00eancia energ\u00e9tica. As a\u00e7\u00f5es desenvolvidas est\u00e3o previstas na lei complementar n\u00ba 812 de 29 de novembro de 2013 que institui o programa de incentivo ao parque tecnol\u00f3gico de santos, na lei complementar n\u00ba 821 de 27 de dezembro de 2013 que institui o plano diretor de desenvolvimento e expans\u00e3o urbana do munic\u00edpio de santos e na lei n\u00ba 2.913 de 29 de julho de 2013 que disp\u00f5e sobre o plano plurianual do munic\u00edpio de santos para o per\u00edodo de 2014 a 2017."
        },
        {
            "codigo": 1940,
            "data": "2016-12-31 00:00:00",
            "valor": "0.00",
            "descricao": "No munic\u00edpio de Santos existe o fomento de pol\u00edticas para efici\u00eancia energ\u00e9tica. As a\u00e7\u00f5es desenvolvidas est\u00e3o previstas na lei complementar n\u00ba 812 de 29 de novembro de 2013 que institui o programa de incentivo ao parque tecnol\u00f3gico de santos, na lei complementar n\u00ba 821 de 27 de dezembro de 2013 que institui o plano diretor de desenvolvimento e expans\u00e3o urbana do munic\u00edpio de santos e na lei n\u00ba 2.913 de 29 de julho de 2013 que disp\u00f5e sobre o plano plurianual do munic\u00edpio de Santos para o per\u00edodo de 2014 a 2017."
        },
        {
            "codigo": 1941,
            "data": "2014-12-31 00:00:00",
            "valor": "0.00",
            "descricao": "No munic\u00edpio de Santos existe o fomento de pol\u00edticas para efici\u00eancia energ\u00e9tica. As a\u00e7\u00f5es desenvolvidas est\u00e3o previstas na lei complementar n\u00ba 812 de 29 de novembro de 2013 que institui o programa de incentivo ao parque tecnol\u00f3gico de santos, na lei complementar n\u00ba 821 de 27 de dezembro de 2013 que institui o plano diretor de desenvolvimento e expans\u00e3o urbana do munic\u00edpio de santos e na lei n\u00ba 2.913 de 29 de julho de 2013 que disp\u00f5e sobre o plano plurianual do munic\u00edpio de santos para o per\u00edodo de 2014 a 2017."
        },
        {
            "codigo": 1942,
            "data": "2015-12-31 00:00:00",
            "valor": "0.00",
            "descricao": "No munic\u00edpio de Santos existe o fomento de pol\u00edticas para efici\u00eancia energ\u00e9tica. As a\u00e7\u00f5es desenvolvidas est\u00e3o previstas na lei complementar n\u00ba 812 de 29 de novembro de 2013 que institui o programa de incentivo ao parque tecnol\u00f3gico de santos, na lei complementar n\u00ba 821 de 27 de dezembro de 2013 que institui o plano diretor de desenvolvimento e expans\u00e3o urbana do munic\u00edpio de santos e na lei n\u00ba 2.913 de 29 de julho de 2013 que disp\u00f5e sobre o plano plurianual do munic\u00edpio de santos para o per\u00edodo de 2014 a 2017."
        },
        {
            "codigo": 3365,
            "data": "2018-12-31 00:00:00",
            "valor": null,
            "descricao": "Atualmente temos vigente o Decreto que classifica os Edif\u00edcios Verdes e Inteligentes - LC n\u00ba 730 de 11/07/2011, e a Lei que concede incentivo fiscal \u00e0 implanta\u00e7\u00e3o de coberturas verdes. - Lc. n\u00ba 913 de 21/12/2015. - Decreto n\u00ba. 5.998, de 28 de novembro de 2011. Fixa requisitos para a Classifica\u00e7\u00e3o dos Edif\u00edcios Verdes e Inteligentes, definidos na Lei Complementar n.\u00ba 730, de 11 de julho de 2011, e d\u00e1 outras provid\u00eancias. Os indicadores da Participa\u00e7\u00e3o Direta nos Resultados e Plano Diretor de Metas (PDR/PDM) espec\u00edficos do consumo de energia, vinculados \u00e0s Secretarias e demais autarquias."
        },
        {
            "codigo": 4094,
            "data": "2019-12-31 00:00:00",
            "valor": null,
            "descricao": "Atualmente temos vigente o Decreto que classifica os Edif\u00edcios Verdes e Inteligentes - Decreto n\u00ba. 5.998, de 28 de novembro de 2011 - Fixa requisitos para a Classifica\u00e7\u00e3o dos Edif\u00edcios Verdes e Inteligentes e a Lei que concede incentivo fiscal \u00e0 implanta\u00e7\u00e3o de coberturas verdes. - Lc. N\u00ba 913 de 21/12/2015."
        },
        {
            "codigo": 4640,
            "data": "2020-12-31 00:00:00",
            "valor": null,
            "descricao": "Atualmente temos vigente o Decreto que classifica os Edif\u00edcios Verdes e Inteligentes - Decreto n\u00ba. 5.998, de 28 de novembro de 2011 - Fixa requisitos para a Classifica\u00e7\u00e3o dos Edif\u00edcios Verdes e Inteligentes e a Lei que concede incentivo fiscal \u00e0 implanta\u00e7\u00e3o de coberturas verdes. - Lc. N\u00ba 913 de 21/12/2015."
        },
        {
            "codigo": 5796,
            "data": "2021-12-31 00:00:00",
            "valor": null,
            "descricao": "Atualmente temos vigente o Decreto que classifica os Edif\u00edcios Verdes e Inteligentes - Decreto n\u00ba. 5.998, de 28 de novembro de 2011 - Fixa requisitos para a Classifica\u00e7\u00e3o dos Edif\u00edcios Verdes e Inteligentes, e atrav\u00e9s dessa classifica\u00e7\u00e3o s\u00e3o oferecidos incentivos construtivos atrav\u00e9s da Lei de Uso e Ocupa\u00e7\u00e3o do Solo."
        },
        {
            "codigo": 6584,
            "data": "2022-12-31 00:00:00",
            "valor": null,
            "descricao": "Atualmente temos vigente o Decreto que classifica os Edif\u00edcios Verdes e Inteligentes - Decreto n\u00ba. 5.998, de 28 de novembro de 2011 - Fixa requisitos para a Classifica\u00e7\u00e3o dos Edif\u00edcios Verdes e Inteligentes, e atrav\u00e9s dessa classifica\u00e7\u00e3o s\u00e3o oferecidos incentivos construtivos atrav\u00e9s da Lei de Uso e Ocupa\u00e7\u00e3o do Solo."
        }
    ]
}