{
    "codigo": 4948,
    "nome": "Mortalidade por doen\u00e7as cr\u00f4nicas n\u00e3o transmiss\u00edveis (doen\u00e7as cardiovasculares, doen\u00e7as respirat\u00f3rias, neoplasias, diabetes mellitus)",
    "descricao": "Mortalidade por doen\u00e7as cr\u00f4nicas n\u00e3o transmiss\u00edveis (doen\u00e7as cardiovasculares, doen\u00e7as respirat\u00f3rias, neoplasias, diabetes mellitus) - Cidades Sustentaveis",
    "fonte": "Sms",
    "tipoValor": "I",
    "periodicidade": {
        "codigo": 6,
        "descricao": "Anual"
    },
    "tags": [
        {
            "codigo": 17,
            "descricao": "Santos Saud\u00e1vel"
        }
    ],
    "secretarias": [
        {
            "codigo": 3399,
            "dado_codigo": 4948,
            "sigla": "SMS",
            "nome": "SECRETARIA MUNICIPAL DE SA\u00daDE"
        }
    ],
    "autarquias": [],
    "metas": [
        {
            "codigo": 4,
            "numero": 3,
            "titulo": "Sa\u00fade e Bem-Estar",
            "objetivo": "Assegurar uma vida saud\u00e1vel e promover o bem-estar para todos, em todas as idades",
            "imagem_url": "4.jpg",
            "link": "http://www.agenda2030.org.br/ods/3/"
        }
    ],
    "eixos": [
        {
            "codigo": 14,
            "descricao": "A\u00e7\u00e3o Local para a Sa\u00fade"
        }
    ],
    "valores": [
        {
            "codigo": 1943,
            "data": "2013-12-31 00:00:00",
            "valor": "2668.00",
            "descricao": null
        },
        {
            "codigo": 1944,
            "data": "2014-12-31 00:00:00",
            "valor": "2585.00",
            "descricao": null
        },
        {
            "codigo": 1945,
            "data": "2016-12-31 00:00:00",
            "valor": "2749.00",
            "descricao": null
        },
        {
            "codigo": 1946,
            "data": "2015-12-31 00:00:00",
            "valor": "2636.00",
            "descricao": null
        },
        {
            "codigo": 1947,
            "data": "2017-12-31 00:00:00",
            "valor": "2680.00",
            "descricao": null
        },
        {
            "codigo": 3406,
            "data": "2018-12-31 00:00:00",
            "valor": "2664.00",
            "descricao": null
        },
        {
            "codigo": 4077,
            "data": "2019-12-31 00:00:00",
            "valor": "2568.00",
            "descricao": null
        },
        {
            "codigo": 4725,
            "data": "2020-12-31 00:00:00",
            "valor": "2320.00",
            "descricao": null
        },
        {
            "codigo": 5753,
            "data": "2021-12-31 00:00:00",
            "valor": "2524.00",
            "descricao": null
        },
        {
            "codigo": 6500,
            "data": "2022-12-31 00:00:00",
            "valor": "2767.00",
            "descricao": null
        }
    ]
}