{
    "codigo": 4950,
    "nome": "N\u00famero de pessoas em cargos gerenciais no governo do munic\u00edpio",
    "descricao": "N\u00famero de pessoas em cargos gerenciais no governo do munic\u00edpio - Cidades Sustentaveis",
    "fonte": "SEFIN, ANTIGA SEGES",
    "tipoValor": "I",
    "periodicidade": {
        "codigo": 6,
        "descricao": "Anual"
    },
    "tags": [
        {
            "codigo": 4,
            "descricao": "Santos Eficiente"
        }
    ],
    "secretarias": [
        {
            "codigo": 4681,
            "dado_codigo": 4950,
            "sigla": "SEFIN",
            "nome": "SECRETARIA MUNICIPAL DE FINAN\u00c7AS E GEST\u00c3O"
        }
    ],
    "autarquias": [],
    "metas": [
        {
            "codigo": 6,
            "numero": 4,
            "titulo": "Educa\u00e7\u00e3o de Qualidade",
            "objetivo": "Assegurar a educa\u00e7\u00e3o inclusiva e equitativa de qualidade, e promover oportunidades de aprendizagem ao longo da vida para todos",
            "imagem_url": "6.jpg",
            "link": "http://www.agenda2030.org.br/ods/4/"
        }
    ],
    "eixos": [
        {
            "codigo": 4,
            "descricao": "Governan\u00e7a"
        }
    ],
    "valores": [
        {
            "codigo": 1954,
            "data": "2016-12-31 00:00:00",
            "valor": "305.00",
            "descricao": null
        },
        {
            "codigo": 1955,
            "data": "2013-12-31 00:00:00",
            "valor": "307.00",
            "descricao": null
        },
        {
            "codigo": 1956,
            "data": "2014-12-31 00:00:00",
            "valor": "307.00",
            "descricao": null
        },
        {
            "codigo": 1957,
            "data": "2017-12-31 00:00:00",
            "valor": "301.00",
            "descricao": null
        },
        {
            "codigo": 1958,
            "data": "2015-12-31 00:00:00",
            "valor": "307.00",
            "descricao": null
        },
        {
            "codigo": 1959,
            "data": "2012-12-31 00:00:00",
            "valor": "307.00",
            "descricao": null
        },
        {
            "codigo": 3701,
            "data": "2018-12-31 00:00:00",
            "valor": "307.00",
            "descricao": null
        },
        {
            "codigo": 4113,
            "data": "2019-12-31 00:00:00",
            "valor": "300.00",
            "descricao": null
        },
        {
            "codigo": 5067,
            "data": "2020-12-31 00:00:00",
            "valor": "256.00",
            "descricao": null
        },
        {
            "codigo": 5999,
            "data": "2021-12-30 00:00:00",
            "valor": "1169.00",
            "descricao": null
        },
        {
            "codigo": 6871,
            "data": "2022-12-31 00:00:00",
            "valor": "1180.00",
            "descricao": null
        }
    ]
}