{
    "codigo": 4952,
    "nome": "N\u00famero de notifica\u00e7\u00f5es de viol\u00eancia contra mulheres e meninas registradas no munic\u00edpio",
    "descricao": "N\u00famero de notifica\u00e7\u00f5es de viol\u00eancia contra mulheres e meninas registradas no munic\u00edpio - Cidades Sustentaveis",
    "fonte": "Sms",
    "tipoValor": "I",
    "periodicidade": {
        "codigo": 6,
        "descricao": "Anual"
    },
    "tags": [
        {
            "codigo": 17,
            "descricao": "Santos Saud\u00e1vel"
        }
    ],
    "secretarias": [
        {
            "codigo": 3399,
            "dado_codigo": 4952,
            "sigla": "SMS",
            "nome": "SECRETARIA MUNICIPAL DE SA\u00daDE"
        }
    ],
    "autarquias": [],
    "metas": [
        {
            "codigo": 6,
            "numero": 4,
            "titulo": "Educa\u00e7\u00e3o de Qualidade",
            "objetivo": "Assegurar a educa\u00e7\u00e3o inclusiva e equitativa de qualidade, e promover oportunidades de aprendizagem ao longo da vida para todos",
            "imagem_url": "6.jpg",
            "link": "http://www.agenda2030.org.br/ods/4/"
        }
    ],
    "eixos": [
        {
            "codigo": 6,
            "descricao": "Equidade, Justi\u00e7a Social e Cultura de Paz"
        }
    ],
    "valores": [
        {
            "codigo": 1966,
            "data": "2014-12-31 00:00:00",
            "valor": "97.00",
            "descricao": null
        },
        {
            "codigo": 1967,
            "data": "2017-12-31 00:00:00",
            "valor": "404.00",
            "descricao": null
        },
        {
            "codigo": 1968,
            "data": "2013-12-31 00:00:00",
            "valor": "74.00",
            "descricao": null
        },
        {
            "codigo": 1969,
            "data": "2016-12-31 00:00:00",
            "valor": "370.00",
            "descricao": null
        },
        {
            "codigo": 1970,
            "data": "2015-12-31 00:00:00",
            "valor": "110.00",
            "descricao": null
        },
        {
            "codigo": 3448,
            "data": "2018-12-31 00:00:00",
            "valor": "506.00",
            "descricao": null
        },
        {
            "codigo": 4082,
            "data": "2019-12-31 00:00:00",
            "valor": "401.00",
            "descricao": null
        },
        {
            "codigo": 4676,
            "data": "2020-12-31 00:00:00",
            "valor": "265.00",
            "descricao": null
        },
        {
            "codigo": 5754,
            "data": "2021-12-31 00:00:00",
            "valor": "309.00",
            "descricao": null
        },
        {
            "codigo": 6506,
            "data": "2022-12-31 00:00:00",
            "valor": "327.00",
            "descricao": null
        }
    ]
}