{
    "codigo": 4953,
    "nome": "N\u00famero de mulheres no comando das secretarias do governo municipal",
    "descricao": "N\u00famero de mulheres no comando das secretarias do governo municipal - Cidades Sustentaveis",
    "fonte": "SEFIN, ANTIGA SEGES",
    "tipoValor": "I",
    "periodicidade": {
        "codigo": 6,
        "descricao": "Anual"
    },
    "tags": [
        {
            "codigo": 4,
            "descricao": "Santos Eficiente"
        }
    ],
    "secretarias": [
        {
            "codigo": 4681,
            "dado_codigo": 4953,
            "sigla": "SEFIN",
            "nome": "SECRETARIA MUNICIPAL DE FINAN\u00c7AS E GEST\u00c3O"
        }
    ],
    "autarquias": [],
    "metas": [
        {
            "codigo": 5,
            "numero": 5,
            "titulo": "Igualdade de G\u00eanero",
            "objetivo": "Alcan\u00e7ar a igualdade de g\u00eanero e empoderar todas as mulheres e meninas",
            "imagem_url": "5.jpg",
            "link": "http://www.agenda2030.org.br/ods/5/"
        }
    ],
    "eixos": [
        {
            "codigo": 4,
            "descricao": "Governan\u00e7a"
        }
    ],
    "valores": [
        {
            "codigo": 1971,
            "data": "2013-12-31 00:00:00",
            "valor": "2.00",
            "descricao": null
        },
        {
            "codigo": 1972,
            "data": "2014-12-31 00:00:00",
            "valor": "2.00",
            "descricao": null
        },
        {
            "codigo": 1973,
            "data": "2016-12-31 00:00:00",
            "valor": "4.00",
            "descricao": null
        },
        {
            "codigo": 1974,
            "data": "2017-12-31 00:00:00",
            "valor": "2.00",
            "descricao": null
        },
        {
            "codigo": 1975,
            "data": "2015-12-31 00:00:00",
            "valor": "3.00",
            "descricao": null
        },
        {
            "codigo": 1976,
            "data": "2012-12-31 00:00:00",
            "valor": "7.00",
            "descricao": null
        },
        {
            "codigo": 3703,
            "data": "2018-12-31 00:00:00",
            "valor": "2.00",
            "descricao": null
        },
        {
            "codigo": 4115,
            "data": "2019-12-31 00:00:00",
            "valor": "3.00",
            "descricao": null
        },
        {
            "codigo": 5069,
            "data": "2020-12-31 00:00:00",
            "valor": "2.00",
            "descricao": null
        },
        {
            "codigo": 5997,
            "data": "2021-12-30 00:00:00",
            "valor": "4.00",
            "descricao": null
        },
        {
            "codigo": 6869,
            "data": "2022-12-31 00:00:00",
            "valor": "6.00",
            "descricao": null
        }
    ]
}