{
    "codigo": 4954,
    "nome": "N\u00famero total de secret\u00e1rios(as) do governo municipal",
    "descricao": "N\u00famero total de secret\u00e1rios(as) do governo municipal (17) - Cidades Sustentaveis",
    "fonte": "SEFIN, ANTIGA SEGES",
    "tipoValor": "I",
    "periodicidade": {
        "codigo": 6,
        "descricao": "Anual"
    },
    "tags": [
        {
            "codigo": 4,
            "descricao": "Santos Eficiente"
        }
    ],
    "secretarias": [
        {
            "codigo": 4681,
            "dado_codigo": 4954,
            "sigla": "SEFIN",
            "nome": "SECRETARIA MUNICIPAL DE FINAN\u00c7AS E GEST\u00c3O"
        }
    ],
    "autarquias": [],
    "metas": [
        {
            "codigo": 6,
            "numero": 4,
            "titulo": "Educa\u00e7\u00e3o de Qualidade",
            "objetivo": "Assegurar a educa\u00e7\u00e3o inclusiva e equitativa de qualidade, e promover oportunidades de aprendizagem ao longo da vida para todos",
            "imagem_url": "6.jpg",
            "link": "http://www.agenda2030.org.br/ods/4/"
        }
    ],
    "eixos": [
        {
            "codigo": 4,
            "descricao": "Governan\u00e7a"
        }
    ],
    "valores": [
        {
            "codigo": 1977,
            "data": "2016-12-31 00:00:00",
            "valor": "21.00",
            "descricao": null
        },
        {
            "codigo": 1978,
            "data": "2017-12-31 00:00:00",
            "valor": "21.00",
            "descricao": null
        },
        {
            "codigo": 1979,
            "data": "2013-12-31 00:00:00",
            "valor": "21.00",
            "descricao": null
        },
        {
            "codigo": 1980,
            "data": "2015-12-31 00:00:00",
            "valor": "21.00",
            "descricao": null
        },
        {
            "codigo": 1981,
            "data": "2014-12-31 00:00:00",
            "valor": "21.00",
            "descricao": null
        },
        {
            "codigo": 1982,
            "data": "2012-12-31 00:00:00",
            "valor": "21.00",
            "descricao": null
        },
        {
            "codigo": 3704,
            "data": "2018-12-31 00:00:00",
            "valor": "20.00",
            "descricao": null
        },
        {
            "codigo": 4116,
            "data": "2019-12-31 00:00:00",
            "valor": "20.00",
            "descricao": null
        },
        {
            "codigo": 5070,
            "data": "2020-12-31 00:00:00",
            "valor": "20.00",
            "descricao": null
        },
        {
            "codigo": 5993,
            "data": "2021-12-30 00:00:00",
            "valor": "20.00",
            "descricao": null
        },
        {
            "codigo": 6875,
            "data": "2022-12-31 00:00:00",
            "valor": "20.00",
            "descricao": null
        }
    ]
}