{
    "codigo": 4955,
    "nome": "N\u00famero de casos de neglig\u00eancia e abandono de crian\u00e7as e adolescentes registrados no munic\u00edpio",
    "descricao": "N\u00famero de casos de neglig\u00eancia e abandono de crian\u00e7as e adolescentes registrados no munic\u00edpio - Cidades Sustentaveis",
    "fonte": "SEMULHER",
    "tipoValor": "I",
    "periodicidade": {
        "codigo": 6,
        "descricao": "Anual"
    },
    "tags": [
        {
            "codigo": 1,
            "descricao": "Santos Acolhedora"
        }
    ],
    "secretarias": [
        {
            "codigo": 4095,
            "dado_codigo": 4955,
            "sigla": "SEMULHER",
            "nome": "SECRETARIA MUNICIPAL DA MULHER, DA CIDADANIA E DOS DIREITOS HUMANOS"
        }
    ],
    "autarquias": [],
    "metas": [
        {
            "codigo": 6,
            "numero": 4,
            "titulo": "Educa\u00e7\u00e3o de Qualidade",
            "objetivo": "Assegurar a educa\u00e7\u00e3o inclusiva e equitativa de qualidade, e promover oportunidades de aprendizagem ao longo da vida para todos",
            "imagem_url": "6.jpg",
            "link": "http://www.agenda2030.org.br/ods/4/"
        }
    ],
    "eixos": [
        {
            "codigo": 6,
            "descricao": "Equidade, Justi\u00e7a Social e Cultura de Paz"
        }
    ],
    "valores": [
        {
            "codigo": 1983,
            "data": "2017-12-31 00:00:00",
            "valor": "77.00",
            "descricao": null
        },
        {
            "codigo": 1984,
            "data": "2013-12-31 00:00:00",
            "valor": "128.00",
            "descricao": null
        },
        {
            "codigo": 1985,
            "data": "2014-12-31 00:00:00",
            "valor": "150.00",
            "descricao": null
        },
        {
            "codigo": 1986,
            "data": "2015-12-31 00:00:00",
            "valor": "83.00",
            "descricao": null
        },
        {
            "codigo": 1987,
            "data": "2016-12-31 00:00:00",
            "valor": "134.00",
            "descricao": null
        },
        {
            "codigo": 3648,
            "data": "2018-12-31 00:00:00",
            "valor": "63.00",
            "descricao": null
        },
        {
            "codigo": 4581,
            "data": "2019-12-31 00:00:00",
            "valor": "48.00",
            "descricao": null
        },
        {
            "codigo": 4931,
            "data": "2020-12-30 00:00:00",
            "valor": "1721.00",
            "descricao": null
        },
        {
            "codigo": 5945,
            "data": "2021-12-31 00:00:00",
            "valor": "91.00",
            "descricao": null
        },
        {
            "codigo": 6742,
            "data": "2022-12-31 00:00:00",
            "valor": "61.00",
            "descricao": null
        }
    ]
}