{
    "codigo": 4956,
    "nome": "N\u00famero de notifica\u00e7\u00f5es de estupros sofridos por mulheres registrados no munic\u00edpio",
    "descricao": "N\u00famero de notifica\u00e7\u00f5es de estupros sofridos por mulheres registrados no munic\u00edpio - Cidades Sustentaveis",
    "fonte": "Sms",
    "tipoValor": "I",
    "periodicidade": {
        "codigo": 6,
        "descricao": "Anual"
    },
    "tags": [
        {
            "codigo": 17,
            "descricao": "Santos Saud\u00e1vel"
        }
    ],
    "secretarias": [
        {
            "codigo": 3399,
            "dado_codigo": 4956,
            "sigla": "SMS",
            "nome": "SECRETARIA MUNICIPAL DE SA\u00daDE"
        }
    ],
    "autarquias": [],
    "metas": [
        {
            "codigo": 6,
            "numero": 4,
            "titulo": "Educa\u00e7\u00e3o de Qualidade",
            "objetivo": "Assegurar a educa\u00e7\u00e3o inclusiva e equitativa de qualidade, e promover oportunidades de aprendizagem ao longo da vida para todos",
            "imagem_url": "6.jpg",
            "link": "http://www.agenda2030.org.br/ods/4/"
        }
    ],
    "eixos": [
        {
            "codigo": 6,
            "descricao": "Equidade, Justi\u00e7a Social e Cultura de Paz"
        }
    ],
    "valores": [
        {
            "codigo": 1988,
            "data": "2015-12-31 00:00:00",
            "valor": "0.00",
            "descricao": null
        },
        {
            "codigo": 1989,
            "data": "2014-12-31 00:00:00",
            "valor": "0.00",
            "descricao": null
        },
        {
            "codigo": 1990,
            "data": "2017-12-31 00:00:00",
            "valor": "44.00",
            "descricao": null
        },
        {
            "codigo": 1991,
            "data": "2016-12-31 00:00:00",
            "valor": "32.00",
            "descricao": null
        },
        {
            "codigo": 1992,
            "data": "2013-12-31 00:00:00",
            "valor": "0.00",
            "descricao": null
        },
        {
            "codigo": 3428,
            "data": "2018-12-31 00:00:00",
            "valor": "73.00",
            "descricao": null
        },
        {
            "codigo": 4081,
            "data": "2019-12-31 00:00:00",
            "valor": "85.00",
            "descricao": null
        },
        {
            "codigo": 4677,
            "data": "2020-12-31 00:00:00",
            "valor": "52.00",
            "descricao": null
        },
        {
            "codigo": 5755,
            "data": "2021-12-31 00:00:00",
            "valor": "62.00",
            "descricao": null
        },
        {
            "codigo": 6505,
            "data": "2022-12-31 00:00:00",
            "valor": "76.00",
            "descricao": null
        }
    ]
}