{
    "codigo": 4961,
    "nome": "Or\u00e7amento municipal investido em ci\u00eancia e tecnologia",
    "descricao": "Or\u00e7amento municipal investido em ci\u00eancia e tecnologia - Cidades Sustentaveis",
    "fonte": "SEGOV-DEORG",
    "tipoValor": "D",
    "periodicidade": {
        "codigo": 6,
        "descricao": "Anual"
    },
    "tags": [
        {
            "codigo": 4,
            "descricao": "Santos Eficiente"
        }
    ],
    "secretarias": [
        {
            "codigo": 2859,
            "dado_codigo": 4961,
            "sigla": "SEGOV",
            "nome": "SECRETARIA MUNICIPAL DE GOVERNO"
        }
    ],
    "autarquias": [],
    "metas": [
        {
            "codigo": 9,
            "numero": 8,
            "titulo": "Trabalho Decente e Crescimento Econ\u00f4mico",
            "objetivo": "Promover o crescimento econ\u00f4mico sustentado, inclusivo e sustent\u00e1vel, o emprego pleno e produtivo e o trabalho decente para todos",
            "imagem_url": "9.jpg",
            "link": "http://www.agenda2030.org.br/ods/8/"
        }
    ],
    "eixos": [
        {
            "codigo": 11,
            "descricao": "Economia Local, Din\u00e2mica, Criativa e Sustent\u00e1vel"
        }
    ],
    "valores": [
        {
            "codigo": 2013,
            "data": "2016-12-31 00:00:00",
            "valor": "0.00",
            "descricao": null
        },
        {
            "codigo": 2014,
            "data": "2013-12-31 00:00:00",
            "valor": "703124.94",
            "descricao": null
        },
        {
            "codigo": 2015,
            "data": "2015-12-31 00:00:00",
            "valor": "0.00",
            "descricao": null
        },
        {
            "codigo": 2016,
            "data": "2017-12-31 00:00:00",
            "valor": "1402770.83",
            "descricao": null
        },
        {
            "codigo": 2017,
            "data": "2014-12-31 00:00:00",
            "valor": "0.00",
            "descricao": null
        },
        {
            "codigo": 3585,
            "data": "2018-12-31 00:00:00",
            "valor": "1059484.25",
            "descricao": null
        },
        {
            "codigo": 4537,
            "data": "2019-12-31 00:00:00",
            "valor": "1034711.97",
            "descricao": null
        },
        {
            "codigo": 4954,
            "data": "2020-12-31 00:00:00",
            "valor": "3060348.91",
            "descricao": null
        },
        {
            "codigo": 5446,
            "data": "2021-12-31 00:00:00",
            "valor": "1235461.94",
            "descricao": null
        },
        {
            "codigo": 6799,
            "data": "2022-12-31 00:00:00",
            "valor": "15345676.00",
            "descricao": null
        }
    ]
}