{
    "codigo": 4962,
    "nome": "N\u00famero de espa\u00e7os e equipamentos p\u00fablicos com acessibilidade",
    "descricao": "N\u00famero de espa\u00e7os e equipamentos p\u00fablicos com acessibilidade - Cidades Sustentaveis",
    "fonte": "SIEDI",
    "tipoValor": "I",
    "periodicidade": {
        "codigo": 6,
        "descricao": "Anual"
    },
    "tags": [
        {
            "codigo": 19,
            "descricao": "Santos Zeladora"
        }
    ],
    "secretarias": [
        {
            "codigo": 1503,
            "dado_codigo": 4962,
            "sigla": "SIEDI",
            "nome": "SECRETARIA MUNICIPAL DE INFRAESTRUTURA E EDIFICA\u00c7\u00d5ES"
        }
    ],
    "autarquias": [],
    "metas": [
        {
            "codigo": 11,
            "numero": 10,
            "titulo": "Redu\u00e7\u00e3o da Desigualdades",
            "objetivo": "Reduzir a desigualdade dentro dos pa\u00edses e entre eles",
            "imagem_url": "11.jpg",
            "link": "http://www.agenda2030.org.br/ods/10/"
        }
    ],
    "eixos": [
        {
            "codigo": 4,
            "descricao": "Governan\u00e7a"
        }
    ],
    "valores": [
        {
            "codigo": 2018,
            "data": "2017-12-31 00:00:00",
            "valor": "2.00",
            "descricao": null
        },
        {
            "codigo": 2019,
            "data": "2016-12-31 00:00:00",
            "valor": "69.00",
            "descricao": null
        },
        {
            "codigo": 2020,
            "data": "2015-12-31 00:00:00",
            "valor": "0.00",
            "descricao": null
        },
        {
            "codigo": 2021,
            "data": "2014-12-31 00:00:00",
            "valor": "0.00",
            "descricao": null
        },
        {
            "codigo": 2022,
            "data": "2013-12-31 00:00:00",
            "valor": "0.00",
            "descricao": null
        },
        {
            "codigo": 5250,
            "data": "2018-12-31 00:00:00",
            "valor": "12.00",
            "descricao": null
        },
        {
            "codigo": 5251,
            "data": "2019-12-31 00:00:00",
            "valor": "12.00",
            "descricao": null
        },
        {
            "codigo": 5252,
            "data": "2020-12-31 00:00:00",
            "valor": "37.00",
            "descricao": null
        },
        {
            "codigo": 6005,
            "data": "2021-12-31 00:00:00",
            "valor": "5.00",
            "descricao": null
        },
        {
            "codigo": 6667,
            "data": "2022-12-31 00:00:00",
            "valor": "3.00",
            "descricao": null
        }
    ]
}