{
    "codigo": 4964,
    "nome": "N\u00famero de domic\u00edlios com acesso a servi\u00e7o de coleta de res\u00edduos dom\u00e9sticos",
    "descricao": "N\u00famero de domic\u00edlios com acesso a servi\u00e7o de coleta de res\u00edduos dom\u00e9sticos - Cidades Sustentaveis",
    "fonte": "Seserp",
    "tipoValor": "I",
    "periodicidade": {
        "codigo": 6,
        "descricao": "Anual"
    },
    "tags": [
        {
            "codigo": 19,
            "descricao": "Santos Zeladora"
        }
    ],
    "secretarias": [
        {
            "codigo": 1657,
            "dado_codigo": 4964,
            "sigla": "SESERP",
            "nome": "SECRETARIA MUNICIPAL DE SERVI\u00c7OS P\u00daBLICOS"
        }
    ],
    "autarquias": [],
    "metas": [
        {
            "codigo": 13,
            "numero": 12,
            "titulo": "Consumo e Produ\u00e7\u00e3o Respons\u00e1veis",
            "objetivo": "Assegurar padr\u00f5es de produ\u00e7\u00e3o e de consumo sustent\u00e1veis",
            "imagem_url": "13.jpg",
            "link": "http://www.agenda2030.org.br/ods/12/"
        }
    ],
    "eixos": [
        {
            "codigo": 12,
            "descricao": "Consumo Respons\u00e1vel e Op\u00e7\u00f5es de Estilo de Vida"
        }
    ],
    "valores": [
        {
            "codigo": 2028,
            "data": "2015-12-31 00:00:00",
            "valor": "209321.00",
            "descricao": null
        },
        {
            "codigo": 2029,
            "data": "2014-12-31 00:00:00",
            "valor": "209321.00",
            "descricao": null
        },
        {
            "codigo": 2030,
            "data": "2013-12-31 00:00:00",
            "valor": "209321.00",
            "descricao": null
        },
        {
            "codigo": 2031,
            "data": "2016-12-31 00:00:00",
            "valor": "209321.00",
            "descricao": null
        },
        {
            "codigo": 2032,
            "data": "2017-12-31 00:00:00",
            "valor": "209321.00",
            "descricao": null
        },
        {
            "codigo": 3376,
            "data": "2018-12-31 00:00:00",
            "valor": "209321.00",
            "descricao": null
        },
        {
            "codigo": 4043,
            "data": "2019-12-31 00:00:00",
            "valor": "209321.00",
            "descricao": null
        },
        {
            "codigo": 5079,
            "data": "2020-12-31 00:00:00",
            "valor": "209321.00",
            "descricao": null
        },
        {
            "codigo": 5791,
            "data": "2021-12-31 00:00:00",
            "valor": "209321.00",
            "descricao": null
        },
        {
            "codigo": 6757,
            "data": "2022-12-31 00:00:00",
            "valor": "209321.00",
            "descricao": null
        }
    ]
}