{
    "codigo": 4966,
    "nome": "Existe no munic\u00edpio \u00f3rg\u00e3os de controle externo (ex. ouvidorias) nas secretarias e outros \u00f3rg\u00e3os municipais? Quais s\u00e3o?",
    "descricao": "Existe no munic\u00edpio \u00f3rg\u00e3os de controle externo (ex. ouvidorias) nas secretarias e outros \u00f3rg\u00e3os municipais? Quais s\u00e3o? - Cidades Sustentaveis",
    "fonte": "OTC",
    "tipoValor": "T",
    "periodicidade": {
        "codigo": 6,
        "descricao": "Anual"
    },
    "tags": [
        {
            "codigo": 18,
            "descricao": "Santos Transparente"
        }
    ],
    "secretarias": [
        {
            "codigo": 2833,
            "dado_codigo": 4966,
            "sigla": "OTC",
            "nome": "OUVIDORIA, TRANSPAR\u00caNCIA E CONTROLE"
        }
    ],
    "autarquias": [],
    "metas": [
        {
            "codigo": 11,
            "numero": 10,
            "titulo": "Redu\u00e7\u00e3o da Desigualdades",
            "objetivo": "Reduzir a desigualdade dentro dos pa\u00edses e entre eles",
            "imagem_url": "11.jpg",
            "link": "http://www.agenda2030.org.br/ods/10/"
        }
    ],
    "eixos": [
        {
            "codigo": 4,
            "descricao": "Governan\u00e7a"
        }
    ],
    "valores": [
        {
            "codigo": 2038,
            "data": "2016-12-31 00:00:00",
            "valor": "0.00",
            "descricao": "Sim. A Ouvidoria P\u00fablica Municipal."
        },
        {
            "codigo": 2039,
            "data": "2013-12-31 00:00:00",
            "valor": "0.00",
            "descricao": "Sim. A Ouvidoria P\u00fablica Municipal."
        },
        {
            "codigo": 2040,
            "data": "2014-12-31 00:00:00",
            "valor": "0.00",
            "descricao": "Sim. A Ouvidoria P\u00fablica Municipal."
        },
        {
            "codigo": 2041,
            "data": "2015-12-31 00:00:00",
            "valor": "0.00",
            "descricao": "Sim. A Ouvidoria P\u00fablica Municipal."
        },
        {
            "codigo": 2042,
            "data": "2017-12-31 00:00:00",
            "valor": "0.00",
            "descricao": "Sim. A Ouvidoria P\u00fablica Municipal."
        },
        {
            "codigo": 3389,
            "data": "2018-12-31 00:00:00",
            "valor": null,
            "descricao": "Sim. A Ouvidoria P\u00fablica Municipal."
        },
        {
            "codigo": 4233,
            "data": "2019-12-31 00:00:00",
            "valor": null,
            "descricao": "Sim. A Ouvidoria P\u00fablica Municipal."
        },
        {
            "codigo": 4730,
            "data": "2020-12-31 00:00:00",
            "valor": null,
            "descricao": "Sim. A Ouvidoria P\u00fablica Municipal."
        },
        {
            "codigo": 6008,
            "data": "2021-12-31 00:00:00",
            "valor": null,
            "descricao": "Sim. Existe a Ouvidoria Municipal de Santos que atua em todas as Secretarias do Poder Executivo Municipal. Os \u00f3rg\u00e3os da administra\u00e7\u00e3o indireta possuem Ouvidorias pr\u00f3prias."
        },
        {
            "codigo": 6636,
            "data": "2022-12-31 00:00:00",
            "valor": null,
            "descricao": "Sim. Existe a Ouvidoria Municipal de Santos que atua em todas as Secretarias do Poder Executivo Municipal. Os \u00f3rg\u00e3os da administra\u00e7\u00e3o indireta possuem Ouvidorias pr\u00f3prias."
        }
    ]
}