{
    "codigo": 4969,
    "nome": "H\u00e1 no munic\u00edpio a\u00e7\u00f5es afirmativas em pol\u00edticas p\u00fablicas e legisla\u00e7\u00e3o locais para a redu\u00e7\u00e3o da desigualdade? Quais?",
    "descricao": "H\u00e1 no munic\u00edpio a\u00e7\u00f5es afirmativas em pol\u00edticas p\u00fablicas e legisla\u00e7\u00e3o locais para a redu\u00e7\u00e3o da desigualdade? Quais? - Cidades Sustentaveis",
    "fonte": "SEMULHER",
    "tipoValor": "T",
    "periodicidade": {
        "codigo": 6,
        "descricao": "Anual"
    },
    "tags": [
        {
            "codigo": 1,
            "descricao": "Santos Acolhedora"
        }
    ],
    "secretarias": [
        {
            "codigo": 4095,
            "dado_codigo": 4969,
            "sigla": "SEMULHER",
            "nome": "SECRETARIA MUNICIPAL DA MULHER, DA CIDADANIA E DOS DIREITOS HUMANOS"
        }
    ],
    "autarquias": [],
    "metas": [
        {
            "codigo": 11,
            "numero": 10,
            "titulo": "Redu\u00e7\u00e3o da Desigualdades",
            "objetivo": "Reduzir a desigualdade dentro dos pa\u00edses e entre eles",
            "imagem_url": "11.jpg",
            "link": "http://www.agenda2030.org.br/ods/10/"
        }
    ],
    "eixos": [
        {
            "codigo": 6,
            "descricao": "Equidade, Justi\u00e7a Social e Cultura de Paz"
        }
    ],
    "valores": [
        {
            "codigo": 2053,
            "data": "2015-12-31 00:00:00",
            "valor": "0.00",
            "descricao": "Temos albergadas as Coordenadorias ligadas ao Departamento de Cidadania \u00f3rg\u00e3o desta secretaria supervisiona planos, programas e projetos voltados \u00e0 promo\u00e7\u00e3o dos direitos da cidadania, da crian\u00e7a, do adolescente, do jovem, do idoso, da mulher e da pessoa com defici\u00eancia, al\u00e9m de dar suporte \u00e0 Comiss\u00e3o Municipal de Diversidade Sexual e Comiss\u00e3o da Paz.e pol\u00edticas voltadas aos Direitos Humanos. Dialogam com a sociedade civil com o fito de elaborar as pol\u00edticas voltadas aos segmentos espec\u00edficos, quais s\u00e3o: Cadoj- Coordenadoria de Assist\u00eancia Judici\u00e1ria Gratuita e Orienta\u00e7\u00e3o Jur\u00eddica ao Cidad\u00e3o presta orienta\u00e7\u00f5es a pessoas de baixa renda, Codep- Coordenadoria de Defesa de Pol\u00edticas para Pessoas com Defici\u00eancia - defende os interesses das pessoas com defici\u00eancia, Copire- Coordenadoria de Promo\u00e7\u00e3o Igualdade racial e \u00e9tnica- promove pol\u00edticas p\u00fablicas de igualdade de grupos de diversas ra\u00e7as e etnias, Comulher- Coordenadoria de Pol\u00edticas para a Mulher-elabora planos, programas e projetos voltados \u00e0 promo\u00e7\u00e3o dos direitos \u00e0 cidadania da mulher."
        },
        {
            "codigo": 2054,
            "data": "2016-12-31 00:00:00",
            "valor": "0.00",
            "descricao": "Temos albergadas as Coordenadorias ligadas ao Departamento de Cidadania \u00f3rg\u00e3o desta secretaria supervisiona planos, programas e projetos voltados \u00e0 promo\u00e7\u00e3o dos direitos da cidadania, da crian\u00e7a, do adolescente, do jovem, do idoso, da mulher e da pessoa com defici\u00eancia, al\u00e9m de dar suporte \u00e0 Comiss\u00e3o Municipal de Diversidade Sexual e Comiss\u00e3o da Paz.e pol\u00edticas voltadas aos Direitos Humanos. Dialogam com a sociedade civil com o fito de elaborar as pol\u00edticas voltadas aos segmentos espec\u00edficos, quais s\u00e3o: Cadoj- Coordenadoria de Assist\u00eancia Judici\u00e1ria Gratuita e Orienta\u00e7\u00e3o Jur\u00eddica ao Cidad\u00e3o presta orienta\u00e7\u00f5es a pessoas de baixa renda, Codep- Coordenadoria de Defesa de Pol\u00edticas para Pessoas com Defici\u00eancia - defende os interesses das pessoas com defici\u00eancia, Copire- Coordenadoria de Promo\u00e7\u00e3o Igualdade racial e \u00e9tnica- promove pol\u00edticas p\u00fablicas de igualdade de grupos de diversas ra\u00e7as e etnias, Comulher- Coordenadoria de Pol\u00edticas para a Mulher-elabora planos, programas e projetos voltados \u00e0 promo\u00e7\u00e3o dos direitos \u00e0 cidadania da mulher."
        },
        {
            "codigo": 2055,
            "data": "2014-12-31 00:00:00",
            "valor": "0.00",
            "descricao": "Temos albergadas as Coordenadorias ligadas ao Departamento de Cidadania \u00f3rg\u00e3o desta secretaria supervisiona planos, programas e projetos voltados \u00e0 promo\u00e7\u00e3o dos direitos da cidadania, da crian\u00e7a, do adolescente, do jovem, do idoso, da mulher e da pessoa com defici\u00eancia, al\u00e9m de dar suporte \u00e0 Comiss\u00e3o Municipal de Diversidade Sexual e Comiss\u00e3o da Paz.e pol\u00edticas voltadas aos Direitos Humanos. Dialogam com a sociedade civil com o fito de elaborar as pol\u00edticas voltadas aos segmentos espec\u00edficos, quais s\u00e3o: Cadoj- Coordenadoria de Assist\u00eancia Judici\u00e1ria Gratuita e Orienta\u00e7\u00e3o Jur\u00eddica ao Cidad\u00e3o presta orienta\u00e7\u00f5es a pessoas de baixa renda, Codep- Coordenadoria de Defesa de Pol\u00edticas para Pessoas com Defici\u00eancia - defende os interesses das pessoas com defici\u00eancia, Copire- Coordenadoria de Promo\u00e7\u00e3o Igualdade racial e \u00e9tnica- promove pol\u00edticas p\u00fablicas de igualdade de grupos de diversas ra\u00e7as e etnias, Comulher- Coordenadoria de Pol\u00edticas para a Mulher-elabora planos, programas e projetos voltados \u00e0 promo\u00e7\u00e3o dos direitos \u00e0 cidadania da mulher."
        },
        {
            "codigo": 2056,
            "data": "2017-12-31 00:00:00",
            "valor": "0.00",
            "descricao": "Temos albergadas as Coordenadorias ligadas ao Departamento de Cidadania \u00f3rg\u00e3o desta secretaria supervisiona planos, programas e projetos voltados \u00e0 promo\u00e7\u00e3o dos direitos da cidadania, da crian\u00e7a, do adolescente, do jovem, do idoso, da mulher e da pessoa com defici\u00eancia, al\u00e9m de dar suporte \u00e0 Comiss\u00e3o Municipal de Diversidade Sexual e Comiss\u00e3o da Paz.e pol\u00edticas voltadas aos Direitos Humanos. Dialogam com a sociedade civil com o fito de elaborar as pol\u00edticas voltadas aos segmentos espec\u00edficos, quais s\u00e3o: Cadoj- Coordenadoria de Assist\u00eancia Judici\u00e1ria Gratuita e Orienta\u00e7\u00e3o Jur\u00eddica ao Cidad\u00e3o presta orienta\u00e7\u00f5es a pessoas de baixa renda, Codep- Coordenadoria de Defesa de Pol\u00edticas para Pessoas com Defici\u00eancia - defende os interesses das pessoas com defici\u00eancia, Copire- Coordenadoria de Promo\u00e7\u00e3o Igualdade racial e \u00e9tnica- promove pol\u00edticas p\u00fablicas de igualdade de grupos de diversas ra\u00e7as e etnias, Comulher- Coordenadoria de Pol\u00edticas para a Mulher-elabora planos, programas e projetos voltados \u00e0 promo\u00e7\u00e3o dos direitos \u00e0 cidadania da mulher"
        },
        {
            "codigo": 2057,
            "data": "2013-12-31 00:00:00",
            "valor": "0.00",
            "descricao": "Temos albergadas as Coordenadorias ligadas ao Departamento de Cidadania \u00f3rg\u00e3o desta secretaria supervisiona planos, programas e projetos voltados \u00e0 promo\u00e7\u00e3o dos direitos da cidadania, da crian\u00e7a, do adolescente, do jovem, do idoso, da mulher e da pessoa com defici\u00eancia, al\u00e9m de dar suporte \u00e0 Comiss\u00e3o Municipal de Diversidade Sexual e Comiss\u00e3o da Paz.e pol\u00edticas voltadas aos Direitos Humanos. Dialogam com a sociedade civil com o fito de elaborar as pol\u00edticas voltadas aos segmentos espec\u00edficos, quais s\u00e3o: Cadoj- Coordenadoria de Assist\u00eancia Judici\u00e1ria Gratuita e Orienta\u00e7\u00e3o Jur\u00eddica ao Cidad\u00e3o presta orienta\u00e7\u00f5es a pessoas de baixa renda, Codep- Coordenadoria de Defesa de Pol\u00edticas para Pessoas com Defici\u00eancia - defende os interesses das pessoas com defici\u00eancia, Copire- Coordenadoria de Promo\u00e7\u00e3o Igualdade racial e \u00e9tnica- promove pol\u00edticas p\u00fablicas de igualdade de grupos de diversas ra\u00e7as e etnias, Comulher- Coordenadoria de Pol\u00edticas para a Mulher - elabora planos, programas e projetos voltados \u00e0 promo\u00e7\u00e3o dos direitos \u00e0 cidadania da mulher"
        },
        {
            "codigo": 3547,
            "data": "2018-12-31 00:00:00",
            "valor": null,
            "descricao": "Temos nas  Coordenadorias ligadas ao Departamento de Cidadania e Recursos Humanos, \u00f3rg\u00e3o desta secretaria, que  supervisiona planos, programas e projetos voltados \u00e0 promo\u00e7\u00e3o dos direitos da cidadania, da crian\u00e7a, do adolescente, do jovem, do idoso, da mulher,da pessoa com defici\u00eancia, promo\u00e7\u00e3o da igualdade racial  al\u00e9m de dar suporte \u00e0 Comiss\u00e3o Municipal de Diversidade Sexual e Comiss\u00e3o da Paz.e pol\u00edticas voltadas aos Direitos Humanos. Dialogam com a sociedade civil com o fito de elaborar as pol\u00edticas voltadas aos segmentos espec\u00edficos quais s\u00e3o: Cadoj- Coordenadoria de Assist\u00eancia Judici\u00e1ria Gratuita e Orienta\u00e7\u00e3o Jur\u00eddica ao Cidad\u00e3o presta orienta\u00e7\u00f5es a pessoas de baixa renda, Codep- Coordenadoria de Defesa de Pol\u00edticas para Pessoas com Defici\u00eancia - defende os interesses das pessoas com defici\u00eancia, Copire- Coordenadoria de Promo\u00e7\u00e3o Igualdade racial e \u00e9tnica- promove pol\u00edticas p\u00fablicas de igualdade de grupos de diversas ra\u00e7as e etnias, Comulher- Coordenadoria de Pol\u00edticas para a Mulher-elabora planos, programas e projetos voltados \u00e0 promo\u00e7\u00e3o dos direitos \u00e0 cidadania da mulher"
        },
        {
            "codigo": 4338,
            "data": "2019-12-31 00:00:00",
            "valor": null,
            "descricao": "Temos nas Coordenadorias ligadas ao Departamento de Cidadania e Recursos Humanos, \u00f3rg\u00e3o desta secretaria, que supervisiona planos, programas e projetos voltados \u00e0 promo\u00e7\u00e3o dos direitos da cidadania, da crian\u00e7a, do adolescente, do jovem, do idoso, da mulher, da pessoa com defici\u00eancia, promo\u00e7\u00e3o da igualdade racial al\u00e9m de dar suporte \u00e0 Comiss\u00e3o Municipal de Diversidade Sexual e Comiss\u00e3o da Paz, pol\u00edticas voltadas aos Direitos Humanos. \nDialogam com a sociedade civil com o intuito de elaborar pol\u00edticas voltadas aos segmentos espec\u00edficos quais s\u00e3o: \nCadoj- Coordenadoria de Assist\u00eancia Judici\u00e1ria Gratuita e Orienta\u00e7\u00e3o Jur\u00eddica ao Cidad\u00e3o presta orienta\u00e7\u00f5es a pessoas de baixa renda\nCoppi - Coordenadoria de Pol\u00edticas da Pessoa Idosa - elabora planos, programas e projetos voltados \u00e0 promo\u00e7\u00e3o dos direitos da pessoa idosa\nCojuv - Coordenadoria da Juventude - elabora planos, programas e projetos voltados \u00e0 promo\u00e7\u00e3o dos direitos das crian\u00e7as, adolescentes e jovens\nCodep- Coordenadoria de Defesa de Pol\u00edticas para Pessoas com Defici\u00eancia - elabora planos, programas e projetos voltados \u00e0 promo\u00e7\u00e3o dos direitos da pessoa com defici\u00eancia \nCopire- Coordenadoria de Promo\u00e7\u00e3o de Igualdade racial e \u00e9tnica - promove pol\u00edticas p\u00fablicas de igualdade de grupos de diversas ra\u00e7as e etnias\nComulher- Coordenadoria de Pol\u00edticas para a Mulher - elabora planos, programas e projetos voltados \u00e0 promo\u00e7\u00e3o dos direitos da mulher"
        },
        {
            "codigo": 5108,
            "data": "2020-12-30 00:00:00",
            "valor": null,
            "descricao": "Temos nas Coordenadorias ligadas ao Departamento de Cidadania e Recursos Humanos, \u00f3rg\u00e3o desta secretaria, que  prop\u00f5e planos, programas e projetos voltados \u00e0 promo\u00e7\u00e3o dos direitos da cidadania, da crian\u00e7a, do adolescente, do jovem, do idoso, da mulher, da pessoa com defici\u00eancia, promo\u00e7\u00e3o da igualdade racial al\u00e9m de dar suporte \u00e0 Comiss\u00e3o Municipal de Diversidade Sexual e Comiss\u00e3o da Paz, pol\u00edticas voltadas aos Direitos Humanos. Dialogam com a sociedade civil com o intuito de elaborar pol\u00edticas voltadas aos segmentos espec\u00edficos quais s\u00e3o: Cadoj- Coordenadoria de Assist\u00eancia Judici\u00e1ria Gratuita e Orienta\u00e7\u00e3o Jur\u00eddica ao Cidad\u00e3o presta orienta\u00e7\u00f5es a pessoas de baixa renda Coppi - Coordenadoria de Pol\u00edticas da Pessoa Idosa - elabora planos, programas e projetos voltados \u00e0 promo\u00e7\u00e3o dos direitos da pessoa idosa Cojuv - Coordenadoria da Juventude - elabora planos, programas e projetos voltados \u00e0 promo\u00e7\u00e3o dos direitos das crian\u00e7as, adolescentes e jovens Codep- Coordenadoria de Defesa de Pol\u00edticas para Pessoas com Defici\u00eancia - elabora planos, programas e projetos voltados \u00e0 promo\u00e7\u00e3o dos direitos da pessoa com defici\u00eancia Copire- Coordenadoria de Promo\u00e7\u00e3o de Igualdade racial e \u00e9tnica - promove pol\u00edticas p\u00fablicas de igualdade de grupos de diversas ra\u00e7as e etnias Comulher- Coordenadoria de Pol\u00edticas para a Mulher - elabora planos, programas e projetos voltados \u00e0 promo\u00e7\u00e3o dos direitos da mulher"
        },
        {
            "codigo": 5909,
            "data": "2021-12-31 00:00:00",
            "valor": null,
            "descricao": "Temos nas Coordenadorias ligadas ao Departamento de Cidadania e Recursos Humanos, \u00f3rg\u00e3o desta secretaria, que prop\u00f5e planos, programas e projetos voltados \u00e0 promo\u00e7\u00e3o dos direitos da cidadania, da crian\u00e7a, do adolescente, do jovem, do idoso, da mulher, da pessoa com defici\u00eancia, da pessoa LGBT, promo\u00e7\u00e3o da igualdade racial, al\u00e9m de dar suporte \u00e0 Comiss\u00e3o Municipal de Diversidade Sexual e Comiss\u00e3o da Paz, pol\u00edticas voltadas aos Direitos Humanos. Dialogam com a sociedade civil com o intuito de elaborar pol\u00edticas voltadas aos segmentos espec\u00edficos quais s\u00e3o: CADOJ - Coordenadoria de Assist\u00eancia Judici\u00e1ria Gratuita e Orienta\u00e7\u00e3o Jur\u00eddica ao Cidad\u00e3o presta orienta\u00e7\u00f5es a pessoas de baixa renda COPOL - Coordenadoria de Pol\u00edticas para a Longevidade - elabora planos, programas e projetos voltados \u00e0 promo\u00e7\u00e3o dos direitos da pessoa idosa COJUV - Coordenadoria da Juventude - elabora planos, programas e projetos voltados \u00e0 promo\u00e7\u00e3o dos direitos das crian\u00e7as, adolescentes e jovens CODEP- Coordenadoria de Defesa de Pol\u00edticas para Pessoas com Defici\u00eancia - elabora planos, programas e projetos voltados \u00e0 promo\u00e7\u00e3o dos direitos da pessoa com defici\u00eancia COPIRE- Coordenadoria de Promo\u00e7\u00e3o de Igualdade racial e \u00e9tnica - promove pol\u00edticas p\u00fablicas de igualdade de grupos de diversas ra\u00e7as e etnias COMULHER- Coordenadoria de Pol\u00edticas para a Mulher - elabora planos, programas e projetos voltados \u00e0 promo\u00e7\u00e3o dos direitos da mulher CODIVER - elabora planos, programas e projetos voltados \u00e0 promo\u00e7\u00e3o dos direitos da pessoa LGBT."
        },
        {
            "codigo": 6738,
            "data": "2022-12-31 00:00:00",
            "valor": null,
            "descricao": "Temos atrav\u00e9s das  Coordenadorias ligadas ao Departamento de Cidadania e Recursos Humanos, \u00f3rg\u00e3o desta secretaria, que prop\u00f5e planos, programas e projetos voltados \u00e0 promo\u00e7\u00e3o dos direitos de v\u00e1rios segmentos sociais: da crian\u00e7a, do adolescente (COJUV)  do idoso(COPPI), da mulher (COMULHER), da pessoa com defici\u00eancia(CODEP), da pessoa LGBT (CODIVER), promo\u00e7\u00e3o da igualdade racial (COPIRE). Atrav\u00e9s destas coordenadorias temos o Praia Acessivel, Colar Girassol, selo acessibilidade - Politicas P\u00fablicas, voltadas para pessoas com defici\u00eancias; Patrulha Maria da Penha, voltada para prote\u00e7\u00e3o \u00e0 mulheres v\u00edtimas de viol\u00eancia; selo  da diversidade - voltado para garantia de direitos LGBT; Comit\u00ea Primeira Inf\u00e2ncia.     Tem tamb\u00e9m a CADOJ - Coordenadoria de Assist\u00eancia Judici\u00e1ria Gratuita e Orienta\u00e7\u00e3o Jur\u00eddica ao Cidad\u00e3o presta orienta\u00e7\u00f5es a pessoas de baixa renda. Aliadas as Coordenadorias temos os Conselhos de Direito, assessorados pelo  DEARTI (Departamento de Articula\u00e7\u00e3o) que  tamb\u00e9m, em conjunto com os conselhos mant\u00e9m a\u00e7\u00f5es, propostas, conferencias e afins  voltados aos diversos p\u00fablicos que formam a sociedade santista: CMJ (Conselho Municipal da Juventude), CMI (Conselho Municipal do Idoso), Conselho Municipal da Mulher (COMMULHER), Conselho da Pessoa com Defici\u00eancia (CODEP),  Conselho Municipal de Politicas LGBT( um dos mais novos e instituido em 17/05/2023),  Conselho Municipal de Participa\u00e7\u00e3o e Desenvolvimento da Comunidade Negra e de Promo\u00e7\u00e3o da Igualdade Racial (CMPDCNPIR )."
        }
    ]
}