{
    "codigo": 4970,
    "nome": "Mencione quais s\u00e3o as a\u00e7\u00f5es do munic\u00edpio voltadas \u00e0 preserva\u00e7\u00e3o, valoriza\u00e7\u00e3o e difus\u00e3o do patrim\u00f4nio material e imaterial",
    "descricao": "Mencione quais s\u00e3o as a\u00e7\u00f5es do munic\u00edpio voltadas \u00e0 preserva\u00e7\u00e3o, valoriza\u00e7\u00e3o e difus\u00e3o do patrim\u00f4nio material e imaterial - Cidades Sustentaveis",
    "fonte": "Secult",
    "tipoValor": "T",
    "periodicidade": {
        "codigo": 6,
        "descricao": "Anual"
    },
    "tags": [
        {
            "codigo": 2,
            "descricao": "Santos Cultural e Tur\u00edstica"
        }
    ],
    "secretarias": [
        {
            "codigo": 609,
            "dado_codigo": 4970,
            "sigla": "SECULT",
            "nome": "SECRETARIA MUNICIPAL DE CULTURA"
        }
    ],
    "autarquias": [],
    "metas": [
        {
            "codigo": 12,
            "numero": 11,
            "titulo": "Cidades e Comunidades Sustent\u00e1veis",
            "objetivo": "Tornar as cidades e os assentamentos humanos inclusivos, seguros, resilientes e sustent\u00e1veis",
            "imagem_url": "12.jpg",
            "link": "http://www.agenda2030.org.br/ods/11/"
        }
    ],
    "eixos": [
        {
            "codigo": 9,
            "descricao": "Cultura para a Sustentabilidade"
        }
    ],
    "valores": [
        {
            "codigo": 2058,
            "data": "2016-12-31 00:00:00",
            "valor": "0.00",
            "descricao": "As a\u00e7\u00f5es do Conselho de Defesa do Patrim\u00f4nio Cultural de Santos (Condepasa) foram: 21 Reuni\u00f5es Ordin\u00e1rias de 532\u00aa \u00e0 552\u00aa; 01 Reuni\u00e3o Extraordin\u00e1ria e 22 Vistorias T\u00e9cnicas referentes a Estudos de Tombamento, Isen\u00e7\u00e3o de IPTU, Baixa de Obras de Restauro ou den\u00fancias de Obras Irregulares. Totalizando 44 a\u00e7\u00f5es."
        },
        {
            "codigo": 2059,
            "data": "2015-12-31 00:00:00",
            "valor": "0.00",
            "descricao": "As a\u00e7\u00f5es do Conselho de Defesa do Patrim\u00f4nio Cultural de Santos (Condepasa) foram: 22 Reuni\u00f5es Ordin\u00e1rias; 01 Reuni\u00e3o Extraordin\u00e1ria e 20 Vistorias T\u00e9cnicas, Totalizando 43 a\u00e7\u00f5es."
        },
        {
            "codigo": 2060,
            "data": "2014-12-31 00:00:00",
            "valor": "0.00",
            "descricao": "As a\u00e7\u00f5es do Conselho de Defesa do Patrim\u00f4nio Cultural de Santos (Condepasa) foram: 22 Reuni\u00f5es Ordin\u00e1rias; 02 Reuni\u00e3o Extraordin\u00e1ria e 18 Vistorias T\u00e9cnicas, Totalizando 42 a\u00e7\u00f5es."
        },
        {
            "codigo": 2061,
            "data": "2013-12-31 00:00:00",
            "valor": "0.00",
            "descricao": "As a\u00e7\u00f5es do Conselho de Defesa do Patrim\u00f4nio Cultural de Santos (Condepasa) foram: 16 Reuni\u00f5es Ordin\u00e1rias; 03 Reuni\u00e3o Extraordin\u00e1ria e 21 Vistorias T\u00e9cnicas, Totalizando 40 a\u00e7\u00f5es."
        },
        {
            "codigo": 2062,
            "data": "2017-12-31 00:00:00",
            "valor": "56.00",
            "descricao": "Houve 56 a\u00e7\u00f5es do Conselho de Defesa do Patrim\u00f4nio Cultural de Santos (Condepasa) no ano de 2018 entre reuni\u00f5es ordin\u00e1rias, vistorias t\u00e9cnicas referentes \u00e0 estudos de tombamento, isen\u00e7\u00e3o de IPTU, baixa de obras de restauro ou den\u00fancias de obras irregulares."
        },
        {
            "codigo": 3830,
            "data": "2018-12-31 00:00:00",
            "valor": null,
            "descricao": "Houve 56 a\u00e7\u00f5es do Conselho de Defesa do Patrim\u00f4nio Cultural de Santos (Condepasa) entre reuni\u00f5es ordin\u00e1rias, vistorias t\u00e9cnicas referentes \u00e0 estudos de tombamento, isen\u00e7\u00e3o de IPTU, baixa de obras de restauro ou den\u00fancias de obras irregulares."
        },
        {
            "codigo": 4480,
            "data": "2020-12-31 00:00:00",
            "valor": null,
            "descricao": "As A\u00e7\u00f5es do Conselho de Defesa do Patrim\u00f4nio Cultural de Santos , CONDEPASA, foram 38 , sendo  : 08 reuni\u00f5es ordin\u00e1rias, da 617\u00b0 R.O. a 624\u00b0 R.O. e 30 vistorias  t\u00e9cnicas"
        },
        {
            "codigo": 4497,
            "data": "2019-12-30 00:00:00",
            "valor": null,
            "descricao": "As a\u00e7\u00f5es do Conselho de Defesa do Patrim\u00f4nio Cultural de Santos (CONDEPASA) foram: 22 Reuni\u00f5es Ordin\u00e1rias de 595\u00aa \u00e0 616\u00aa, com Aprova\u00e7\u00e3o de 01 Tombamento; 36 Vistorias T\u00e9cnicas referentes a Estudos de Tombamento, Isen\u00e7\u00e3o de IPTU, Baixa de Obras de Restauro ou den\u00fancias de Obras Irregulares. Totalizando 58 a\u00e7\u00f5es."
        },
        {
            "codigo": 6061,
            "data": "2021-12-31 00:00:00",
            "valor": null,
            "descricao": "As A\u00e7\u00f5es do Conselho de Defesa do Patrim\u00f4nio Cultural de Santos , CONDEPASA, foram 38 , sendo : 08 reuni\u00f5es ordin\u00e1rias, da 617\u00b0 R.O. a 624\u00b0 R.O. e 30 vistorias t\u00e9cnicas"
        },
        {
            "codigo": 6946,
            "data": "2022-12-31 00:00:00",
            "valor": null,
            "descricao": "As A\u00e7\u00f5es do Conselho de Defesa do Patrim\u00f4nio Cultural de Santos, CONDEPASA, foram 98, entre reuni\u00f5es ordin\u00e1rias e vistorias t\u00e9cnicas. J\u00e1 Coordenadoria de Museus e Galerias realizou 50 a\u00e7\u00f5es de manuten\u00e7\u00e3o e reparos de monumentos p\u00fablicos."
        }
    ]
}