{
    "codigo": 4971,
    "nome": "N\u00famero de adolescentes cumprindo medidas socioeducativas",
    "descricao": "N\u00famero de adolescentes cumprindo medidas socioeducativas - Cidades Sustentaveis",
    "fonte": "Seds",
    "tipoValor": "I",
    "periodicidade": {
        "codigo": 6,
        "descricao": "Anual"
    },
    "tags": [
        {
            "codigo": 1,
            "descricao": "Santos Acolhedora"
        }
    ],
    "secretarias": [
        {
            "codigo": 3299,
            "dado_codigo": 4971,
            "sigla": "SEDS",
            "nome": "SECRETARIA MUNICIPAL DE DESENVOLVIMENTO SOCIAL"
        }
    ],
    "autarquias": [],
    "metas": [
        {
            "codigo": 17,
            "numero": 16,
            "titulo": "Paz, Justi\u00e7a e Institui\u00e7\u00f5es Eficazes",
            "objetivo": "Promover sociedades pac\u00edficas e inclusivas para o desenvolvimento sustent\u00e1vel, proporcionar o acesso \u00e0 justi\u00e7a para todos e construir institui\u00e7\u00f5es eficazes, respons\u00e1veis e inclusivas em todos os n\u00edveis",
            "imagem_url": "17.jpg",
            "link": "http://www.agenda2030.org.br/ods/16/"
        }
    ],
    "eixos": [
        {
            "codigo": 6,
            "descricao": "Equidade, Justi\u00e7a Social e Cultura de Paz"
        }
    ],
    "valores": [
        {
            "codigo": 2063,
            "data": "2016-12-31 00:00:00",
            "valor": "148.00",
            "descricao": null
        },
        {
            "codigo": 2064,
            "data": "2014-12-31 00:00:00",
            "valor": "202.00",
            "descricao": null
        },
        {
            "codigo": 2065,
            "data": "2013-12-31 00:00:00",
            "valor": "170.00",
            "descricao": null
        },
        {
            "codigo": 2066,
            "data": "2015-12-31 00:00:00",
            "valor": "191.00",
            "descricao": null
        },
        {
            "codigo": 2067,
            "data": "2017-12-31 00:00:00",
            "valor": "149.00",
            "descricao": null
        },
        {
            "codigo": 3637,
            "data": "2018-12-31 00:00:00",
            "valor": "291.00",
            "descricao": null
        },
        {
            "codigo": 4582,
            "data": "2019-12-31 00:00:00",
            "valor": "111.00",
            "descricao": null
        },
        {
            "codigo": 4913,
            "data": "2020-12-31 00:00:00",
            "valor": "53.00",
            "descricao": null
        },
        {
            "codigo": 5866,
            "data": "2021-12-31 00:00:00",
            "valor": "98.00",
            "descricao": null
        },
        {
            "codigo": 6469,
            "data": "2022-12-31 00:00:00",
            "valor": "79.00",
            "descricao": null
        }
    ]
}