{
    "codigo": 4973,
    "nome": "N\u00famero de alunos da rede p\u00fablica com acesso \u00e0 quadra esportiva (coberta ou descoberta)",
    "descricao": "N\u00famero de alunos da rede p\u00fablica com acesso \u00e0 quadra esportiva (coberta ou descoberta) - Cidades Sustentaveis",
    "fonte": "Diretoria Regional de Ensino do Estado + Seduc",
    "tipoValor": "I",
    "periodicidade": {
        "codigo": 6,
        "descricao": "Anual"
    },
    "tags": [
        {
            "codigo": 3,
            "descricao": "Santos Educadora"
        }
    ],
    "secretarias": [
        {
            "codigo": 2907,
            "dado_codigo": 4973,
            "sigla": "SEDUC",
            "nome": "SECRETARIA MUNICIPAL DE EDUCA\u00c7\u00c3O"
        }
    ],
    "autarquias": [],
    "metas": [
        {
            "codigo": 5,
            "numero": 5,
            "titulo": "Igualdade de G\u00eanero",
            "objetivo": "Alcan\u00e7ar a igualdade de g\u00eanero e empoderar todas as mulheres e meninas",
            "imagem_url": "5.jpg",
            "link": "http://www.agenda2030.org.br/ods/5/"
        }
    ],
    "eixos": [
        {
            "codigo": 10,
            "descricao": "Educa\u00e7\u00e3o para a Sustentabilidade e Qualidade de Vida"
        }
    ],
    "valores": [
        {
            "codigo": 2073,
            "data": "2014-12-31 00:00:00",
            "valor": "0.00",
            "descricao": null
        },
        {
            "codigo": 2074,
            "data": "2016-12-31 00:00:00",
            "valor": "16822.00",
            "descricao": null
        },
        {
            "codigo": 2075,
            "data": "2013-12-31 00:00:00",
            "valor": "0.00",
            "descricao": null
        },
        {
            "codigo": 2076,
            "data": "2015-12-31 00:00:00",
            "valor": "0.00",
            "descricao": null
        },
        {
            "codigo": 2077,
            "data": "2017-12-31 00:00:00",
            "valor": "16830.00",
            "descricao": null
        },
        {
            "codigo": 3762,
            "data": "2018-12-31 00:00:00",
            "valor": "19284.00",
            "descricao": null
        },
        {
            "codigo": 4415,
            "data": "2019-12-31 00:00:00",
            "valor": "26956.00",
            "descricao": null
        },
        {
            "codigo": 4950,
            "data": "2020-12-31 00:00:00",
            "valor": "19421.00",
            "descricao": null
        },
        {
            "codigo": 5630,
            "data": "2021-12-21 00:00:00",
            "valor": "19421.00",
            "descricao": null
        },
        {
            "codigo": 6415,
            "data": "2022-12-31 00:00:00",
            "valor": "19055.00",
            "descricao": null
        },
        {
            "codigo": 7354,
            "data": "2023-12-31 00:00:00",
            "valor": "49788.00",
            "descricao": null
        }
    ]
}