{
    "codigo": 4974,
    "nome": "N\u00famero total de alunos da rede p\u00fablica",
    "descricao": "N\u00famero total de alunos da rede p\u00fablica - Cidades Sustentaveis",
    "fonte": "Diretoria Regional de Ensino do Estado + Seduc",
    "tipoValor": "I",
    "periodicidade": {
        "codigo": 6,
        "descricao": "Anual"
    },
    "tags": [
        {
            "codigo": 3,
            "descricao": "Santos Educadora"
        }
    ],
    "secretarias": [
        {
            "codigo": 2907,
            "dado_codigo": 4974,
            "sigla": "SEDUC",
            "nome": "SECRETARIA MUNICIPAL DE EDUCA\u00c7\u00c3O"
        }
    ],
    "autarquias": [],
    "metas": [
        {
            "codigo": 5,
            "numero": 5,
            "titulo": "Igualdade de G\u00eanero",
            "objetivo": "Alcan\u00e7ar a igualdade de g\u00eanero e empoderar todas as mulheres e meninas",
            "imagem_url": "5.jpg",
            "link": "http://www.agenda2030.org.br/ods/5/"
        }
    ],
    "eixos": [
        {
            "codigo": 10,
            "descricao": "Educa\u00e7\u00e3o para a Sustentabilidade e Qualidade de Vida"
        }
    ],
    "valores": [
        {
            "codigo": 2078,
            "data": "2014-12-31 00:00:00",
            "valor": "27250.00",
            "descricao": null
        },
        {
            "codigo": 2079,
            "data": "2016-12-31 00:00:00",
            "valor": "28466.00",
            "descricao": null
        },
        {
            "codigo": 2080,
            "data": "2017-12-31 00:00:00",
            "valor": "27794.00",
            "descricao": null
        },
        {
            "codigo": 2081,
            "data": "2013-12-31 00:00:00",
            "valor": "26161.00",
            "descricao": null
        },
        {
            "codigo": 2082,
            "data": "2015-12-31 00:00:00",
            "valor": "27756.00",
            "descricao": null
        },
        {
            "codigo": 3912,
            "data": "2018-12-31 00:00:00",
            "valor": "54149.00",
            "descricao": null
        },
        {
            "codigo": 4362,
            "data": "2019-12-31 00:00:00",
            "valor": "52370.00",
            "descricao": null
        },
        {
            "codigo": 4952,
            "data": "2020-12-31 00:00:00",
            "valor": "27836.00",
            "descricao": null
        },
        {
            "codigo": 5600,
            "data": "2021-12-21 00:00:00",
            "valor": "43366.00",
            "descricao": null
        },
        {
            "codigo": 6439,
            "data": "2022-12-31 00:00:00",
            "valor": "116640.00",
            "descricao": null
        },
        {
            "codigo": 7077,
            "data": "2023-12-31 00:00:00",
            "valor": "49788.00",
            "descricao": null
        }
    ]
}