{
    "codigo": 4982,
    "nome": "N\u00famero total, em quil\u00f4metros quadrados (km\u00b2) de \u00e1reas destinadas \u00e0s Unidades de Conserva\u00e7\u00e3o",
    "descricao": "N\u00famero total, em quil\u00f4metros quadrados (km\u00b2) de \u00e1reas destinadas \u00e0s Unidades de Conserva\u00e7\u00e3o - Cidades Sustentaveis",
    "fonte": "SEMAM",
    "tipoValor": "D",
    "periodicidade": {
        "codigo": 6,
        "descricao": "Anual"
    },
    "tags": [
        {
            "codigo": 20,
            "descricao": "Santos Sustent\u00e1vel"
        }
    ],
    "secretarias": [
        {
            "codigo": 5767,
            "dado_codigo": 4982,
            "sigla": "SEMAM",
            "nome": "SECRETARIA MUNICIPAL DE MEIO AMBIENTE E BEM-ESTAR ANIMAL"
        }
    ],
    "autarquias": [],
    "metas": [
        {
            "codigo": 3,
            "numero": 2,
            "titulo": "Fome Zero e Agricultura Sustent\u00e1vel",
            "objetivo": "Acabar com a fome, alcan\u00e7ar a seguran\u00e7a alimentar e melhoria da nutri\u00e7\u00e3o e promover a agricultura sustent\u00e1vel",
            "imagem_url": "3.jpg",
            "link": "http://www.agenda2030.org.br/ods/2/"
        }
    ],
    "eixos": [
        {
            "codigo": 5,
            "descricao": "Bens Naturais Comuns"
        }
    ],
    "valores": [
        {
            "codigo": 2118,
            "data": "2017-12-31 00:00:00",
            "valor": "194.68",
            "descricao": null
        },
        {
            "codigo": 2119,
            "data": "2016-12-31 00:00:00",
            "valor": "194.63",
            "descricao": null
        },
        {
            "codigo": 2120,
            "data": "2013-12-31 00:00:00",
            "valor": "0.00",
            "descricao": null
        },
        {
            "codigo": 2121,
            "data": "2015-12-31 00:00:00",
            "valor": "0.00",
            "descricao": null
        },
        {
            "codigo": 2122,
            "data": "2014-12-31 00:00:00",
            "valor": "0.00",
            "descricao": null
        },
        {
            "codigo": 3472,
            "data": "2018-12-31 00:00:00",
            "valor": "194.68",
            "descricao": null
        },
        {
            "codigo": 4154,
            "data": "2019-12-31 00:00:00",
            "valor": "194.68",
            "descricao": null
        },
        {
            "codigo": 4740,
            "data": "2020-12-31 00:00:00",
            "valor": "194.68",
            "descricao": null
        },
        {
            "codigo": 5270,
            "data": "2021-12-31 00:00:00",
            "valor": "192.30",
            "descricao": null
        },
        {
            "codigo": 6151,
            "data": "2022-12-31 00:00:00",
            "valor": "192.30",
            "descricao": null
        },
        {
            "codigo": 7370,
            "data": "2023-12-31 00:00:00",
            "valor": "184.21",
            "descricao": null
        }
    ]
}