{
    "codigo": 4984,
    "nome": "Listar os mananciais do munic\u00edpio",
    "descricao": "Listar os mananciais do munic\u00edpio - Cidades Sustentaveis",
    "fonte": "SEMAM",
    "tipoValor": "T",
    "periodicidade": {
        "codigo": 6,
        "descricao": "Anual"
    },
    "tags": [
        {
            "codigo": 20,
            "descricao": "Santos Sustent\u00e1vel"
        }
    ],
    "secretarias": [
        {
            "codigo": 5767,
            "dado_codigo": 4984,
            "sigla": "SEMAM",
            "nome": "SECRETARIA MUNICIPAL DE MEIO AMBIENTE E BEM-ESTAR ANIMAL"
        }
    ],
    "autarquias": [],
    "metas": [
        {
            "codigo": 7,
            "numero": 6,
            "titulo": "\u00c1gua Pot\u00e1vel e Saneamento",
            "objetivo": "Assegurar a disponibilidade e a gest\u00e3o sustent\u00e1vel da \u00e1gua e saneamento para todos",
            "imagem_url": "7.jpg",
            "link": "http://www.agenda2030.org.br/ods/6/"
        }
    ],
    "eixos": [
        {
            "codigo": 5,
            "descricao": "Bens Naturais Comuns"
        }
    ],
    "valores": [
        {
            "codigo": 2128,
            "data": "2016-12-31 00:00:00",
            "valor": "2.00",
            "descricao": "Os principais mananciais do munic\u00edpio, quanto ao potencial de abastecimento de \u00e1gua, seriam os rios Quilombo e Jurubatuba, sendo que j\u00e1 ocorre capta\u00e7\u00e3o de \u00e1gua no Rio Jurubatuba para abastecimento de Guaruj\u00e1 e parte da \u00e1rea continental de Santos e no Rio Quilombo para abastecimento de S\u00e3o Vicente (Fonte: Relat\u00f3rio CBH BS)."
        },
        {
            "codigo": 2129,
            "data": "2017-12-31 00:00:00",
            "valor": "2.00",
            "descricao": "Os principais mananciais do munic\u00edpio, quanto ao potencial de abastecimento de \u00e1gua, seriam os rios Quilombo e Jurubatuba, sendo que j\u00e1 ocorre capta\u00e7\u00e3o de \u00e1gua no Rio Jurubatuba para abastecimento de Guaruj\u00e1 e parte da \u00e1rea continental de Santos e no Rio Quilombo para abastecimento de S\u00e3o Vicente. Fonte: S\u00c3O PAULO (Estado). Secretaria de Saneamento e Recursos H\u00eddricos. Sistema Integrado de Gerenciamento de Recursos H\u00eddricos do Estado de S\u00e3o Paulo. CBH-BS \u2013 Comit\u00ea da Bacia Hidrogr\u00e1fica da Baixada Santista \u2013 Relat\u00f3rio de Situa\u00e7\u00e3o 2017. S\u00e3o Paulo: 2017. Dispon\u00edvel em: http://www.sigrh.sp.gov.br/relatoriosituacaodosrecursoshidricos. Acesso em: 28 de agosto de 2018."
        },
        {
            "codigo": 2130,
            "data": "2013-12-31 00:00:00",
            "valor": "0.00",
            "descricao": "Justificativa: n\u00e3o foi poss\u00edvel apurar dado para este ano"
        },
        {
            "codigo": 2131,
            "data": "2014-12-31 00:00:00",
            "valor": "0.00",
            "descricao": "Justificativa: n\u00e3o foi poss\u00edvel apurar dado para este ano"
        },
        {
            "codigo": 2132,
            "data": "2015-12-31 00:00:00",
            "valor": "0.00",
            "descricao": "Justificativa: n\u00e3o foi poss\u00edvel apurar dado para este ano"
        },
        {
            "codigo": 3479,
            "data": "2018-12-31 00:00:00",
            "valor": null,
            "descricao": "Os principais mananciais do munic\u00edpio, quanto ao potencial de abastecimento de \u00e1gua, seriam os rios Quilombo e Jurubatuba, sendo que j\u00e1 ocorre capta\u00e7\u00e3o de \u00e1gua no Rio Jurubatuba para abastecimento de Guaruj\u00e1 e parte da \u00e1rea continental de Santos e no Rio Quilombo para abastecimento de S\u00e3o Vicente. \n\nFonte: \nS\u00c3O PAULO (Estado). Secretaria de Saneamento e Recursos H\u00eddricos. Sistema Integrado de Gerenciamento de Recursos H\u00eddricos  do Estado de S\u00e3o Paulo. CBH-BS \u2013 Comit\u00ea da Bacia Hidrogr\u00e1fica da Baixada Santista \u2013 Relat\u00f3rio de Siua\u00e7\u00e3o 2017. S\u00e3o Paulo: 2017. Dispon\u00edvel em: http://www.sigrh.sp.gov.br/relatoriosituacaodosrecursoshidricos. Acesso em: 19 de mar\u00e7o de 2019."
        },
        {
            "codigo": 4155,
            "data": "2019-12-31 00:00:00",
            "valor": null,
            "descricao": "Os principais mananciais do munic\u00edpio, quanto ao potencial de abastecimento de \u00e1gua, seriam os rios Quilombo e Jurubatuba, sendo que j\u00e1 ocorre capta\u00e7\u00e3o de \u00e1gua no Rio Jurubatuba para abastecimento de Guaruj\u00e1 e parte da \u00e1rea continental de Santos e no Rio Quilombo para abastecimento de S\u00e3o Vicente. Fonte: S\u00c3O PAULO (Estado). Secretaria de Saneamento e Recursos H\u00eddricos. Sistema Integrado de Gerenciamento de Recursos H\u00eddricos do Estado de S\u00e3o Paulo. CBH-BS \u2013 Comit\u00ea da Bacia Hidrogr\u00e1fica da Baixada Santista \u2013 Relat\u00f3rio de Situa\u00e7\u00e3o dos Recursos H\u00eddricos da Baixada Santista 2019. S\u00e3o Paulo: 2019. Dispon\u00edvel em: <http://www.sigrh.sp.gov.br/relatoriosituacaodosrecursoshidricos>. Acesso em: 23 de julho de 2020."
        },
        {
            "codigo": 4742,
            "data": "2020-12-31 00:00:00",
            "valor": null,
            "descricao": "Os mananciais do munic\u00edpio est\u00e3o presentes nas Macro\u00e1reas Continental e Insular de Santos. Na primeira s\u00e3o identificadas as sub-bacias hidrogr\u00e1ficas dos Rios Quilombo, Jurubatuba e Cabu\u00e7\u00fa, com nascentes em altas cotas altim\u00e9tricas situadas no interior do Parque Estadual da Serra do Mar.\nAl\u00e9m dos rios Quilombo, Jurubatuba e Cabu\u00e7\u00fa, tamb\u00e9m s\u00e3o encontradas na Macro\u00e1rea Continental os rios Trindade, Diana e das On\u00e7as, al\u00e9m do C\u00f3rrego das Neves (PMMA, 2021). De acordo com o Plano de Bacia Hidrogr\u00e1fica da Baixada Santista (2008-2011) (CBH-BS, 2008), o uso do solo predominante \u00e9 o de cobertura vegetal nativa nas tr\u00eas sub-bacias.\nE na segunda, onde encontra-se a sub-bacia hidrogr\u00e1fica da Ilha de S\u00e3o Vicente, destacam-se os rios Sabo\u00f3 / Lenheiros e dos Soldados, al\u00e9m dos rios S\u00e3o Jorge e dos Bugres. Vale ressaltar que muitos rios situados na por\u00e7\u00e3o insular perderam suas caracter\u00edsticas de curso d\u2019\u00e1gua natural, devido ao hist\u00f3rico de degrada\u00e7\u00e3o dos processos de alta urbaniza\u00e7\u00e3o, densidade demogr\u00e1fica do entorno e obras de canaliza\u00e7\u00e3o.\nLocalizados na macrozona noroeste, ao longo de muitos corpos d'\u00e1gua encontram-se assentamentos prec\u00e1rios, com altas densidades demogr\u00e1ficas e despejo de esgotos in natura, al\u00e9m de interven\u00e7\u00f5es como pequenas n\u00e1uticas e rampas de lan\u00e7amento de barcos. Nesse contexto, destacam-se Caminho S\u00e3o Jos\u00e9 e Caminho S\u00e3o Sebasti\u00e3o, ambos situados no Dique, Mangue Seco, Vila dos Criadores, Vila Alemoa e Menino Jesus (PMMCS, 2016).\nE na \u00e1rea de morros tamb\u00e9m se destacam o c\u00f3rrego das \u00c1guas Claras, situado no Morro do Jos\u00e9 Menino, sendo esta uma relevante fonte de abastecimento de \u00e1gua no passado; e o c\u00f3rrego das Pedras, localizado no Morro da Caneleira (PMMA, 2021). Fontes:\n\nCBH-BS - Comit\u00ea da Bacia Hidrogr\u00e1fica da Baixada Santista. Plano de Bacia Hidrogr\u00e1fica para o Quadri\u00eanio 2008-2011. Minuta do Relat\u00f3rio Final. Volume I. Dezembro, 2008.\n\nSANTOS (Munic\u00edpio). Prefeitura Municipal de Santos, Secretaria Municipal de Desenvolvimento Urbano. Comiss\u00e3o Municipal de Adapta\u00e7\u00e3o \u00e0 Mudan\u00e7a do Clima. Plano Municipal de Mudan\u00e7a do Clima de Santos \u2013 PMMCS. Santos - SP. Dezembro, 2016.\n\nSANTOS (Munic\u00edpio). Prefeitura Municipal de Santos, Secretaria Municipal de Meio Ambiente. Comiss\u00e3o Municipal de Adapta\u00e7\u00e3o \u00e0 Mudan\u00e7a do Clima. Plano Municipal de Conserva\u00e7\u00e3o e Recupera\u00e7\u00e3o da Mata Atl\u00e2ntica (PMMA) de Santos \u2013 PMMA. Santos - SP. Agosto, 2021.\n\nS\u00c3O PAULO (Estado). Secretaria de Saneamento e Recursos H\u00eddricos. Sistema Integrado de Gerenciamento de Recursos H\u00eddricos do Estado de S\u00e3o Paulo. CBH-BS \u2013 Comit\u00ea da Bacia Hidrogr\u00e1fica da Baixada Santista \u2013 Relat\u00f3rio de Situa\u00e7\u00e3o dos Recursos H\u00eddricos da Baixada Santista 2019. S\u00e3o Paulo: 2019. Dispon\u00edvel em: <http://www.sigrh.sp.gov.br/relatoriosituacaodosrecursoshidricos>. Acesso em: 18 de agosto de 2021."
        },
        {
            "codigo": 5886,
            "data": "2021-12-31 00:00:00",
            "valor": null,
            "descricao": "Conforme apresentado no Relat\u00f3rio de Situa\u00e7\u00e3o 2020, documento pautado pelo Comit\u00ea da Bacia Hidrogr\u00e1fica da Baixada Santista (CBH-BS), os mananciais do munic\u00edpio est\u00e3o presentes nas Macro\u00e1reas Continental e Insular de Santos. Na primeira s\u00e3o identificadas as sub-bacias hidrogr\u00e1ficas dos Rios Quilombo, Jurubatuba e Cabu\u00e7\u00fa, com nascentes em altas cotas altim\u00e9tricas situadas no interior do Parque Estadual da Serra do Mar.\nAl\u00e9m dos rios Quilombo, Jurubatuba e Cabu\u00e7\u00fa, tamb\u00e9m s\u00e3o encontradas na Macro\u00e1rea Continental os rios Trindade, Diana e das On\u00e7as, al\u00e9m do C\u00f3rrego das Neves (PMMA, 2021). De acordo com o Plano de Bacia Hidrogr\u00e1fica da Baixada Santista (2008-2011) (CBH-BS, 2008), o uso do solo predominante \u00e9 o de cobertura vegetal nativa nas tr\u00eas sub-bacias.\nE na segunda, onde encontra-se a sub-bacia hidrogr\u00e1fica da Ilha de S\u00e3o Vicente, destacam-se os rios Sabo\u00f3 / Lenheiros e dos Soldados, al\u00e9m dos rios S\u00e3o Jorge e dos Bugres. Vale ressaltar que muitos rios situados na por\u00e7\u00e3o insular perderam suas caracter\u00edsticas de curso d\u2019\u00e1gua natural, devido ao hist\u00f3rico de degrada\u00e7\u00e3o dos processos de alta urbaniza\u00e7\u00e3o, densidade demogr\u00e1fica do entorno e obras de canaliza\u00e7\u00e3o.\nE na \u00e1rea de morros tamb\u00e9m se destacam o c\u00f3rrego das \u00c1guas Claras, situado no Morro do Jos\u00e9 Menino, sendo uma relevante fonte de abastecimento de \u00e1gua no passado; e o c\u00f3rrego das Pedras, localizado no Morro da Caneleira (PMMA, 2021).\n\nFontes:\n\nCBH-BS - Comit\u00ea da Bacia Hidrogr\u00e1fica da Baixada Santista. Plano de Bacia Hidrogr\u00e1fica para o Quadri\u00eanio 2008-2011. Minuta do Relat\u00f3rio Final. Volume I. Dezembro, 2008.\n\nSANTOS (Munic\u00edpio). Di\u00e1rio Oficial de Santos: Edi\u00e7\u00e3o de 14 de janeiro de 2022. Decreto n\u00ba. 9.567, de 13 de janeiro de 2022 \u2013 Aprova o Plano Municipal de A\u00e7\u00e3o Clim\u00e1tica de Santos, e d\u00e1 outras provid\u00eancias. Dispon\u00edvel em: <https://diariooficial.santos.sp.gov.br/edicoes/inicio/download/2022-01-14>. Acesso em: 09 de maio de 2022.\n\nSANTOS (Munic\u00edpio). Prefeitura Municipal de Santos, Secretaria de Meio Ambiente. Plano Municipal de Conserva\u00e7\u00e3o e Recupera\u00e7\u00e3o da Mata Atl\u00e2ntica (PMMA) de Santos. Santos \u2013 SP. Vers\u00e3o final: Agosto 2021. Dispon\u00edvel: <https://www.santos.sp.gov.br/static/files_www/files/portal_files/hotsites/pmma-santos.pdf>. Acesso em: 09 de maio de 2022.\n\nS\u00c3O PAULO (Estado). Secretaria de Saneamento e Recursos H\u00eddricos. Sistema Integrado de Gerenciamento de Recursos H\u00eddricos do Estado de S\u00e3o Paulo. CBH-BS \u2013 Comit\u00ea da Bacia Hidrogr\u00e1fica da Baixada Santista \u2013 Relat\u00f3rio de Situa\u00e7\u00e3o 2020. S\u00e3o Paulo: 2020. Dispon\u00edvel em: <https://sigrh.sp.gov.br/public/uploads/documents//CBH-BS/19500/rs-2020-formatado-02-12-rev1.pdf>. Acesso em: 23 de junho de 2022."
        },
        {
            "codigo": 6296,
            "data": "2022-12-31 00:00:00",
            "valor": null,
            "descricao": "RESPOSTA: Conforme apresentado no Relat\u00f3rio de Situa\u00e7\u00e3o dos Recursos H\u00eddricos da Baixada Santista 2022 (Ano Base 2021), documento pautado pelo Comit\u00ea da Bacia Hidrogr\u00e1fica da Baixada Santista (CBH-BS), os mananciais do munic\u00edpio est\u00e3o presentes nas Macro\u00e1reas Continental e Insular de Santos. Na primeira s\u00e3o identificadas as sub-bacias hidrogr\u00e1ficas dos Rios Quilombo, Jurubatuba e Cabu\u00e7\u00fa, com nascentes em altas cotas altim\u00e9tricas situadas no interior do Parque Estadual da Serra do Mar.\nAl\u00e9m dos rios Quilombo, Jurubatuba e Cabu\u00e7\u00fa, tamb\u00e9m s\u00e3o encontradas na Macro\u00e1rea Continental os rios Trindade, Diana e das On\u00e7as, al\u00e9m do C\u00f3rrego das Neves (PMMA, 2021). De acordo com o Plano de Bacia Hidrogr\u00e1fica da Baixada Santista (2008-2011) (CBH-BS, 2008), o uso do solo predominante \u00e9 o de cobertura vegetal nativa nas tr\u00eas sub-bacias.\nE na segunda, onde encontra-se a sub-bacia hidrogr\u00e1fica da Ilha de S\u00e3o Vicente, destacam-se os rios Sabo\u00f3 / Lenheiros e dos Soldados, al\u00e9m dos rios S\u00e3o Jorge e dos Bugres. Vale ressaltar que muitos rios situados na por\u00e7\u00e3o insular perderam suas caracter\u00edsticas de curso d\u2019\u00e1gua natural, devido ao hist\u00f3rico de degrada\u00e7\u00e3o dos processos de alta urbaniza\u00e7\u00e3o, densidade demogr\u00e1fica do entorno e obras de canaliza\u00e7\u00e3o.\nE na \u00e1rea de morros tamb\u00e9m se destacam o c\u00f3rrego das \u00c1guas Claras, situado no Morro do Jos\u00e9 Menino, sendo uma relevante fonte de abastecimento de \u00e1gua no passado; e o c\u00f3rrego das Pedras, localizado no Morro da Caneleira (PMMA, 2021).\nO trabalho mais recente e convergente com estudo te\u00f3ricos sobre a gest\u00e3o dos recursos h\u00eddricos na esfera municipal, est\u00e1 contemplado no Programa Nascentes de Santos. Criado em mar\u00e7o/2022 pela Secretaria de Meio Ambiente de Santos (SEMAM/SANTOS), o Programa tem por objetivos cadastrar, monitorar, proteger, conservar e recuperar as nascentes do Munic\u00edpio, inclusive por meio de a\u00e7\u00f5es de Educa\u00e7\u00e3o Ambiental, focadas na utiliza\u00e7\u00e3o dos recursos h\u00eddricos em Santos de forma sustent\u00e1vel.\nTem como amparo legal a Lei Municipal n\u00ba 3.988, de 06 de janeiro de 2022, convergente com os seguintes marcos t\u00e9cnicos de \u00e2mbito local: (I) Plano Municipal de Conserva\u00e7\u00e3o e Recupera\u00e7\u00e3o da Mata Atl\u00e2ntica de Santos (PMMA Santos); (II) Plano de A\u00e7\u00e3o Clim\u00e1tica de Santos (PACS); (III) Plano Municipal de Redu\u00e7\u00e3o de Riscos (PMRR); (IV) Pol\u00edtica Municipal de Educa\u00e7\u00e3o Ambiental (ProMEA); e (V) Plano Municipal Integrado de Saneamento B\u00e1sico (PMISB).\nAo todo, o levantamento pr\u00e9vio promovido pela equipe t\u00e9cnica do Programa Nascentes de Santos, identificou in loco, 44 (quarenta e quatro) pontos com a comprova\u00e7\u00e3o da exist\u00eancia de nascentes e corpos d\u2019\u00e1gua na \u00c1rea Insular do Munic\u00edpio, com maior concentra\u00e7\u00e3o na regi\u00e3o dos Morros.\n\nFontes:\nCBH-BS - Comit\u00ea da Bacia Hidrogr\u00e1fica da Baixada Santista. Plano de Bacia Hidrogr\u00e1fica para o Quadri\u00eanio 2008-2011. Minuta do Relat\u00f3rio Final. Volume I. Dezembro, 2008.\n\nFBDS \u2013 FUNDA\u00c7\u00c3O BRASILEIRA PARA O DESENVOLVIMENTO SUSTENT\u00c1VEL. Dispon\u00edvel em: <www.fbds.org.br>. Acesso em: 10 de abr. 2023.\n\nSANTOS (Munic\u00edpio). Prefeitura Municipal de Santos. Di\u00e1rio Oficial de Santos: Edi\u00e7\u00e3o de 14 de janeiro de 2022. Decreto n\u00ba 9.567, de 13 de janeiro de 2022 \u2013 Aprova o Plano Municipal de A\u00e7\u00e3o Clim\u00e1tica de Santos, e d\u00e1 outras provid\u00eancias. Dispon\u00edvel em: <https://diariooficial.santos.sp.gov.br/edicoes/inicio/download/2022-01-14>. Acesso em: 05 de abril de 2023.\n\nSANTOS (Munic\u00edpio). Prefeitura Municipal de Santos. Secretaria de Meio Ambiente. Plano Municipal de Conserva\u00e7\u00e3o e Recupera\u00e7\u00e3o da Mata Atl\u00e2ntica de Santos. PMMA. 2021. Dispon\u00edvel em: <https://www.santos.sp.gov.br/?q=hotsite/plano-municipal-de-conservacao-e-recuperacao-da-mata-atlantica-pmma>. Acesso em: 10 de abr. 2023.\n\nSANTOS (Munic\u00edpio). Prefeitura Municipal de Santos. Secretaria de Meio Ambiente. Programa Nascentes de Santos. Dispon\u00edvel em: <https://www.santos.sp.gov.br/?q=hotsite/programa-nascentes-de-santos>. Acesso em: 10 de abr. 2023.\n\nS\u00c3O PAULO (Estado). Governo do Estado de S\u00e3o Paulo. Sistema Integrado de Gerenciamento de Recursos H\u00eddricos do Estado de S\u00e3o Paulo. Comit\u00ea da Bacia Hidrogr\u00e1fica da Baixada Santista CBH-BS. Relat\u00f3rio de Situa\u00e7\u00e3o dos Recursos H\u00eddricos da Baixada Santista 2022 / Ano Base 2021. S\u00e3o Paulo: 2022. Dispon\u00edvel em: <https://sigrh.sp.gov.br/public/uploads/deliberation//CBH-BS/23308/rs2022-cbh-bs.pdf>. Acesso em: 05 de abril de 2023."
        },
        {
            "codigo": 7320,
            "data": "2023-12-31 00:00:00",
            "valor": null,
            "descricao": "Conforme apresentado no Relat\u00f3rio de Situa\u00e7\u00e3o dos Recursos H\u00eddricos da Baixada Santista 2022 (Ano Base 2021), documento pautado pelo Comit\u00ea da Bacia Hidrogr\u00e1fica da Baixada Santista (CBH-BS), os mananciais do munic\u00edpio est\u00e3o presentes nas Macro\u00e1reas Continental e Insular de Santos. Na primeira s\u00e3o identificadas as sub-bacias hidrogr\u00e1ficas dos Rios Quilombo, Jurubatuba e Cabu\u00e7\u00fa, com nascentes em altas cotas altim\u00e9tricas situadas no interior do Parque Estadual da Serra do Mar.\nAl\u00e9m dos rios Quilombo, Jurubatuba e Cabu\u00e7\u00fa, tamb\u00e9m s\u00e3o encontradas na Macro\u00e1rea Continental os rios Trindade, Diana e das On\u00e7as, al\u00e9m do C\u00f3rrego das Neves (PMMA, 2021). De acordo com o Plano de Bacia Hidrogr\u00e1fica da Baixada Santista (2008-2011) (CBH-BS, 2008), o uso do solo predominante \u00e9 o de cobertura vegetal nativa nas tr\u00eas sub-bacias.\nE na segunda, onde encontra-se a sub-bacia hidrogr\u00e1fica da Ilha de S\u00e3o Vicente, destacam-se os rios Sabo\u00f3 / Lenheiros e dos Soldados, al\u00e9m dos rios S\u00e3o Jorge e dos Bugres. Vale ressaltar que muitos rios situados na por\u00e7\u00e3o insular perderam suas caracter\u00edsticas de curso d\u2019\u00e1gua natural, devido ao hist\u00f3rico de degrada\u00e7\u00e3o dos processos de alta urbaniza\u00e7\u00e3o, densidade demogr\u00e1fica do entorno e obras de canaliza\u00e7\u00e3o.\nE na \u00e1rea de morros tamb\u00e9m se destacam o c\u00f3rrego das \u00c1guas Claras, situado no Morro do Jos\u00e9 Menino, sendo uma relevante fonte de abastecimento de \u00e1gua no passado; e o c\u00f3rrego das Pedras, localizado no Morro da Caneleira (PMMA, 2021).\nO trabalho mais recente e convergente com estudo te\u00f3ricos sobre a gest\u00e3o dos recursos h\u00eddricos na esfera municipal, est\u00e1 contemplado no Programa Nascentes de Santos. Criado em mar\u00e7o/2022 pela Secretaria de Meio Ambiente de Santos (SEMAM/SANTOS), o Programa tem por objetivos cadastrar, monitorar, proteger, conservar e recuperar as nascentes do Munic\u00edpio, inclusive por meio de a\u00e7\u00f5es de Educa\u00e7\u00e3o Ambiental, focadas na utiliza\u00e7\u00e3o dos recursos h\u00eddricos em Santos de forma sustent\u00e1vel.\nTem como amparo legal a Lei Municipal n\u00ba 3.988, de 06 de janeiro de 2022, convergente com os seguintes marcos t\u00e9cnicos de \u00e2mbito local: (I) Plano Municipal de Conserva\u00e7\u00e3o e Recupera\u00e7\u00e3o da Mata Atl\u00e2ntica de Santos (PMMA Santos); (II) Plano de A\u00e7\u00e3o Clim\u00e1tica de Santos (PACS); (III) Plano Municipal de Redu\u00e7\u00e3o de Riscos (PMRR); (IV) Pol\u00edtica Municipal de Educa\u00e7\u00e3o Ambiental (ProMEA); e (V) Plano Municipal Integrado de Saneamento B\u00e1sico (PMISB).\nAo todo, o levantamento pr\u00e9vio promovido pela equipe t\u00e9cnica do Programa Nascentes de Santos, identificou in loco, 44 (quarenta e quatro) pontos com a comprova\u00e7\u00e3o da exist\u00eancia de nascentes e corpos d\u2019\u00e1gua na \u00c1rea Insular do Munic\u00edpio, com maior concentra\u00e7\u00e3o na regi\u00e3o dos Morros.\n\nFontes:\nCBH-BS - Comit\u00ea da Bacia Hidrogr\u00e1fica da Baixada Santista. Plano de Bacia Hidrogr\u00e1fica para o Quadri\u00eanio 2008-2011. Minuta do Relat\u00f3rio Final. Volume I. Dezembro, 2008.\n\nFBDS \u2013 FUNDA\u00c7\u00c3O BRASILEIRA PARA O DESENVOLVIMENTO SUSTENT\u00c1VEL. Dispon\u00edvel em: <www.fbds.org.br>. Acesso em: 29 de abr. 2024.\n\nSANTOS (Munic\u00edpio). Prefeitura Municipal de Santos. Di\u00e1rio Oficial de Santos: Edi\u00e7\u00e3o de 14 de janeiro de 2022. Decreto n\u00ba 9.567, de 13 de janeiro de 2022 \u2013 Aprova o Plano Municipal de A\u00e7\u00e3o Clim\u00e1tica de Santos, e d\u00e1 outras provid\u00eancias. Dispon\u00edvel em: <https://diariooficial.santos.sp.gov.br/edicoes/inicio/download/2022-01-14>. Acesso em: 29 de abril de 2024.\n\nSANTOS (Munic\u00edpio). Prefeitura Municipal de Santos. Secretaria de Meio Ambiente. Plano Municipal de Conserva\u00e7\u00e3o e Recupera\u00e7\u00e3o da Mata Atl\u00e2ntica de Santos. PMMA. 2021. Dispon\u00edvel em: <https://www.santos.sp.gov.br/?q=hotsite/plano-municipal-de-conservacao-e-recuperacao-da-mata-atlantica-pmma>. Acesso em: 29 de abr. 2024.\n\nSANTOS (Munic\u00edpio). Prefeitura Municipal de Santos. Secretaria de Meio Ambiente. Programa Nascentes de Santos. Dispon\u00edvel em: <https://www.santos.sp.gov.br/?q=hotsite/programa-nascentes-de-santos>. Acesso em: 29 de abr. 2024.\n\nS\u00c3O PAULO (Estado). Governo do Estado de S\u00e3o Paulo. Sistema Integrado de Gerenciamento de Recursos H\u00eddricos do Estado de S\u00e3o Paulo. Comit\u00ea da Bacia Hidrogr\u00e1fica da Baixada Santista CBH-BS. Relat\u00f3rio de Situa\u00e7\u00e3o dos Recursos H\u00eddricos da Baixada Santista 2022 / Ano Base 2021. S\u00e3o Paulo: 2022. Dispon\u00edvel em: <https://sigrh.sp.gov.br/public/uploads/deliberation//CBH-BS/23308/rs2022-cbh-bs.pdf>. Acesso em: 29 de abr. 2024."
        }
    ]
}