{
    "codigo": 4985,
    "nome": "Qual a participa\u00e7\u00e3o do manancial no abastecimento do munic\u00edpio?",
    "descricao": "Qual a participa\u00e7\u00e3o do manancial no abastecimento do munic\u00edpio? - Cidades Sustentaveis",
    "fonte": "SEMAM",
    "tipoValor": "T",
    "periodicidade": {
        "codigo": 6,
        "descricao": "Anual"
    },
    "tags": [
        {
            "codigo": 20,
            "descricao": "Santos Sustent\u00e1vel"
        }
    ],
    "secretarias": [
        {
            "codigo": 5767,
            "dado_codigo": 4985,
            "sigla": "SEMAM",
            "nome": "SECRETARIA MUNICIPAL DE MEIO AMBIENTE E BEM-ESTAR ANIMAL"
        }
    ],
    "autarquias": [],
    "metas": [
        {
            "codigo": 7,
            "numero": 6,
            "titulo": "\u00c1gua Pot\u00e1vel e Saneamento",
            "objetivo": "Assegurar a disponibilidade e a gest\u00e3o sustent\u00e1vel da \u00e1gua e saneamento para todos",
            "imagem_url": "7.jpg",
            "link": "http://www.agenda2030.org.br/ods/6/"
        }
    ],
    "eixos": [
        {
            "codigo": 5,
            "descricao": "Bens Naturais Comuns"
        }
    ],
    "valores": [
        {
            "codigo": 2133,
            "data": "2017-12-31 00:00:00",
            "valor": "0.00",
            "descricao": "A referida informa\u00e7\u00e3o depende do manancial em tela. Os mananciais rios Jurubatuba e Macuco s\u00e3o utilizados para abastecimento de parte da \u00c1rea Continental de Santos. De acordo com a ANA, as mananciais Canais de Fuga de Henry Borden, Rio Cubat\u00e3o, Rio Pil\u00f5es, Ribeir\u00e3o Passareuva apresentam a seguinte participa\u00e7\u00e3o no abastecimento de \u00e1gua no munic\u00edpio de Santos: O Sistema Cubat\u00e3o \u00e9 alimentado pelas \u00e1guas captadas dos Canais de Fuga Henry Borden (vaz\u00e3o de 2500 L/s no restante do ano) e do Rio Cubat\u00e3o (vaz\u00f5es de 1.748,8 L/s no restante do ano e 2.707,7 L/s no ver\u00e3o). As \u00e1guas passam por fases de tratamento pela ETA Cubat\u00e3o, sendo bombeadas para o Reservat\u00f3rio Voturu\u00e1 (110.000 m\u00b3) em S\u00e3o Vicente; e para o Reservat\u00f3rio Sabo\u00f3 Alto (25.000 m\u00b3), com destino a Cubat\u00e3o e Santos. J\u00e1 o Sistema Pil\u00f5es \u00e9 alimentado pelas \u00e1guas captadas dos Rio Pil\u00f5es (vaz\u00e3o de 473,2 L/s no restante do ano e de 711,5 L/s durante o ver\u00e3o) e Ribeir\u00e3o Passare\u00fava (vaz\u00f5es de 231,0 L/s no restante do ano e de 412,7 L/s durante o ver\u00e3o). As \u00e1guas passam por fases de tratamento na ETA Pil\u00f5es, sendo bombeadas para o Reservat\u00f3rio Sabo\u00f3 Baixo (4000 m\u00b3), tamb\u00e9m para fornecimento a Santos e Cubat\u00e3o. Fonte: BRASIL. Ag\u00eancia Nacional de \u00c1guas - ANA. Atlas Brasil \u2013 Abastecimento Urbano de \u00c1gua. Sistema Integrado Pil\u00f5es / Cubat\u00e3o. Brasil: 2010. Dispon\u00edvel em: http://atlas.ana.gov.br/atlas/forms/analise/VerCroqui.aspx?arq=349. Acesso em: 31 de agosto de 2018."
        },
        {
            "codigo": 2134,
            "data": "2013-12-31 00:00:00",
            "valor": "0.00",
            "descricao": "Justificativa: n\u00e3o foi poss\u00edvel apurar dado para este ano"
        },
        {
            "codigo": 2135,
            "data": "2016-12-31 00:00:00",
            "valor": "0.00",
            "descricao": "O manancial (Jurubatuba) \u00e9 utilizado para abastecimento de parte da \u00e1rea continental."
        },
        {
            "codigo": 2136,
            "data": "2015-12-31 00:00:00",
            "valor": "0.00",
            "descricao": "Justificativa: n\u00e3o foi poss\u00edvel apurar dado para este ano"
        },
        {
            "codigo": 2137,
            "data": "2014-12-31 00:00:00",
            "valor": "0.00",
            "descricao": "Justificativa: n\u00e3o foi poss\u00edvel apurar dado para este ano"
        },
        {
            "codigo": 3480,
            "data": "2018-12-31 00:00:00",
            "valor": null,
            "descricao": "A referida informa\u00e7\u00e3o depende do manancial em tela. Os mananciais rios Jurubatuba e Macuco s\u00e3o utilizados para abastecimento de parte da \u00c1rea Continental de Santos. De acordo com a ANA, as mananciais Canais de Fuga de Henry Borden, Rio Cubat\u00e3o, Rio Pil\u00f5es, Ribeir\u00e3o Passareuva apresentam a seguinte participa\u00e7\u00e3o no abastecimento de \u00e1gua no munic\u00edpio de Santos: O Sistema Cubat\u00e3o \u00e9 alimentado pelas \u00e1guas captadas dos Canais de Fuga Henry Borden (vaz\u00e3o de 2500 L/s no restante do ano) e do Rio Cubat\u00e3o (vaz\u00f5es de 1.748,8 L/s no restante do ano e 2.707,7 L/s no ver\u00e3o). As \u00e1guas passam por fases de tratamento pela ETA Cubat\u00e3o, sendo bombeadas para o Reservat\u00f3rio Voturu\u00e1 (110.000 m\u00b3) em S\u00e3o Vicente; e para o Reservat\u00f3rio Sabo\u00f3 Alto (25.000 m\u00b3), com destino a Cubat\u00e3o e Santos. J\u00e1 o Sistema Pil\u00f5es \u00e9 alimentado pelas \u00e1guas captadas dos Rio Pil\u00f5es (vaz\u00e3o de 473,2 L/s no restante do ano e de 711,5 L/s durante o ver\u00e3o) e Ribeir\u00e3o Passare\u00fava (vaz\u00f5es de 231,0 L/s no restante do ano e de 412,7 L/s durante o ver\u00e3o). As \u00e1guas passam por fases de tratamento na ETA Pil\u00f5es, sendo bombeadas para o Reservat\u00f3rio Sabo\u00f3 Baixo (4000 m\u00b3), tamb\u00e9m para fornecimento a Santos e Cubat\u00e3o. \n\nFonte: \nBRASIL. Ag\u00eancia Nacional de \u00c1guas - ANA. Atlas Brasil \u2013 Abastecimento Urbano de \u00c1gua. Sistema Integrado Pil\u00f5es / Cubat\u00e3o. Brasil: 2010. Dispon\u00edvel em: http://atlas.ana.gov.br/atlas/forms/analise/VerCroqui.aspx?arq=349. Acesso em: 19 de mar\u00e7o de 2019."
        },
        {
            "codigo": 4156,
            "data": "2019-12-31 00:00:00",
            "valor": null,
            "descricao": "A referida informa\u00e7\u00e3o depende do manancial em tela. Os mananciais rios Jurubatuba e Macuco s\u00e3o utilizados para abastecimento de parte da \u00c1rea Continental de Santos. De acordo com a ANA, as mananciais Canais de Fuga de Henry Borden, Rio Cubat\u00e3o, Rio Pil\u00f5es, Ribeir\u00e3o Passareuva apresentam a seguinte participa\u00e7\u00e3o no abastecimento de \u00e1gua no munic\u00edpio de Santos: O Sistema Cubat\u00e3o \u00e9 alimentado pelas \u00e1guas captadas dos Canais de Fuga Henry Borden (vaz\u00e3o de 2500 L/s no restante do ano) e do Rio Cubat\u00e3o (vaz\u00f5es de 1.748,8 L/s no restante do ano e 2.707,7 L/s no ver\u00e3o). As \u00e1guas passam por fases de tratamento pela ETA Cubat\u00e3o, sendo bombeadas para o Reservat\u00f3rio Voturu\u00e1 (110.000 m\u00b3) em S\u00e3o Vicente; e para o Reservat\u00f3rio Sabo\u00f3 Alto (25.000 m\u00b3), com destino a Cubat\u00e3o e Santos. J\u00e1 o Sistema Pil\u00f5es \u00e9 alimentado pelas \u00e1guas captadas dos Rio Pil\u00f5es (vaz\u00e3o de 473,2 L/s no restante do ano e de 711,5 L/s durante o ver\u00e3o) e Ribeir\u00e3o Passare\u00fava (vaz\u00f5es de 231,0 L/s no restante do ano e de 412,7 L/s durante o ver\u00e3o). As \u00e1guas passam por fases de tratamento na ETA Pil\u00f5es, sendo bombeadas para o Reservat\u00f3rio Sabo\u00f3 Baixo (4000 m\u00b3), tamb\u00e9m para fornecimento a Santos e Cubat\u00e3o. Fonte: BRASIL. Ag\u00eancia Nacional de \u00c1guas - ANA. Atlas Brasil \u2013 Abastecimento Urbano de \u00c1gua. Sistema Integrado Pil\u00f5es / Cubat\u00e3o. Brasil: 2010. Dispon\u00edvel em: <http://atlas.ana.gov.br/atlas/forms/analise/VerCroqui.aspx?arq=349>. Acesso em: 23 de julho de 2020."
        },
        {
            "codigo": 4743,
            "data": "2020-12-31 00:00:00",
            "valor": null,
            "descricao": "A referida informa\u00e7\u00e3o depende do manancial em tela. Os mananciais rios Jurubatuba e Macuco s\u00e3o utilizados para abastecimento de parte da \u00c1rea Continental de Santos. De acordo com BRASIL (2021), os mananciais Canais de Fuga de Henry Borden, Rio Cubat\u00e3o, Rio Pil\u00f5es, Ribeir\u00e3o Passare\u00fava apresentam a seguinte participa\u00e7\u00e3o no abastecimento de \u00e1gua no munic\u00edpio de Santos: O Sistema Cubat\u00e3o \u00e9 alimentado pelas \u00e1guas captadas dos Canais de Fuga Henry Borden (vaz\u00e3o de 2500 L/s no restante do ano) e do Rio Cubat\u00e3o (vaz\u00f5es de 1.748,8 L/s no restante do ano e 2.707,7 L/s no ver\u00e3o). As \u00e1guas passam por fases de tratamento pela ETA Cubat\u00e3o, sendo bombeadas para o Reservat\u00f3rio Voturu\u00e1 (110.000 m\u00b3) em S\u00e3o Vicente; e para o Reservat\u00f3rio Sabo\u00f3 Alto (25.000 m\u00b3), com destino a Cubat\u00e3o e Santos. J\u00e1 o Sistema Pil\u00f5es \u00e9 alimentado pelas \u00e1guas captadas dos Rio Pil\u00f5es (vaz\u00e3o de 473,2 L/s no restante do ano e de 711,5 L/s durante o ver\u00e3o) e Ribeir\u00e3o Passare\u00fava (vaz\u00f5es de 231,0 L/s no restante do ano e de 412,7 L/s durante o ver\u00e3o). As \u00e1guas passam por fases de tratamento na ETA Pil\u00f5es, sendo bombeadas para o Reservat\u00f3rio Sabo\u00f3 Baixo (4.000 m\u00b3), tamb\u00e9m para fornecimento a Santos e Cubat\u00e3o.\n\nFonte: BRASIL (2021). Ag\u00eancia Nacional de \u00c1guas - ANA. Atlas Brasil \u2013 Abastecimento Urbano de \u00c1gua. Sistema Nacional Integrado de Recursos H\u00eddricos (SNIRH). Dispon\u00edvel em: <https://www.snirh.gov.br/agua-esgoto/agua-visao-municipio?codigo_ibge=3548500&sigla=SP>. Acesso em: 18 de agosto de 2021."
        },
        {
            "codigo": 5272,
            "data": "2021-12-31 00:00:00",
            "valor": null,
            "descricao": "A referida informa\u00e7\u00e3o depende do manancial em tela. Os mananciais rios Jurubatuba e Macuco s\u00e3o utilizados para abastecimento de parte da \u00c1rea Continental de Santos. De acordo com BRASIL (2021), os mananciais Canais de Fuga de Henry Borden, Rio Cubat\u00e3o, Rio Pil\u00f5es, Ribeir\u00e3o Passare\u00fava apresentam a seguinte participa\u00e7\u00e3o no abastecimento de \u00e1gua no munic\u00edpio de Santos: O Sistema Cubat\u00e3o \u00e9 alimentado pelas \u00e1guas captadas dos Canais de Fuga Henry Borden (vaz\u00e3o de 2500 L/s no restante do ano) e do Rio Cubat\u00e3o (vaz\u00f5es de 1.748,8 L/s no restante do ano e 2.707,7 L/s no ver\u00e3o). As \u00e1guas passam por fases de tratamento pela ETA Cubat\u00e3o, sendo bombeadas para o Reservat\u00f3rio Voturu\u00e1 (110.000 m\u00b3) em S\u00e3o Vicente; e para o Reservat\u00f3rio Sabo\u00f3 Alto (25.000 m\u00b3), com destino a Cubat\u00e3o e Santos. J\u00e1 o Sistema Pil\u00f5es \u00e9 alimentado pelas \u00e1guas captadas dos Rio Pil\u00f5es (vaz\u00e3o de 473,2 L/s no restante do ano e de 711,5 L/s durante o ver\u00e3o) e Ribeir\u00e3o Passare\u00fava (vaz\u00f5es de 231,0 L/s no restante do ano e de 412,7 L/s durante o ver\u00e3o). As \u00e1guas passam por fases de tratamento na ETA Pil\u00f5es, sendo bombeadas para o Reservat\u00f3rio Sabo\u00f3 Baixo (4.000 m\u00b3), tamb\u00e9m para fornecimento a Santos e Cubat\u00e3o."
        },
        {
            "codigo": 6297,
            "data": "2022-12-31 00:00:00",
            "valor": null,
            "descricao": "RESPOSTA: A referida informa\u00e7\u00e3o depende do manancial em tela. Os mananciais dos rios Jurubatuba e Macuco s\u00e3o utilizados para abastecimento de parte da \u00c1rea Continental de Santos. De acordo com BRASIL (2021), os mananciais Canais de Fuga de Henry Borden, Rio Cubat\u00e3o, Rio Pil\u00f5es, Ribeir\u00e3o Passare\u00fava apresentam a seguinte participa\u00e7\u00e3o no abastecimento de \u00e1gua no munic\u00edpio de Santos: O Sistema Cubat\u00e3o \u00e9 alimentado pelas \u00e1guas captadas dos Canais de Fuga Henry Borden (vaz\u00e3o de 2500 l/s no restante do ano) e do Rio Cubat\u00e3o (vaz\u00f5es de 1.748,8 l/s no restante do ano e 2.707,7 l/s no ver\u00e3o). As \u00e1guas passam por fases de tratamento pela ETA Cubat\u00e3o, sendo bombeadas para o Reservat\u00f3rio Voturu\u00e1 (110.000 m\u00b3) em S\u00e3o Vicente; e para o Reservat\u00f3rio Sabo\u00f3 Alto (25.000 m\u00b3), com destino a Cubat\u00e3o e Santos. J\u00e1 o Sistema Pil\u00f5es \u00e9 alimentado pelas \u00e1guas captadas dos Rio Pil\u00f5es (vaz\u00e3o de 473,2 l/s no restante do ano e de 711,5 l/s durante o ver\u00e3o) e Ribeir\u00e3o Passare\u00fava (vaz\u00f5es de 231,0 l/s no restante do ano e de 412,7 l/s durante o ver\u00e3o). As \u00e1guas passam por fases de tratamento na ETA Pil\u00f5es, sendo bombeadas para o Reservat\u00f3rio Sabo\u00f3 Baixo (4.000 m\u00b3), tamb\u00e9m para fornecimento a Santos e Cubat\u00e3o.\n\nRefer\u00eancia:\nBRASIL (2021). Ag\u00eancia Nacional de \u00c1guas - ANA. Atlas Brasil \u2013 Abastecimento Urbano de \u00c1gua. Sistema Nacional Integrado de Recursos H\u00eddricos (SNIRH). Dispon\u00edvel em: <https://www.snirh.gov.br/agua-esgoto/agua-visao-municipio?codigo_ibge=3548500&sigla=SP>. Acesso em: 05 de abril de 2023."
        },
        {
            "codigo": 7319,
            "data": "2023-12-31 00:00:00",
            "valor": null,
            "descricao": "RESPOSTA: A referida informa\u00e7\u00e3o depende do manancial em tela. Os mananciais dos rios Jurubatuba e Macuco s\u00e3o utilizados para abastecimento de parte da \u00c1rea Continental de Santos. De acordo com BRASIL (2021), os mananciais Canais de Fuga de Henry Borden, Rio Cubat\u00e3o, Rio Pil\u00f5es, Ribeir\u00e3o Passare\u00fava apresentam a seguinte participa\u00e7\u00e3o no abastecimento de \u00e1gua no munic\u00edpio de Santos: O Sistema Cubat\u00e3o \u00e9 alimentado pelas \u00e1guas captadas dos Canais de Fuga Henry Borden (vaz\u00e3o de 2500 l/s no restante do ano) e do Rio Cubat\u00e3o (vaz\u00f5es de 1.748,8 l/s no restante do ano e 2.707,7 l/s no ver\u00e3o). As \u00e1guas passam por fases de tratamento pela ETA Cubat\u00e3o, sendo bombeadas para o Reservat\u00f3rio Voturu\u00e1 (110.000 m\u00b3) em S\u00e3o Vicente; e para o Reservat\u00f3rio Sabo\u00f3 Alto (25.000 m\u00b3), com destino a Cubat\u00e3o e Santos. J\u00e1 o Sistema Pil\u00f5es \u00e9 alimentado pelas \u00e1guas captadas dos Rio Pil\u00f5es (vaz\u00e3o de 473,2 l/s no restante do ano e de 711,5 l/s durante o ver\u00e3o) e Ribeir\u00e3o Passare\u00fava (vaz\u00f5es de 231,0 l/s no restante do ano e de 412,7 l/s durante o ver\u00e3o). As \u00e1guas passam por fases de tratamento na ETA Pil\u00f5es, sendo bombeadas para o Reservat\u00f3rio Sabo\u00f3 Baixo (4.000 m\u00b3), tamb\u00e9m para fornecimento a Santos e Cubat\u00e3o.\n\nFonte: BRASIL (2021). Ag\u00eancia Nacional de \u00c1guas - ANA. Atlas Brasil \u2013 Abastecimento Urbano de \u00c1gua. Sistema Nacional Integrado de Recursos H\u00eddricos (SNIRH). Dispon\u00edvel em: <https://www.snirh.gov.br/agua-esgoto/agua-visao-municipio?codigo_ibge=3548500&sigla=SP>. Acesso em: 05 de fevereiro de 2024."
        }
    ]
}