{
    "codigo": 4986,
    "nome": "Qual a situa\u00e7\u00e3o desse manancial?",
    "descricao": "Qual a situa\u00e7\u00e3o desse manancial? - Cidades Sustentaveis",
    "fonte": "SEMAM",
    "tipoValor": "T",
    "periodicidade": {
        "codigo": 6,
        "descricao": "Anual"
    },
    "tags": [
        {
            "codigo": 20,
            "descricao": "Santos Sustent\u00e1vel"
        }
    ],
    "secretarias": [
        {
            "codigo": 5767,
            "dado_codigo": 4986,
            "sigla": "SEMAM",
            "nome": "SECRETARIA MUNICIPAL DE MEIO AMBIENTE E BEM-ESTAR ANIMAL"
        }
    ],
    "autarquias": [],
    "metas": [
        {
            "codigo": 7,
            "numero": 6,
            "titulo": "\u00c1gua Pot\u00e1vel e Saneamento",
            "objetivo": "Assegurar a disponibilidade e a gest\u00e3o sustent\u00e1vel da \u00e1gua e saneamento para todos",
            "imagem_url": "7.jpg",
            "link": "http://www.agenda2030.org.br/ods/6/"
        }
    ],
    "eixos": [
        {
            "codigo": 5,
            "descricao": "Bens Naturais Comuns"
        }
    ],
    "valores": [
        {
            "codigo": 2138,
            "data": "2017-12-31 00:00:00",
            "valor": "0.00",
            "descricao": "De acordo com o Sistema Integrado de Geoprocessamento do munic\u00edpio de Santos \u2013 SIG SANTOS, os rios Jurubatuba, Macuco e Quilombo est\u00e3o inseridos em Zonas de Conserva\u00e7\u00e3o, de forma que seus vales tem restri\u00e7\u00f5es legais \u00e0 ocupa\u00e7\u00e3o, proporcionando prote\u00e7\u00e3o florestal aos mesmos. Segundo a ANA, as mananciais dos Rios Pil\u00f5es e Cubat\u00e3o, dos Canais de Fuga de Henry Borden e do Ribeir\u00e3o Passareuva fornecem \u00e1gua para o Sistema interligado Pil\u00f5es-Cubat\u00e3o, que atualmente necessita de amplia\u00e7\u00e3o / adequa\u00e7\u00e3o para o atendimento nos munic\u00edpios de Santos, Cubat\u00e3o, S\u00e3o Vicente e Praia Grande. Fonte: BRASIL. Ag\u00eancia Nacional de \u00c1guas - ANA. Atlas Brasil \u2013 Abastecimento Urbano de \u00c1gua. Sistema Integrado Pil\u00f5es / Cubat\u00e3o. Brasil: 2010. Dispon\u00edvel em: http://atlas.ana.gov.br/atlas/forms/analise/Geral.aspx?est=6. Acesso em: 31 de agosto de 2018."
        },
        {
            "codigo": 2139,
            "data": "2016-12-31 00:00:00",
            "valor": "0.00",
            "descricao": "Os rios Jurubatuba e Quilombo est\u00e3o inseridos em Zonas de Conserva\u00e7\u00e3o, de forma que seus vales tem restri\u00e7\u00f5es legais \u00e0 ocupa\u00e7\u00e3o, proporcionando prote\u00e7\u00e3o florestal aos mesmos."
        },
        {
            "codigo": 2140,
            "data": "2013-12-31 00:00:00",
            "valor": "0.00",
            "descricao": "Justificativa: n\u00e3o foi poss\u00edvel apurar dado para este ano"
        },
        {
            "codigo": 2141,
            "data": "2014-12-31 00:00:00",
            "valor": "0.00",
            "descricao": "Justificativa: n\u00e3o foi poss\u00edvel apurar dado para este ano"
        },
        {
            "codigo": 2142,
            "data": "2015-12-31 00:00:00",
            "valor": "0.00",
            "descricao": "Justificativa: n\u00e3o foi poss\u00edvel apurar dado para este ano"
        },
        {
            "codigo": 3481,
            "data": "2018-12-31 00:00:00",
            "valor": null,
            "descricao": "De acordo com o Sistema Integrado de Geoprocessamento do munic\u00edpio de Santos \u2013 SIG SANTOS, os rios Jurubatuba, Macuco e Quilombo est\u00e3o inseridos em Zonas de Conserva\u00e7\u00e3o, de forma que seus vales tem restri\u00e7\u00f5es legais \u00e0 ocupa\u00e7\u00e3o, proporcionando prote\u00e7\u00e3o florestal aos mesmos. Segundo a ANA, as mananciais dos Rios Pil\u00f5es e Cubat\u00e3o, dos Canais de Fuga de Henry Borden e do Ribeir\u00e3o Passareuva fornecem \u00e1gua para o Sistema interligado Pil\u00f5es-Cubat\u00e3o, que atualmente necessita de amplia\u00e7\u00e3o / adequa\u00e7\u00e3o para o atendimento nos munic\u00edpios de Santos, Cubat\u00e3o, S\u00e3o Vicente e Praia Grande. \n\nFonte: \nBRASIL. Ag\u00eancia Nacional de \u00c1guas - ANA. Atlas Brasil \u2013 Abastecimento Urbano de \u00c1gua. Sistema Integrado Pil\u00f5es / Cubat\u00e3o. Brasil: 2010. Dispon\u00edvel em: http://atlas.ana.gov.br/atlas/forms/analise/RegiaoMetropolitana.aspx?rme=23. Acesso em: 15 de abril de 2019."
        },
        {
            "codigo": 4157,
            "data": "2019-12-31 00:00:00",
            "valor": null,
            "descricao": "De acordo com o Sistema Integrado de Geoprocessamento do munic\u00edpio de Santos \u2013 SIG SANTOS, os rios Jurubatuba, Macuco e Quilombo est\u00e3o inseridos em Zonas de Conserva\u00e7\u00e3o, de forma que seus vales tem restri\u00e7\u00f5es legais \u00e0 ocupa\u00e7\u00e3o, proporcionando prote\u00e7\u00e3o florestal aos mesmos. Segundo a ANA, os mananciais dos Rios Pil\u00f5es e Cubat\u00e3o, dos Canais de Fuga de Henry Borden e do Ribeir\u00e3o Passareuva fornecem \u00e1gua para o Sistema interligado Pil\u00f5es-Cubat\u00e3o, que atualmente necessita de amplia\u00e7\u00e3o / adequa\u00e7\u00e3o para o atendimento nos munic\u00edpios de Santos, Cubat\u00e3o, S\u00e3o Vicente e Praia Grande. Fonte: BRASIL. Ag\u00eancia Nacional de \u00c1guas - ANA. Atlas Brasil \u2013 Abastecimento Urbano de \u00c1gua. Sistema Integrado Pil\u00f5es / Cubat\u00e3o. Brasil: 2010. Dispon\u00edvel em: <http://atlas.ana.gov.br/atlas/forms/analise/RegiaoMetropolitana.aspx?rme=23>. Acesso em: 23 de julho de 2020."
        },
        {
            "codigo": 4744,
            "data": "2020-12-31 00:00:00",
            "valor": null,
            "descricao": "De acordo com o Sistema Integrado de Geoprocessamento do munic\u00edpio de Santos \u2013 SIG SANTOS, os rios Jurubatuba, Macuco e Quilombo est\u00e3o inseridos em Zonas de Conserva\u00e7\u00e3o, de forma que seus vales tem restri\u00e7\u00f5es legais \u00e0 ocupa\u00e7\u00e3o, proporcionando prote\u00e7\u00e3o florestal aos mesmos. Segundo BRASIL (2021), os mananciais dos Rios Pil\u00f5es e Cubat\u00e3o, dos Canais de Fuga de Henry Borden e do Ribeir\u00e3o Passare\u00fava fornecem \u00e1gua para o Sistema Interligado Pil\u00f5es-Cubat\u00e3o, que atualmente necessita de amplia\u00e7\u00e3o / adequa\u00e7\u00e3o para o atendimento aos munic\u00edpios de Santos, Cubat\u00e3o e S\u00e3o Vicente.\n\nFonte: BRASIL (2021). Ag\u00eancia Nacional de \u00c1guas - ANA. Atlas Brasil \u2013 Abastecimento Urbano de \u00c1gua. Sistema Nacional Integrado de Recursos H\u00eddricos (SNIRH). Dispon\u00edvel em: <https://www.snirh.gov.br/agua-esgoto/agua-visao-municipio?codigo_ibge=3548500&sigla=SP>. Acesso em: 18 de agosto de 2021."
        },
        {
            "codigo": 5273,
            "data": "2021-12-31 00:00:00",
            "valor": null,
            "descricao": "De acordo com o Sistema Integrado de Geoprocessamento do munic\u00edpio de Santos \u2013 SIG SANTOS, os rios Jurubatuba, Macuco e Quilombo est\u00e3o inseridos em Zonas de Conserva\u00e7\u00e3o, de forma que seus vales tem restri\u00e7\u00f5es legais \u00e0 ocupa\u00e7\u00e3o, proporcionando prote\u00e7\u00e3o florestal aos mesmos. Segundo BRASIL (2021), os mananciais dos Rios Pil\u00f5es e Cubat\u00e3o, dos Canais de Fuga de Henry Borden e do Ribeir\u00e3o Passare\u00fava fornecem \u00e1gua para o Sistema Interligado Pil\u00f5es-Cubat\u00e3o, que atualmente necessita de amplia\u00e7\u00e3o / adequa\u00e7\u00e3o para o atendimento aos munic\u00edpios de Santos, Cubat\u00e3o e S\u00e3o Vicente."
        },
        {
            "codigo": 6298,
            "data": "2022-12-31 00:00:00",
            "valor": null,
            "descricao": "RESPOSTA: De acordo com o Sistema Integrado de Geoprocessamento do munic\u00edpio de Santos \u2013 SIG SANTOS, os rios Jurubatuba, Macuco e Quilombo est\u00e3o inseridos em Zonas de Conserva\u00e7\u00e3o, de forma que seus vales tem restri\u00e7\u00f5es legais \u00e0 ocupa\u00e7\u00e3o, proporcionando prote\u00e7\u00e3o florestal aos mesmos. Segundo BRASIL (2021), os mananciais dos Rios Pil\u00f5es e Cubat\u00e3o, dos Canais de Fuga de Henry Borden e do Ribeir\u00e3o Passare\u00fava fornecem \u00e1gua para o Sistema Interligado Pil\u00f5es-Cubat\u00e3o, que atualmente necessita de amplia\u00e7\u00e3o / adequa\u00e7\u00e3o para o atendimento aos munic\u00edpios de Santos, Cubat\u00e3o e S\u00e3o Vicente.\n\nRefer\u00eancia:\nBRASIL (2021). Ag\u00eancia Nacional de \u00c1guas - ANA. Atlas Brasil \u2013 Abastecimento Urbano de \u00c1gua. Sistema Nacional Integrado de Recursos H\u00eddricos (SNIRH). Dispon\u00edvel em: <https://www.snirh.gov.br/agua-esgoto/agua-visao-municipio?codigo_ibge=3548500&sigla=SP>. Acesso em: 05 de abril de 2023."
        },
        {
            "codigo": 7318,
            "data": "2023-12-31 00:00:00",
            "valor": null,
            "descricao": "RESPOSTA: De acordo com o Sistema Integrado de Geoprocessamento do munic\u00edpio de Santos \u2013 SIG SANTOS, os rios Jurubatuba, Macuco e Quilombo est\u00e3o inseridos em Zonas de Conserva\u00e7\u00e3o, de forma que seus vales tem restri\u00e7\u00f5es legais \u00e0 ocupa\u00e7\u00e3o, proporcionando prote\u00e7\u00e3o florestal aos mesmos. Segundo BRASIL (2021), os mananciais dos Rios Pil\u00f5es e Cubat\u00e3o, dos Canais de Fuga de Henry Borden e do Ribeir\u00e3o Passare\u00fava fornecem \u00e1gua para o Sistema Interligado Pil\u00f5es-Cubat\u00e3o, que atualmente necessita de amplia\u00e7\u00e3o/adequa\u00e7\u00e3o para o atendimento aos munic\u00edpios de Santos, Cubat\u00e3o e S\u00e3o Vicente.\n\nFonte: BRASIL (2021). Ag\u00eancia Nacional de \u00c1guas - ANA. Atlas Brasil \u2013 Abastecimento Urbano de \u00c1gua. Sistema Nacional Integrado de Recursos H\u00eddricos (SNIRH). Dispon\u00edvel em: <https://www.snirh.gov.br/agua-esgoto/agua-visao-municipio?codigo_ibge=3548500&sigla=SP>. Acesso em: 05 de fevereiro de 2024."
        }
    ]
}