{
    "codigo": 4987,
    "nome": "Os \u00f3rg\u00e3os de controle externo t\u00eam elei\u00e7\u00f5es diretas em que a popula\u00e7\u00e3o participa da defini\u00e7\u00e3o dos respons\u00e1veis (ex. ouvidores)?",
    "descricao": "Os \u00f3rg\u00e3os de controle externo t\u00eam elei\u00e7\u00f5es diretas em que a popula\u00e7\u00e3o participa da defini\u00e7\u00e3o dos respons\u00e1veis (ex. ouvidores)? - Cidades Sustentaveis",
    "fonte": "OTC",
    "tipoValor": "T",
    "periodicidade": {
        "codigo": 6,
        "descricao": "Anual"
    },
    "tags": [
        {
            "codigo": 18,
            "descricao": "Santos Transparente"
        }
    ],
    "secretarias": [
        {
            "codigo": 2833,
            "dado_codigo": 4987,
            "sigla": "OTC",
            "nome": "OUVIDORIA, TRANSPAR\u00caNCIA E CONTROLE"
        }
    ],
    "autarquias": [],
    "metas": [
        {
            "codigo": 17,
            "numero": 16,
            "titulo": "Paz, Justi\u00e7a e Institui\u00e7\u00f5es Eficazes",
            "objetivo": "Promover sociedades pac\u00edficas e inclusivas para o desenvolvimento sustent\u00e1vel, proporcionar o acesso \u00e0 justi\u00e7a para todos e construir institui\u00e7\u00f5es eficazes, respons\u00e1veis e inclusivas em todos os n\u00edveis",
            "imagem_url": "17.jpg",
            "link": "http://www.agenda2030.org.br/ods/16/"
        }
    ],
    "eixos": [
        {
            "codigo": 5,
            "descricao": "Bens Naturais Comuns"
        }
    ],
    "valores": [
        {
            "codigo": 2143,
            "data": "2013-12-31 00:00:00",
            "valor": "0.00",
            "descricao": "N\u00e3o."
        },
        {
            "codigo": 2144,
            "data": "2016-12-31 00:00:00",
            "valor": "0.00",
            "descricao": "N\u00e3o."
        },
        {
            "codigo": 2145,
            "data": "2017-12-31 00:00:00",
            "valor": "0.00",
            "descricao": "N\u00e3o. Os \u00f3rg\u00e3os de controle externo n\u00e3o possuem elei\u00e7\u00f5es diretas."
        },
        {
            "codigo": 2146,
            "data": "2014-12-31 00:00:00",
            "valor": "0.00",
            "descricao": "N\u00e3o."
        },
        {
            "codigo": 2147,
            "data": "2015-12-31 00:00:00",
            "valor": "0.00",
            "descricao": "N\u00e3o."
        },
        {
            "codigo": 3441,
            "data": "2018-12-31 00:00:00",
            "valor": null,
            "descricao": "N\u00e3o. Os \u00f3rg\u00e3os de controle externo n\u00e3o possuem elei\u00e7\u00f5es diretas."
        },
        {
            "codigo": 4240,
            "data": "2019-12-31 00:00:00",
            "valor": null,
            "descricao": "N\u00e3o. Os \u00f3rg\u00e3os de controle externo n\u00e3o possuem elei\u00e7\u00f5es diretas."
        },
        {
            "codigo": 4807,
            "data": "2020-12-31 00:00:00",
            "valor": null,
            "descricao": "n\u00e3o existe \u00f3rg\u00e3o de controle externo do munic\u00edpio, apenas de controle interno"
        },
        {
            "codigo": 6018,
            "data": "2021-12-31 00:00:00",
            "valor": null,
            "descricao": "N\u00e3o. N\u00e3o existe elei\u00e7\u00e3o para o Ouvidor."
        },
        {
            "codigo": 6726,
            "data": "2022-12-31 00:00:00",
            "valor": null,
            "descricao": "N\u00e3o. N\u00e3o existe elei\u00e7\u00e3o para o Ouvidor."
        }
    ]
}