{
    "codigo": 4988,
    "nome": "O munic\u00edpio possui pol\u00edticas municipais de capacita\u00e7\u00e3o profissional e de incentivo ao primeiro emprego? Quais?",
    "descricao": "O munic\u00edpio possui pol\u00edticas municipais de capacita\u00e7\u00e3o profissional e de incentivo ao primeiro emprego? Quais? - Cidades Sustentaveis",
    "fonte": "SEPORTE",
    "tipoValor": "T",
    "periodicidade": {
        "codigo": 6,
        "descricao": "Anual"
    },
    "tags": [
        {
            "codigo": 4,
            "descricao": "Santos Eficiente"
        }
    ],
    "secretarias": [
        {
            "codigo": 5939,
            "dado_codigo": 4988,
            "sigla": "SEPORTE",
            "nome": "SECRETARIA MUNICIPAL DE ASSUNTOS PORTU\u00c1RIOS E EMPREGO"
        }
    ],
    "autarquias": [],
    "metas": [
        {
            "codigo": 9,
            "numero": 8,
            "titulo": "Trabalho Decente e Crescimento Econ\u00f4mico",
            "objetivo": "Promover o crescimento econ\u00f4mico sustentado, inclusivo e sustent\u00e1vel, o emprego pleno e produtivo e o trabalho decente para todos",
            "imagem_url": "9.jpg",
            "link": "http://www.agenda2030.org.br/ods/8/"
        }
    ],
    "eixos": [
        {
            "codigo": 11,
            "descricao": "Economia Local, Din\u00e2mica, Criativa e Sustent\u00e1vel"
        }
    ],
    "valores": [
        {
            "codigo": 2148,
            "data": "2016-12-31 00:00:00",
            "valor": "0.00",
            "descricao": "Sim. Time do Emprego (Conv\u00eanio com a Secretaria de Estado de Rela\u00e7\u00f5es do Trabalho de S\u00e3o Paulo)."
        },
        {
            "codigo": 2149,
            "data": "2017-12-31 00:00:00",
            "valor": "0.00",
            "descricao": "Sim. Time do Emprego (Conv\u00eanio com a Secretaria de Estado de Rela\u00e7\u00f5es do Trabalho de S\u00e3o Paulo)."
        },
        {
            "codigo": 2150,
            "data": "2013-12-31 00:00:00",
            "valor": "0.00",
            "descricao": "Sim. Time do Emprego (Conv\u00eanio com a Secretaria de Estado de Rela\u00e7\u00f5es do Trabalho de S\u00e3o Paulo)."
        },
        {
            "codigo": 2151,
            "data": "2015-12-31 00:00:00",
            "valor": "0.00",
            "descricao": "Sim. Time do Emprego (Conv\u00eanio com a Secretaria de Estado de Rela\u00e7\u00f5es do Trabalho de S\u00e3o Paulo)."
        },
        {
            "codigo": 2152,
            "data": "2014-12-31 00:00:00",
            "valor": "0.00",
            "descricao": "Sim. Time do Emprego (Conv\u00eanio com a Secretaria de Estado de Rela\u00e7\u00f5es do Trabalho de S\u00e3o Paulo)"
        },
        {
            "codigo": 3850,
            "data": "2018-12-31 00:00:00",
            "valor": null,
            "descricao": "Sim. Time do Emprego (Conv\u00eanio com a Secretaria de Estado de Rela\u00e7\u00f5es do Trabalho de S\u00e3o Paulo)."
        },
        {
            "codigo": 4309,
            "data": "2019-12-31 00:00:00",
            "valor": null,
            "descricao": "Sim. Time do Emprego."
        },
        {
            "codigo": 5161,
            "data": "2020-12-31 00:00:00",
            "valor": null,
            "descricao": "Sim. Time do Emprego (Conv\u00eanio com a Secretaria de Estado de Rela\u00e7\u00f5es do Trabalho de S\u00e3o Paulo)."
        },
        {
            "codigo": 5691,
            "data": "2021-12-31 00:00:00",
            "valor": null,
            "descricao": "Sim. Time do Emprego (Conv\u00eanio com a Secretaria de Estado de Rela\u00e7\u00f5es do Trabalho de S\u00e3o Paulo)."
        },
        {
            "codigo": 6795,
            "data": "2022-12-31 00:00:00",
            "valor": null,
            "descricao": "Sim. Time do Emprego e Caravanas do Emprego."
        }
    ]
}