{
    "codigo": 4989,
    "nome": "Os \u00f3rg\u00e3os de controle externo t\u00eam or\u00e7amento exclusivo?",
    "descricao": "Os \u00f3rg\u00e3os de controle externo t\u00eam or\u00e7amento exclusivo? - Cidades Sustentaveis",
    "fonte": "OTC",
    "tipoValor": "T",
    "periodicidade": {
        "codigo": 6,
        "descricao": "Anual"
    },
    "tags": [
        {
            "codigo": 18,
            "descricao": "Santos Transparente"
        }
    ],
    "secretarias": [
        {
            "codigo": 2833,
            "dado_codigo": 4989,
            "sigla": "OTC",
            "nome": "OUVIDORIA, TRANSPAR\u00caNCIA E CONTROLE"
        }
    ],
    "autarquias": [],
    "metas": [
        {
            "codigo": 17,
            "numero": 16,
            "titulo": "Paz, Justi\u00e7a e Institui\u00e7\u00f5es Eficazes",
            "objetivo": "Promover sociedades pac\u00edficas e inclusivas para o desenvolvimento sustent\u00e1vel, proporcionar o acesso \u00e0 justi\u00e7a para todos e construir institui\u00e7\u00f5es eficazes, respons\u00e1veis e inclusivas em todos os n\u00edveis",
            "imagem_url": "17.jpg",
            "link": "http://www.agenda2030.org.br/ods/16/"
        }
    ],
    "eixos": [
        {
            "codigo": 5,
            "descricao": "Bens Naturais Comuns"
        }
    ],
    "valores": [
        {
            "codigo": 2153,
            "data": "2014-12-31 00:00:00",
            "valor": "0.00",
            "descricao": "Sim."
        },
        {
            "codigo": 2154,
            "data": "2017-12-31 00:00:00",
            "valor": "0.00",
            "descricao": "Sim. Os \u00f3rg\u00e3os de controle interno possuem or\u00e7amento exclusivo."
        },
        {
            "codigo": 2155,
            "data": "2015-12-31 00:00:00",
            "valor": "0.00",
            "descricao": "Sim."
        },
        {
            "codigo": 2156,
            "data": "2016-12-31 00:00:00",
            "valor": "0.00",
            "descricao": "Sim."
        },
        {
            "codigo": 2157,
            "data": "2013-12-31 00:00:00",
            "valor": "0.00",
            "descricao": "Sim."
        },
        {
            "codigo": 3442,
            "data": "2018-12-31 00:00:00",
            "valor": null,
            "descricao": "Sim. Os \u00f3rg\u00e3os de controle interno possuem or\u00e7amento exclusivo."
        },
        {
            "codigo": 4241,
            "data": "2019-12-31 00:00:00",
            "valor": null,
            "descricao": "Sim. Os \u00f3rg\u00e3os de controle interno possuem or\u00e7amento exclusivo."
        },
        {
            "codigo": 4806,
            "data": "2020-12-31 00:00:00",
            "valor": null,
            "descricao": "n\u00e3o existe \u00f3rg\u00e3o de controle externo do munic\u00edpio, apenas de controle interno"
        },
        {
            "codigo": 6019,
            "data": "2021-12-31 00:00:00",
            "valor": null,
            "descricao": "Sim. Existe programa e dota\u00e7\u00e3o pr\u00f3pria na Lei de Diretrizes Or\u00e7ament\u00e1rias para a Ouvidoria."
        },
        {
            "codigo": 6727,
            "data": "2022-12-31 00:00:00",
            "valor": null,
            "descricao": "Sim. Existe programa e dota\u00e7\u00e3o pr\u00f3pria na Lei de Diretrizes Or\u00e7ament\u00e1rias para a Ouvidoria."
        }
    ]
}