{
    "codigo": 4991,
    "nome": "Existe no munic\u00edpio um centro municipal de monitoramento e alertas de desastres naturais?",
    "descricao": "Exist\u00eancia no munic\u00edpio de um centro municipal de monitoramento e alertas de desastres naturais. - Cidades Sustent\u00e1veis - Indicador \"Centro municipal de monitoramento e alertas de desastres naturais\"",
    "fonte": "SESEG - SECRETARIA MUNICIPAL DE SEGURAN\u00c7A / DEPRODEC - DEFESA CIVIL",
    "tipoValor": "T",
    "periodicidade": {
        "codigo": 6,
        "descricao": "Anual"
    },
    "tags": [
        {
            "codigo": 16,
            "descricao": "Santos Segura"
        }
    ],
    "secretarias": [
        {
            "codigo": 779,
            "dado_codigo": 4991,
            "sigla": "SESEG",
            "nome": "SECRETARIA MUNICIPAL DE SEGURAN\u00c7A"
        }
    ],
    "autarquias": [],
    "metas": [
        {
            "codigo": 14,
            "numero": 13,
            "titulo": "A\u00e7\u00e3o Contra a Mudan\u00e7a Global do Clima",
            "objetivo": "Tomar medidas urgentes para combater a mudan\u00e7a do clima e seus impactos*",
            "imagem_url": "14.jpg",
            "link": "http://www.agenda2030.org.br/ods/13/"
        }
    ],
    "eixos": [
        {
            "codigo": 15,
            "descricao": "Do Local para o Global"
        }
    ],
    "valores": [
        {
            "codigo": 2163,
            "data": "2014-12-31 00:00:00",
            "valor": "0.00",
            "descricao": "N\u00e3o"
        },
        {
            "codigo": 2164,
            "data": "2016-12-31 00:00:00",
            "valor": "0.00",
            "descricao": "N\u00e3o, por\u00e9m o N\u00facleo de Pequisas Hidrodin\u00e2micas da Universidade Santa Cec\u00edlia realiza atividades de monitoramento e alerta. A prefeitura Municipal mant\u00e9m Termo de Coopera\u00e7\u00e3o t\u00e9cnica com a citada universidade."
        },
        {
            "codigo": 2165,
            "data": "2013-12-31 00:00:00",
            "valor": "0.00",
            "descricao": "N\u00e3o"
        },
        {
            "codigo": 2166,
            "data": "2015-12-31 00:00:00",
            "valor": "0.00",
            "descricao": "N\u00e3o, por\u00e9m o N\u00facleo de Pesquisas Hidrodin\u00e2micas da Universidade Santa Cec\u00edlia realiza atividades de monitoramento e alerta e possui termo de coopera\u00e7\u00e3o t\u00e9cnica com a Prefeitura."
        },
        {
            "codigo": 2167,
            "data": "2017-12-31 00:00:00",
            "valor": "0.00",
            "descricao": "N\u00e3o, por\u00e9m o N\u00facleo de Pequisas Hidrodin\u00e2micas da Universidade Santa Cec\u00edlia realiza atividades de monitoramento e alerta. A prefeitura Municipal mant\u00e9m Termo de Coopera\u00e7\u00e3o t\u00e9cnica com a citada universidade. Efetuamos vistorias em \u00e1reas mapeadas como cr\u00edticas al\u00e9m de operarmos o Plano Preventivo de Defesa Civil no per\u00edodo chuvoso."
        },
        {
            "codigo": 3724,
            "data": "2018-12-31 00:00:00",
            "valor": null,
            "descricao": "N\u00e3o, por\u00e9m o N\u00facleo de Pequisas Hidrodin\u00e2micas da Universidade Santa Cec\u00edlia realiza atividades de monitoramento e alerta e possui Termo de Coopera\u00e7\u00e3o T\u00e9cnica com a Prefeitura de Santos."
        },
        {
            "codigo": 4343,
            "data": "2019-12-31 00:00:00",
            "valor": null,
            "descricao": "N\u00e3o, por\u00e9m o N\u00facleo de Pequisas Hidrodin\u00e2micas da Universidade Santa Cec\u00edlia realiza atividades de monitoramento e alerta e possui Termo de Coopera\u00e7\u00e3o T\u00e9cnica com a Prefeitura de Santos. A partir de 2020, com a opera\u00e7\u00e3o do CCO - Centro de Controle de Opera\u00e7\u00f5es a Defesa Civil  participara operando 24 horas conjuntamente com t\u00e9cnicos de outros \u00f3rg\u00e3os e institui\u00e7\u00f5es. Fortemente instrumentalizado, tem a finalidade de monitorar ocorr\u00eancias e eventos que possam ocasionar impactos negativos \u00e0 popula\u00e7\u00e3o,  assim como as condi\u00e7\u00f5es oceano meteorol\u00f3gicas, antevendo poss\u00edveis eventos cr\u00edticos, emitindo alertas."
        },
        {
            "codigo": 4872,
            "data": "2020-12-31 00:00:00",
            "valor": null,
            "descricao": "N\u00e3o, por\u00e9m atrav\u00e9s do Termo de Coopera\u00e7\u00e3o T\u00e9cnica com a Universidade Santa Cec\u00edlia e Prefeitura de Santos, recebemos informes e alertas das condi\u00e7\u00f5es oceano meteorol\u00f3gicas. A partir da incorpora\u00e7\u00e3o do meteorologista (fev/2020) no nosso quadro de funcion\u00e1rios, conseguimos avan\u00e7ar na previs\u00e3o de eventos extremos e produzir informes de previs\u00e3o meteorol\u00f3gica di\u00e1ria, informa\u00e7\u00f5es estas que comp\u00f5em a opera\u00e7\u00e3o do C.C.O do Munic\u00edpio, somados aos alertas da Defesa Civil do Estado de S\u00e3o Paulo e CEMADEN."
        },
        {
            "codigo": 5399,
            "data": "2021-12-31 00:00:00",
            "valor": null,
            "descricao": "N\u00e3o, por\u00e9m atrav\u00e9s do Termo de Coopera\u00e7\u00e3o T\u00e9cnica com a Universidade Santa Cec\u00edlia e Prefeitura de Santos, recebemos informes e alertas das condi\u00e7\u00f5es oceano meteorol\u00f3gicas. A partir da incorpora\u00e7\u00e3o do meteorologista (fev/2020) no nosso quadro de funcion\u00e1rios, conseguimos avan\u00e7ar na previs\u00e3o de eventos extremos e produzir informes de previs\u00e3o meteorol\u00f3gica di\u00e1ria, informa\u00e7\u00f5es estas comp\u00f5em a opera\u00e7\u00e3o do C.C.O do Munic\u00edpio, somados aos alertas da Defesa Civil do Estado de S\u00e3o Paulo e CEMADEN."
        },
        {
            "codigo": 6591,
            "data": "2022-12-31 00:00:00",
            "valor": null,
            "descricao": "N\u00e3o, por\u00e9m atrav\u00e9s do Termo de Coopera\u00e7\u00e3o T\u00e9cnica com a Universidade Santa Cec\u00edlia e Prefeitura de Santos, recebemos informes e alertas das condi\u00e7\u00f5es oceano meteorol\u00f3gicas. A partir da incorpora\u00e7\u00e3o do meteorologista (fev/2020) no nosso quadro de funcion\u00e1rios, conseguimos avan\u00e7ar na previs\u00e3o de eventos extremos e produzir informes de previs\u00e3o meteorol\u00f3gica di\u00e1ria, informa\u00e7\u00f5es estas comp\u00f5em a opera\u00e7\u00e3o do C.C.O do Munic\u00edpio, somados aos alertas da Defesa Civil do Estado de S\u00e3o Paulo e CEMADEN."
        }
    ]
}