{
    "codigo": 4992,
    "nome": "N\u00famero total de secretarias",
    "descricao": "N\u00famero total de secretarias (17) - Cidades Sustentaveis",
    "fonte": "OTC",
    "tipoValor": "I",
    "periodicidade": {
        "codigo": 6,
        "descricao": "Anual"
    },
    "tags": [
        {
            "codigo": 18,
            "descricao": "Santos Transparente"
        }
    ],
    "secretarias": [
        {
            "codigo": 2833,
            "dado_codigo": 4992,
            "sigla": "OTC",
            "nome": "OUVIDORIA, TRANSPAR\u00caNCIA E CONTROLE"
        }
    ],
    "autarquias": [],
    "metas": [
        {
            "codigo": 17,
            "numero": 16,
            "titulo": "Paz, Justi\u00e7a e Institui\u00e7\u00f5es Eficazes",
            "objetivo": "Promover sociedades pac\u00edficas e inclusivas para o desenvolvimento sustent\u00e1vel, proporcionar o acesso \u00e0 justi\u00e7a para todos e construir institui\u00e7\u00f5es eficazes, respons\u00e1veis e inclusivas em todos os n\u00edveis",
            "imagem_url": "17.jpg",
            "link": "http://www.agenda2030.org.br/ods/16/"
        }
    ],
    "eixos": [
        {
            "codigo": 4,
            "descricao": "Governan\u00e7a"
        }
    ],
    "valores": [
        {
            "codigo": 2168,
            "data": "2016-12-31 00:00:00",
            "valor": "17.00",
            "descricao": null
        },
        {
            "codigo": 2169,
            "data": "2017-12-31 00:00:00",
            "valor": "17.00",
            "descricao": null
        },
        {
            "codigo": 2170,
            "data": "2015-12-31 00:00:00",
            "valor": "17.00",
            "descricao": null
        },
        {
            "codigo": 2171,
            "data": "2014-12-31 00:00:00",
            "valor": "17.00",
            "descricao": null
        },
        {
            "codigo": 2172,
            "data": "2013-12-31 00:00:00",
            "valor": "17.00",
            "descricao": null
        },
        {
            "codigo": 3666,
            "data": "2018-12-31 00:00:00",
            "valor": "17.00",
            "descricao": null
        },
        {
            "codigo": 4238,
            "data": "2019-12-31 00:00:00",
            "valor": "17.00",
            "descricao": null
        },
        {
            "codigo": 4814,
            "data": "2020-12-31 00:00:00",
            "valor": "19.00",
            "descricao": null
        },
        {
            "codigo": 6014,
            "data": "2021-12-31 00:00:00",
            "valor": "19.00",
            "descricao": null
        },
        {
            "codigo": 6716,
            "data": "2022-12-31 00:00:00",
            "valor": "20.00",
            "descricao": null
        }
    ]
}