{
    "codigo": 4993,
    "nome": "Percentual da popula\u00e7\u00e3o imunizada",
    "descricao": "Percentual da popula\u00e7\u00e3o imunizada - Cidades Sustentaveis",
    "fonte": "Sms",
    "tipoValor": "D",
    "periodicidade": {
        "codigo": 6,
        "descricao": "Anual"
    },
    "tags": [
        {
            "codigo": 17,
            "descricao": "Santos Saud\u00e1vel"
        }
    ],
    "secretarias": [
        {
            "codigo": 3399,
            "dado_codigo": 4993,
            "sigla": "SMS",
            "nome": "SECRETARIA MUNICIPAL DE SA\u00daDE"
        }
    ],
    "autarquias": [],
    "metas": [
        {
            "codigo": 4,
            "numero": 3,
            "titulo": "Sa\u00fade e Bem-Estar",
            "objetivo": "Assegurar uma vida saud\u00e1vel e promover o bem-estar para todos, em todas as idades",
            "imagem_url": "4.jpg",
            "link": "http://www.agenda2030.org.br/ods/3/"
        }
    ],
    "eixos": [
        {
            "codigo": 14,
            "descricao": "A\u00e7\u00e3o Local para a Sa\u00fade"
        }
    ],
    "valores": [
        {
            "codigo": 2173,
            "data": "2017-12-31 00:00:00",
            "valor": "94.31",
            "descricao": null
        },
        {
            "codigo": 2174,
            "data": "2013-12-31 00:00:00",
            "valor": "109.10",
            "descricao": null
        },
        {
            "codigo": 2175,
            "data": "2014-12-31 00:00:00",
            "valor": "115.30",
            "descricao": null
        },
        {
            "codigo": 2176,
            "data": "2015-12-31 00:00:00",
            "valor": "115.10",
            "descricao": null
        },
        {
            "codigo": 2177,
            "data": "2016-12-31 00:00:00",
            "valor": "100.00",
            "descricao": null
        },
        {
            "codigo": 3407,
            "data": "2018-12-31 00:00:00",
            "valor": "96.01",
            "descricao": null
        },
        {
            "codigo": 4085,
            "data": "2019-12-31 00:00:00",
            "valor": "95.04",
            "descricao": null
        },
        {
            "codigo": 4679,
            "data": "2020-12-31 00:00:00",
            "valor": "70.94",
            "descricao": null
        },
        {
            "codigo": 5757,
            "data": "2021-12-31 00:00:00",
            "valor": "69.86",
            "descricao": null
        },
        {
            "codigo": 6520,
            "data": "2022-12-31 00:00:00",
            "valor": "74.74",
            "descricao": null
        }
    ]
}