{
    "codigo": 4994,
    "nome": "N\u00famero total, em quil\u00f4metros quadrados (km\u00b2) de cobertura vegetal nativa remanescente",
    "descricao": "N\u00famero total, em quil\u00f4metros quadrados (km\u00b2) de cobertura vegetal nativa remanescente - Cidades Sustent\u00e1veis",
    "fonte": "SEMAM",
    "tipoValor": "D",
    "periodicidade": {
        "codigo": 6,
        "descricao": "Anual"
    },
    "tags": [
        {
            "codigo": 20,
            "descricao": "Santos Sustent\u00e1vel"
        }
    ],
    "secretarias": [
        {
            "codigo": 5767,
            "dado_codigo": 4994,
            "sigla": "SEMAM",
            "nome": "SECRETARIA MUNICIPAL DE MEIO AMBIENTE E BEM-ESTAR ANIMAL"
        }
    ],
    "autarquias": [],
    "metas": [
        {
            "codigo": 16,
            "numero": 15,
            "titulo": "Vida Terrestre",
            "objetivo": "Proteger, recuperar e promover o uso sustent\u00e1vel dos ecossistemas terrestres, gerir de forma sustent\u00e1vel as florestas, combater a desertifica\u00e7\u00e3o, deter e reverter a degrada\u00e7\u00e3o da terra e deter a perda",
            "imagem_url": "16.jpg",
            "link": "http://www.agenda2030.org.br/ods/15/"
        }
    ],
    "eixos": [
        {
            "codigo": 5,
            "descricao": "Bens Naturais Comuns"
        }
    ],
    "valores": [
        {
            "codigo": 2178,
            "data": "2017-12-31 00:00:00",
            "valor": "186.72",
            "descricao": null
        },
        {
            "codigo": 2179,
            "data": "2013-12-31 00:00:00",
            "valor": "0.00",
            "descricao": null
        },
        {
            "codigo": 2180,
            "data": "2014-12-31 00:00:00",
            "valor": "0.00",
            "descricao": null
        },
        {
            "codigo": 2181,
            "data": "2015-12-31 00:00:00",
            "valor": "0.00",
            "descricao": null
        },
        {
            "codigo": 2182,
            "data": "2016-12-31 00:00:00",
            "valor": "113.98",
            "descricao": null
        },
        {
            "codigo": 3482,
            "data": "2018-12-31 00:00:00",
            "valor": "187.57",
            "descricao": null
        },
        {
            "codigo": 4158,
            "data": "2019-12-31 00:00:00",
            "valor": "186.61",
            "descricao": null
        },
        {
            "codigo": 4745,
            "data": "2020-12-31 00:00:00",
            "valor": "186.61",
            "descricao": null
        },
        {
            "codigo": 5274,
            "data": "2021-12-31 00:00:00",
            "valor": "214.00",
            "descricao": null
        },
        {
            "codigo": 6152,
            "data": "2022-12-31 00:00:00",
            "valor": "214.00",
            "descricao": null
        },
        {
            "codigo": 7376,
            "data": "2023-12-31 00:00:00",
            "valor": "208.29",
            "descricao": null
        }
    ]
}