{
    "codigo": 4995,
    "nome": "N\u00famero total, em quil\u00f4metros quadrados (km\u00b2) de cobertura vegetal",
    "descricao": "N\u00famero total, em quil\u00f4metros quadrados (km\u00b2) de cobertura vegetal - Cidades Sustent\u00e1veis",
    "fonte": "SEMAM",
    "tipoValor": "D",
    "periodicidade": {
        "codigo": 6,
        "descricao": "Anual"
    },
    "tags": [
        {
            "codigo": 20,
            "descricao": "Santos Sustent\u00e1vel"
        }
    ],
    "secretarias": [
        {
            "codigo": 5767,
            "dado_codigo": 4995,
            "sigla": "SEMAM",
            "nome": "SECRETARIA MUNICIPAL DE MEIO AMBIENTE E BEM-ESTAR ANIMAL"
        }
    ],
    "autarquias": [],
    "metas": [
        {
            "codigo": 16,
            "numero": 15,
            "titulo": "Vida Terrestre",
            "objetivo": "Proteger, recuperar e promover o uso sustent\u00e1vel dos ecossistemas terrestres, gerir de forma sustent\u00e1vel as florestas, combater a desertifica\u00e7\u00e3o, deter e reverter a degrada\u00e7\u00e3o da terra e deter a perda",
            "imagem_url": "16.jpg",
            "link": "http://www.agenda2030.org.br/ods/15/"
        }
    ],
    "eixos": [
        {
            "codigo": 5,
            "descricao": "Bens Naturais Comuns"
        }
    ],
    "valores": [
        {
            "codigo": 2183,
            "data": "2015-12-31 00:00:00",
            "valor": "0.00",
            "descricao": null
        },
        {
            "codigo": 2184,
            "data": "2013-12-31 00:00:00",
            "valor": "0.00",
            "descricao": null
        },
        {
            "codigo": 2185,
            "data": "2017-12-31 00:00:00",
            "valor": "201.50",
            "descricao": null
        },
        {
            "codigo": 2186,
            "data": "2016-12-31 00:00:00",
            "valor": "201.50",
            "descricao": null
        },
        {
            "codigo": 2187,
            "data": "2014-12-31 00:00:00",
            "valor": "0.00",
            "descricao": null
        },
        {
            "codigo": 3483,
            "data": "2018-12-31 00:00:00",
            "valor": "201.50",
            "descricao": null
        },
        {
            "codigo": 4159,
            "data": "2019-12-31 00:00:00",
            "valor": "201.50",
            "descricao": null
        },
        {
            "codigo": 4746,
            "data": "2020-12-31 00:00:00",
            "valor": "206.56",
            "descricao": null
        },
        {
            "codigo": 5275,
            "data": "2021-12-31 00:00:00",
            "valor": "206.56",
            "descricao": null
        },
        {
            "codigo": 6329,
            "data": "2022-12-31 00:00:00",
            "valor": "214.00",
            "descricao": null
        },
        {
            "codigo": 7317,
            "data": "2023-12-31 00:00:00",
            "valor": "206.56",
            "descricao": null
        }
    ]
}