{
    "codigo": 4996,
    "nome": "O munic\u00edpio realizou Confer\u00eancias Municipais de Pol\u00edticas P\u00fablicas? Se sim, liste quais confer\u00eancias foram realizadas.",
    "descricao": "O munic\u00edpio realizou Confer\u00eancias Municipais de Pol\u00edticas P\u00fablicas? Se sim, liste quais confer\u00eancias foram realizadas. - Cidades Sustentaveis",
    "fonte": "SEMULHER",
    "tipoValor": "T",
    "periodicidade": {
        "codigo": 6,
        "descricao": "Anual"
    },
    "tags": [
        {
            "codigo": 1,
            "descricao": "Santos Acolhedora"
        }
    ],
    "secretarias": [
        {
            "codigo": 4095,
            "dado_codigo": 4996,
            "sigla": "SEMULHER",
            "nome": "SECRETARIA MUNICIPAL DA MULHER, DA CIDADANIA E DOS DIREITOS HUMANOS"
        }
    ],
    "autarquias": [],
    "metas": [
        {
            "codigo": 17,
            "numero": 16,
            "titulo": "Paz, Justi\u00e7a e Institui\u00e7\u00f5es Eficazes",
            "objetivo": "Promover sociedades pac\u00edficas e inclusivas para o desenvolvimento sustent\u00e1vel, proporcionar o acesso \u00e0 justi\u00e7a para todos e construir institui\u00e7\u00f5es eficazes, respons\u00e1veis e inclusivas em todos os n\u00edveis",
            "imagem_url": "17.jpg",
            "link": "http://www.agenda2030.org.br/ods/16/"
        }
    ],
    "eixos": [
        {
            "codigo": 4,
            "descricao": "Governan\u00e7a"
        }
    ],
    "valores": [
        {
            "codigo": 2188,
            "data": "2013-12-31 00:00:00",
            "valor": "0.00",
            "descricao": "4\u00aa Confer\u00eancia Municipal de Prote\u00e7\u00e3o e Bem estar animal; 9\u00aa Confer\u00eancia Municipal de Habita\u00e7\u00e3o; 5\u00aa Confer\u00eancia Municipal da Cidade, na Unisanta, aberta ao p\u00fablico. IV Confer\u00eancia Municipal do Meio Ambiente, audit\u00f3rio CPFL, aberto ao debate p\u00fablico; VIII Confer\u00eancia Municipal do Idoso - 13 de novembro na Unisantos, todas aberta ao p\u00fablico."
        },
        {
            "codigo": 2189,
            "data": "2014-12-31 00:00:00",
            "valor": "0.00",
            "descricao": "VIII Confer\u00eancia Municipal sobre Drogas - 30 e 31 de maio; aberta ao p\u00fablico."
        },
        {
            "codigo": 2190,
            "data": "2015-12-31 00:00:00",
            "valor": "0.00",
            "descricao": "I-Confer\u00eancia Municipal de Seguran\u00e7a Alimentar e Nutricional - 25 de junho; Audit\u00f3rio do Pr\u00e9dio do Banco do Brasil, aberto ao p\u00fablico; III Confer\u00eancia Municipal dos Direitos da Mulher - 05 de agosto; III Confer\u00eancia Municipal de Juventude - 19 de setembro; IX Confer\u00eancia Municipal do Idoso - 16 e 17 de junho; audit\u00f3rio Unilus, aberta ao p\u00fablico ; X Confer\u00eancia Municipal dos Direitos da Crian\u00e7a e do Adolescente - 10 de abril; aberta ao p\u00fablico"
        },
        {
            "codigo": 2191,
            "data": "2016-12-31 00:00:00",
            "valor": "0.00",
            "descricao": "Sim. IX Confer\u00eancia Municipal sobre drogas, em 19 de novembro de 2016, realizada pelo Conselho Municipal de Pol\u00edticas sobre Drogas (Comad) aberta para participa\u00e7\u00e3o do p\u00fablico em uma universidade."
        },
        {
            "codigo": 2192,
            "data": "2017-12-31 00:00:00",
            "valor": "1.00",
            "descricao": "IV Confer\u00eancia Municipal de Politicas de Promo\u00e7\u00e3o da Igualdade Racial."
        },
        {
            "codigo": 3551,
            "data": "2018-12-31 00:00:00",
            "valor": null,
            "descricao": "CMDCA - Confer\u00eancia Municipal pelo Direitos de Crian\u00e7as e Adolescentes. COMAD - Conferencia Municipal Anti-Drogas e Redu\u00e7\u00e3o de  Danos. Forum Metropolitano de Direitos Humanos. Conferencia Municipal pela Primeirissima Inf\u00e2ncia"
        },
        {
            "codigo": 4488,
            "data": "2019-12-31 00:00:00",
            "valor": null,
            "descricao": "COMSEA - I CONFER\u00caNCIA MUNICIPAL DE SEGURAN\u00c7A ALIMENTAR E NUTRICIONAL DE SANTOS, a ser realizada no dia 24 de agosto de 2019 (s\u00e1bado), das 09h \u00e0s 16\n\nTema: n\u00e3o localizei no documento publicado\n\nEixo 1: Acesso a Alimenta\u00e7\u00e3o;\n\nEixo 2: Produ\u00e7\u00e3o e abastecimento de Alimenta\u00e7\u00e3o;\n\nEixo 3: Sa\u00fade e Nutri\u00e7\u00e3o;\n\nEixo 4: Governan\u00e7a no SISAN\n\n\nCMAS - XIII Confer\u00eancia Municipal de Assist\u00eancia Social, a ser realizada nos dias 27 e 28 de setembro de 2019, no Centro\n\nTEMA \u201cASSIST\u00caNCIA SOCIAL: DIREITO DO POVO COM FINANCIAMENTO P\u00daBLICO E PARTICIPA\u00c7\u00c3O SOCIAL\u201d\n\n\nCONDEFI - VIII Confer\u00eancia Municipal dos Direitos das Pessoas com Defici\u00eancia, a\n\nrealizar-se no dia 18 de outubro de 2019.\n\nTema: n\u00e3o localizei no documento publicado\n\nEixo 1: n\u00e3o localizei no documento publicado\n\n \n\nCMI - X Confer\u00eancia Municipal da Pessoa Idosa realizada em 21 de mar\u00e7o de 2019;\n\nTEMA:  \u201cDesafios de Envelhecer no S\u00e9culo XXI e o Papel das Pol\u00edticas P\u00fablicas\u201d\n\n \n\nCMH - 12\u00aa CONFER\u00caNCIA MUNICIPAL DE HABITA\u00c7\u00c3O DE SANTOS \u201320-12- 2019\n\nTEMA: - O FUTURO DA HABITA\u00c7\u00c3O SOCIAL\n\nSUBTEMAS: - PARCERIAS P\u00daBLICO - PRIVADAS - LOCA\u00c7\u00c3O SOCIAL - SUSTENTABILIDADE\n\n \n\nCOMMULHER - 4\u00aa CONFER\u00caNCIA MUNICIPAL DOS DIREITOS DA MULHER\n\nTEMA central da 4\u00aa Confer\u00eancia Municipal ser\u00e1 \u201cGarantias e Avan\u00e7os de Direitos das Mulheres: Democracia, Respeito, Diversidade e Autonomia\u201d\n\n\nCMSS - 16\u00aa CONFER\u00caNCIA NACIONAL DE SA\u00daDE\n\nTEMA: \u201cDEMOCRACIA E SA\u00daDE: SA\u00daDE COMO DIREITO E CONSOLIDA\u00c7\u00c3O E FINANCIAMENTO DO SUS\u201d\n\n\nCONCULT - X Confer\u00eancia Municipal de Cultura.\n\nTEMA:  \u201cPol\u00edticas P\u00fablicas Culturais e Liberdade Art\u00edstica\u201d."
        },
        {
            "codigo": 5109,
            "data": "2020-12-30 00:00:00",
            "valor": null,
            "descricao": "No ano de 2020, n\u00e3o foi realizada nenhuma confer\u00eancia municipal, tamb\u00e9m em virtude do per\u00edodo agudo  de pandemia, do Coronav\u00edrus, que o mundo estava enfrentando."
        },
        {
            "codigo": 5938,
            "data": "2021-12-31 00:00:00",
            "valor": null,
            "descricao": "CMAS - XIV Confer\u00eancia Municipal de Assist\u00eancia Social, realizada no dia 27 de agosto de 2021, no Centro TEMA \u201cASSIST\u00caNCIA SOCIAL: DIREITO DO POVO E DEVER DO ESTADO, COM FINANCIAMENTO P\u00daBLICO, PARA ENFRENTAR AS DESIGUALDADES E GARANTIR PROTE\u00c7\u00c3O SOCIAL\"\nCOMAD - XI Confer\u00eancia Municipal sobre Drogas, realizada no dia 21 de fevereiro de 2021,  no Centro TEMA \"PRIORIDADES PARA O PLANO PLURIANUAL       \""
        },
        {
            "codigo": 6772,
            "data": "2022-12-31 00:00:00",
            "valor": null,
            "descricao": "Sim. VI Confer\u00eancia dos Direitos da Crian\u00e7a e do Adolescente da Regi\u00e3o Metropolitana da Baixada Santista.\nhttps://www.santos.sp.gov.br/noticia/direitos-da-crian\u00e7a-e-do-adolescente-na-baixada-santista-s\u00e3o-discutidos-em-conferencia-em-santos."
        }
    ]
}