{
    "codigo": 4997,
    "nome": "Os Conselhos Municipais de Pol\u00edticas P\u00fablicas t\u00eam paridade de g\u00eanero em seu estatuto, regimento ou lei/decreto? Em quais Conselhos?",
    "descricao": "Os Conselhos Municipais de Pol\u00edticas P\u00fablicas t\u00eam paridade de g\u00eanero em seu estatuto, regimento ou lei/decreto? Em quais Conselhos? - Cidades Sustentaveis",
    "fonte": "SEMULHER",
    "tipoValor": "T",
    "periodicidade": {
        "codigo": 6,
        "descricao": "Anual"
    },
    "tags": [
        {
            "codigo": 1,
            "descricao": "Santos Acolhedora"
        }
    ],
    "secretarias": [
        {
            "codigo": 4095,
            "dado_codigo": 4997,
            "sigla": "SEMULHER",
            "nome": "SECRETARIA MUNICIPAL DA MULHER, DA CIDADANIA E DOS DIREITOS HUMANOS"
        }
    ],
    "autarquias": [],
    "metas": [
        {
            "codigo": 17,
            "numero": 16,
            "titulo": "Paz, Justi\u00e7a e Institui\u00e7\u00f5es Eficazes",
            "objetivo": "Promover sociedades pac\u00edficas e inclusivas para o desenvolvimento sustent\u00e1vel, proporcionar o acesso \u00e0 justi\u00e7a para todos e construir institui\u00e7\u00f5es eficazes, respons\u00e1veis e inclusivas em todos os n\u00edveis",
            "imagem_url": "17.jpg",
            "link": "http://www.agenda2030.org.br/ods/16/"
        }
    ],
    "eixos": [
        {
            "codigo": 4,
            "descricao": "Governan\u00e7a"
        }
    ],
    "valores": [
        {
            "codigo": 2193,
            "data": "2017-12-31 00:00:00",
            "valor": "0.00",
            "descricao": "N\u00e3o h\u00e1 paridade de g\u00eanero em nenhum estatuto, regimento, lei/decreto de qualquer Conselho Municipal."
        },
        {
            "codigo": 2194,
            "data": "2013-12-31 00:00:00",
            "valor": "0.00",
            "descricao": "N\u00e3o. Nenhum."
        },
        {
            "codigo": 2195,
            "data": "2014-12-31 00:00:00",
            "valor": "0.00",
            "descricao": "N\u00e3o. Nenhum."
        },
        {
            "codigo": 2196,
            "data": "2015-12-31 00:00:00",
            "valor": "0.00",
            "descricao": "N\u00e3o. Nenhum."
        },
        {
            "codigo": 2197,
            "data": "2016-12-31 00:00:00",
            "valor": "0.00",
            "descricao": "N\u00e3o h\u00e1 paridade de g\u00eanero em nenhum estatuto, regimento ou lei/decreto de qualquer Conselho Municipal."
        },
        {
            "codigo": 3552,
            "data": "2018-12-31 00:00:00",
            "valor": null,
            "descricao": "N\u00e3o h\u00e1 paridade de g\u00eanero em nenhum estatuto, regimento, lei/decreto de qualquer Conselho Municipal."
        },
        {
            "codigo": 4487,
            "data": "2019-12-31 00:00:00",
            "valor": null,
            "descricao": "N\u00e3o h\u00e1 paridade de g\u00eanero em nenhum estatuto, regimento, lei/decreto de qualquer Conselho Municipal."
        },
        {
            "codigo": 4935,
            "data": "2020-12-30 00:00:00",
            "valor": null,
            "descricao": "N\u00e3o h\u00e1 paridade de g\u00eanero em nenhum estatuto, regimento, lei/decreto de qualquer Conselho Municipal."
        },
        {
            "codigo": 5900,
            "data": "2021-12-31 00:00:00",
            "valor": null,
            "descricao": "A Lei Org\u00e2nica do Mun\u00edcipio de Santos, no Art. 247, \u00a7 2\u00ba, disciplina a inclus\u00e3o dos Conselhos Municipais que contem a participa\u00e7\u00e3o comunit\u00e1ria, de representantes dos grupos ou organiza\u00e7\u00f5es de mulheres."
        },
        {
            "codigo": 6744,
            "data": "2022-12-31 00:00:00",
            "valor": null,
            "descricao": "N\u00e3o h\u00e1 no  estatuto, regimento de Conselhos, nenhum artigo que verse sobre paridade de g\u00eanero, nem   lei ou decreto que trate   do assunto."
        }
    ]
}