{
    "codigo": 4998,
    "nome": "Existe no munic\u00edpio um conselho municipal de cultura e patrim\u00f4nio hist\u00f3rico?",
    "descricao": "Existe no munic\u00edpio um conselho municipal de cultura e patrim\u00f4nio hist\u00f3rico? - Cidades Sustentaveis",
    "fonte": "SEMULHER",
    "tipoValor": "T",
    "periodicidade": {
        "codigo": 6,
        "descricao": "Anual"
    },
    "tags": [
        {
            "codigo": 1,
            "descricao": "Santos Acolhedora"
        }
    ],
    "secretarias": [
        {
            "codigo": 4095,
            "dado_codigo": 4998,
            "sigla": "SEMULHER",
            "nome": "SECRETARIA MUNICIPAL DA MULHER, DA CIDADANIA E DOS DIREITOS HUMANOS"
        }
    ],
    "autarquias": [],
    "metas": [
        {
            "codigo": 12,
            "numero": 11,
            "titulo": "Cidades e Comunidades Sustent\u00e1veis",
            "objetivo": "Tornar as cidades e os assentamentos humanos inclusivos, seguros, resilientes e sustent\u00e1veis",
            "imagem_url": "12.jpg",
            "link": "http://www.agenda2030.org.br/ods/11/"
        }
    ],
    "eixos": [
        {
            "codigo": 9,
            "descricao": "Cultura para a Sustentabilidade"
        }
    ],
    "valores": [
        {
            "codigo": 2198,
            "data": "2017-12-31 00:00:00",
            "valor": "2.00",
            "descricao": "CONCULT - Conselho Municipal de Cultura, Lei Municipal n.1367 de 13 dez/94 e CONDEPASA - Conselho de Defesa do Patrim\u00f4nio Cultural de Santos, Lei Municipal n. 753,de 20 jun./91."
        },
        {
            "codigo": 2199,
            "data": "2014-12-31 00:00:00",
            "valor": "0.00",
            "descricao": "Sim. Existe 2 (dois) conselhos. 1. Concult - Conselho Municipal de Cultura \u2013 criado pela Lei Municipal n.1367, de 13 dezembro 1994; 2. Condepasa \u2013 Conselho de Defesa do Patrim\u00f4nio Cultural de Santos \u2013 criado pela Lei Municipal n.753, de 20 de junho de 1991."
        },
        {
            "codigo": 2200,
            "data": "2015-12-31 00:00:00",
            "valor": "0.00",
            "descricao": "Sim. Existe 2 (dois) conselhos. 1. Concult - Conselho Municipal de Cultura \u2013 criado pela Lei Municipal n.1367, de 13 dezembro 1994; 2. Condepasa \u2013 Conselho de Defesa do Patrim\u00f4nio Cultural de Santos \u2013 criado pela Lei Municipal n.753, de 20 de junho de 1991."
        },
        {
            "codigo": 2201,
            "data": "2016-12-31 00:00:00",
            "valor": "2.00",
            "descricao": "CONCULT - Conselho Municipal de Cultura, Lei Municipal n.1367 de 13 dez/94 e CONDEPASA - Conselho de Defesa do Patrim\u00f4nio Cultural de Santos, Lei Municipal n. 753,de 20 jun./91."
        },
        {
            "codigo": 2202,
            "data": "2013-12-31 00:00:00",
            "valor": "0.00",
            "descricao": "Sim. Existe 2 (dois) conselhos. 1. Concult - Conselho Municipal de Cultura \u2013 criado pela Lei Municipal n.1367, de 13 dezembro 1994; 2. Condepasa \u2013 Conselho de Defesa do Patrim\u00f4nio Cultural de Santos \u2013 criado pela Lei Municipal n.753, de 20 de junho de 1991."
        },
        {
            "codigo": 3553,
            "data": "2018-12-31 00:00:00",
            "valor": null,
            "descricao": "CONCULT - Conselho Municipal de Cultura, Lei Municipal n.1367 de 13 dez/94 e CONDEPASA - Conselho de Defesa do Patrim\u00f4nio Cultural de Santos, Lei Municipal n. 753,de 20 jun./91"
        },
        {
            "codigo": 3554,
            "data": "2018-12-31 00:00:00",
            "valor": null,
            "descricao": "CONCULT - Conselho Municipal de Cultura, Lei Municipal n.1367 de 13 dez/94 e CONDEPASA - Conselho de Defesa do Patrim\u00f4nio Cultural de Santos, Lei Municipal n. 753,de 20 jun./91"
        },
        {
            "codigo": 4452,
            "data": "2019-12-31 00:00:00",
            "valor": null,
            "descricao": "CONCULT - Conselho Municipal de Cultura, Lei Municipal n.1367 de 13 dez/94 e CONDEPASA - Conselho de Defesa do Patrim\u00f4nio Cultural de Santos, Lei Municipal n. 753,de 20 jun./91"
        },
        {
            "codigo": 4938,
            "data": "2020-12-30 00:00:00",
            "valor": null,
            "descricao": "Sim, existe. \nConselho Municipal de Cultura - CONCULT . Criado pela Lei Municipal 1367, de 13 de dezembro de 1994.\nConselho de Defesa do Patrim\u00f4nio Cultural de Santos - CONDEPASA. Criado pela Lei Municipal 753, de 20 de junho de 1991"
        },
        {
            "codigo": 5895,
            "data": "2021-12-31 00:00:00",
            "valor": null,
            "descricao": "CONCULT - Conselho Municipal de Cultura, Lei Municipal n.1367 de 13 dez/94 e CONDEPASA - Conselho de Defesa do Patrim\u00f4nio Cultural de Santos, Lei Municipal n. 753,de 20 jun./91"
        },
        {
            "codigo": 6731,
            "data": "2022-12-31 00:00:00",
            "valor": null,
            "descricao": "Sim, existe, e s\u00e3o conselhos distintos. Conselho Municipal de Cultura - CONCULT . Criado pela Lei Municipal 1367, de 13 de dezembro de 1994. Conselho de Defesa do Patrim\u00f4nio Cultural de Santos - CONDEPASA. Criado pela Lei Municipal 753, de 20 de junho de 1991"
        }
    ]
}