{
    "codigo": 5000,
    "nome": "N\u00famero de agricultores familiares (culturas e pecu\u00e1ria)",
    "descricao": "N\u00famero de agricultores familiares (culturas e pecu\u00e1ria) - Cidades Sustentaveis",
    "fonte": "SEMAM",
    "tipoValor": "I",
    "periodicidade": {
        "codigo": 6,
        "descricao": "Anual"
    },
    "tags": [
        {
            "codigo": 17,
            "descricao": "Santos Saud\u00e1vel"
        }
    ],
    "secretarias": [
        {
            "codigo": 5767,
            "dado_codigo": 5000,
            "sigla": "SEMAM",
            "nome": "SECRETARIA MUNICIPAL DE MEIO AMBIENTE E BEM-ESTAR ANIMAL"
        }
    ],
    "autarquias": [],
    "metas": [
        {
            "codigo": 3,
            "numero": 2,
            "titulo": "Fome Zero e Agricultura Sustent\u00e1vel",
            "objetivo": "Acabar com a fome, alcan\u00e7ar a seguran\u00e7a alimentar e melhoria da nutri\u00e7\u00e3o e promover a agricultura sustent\u00e1vel",
            "imagem_url": "3.jpg",
            "link": "http://www.agenda2030.org.br/ods/2/"
        }
    ],
    "eixos": [
        {
            "codigo": 11,
            "descricao": "Economia Local, Din\u00e2mica, Criativa e Sustent\u00e1vel"
        }
    ],
    "valores": [
        {
            "codigo": 2207,
            "data": "2015-12-31 00:00:00",
            "valor": "0.00",
            "descricao": null
        },
        {
            "codigo": 2208,
            "data": "2013-12-31 00:00:00",
            "valor": "0.00",
            "descricao": null
        },
        {
            "codigo": 2209,
            "data": "2016-12-31 00:00:00",
            "valor": "22.00",
            "descricao": null
        },
        {
            "codigo": 2210,
            "data": "2017-12-31 00:00:00",
            "valor": "22.00",
            "descricao": null
        },
        {
            "codigo": 2211,
            "data": "2014-12-31 00:00:00",
            "valor": "0.00",
            "descricao": null
        },
        {
            "codigo": 3484,
            "data": "2018-12-31 00:00:00",
            "valor": "22.00",
            "descricao": null
        },
        {
            "codigo": 4160,
            "data": "2019-12-31 00:00:00",
            "valor": "15.00",
            "descricao": null
        },
        {
            "codigo": 4747,
            "data": "2020-12-31 00:00:00",
            "valor": "15.00",
            "descricao": null
        },
        {
            "codigo": 5276,
            "data": "2021-12-31 00:00:00",
            "valor": "15.00",
            "descricao": null
        },
        {
            "codigo": 6299,
            "data": "2022-12-31 00:00:00",
            "valor": "15.00",
            "descricao": null
        },
        {
            "codigo": 7316,
            "data": "2023-12-31 00:00:00",
            "valor": "15.00",
            "descricao": null
        }
    ]
}