{
    "codigo": 5002,
    "nome": "Percentual de participa\u00e7\u00e3o da ind\u00fastria no Produto Interno Bruto (PIB) municipal",
    "descricao": "Percentual de participa\u00e7\u00e3o da ind\u00fastria no Produto Interno Bruto (PIB) municipal - Cidades Sustentaveis",
    "fonte": "SEPORTE",
    "tipoValor": "D",
    "periodicidade": {
        "codigo": 6,
        "descricao": "Anual"
    },
    "tags": [
        {
            "codigo": 4,
            "descricao": "Santos Eficiente"
        }
    ],
    "secretarias": [
        {
            "codigo": 5939,
            "dado_codigo": 5002,
            "sigla": "SEPORTE",
            "nome": "SECRETARIA MUNICIPAL DE ASSUNTOS PORTU\u00c1RIOS E EMPREGO"
        }
    ],
    "autarquias": [],
    "metas": [
        {
            "codigo": 10,
            "numero": 9,
            "titulo": "Ind\u00fastria, Inova\u00e7\u00e3o e Infraestrutura",
            "objetivo": "Construir infraestruturas resilientes, promover a industrializa\u00e7\u00e3o inclusiva e sustent\u00e1vel e fomentar a inova\u00e7\u00e3o",
            "imagem_url": "10.jpg",
            "link": "http://www.agenda2030.org.br/ods/9/"
        }
    ],
    "eixos": [
        {
            "codigo": 11,
            "descricao": "Economia Local, Din\u00e2mica, Criativa e Sustent\u00e1vel"
        }
    ],
    "valores": [
        {
            "codigo": 2217,
            "data": "2014-12-31 00:00:00",
            "valor": "8.50",
            "descricao": null
        },
        {
            "codigo": 2218,
            "data": "2017-12-31 00:00:00",
            "valor": "8.50",
            "descricao": null
        },
        {
            "codigo": 2219,
            "data": "2016-12-31 00:00:00",
            "valor": "8.50",
            "descricao": null
        },
        {
            "codigo": 2220,
            "data": "2015-12-31 00:00:00",
            "valor": "8.50",
            "descricao": null
        },
        {
            "codigo": 2221,
            "data": "2013-12-31 00:00:00",
            "valor": "8.50",
            "descricao": null
        },
        {
            "codigo": 3851,
            "data": "2018-12-31 00:00:00",
            "valor": "8.50",
            "descricao": null
        },
        {
            "codigo": 4310,
            "data": "2019-12-31 00:00:00",
            "valor": "8.50",
            "descricao": null
        },
        {
            "codigo": 6796,
            "data": "2022-12-31 00:00:00",
            "valor": "9.20",
            "descricao": null
        }
    ]
}