{
    "codigo": 5004,
    "nome": "Existe no munic\u00edpio a Controladoria Geral do Munic\u00edpio?",
    "descricao": "Existe no munic\u00edpio a Controladoria Geral do Munic\u00edpio? - Cidades Sustentaveis",
    "fonte": "OTC",
    "tipoValor": "T",
    "periodicidade": {
        "codigo": 6,
        "descricao": "Anual"
    },
    "tags": [
        {
            "codigo": 18,
            "descricao": "Santos Transparente"
        }
    ],
    "secretarias": [
        {
            "codigo": 2833,
            "dado_codigo": 5004,
            "sigla": "OTC",
            "nome": "OUVIDORIA, TRANSPAR\u00caNCIA E CONTROLE"
        }
    ],
    "autarquias": [],
    "metas": [
        {
            "codigo": 17,
            "numero": 16,
            "titulo": "Paz, Justi\u00e7a e Institui\u00e7\u00f5es Eficazes",
            "objetivo": "Promover sociedades pac\u00edficas e inclusivas para o desenvolvimento sustent\u00e1vel, proporcionar o acesso \u00e0 justi\u00e7a para todos e construir institui\u00e7\u00f5es eficazes, respons\u00e1veis e inclusivas em todos os n\u00edveis",
            "imagem_url": "17.jpg",
            "link": "http://www.agenda2030.org.br/ods/16/"
        }
    ],
    "eixos": [
        {
            "codigo": 7,
            "descricao": "Gest\u00e3o Local para a Sustentabilidade"
        }
    ],
    "valores": [
        {
            "codigo": 2226,
            "data": "2015-12-31 00:00:00",
            "valor": "0.00",
            "descricao": "Sim."
        },
        {
            "codigo": 2227,
            "data": "2016-12-31 00:00:00",
            "valor": "0.00",
            "descricao": "Sim."
        },
        {
            "codigo": 2228,
            "data": "2014-12-31 00:00:00",
            "valor": "0.00",
            "descricao": "Sim."
        },
        {
            "codigo": 2229,
            "data": "2013-12-31 00:00:00",
            "valor": "0.00",
            "descricao": "Sim."
        },
        {
            "codigo": 2230,
            "data": "2017-12-31 00:00:00",
            "valor": "0.00",
            "descricao": "Sim."
        },
        {
            "codigo": 3363,
            "data": "2018-12-31 00:00:00",
            "valor": null,
            "descricao": "Sim."
        },
        {
            "codigo": 4232,
            "data": "2019-12-31 00:00:00",
            "valor": null,
            "descricao": "sim"
        },
        {
            "codigo": 4729,
            "data": "2020-12-31 00:00:00",
            "valor": null,
            "descricao": "Sim"
        },
        {
            "codigo": 6010,
            "data": "2021-12-31 00:00:00",
            "valor": null,
            "descricao": "Sim."
        },
        {
            "codigo": 6635,
            "data": "2022-12-31 00:00:00",
            "valor": null,
            "descricao": "Sim"
        }
    ]
}