{
    "codigo": 5008,
    "nome": "O munic\u00edpio disponibiliza os dados p\u00fablicos em formatos abertos (xml, csv, json)?",
    "descricao": "O munic\u00edpio disponibiliza os dados p\u00fablicos em formatos abertos (xml, csv, json)? - Cidades Sustentaveis",
    "fonte": "OTC",
    "tipoValor": "T",
    "periodicidade": {
        "codigo": 6,
        "descricao": "Anual"
    },
    "tags": [
        {
            "codigo": 18,
            "descricao": "Santos Transparente"
        }
    ],
    "secretarias": [
        {
            "codigo": 2833,
            "dado_codigo": 5008,
            "sigla": "OTC",
            "nome": "OUVIDORIA, TRANSPAR\u00caNCIA E CONTROLE"
        }
    ],
    "autarquias": [],
    "metas": [
        {
            "codigo": 17,
            "numero": 16,
            "titulo": "Paz, Justi\u00e7a e Institui\u00e7\u00f5es Eficazes",
            "objetivo": "Promover sociedades pac\u00edficas e inclusivas para o desenvolvimento sustent\u00e1vel, proporcionar o acesso \u00e0 justi\u00e7a para todos e construir institui\u00e7\u00f5es eficazes, respons\u00e1veis e inclusivas em todos os n\u00edveis",
            "imagem_url": "17.jpg",
            "link": "http://www.agenda2030.org.br/ods/16/"
        }
    ],
    "eixos": [
        {
            "codigo": 4,
            "descricao": "Governan\u00e7a"
        }
    ],
    "valores": [
        {
            "codigo": 2246,
            "data": "2016-12-31 00:00:00",
            "valor": "0.00",
            "descricao": "Sim."
        },
        {
            "codigo": 2247,
            "data": "2013-12-31 00:00:00",
            "valor": "0.00",
            "descricao": "Sim."
        },
        {
            "codigo": 2248,
            "data": "2014-12-31 00:00:00",
            "valor": "0.00",
            "descricao": "Sim."
        },
        {
            "codigo": 2249,
            "data": "2015-12-31 00:00:00",
            "valor": "0.00",
            "descricao": "Sim."
        },
        {
            "codigo": 2250,
            "data": "2017-12-31 00:00:00",
            "valor": "0.00",
            "descricao": "Sim. Disponibiliza os dados p\u00fablicos nos formatos csv, odt, pdf, rtf e xls."
        },
        {
            "codigo": 3398,
            "data": "2018-12-31 00:00:00",
            "valor": null,
            "descricao": "Sim. Disponibiliza os dados p\u00fablicos nos formatos csv, odt, pdf, rtf e xls."
        },
        {
            "codigo": 4518,
            "data": "2019-12-31 00:00:00",
            "valor": null,
            "descricao": "Sim. Disponibiliza os dados p\u00fablicos nos formatos csv, odt, pdf, rtf e xls."
        },
        {
            "codigo": 4726,
            "data": "2020-12-31 00:00:00",
            "valor": null,
            "descricao": "Sim. Disponibiliza os dados p\u00fablicos nos formatos csv, odt, pdf, rtf e xls."
        },
        {
            "codigo": 6015,
            "data": "2021-12-31 00:00:00",
            "valor": null,
            "descricao": "Sim. Disponibiliza alguns dados p\u00fablicos, por meio do Portal da Transpar\u00eancia em, pelo menos, um dos formatos (xml, csv, json)."
        },
        {
            "codigo": 6715,
            "data": "2022-12-31 00:00:00",
            "valor": null,
            "descricao": "Sim. Disponibiliza alguns dados p\u00fablicos, por meio do Portal da Transpar\u00eancia em, pelo menos, um dos formatos (xml, csv, json)."
        }
    ]
}