{
    "codigo": 5009,
    "nome": "Valor do d\u00e9ficit habitacional no munic\u00edpio",
    "descricao": "Valor do d\u00e9ficit habitacional no munic\u00edpio - Cidades Sustentaveis",
    "fonte": "Cohab",
    "tipoValor": "I",
    "periodicidade": {
        "codigo": 6,
        "descricao": "Anual"
    },
    "tags": [
        {
            "codigo": 1,
            "descricao": "Santos Acolhedora"
        }
    ],
    "secretarias": [],
    "autarquias": [
        {
            "codigo": 823,
            "dado_codigo": 5009,
            "sigla": "COHAB",
            "nome": "SE\u00c7\u00c3O ADMINISTRATIVA - COHAB"
        }
    ],
    "metas": [
        {
            "codigo": 12,
            "numero": 11,
            "titulo": "Cidades e Comunidades Sustent\u00e1veis",
            "objetivo": "Tornar as cidades e os assentamentos humanos inclusivos, seguros, resilientes e sustent\u00e1veis",
            "imagem_url": "12.jpg",
            "link": "http://www.agenda2030.org.br/ods/11/"
        }
    ],
    "eixos": [
        {
            "codigo": 8,
            "descricao": "Planejamento e Desenho Urbano"
        }
    ],
    "valores": [
        {
            "codigo": 2251,
            "data": "2016-12-31 00:00:00",
            "valor": "10767.00",
            "descricao": null
        },
        {
            "codigo": 2252,
            "data": "2017-12-31 00:00:00",
            "valor": "10767.00",
            "descricao": null
        },
        {
            "codigo": 2253,
            "data": "2014-12-31 00:00:00",
            "valor": "0.00",
            "descricao": null
        },
        {
            "codigo": 2254,
            "data": "2013-12-31 00:00:00",
            "valor": "0.00",
            "descricao": null
        },
        {
            "codigo": 2255,
            "data": "2015-12-31 00:00:00",
            "valor": "0.00",
            "descricao": null
        },
        {
            "codigo": 3814,
            "data": "2019-09-11 00:00:00",
            "valor": "10767.00",
            "descricao": null
        },
        {
            "codigo": 4025,
            "data": "2020-03-10 00:00:00",
            "valor": "10767.00",
            "descricao": null
        },
        {
            "codigo": 5948,
            "data": "2021-12-31 00:00:00",
            "valor": "10767.00",
            "descricao": null
        },
        {
            "codigo": 6734,
            "data": "2022-12-31 00:00:00",
            "valor": "10767.00",
            "descricao": null
        }
    ]
}