{
    "codigo": 5012,
    "nome": "A prefeitura divulga indicadores de sustentabilidade com informa\u00e7\u00f5es de interesse tur\u00edstico? Quais?",
    "descricao": "A prefeitura divulga indicadores de sustentabilidade com informa\u00e7\u00f5es de interesse tur\u00edstico? Quais? - Cidades Sustent\u00e1veis",
    "fonte": "CETESB",
    "tipoValor": "T",
    "periodicidade": {
        "codigo": 6,
        "descricao": "Anual"
    },
    "tags": [
        {
            "codigo": 20,
            "descricao": "Santos Sustent\u00e1vel"
        }
    ],
    "secretarias": [
        {
            "codigo": 5767,
            "dado_codigo": 5012,
            "sigla": "SEMAM",
            "nome": "SECRETARIA MUNICIPAL DE MEIO AMBIENTE E BEM-ESTAR ANIMAL"
        }
    ],
    "autarquias": [],
    "metas": [
        {
            "codigo": 7,
            "numero": 6,
            "titulo": "\u00c1gua Pot\u00e1vel e Saneamento",
            "objetivo": "Assegurar a disponibilidade e a gest\u00e3o sustent\u00e1vel da \u00e1gua e saneamento para todos",
            "imagem_url": "7.jpg",
            "link": "http://www.agenda2030.org.br/ods/6/"
        },
        {
            "codigo": 9,
            "numero": 8,
            "titulo": "Trabalho Decente e Crescimento Econ\u00f4mico",
            "objetivo": "Promover o crescimento econ\u00f4mico sustentado, inclusivo e sustent\u00e1vel, o emprego pleno e produtivo e o trabalho decente para todos",
            "imagem_url": "9.jpg",
            "link": "http://www.agenda2030.org.br/ods/8/"
        },
        {
            "codigo": 15,
            "numero": 14,
            "titulo": "Vida na \u00c1gua",
            "objetivo": "Conservar e promover o uso sustent\u00e1vel dos oceanos, dos mares e dos recursos marinhos para o desenvolvimento sustent\u00e1vel",
            "imagem_url": "15.jpg",
            "link": "http://www.agenda2030.org.br/ods/14/"
        },
        {
            "codigo": 16,
            "numero": 15,
            "titulo": "Vida Terrestre",
            "objetivo": "Proteger, recuperar e promover o uso sustent\u00e1vel dos ecossistemas terrestres, gerir de forma sustent\u00e1vel as florestas, combater a desertifica\u00e7\u00e3o, deter e reverter a degrada\u00e7\u00e3o da terra e deter a perda",
            "imagem_url": "16.jpg",
            "link": "http://www.agenda2030.org.br/ods/15/"
        },
        {
            "codigo": 18,
            "numero": 17,
            "titulo": "Parcerias e Meios de Implementa\u00e7\u00e3o",
            "objetivo": "Fortalecer os meios de implementa\u00e7\u00e3o e revitalizar a parceria global para o desenvolvimento sustent\u00e1vel",
            "imagem_url": "18.jpg",
            "link": "http://www.agenda2030.org.br/ods/17/"
        }
    ],
    "eixos": [
        {
            "codigo": 11,
            "descricao": "Economia Local, Din\u00e2mica, Criativa e Sustent\u00e1vel"
        }
    ],
    "valores": [
        {
            "codigo": 2266,
            "data": "2013-12-31 00:00:00",
            "valor": "0.00",
            "descricao": "Sim. Os indicadores de Balneabilidade das praias s\u00e3o divulgados atrav\u00e9s do site do Munic\u00edpio e do site da CETESB."
        },
        {
            "codigo": 2267,
            "data": "2014-12-31 00:00:00",
            "valor": "0.00",
            "descricao": "Sim. Os indicadores de Balneabilidade das praias s\u00e3o divulgados atrav\u00e9s do site do Munic\u00edpio e do site da CETESB."
        },
        {
            "codigo": 2268,
            "data": "2016-12-31 00:00:00",
            "valor": "0.00",
            "descricao": "Sim. Os indicadores de Balneabilidade das praias s\u00e3o divulgados atrav\u00e9s do site do Munic\u00edpio e do site da CETESB."
        },
        {
            "codigo": 2269,
            "data": "2017-12-31 00:00:00",
            "valor": "0.00",
            "descricao": "Sim. Os indicadores de Balneabilidade das Praias de Santos e litoral paulista em 2017 foram divulgadas no site da Companhia Ambiental do Estado de S\u00e3o Paulo \u2013 CETESB, que elaborou. As informa\u00e7\u00f5es tamb\u00e9m constam no Relat\u00f3rio de Qualidade das Praias Litor\u00e2neas do Estado de S\u00e3o Paulo 2017, realizado pela CETESB. Fonte: CETESB (S\u00e3o Paulo). Secretaria de Meio Ambiente. Companhia Ambiental do Estado de S\u00e3o Paulo. Relat\u00f3rio de Qualidade das Praias Litor\u00e2neas do Estado de S\u00e3o Paulo 2017. S\u00e3o Paulo: SMA/CETESB, 2018. Dispon\u00edvel em: https://cetesb.sp.gov.br/praias/wp-content/uploads/sites/31/2018/06/Relat%C3%B3rio-de-Qualidade-das-Paraias-Litor%C3%A2neas-do-Estado-de-S%C3%A3o-Paulo-2017.pdf. Acesso em: 29 de agosto de 2018."
        },
        {
            "codigo": 2270,
            "data": "2015-12-31 00:00:00",
            "valor": "0.00",
            "descricao": "Sim. Os indicadores de Balneabilidade das praias s\u00e3o divulgados atrav\u00e9s do site do Munic\u00edpio e do site da CETESB."
        },
        {
            "codigo": 3486,
            "data": "2018-12-31 00:00:00",
            "valor": null,
            "descricao": "Sim. Os indicadores de Balneabilidade das Praias de Santos e litoral paulista em 2018 foram divulgadas no site da Companhia Ambiental do Estado de S\u00e3o Paulo \u2013 CETESB, em relat\u00f3rio da Classifica\u00e7\u00e3o Semanal por munic\u00edpio, da Baixada Santista e Litoral Norte. \n\nFonte:\nCETESB (S\u00e3o Paulo). Secretaria de Meio Ambiente. Companhia Ambiental do Estado de S\u00e3o Paulo. Classifica\u00e7\u00e3o Semanal por Munic\u00edpio \u2013 Baixada Santista 2018. Dispon\u00edvel em: https://cetesb.sp.gov.br/praias/wp-content/uploads/sites/31/2019/01/Classifica%C3%A7%C3%A3o-Semanal-por-Munic%C3%ADpio-Baixada-Santista-2018.pdf. Acesso em: 19 de mar\u00e7o de 2019. \n\nTamb\u00e9m consta a \u00faltima vers\u00e3o do Relat\u00f3rio de Qualidade das Praias Litor\u00e2neas do Estado de S\u00e3o Paulo 2018, realizado pela CETESB. \n\nFonte:\nCETESB (S\u00e3o Paulo). Secretaria de Meio Ambiente. Companhia Ambiental do Estado de S\u00e3o Paulo. Relat\u00f3rio de Qualidade das Praias Litor\u00e2neas do Estado de S\u00e3o Paulo 2017. S\u00e3o Paulo: SMA/CETESB, 2018. Dispon\u00edvel em: https://cetesb.sp.gov.br/praias/wp-content/uploads/sites/31/2018/06/Relat%C3%B3rio-de-Qualidade-das-Paraias-Litor%C3%A2neas-do-Estado-de-S%C3%A3o-Paulo-2017.pdf. Acesso em: 19 de mar\u00e7o de 2019."
        },
        {
            "codigo": 4162,
            "data": "2019-12-31 00:00:00",
            "valor": null,
            "descricao": "Sim. Os Indicadores de Balneabilidade das Praias de Santos e Litoral Paulista em 2019 foram divulgadas no site da Companhia Ambiental do Estado de S\u00e3o Paulo \u2013 CETESB, em relat\u00f3rio da Classifica\u00e7\u00e3o Semanal por munic\u00edpio, da Baixada Santista e Litoral Norte. Fonte: CETESB (S\u00e3o Paulo). Secretaria de Meio Ambiente. Companhia Ambiental do Estado de S\u00e3o Paulo. Classifica\u00e7\u00e3o Semanal por Munic\u00edpio \u2013 Baixada Santista 2019. Dispon\u00edvel em: <https://cetesb.sp.gov.br/praias/wp-content/uploads/sites/31/2020/01/Classifica%C3%A7%C3%A3o-anual-por-munic%C3%ADpios-2019-Baixa-Santista-e-Litoral-Sul.pdf>. Acesso em: 23 de julho de 2020. Tamb\u00e9m constam a \u00faltimas vers\u00f5es do Relat\u00f3rio de Qualidade das Praias Litor\u00e2neas do Estado de S\u00e3o Paulo, realizados pela CETESB. Fonte: CETESB (S\u00e3o Paulo). Secretaria de Meio Ambiente. Companhia Ambiental do Estado de S\u00e3o Paulo. Publica\u00e7\u00f5es e Relat\u00f3rios. Relat\u00f3rio de Qualidade das Praias e \u00c1guas Litor\u00e2neas do Estado de S\u00e3o Paulo. S\u00e3o Paulo: SIMA/CETESB, 2019. Dispon\u00edvel em: <https://cetesb.sp.gov.br/praias/publicacoes-relatorios/>. Acesso em: 23 de julho de 2020."
        },
        {
            "codigo": 4749,
            "data": "2020-12-31 00:00:00",
            "valor": null,
            "descricao": "Sim. Os Indicadores de Balneabilidade das Praias de Santos e Litoral Paulista em 2020 foram divulgadas no site da Companhia Ambiental do Estado de S\u00e3o Paulo \u2013 CETESB, em relat\u00f3rio da Classifica\u00e7\u00e3o Semanal por munic\u00edpio, da Baixada Santista e Litoral Norte.\n\nFonte: CETESB (S\u00e3o Paulo). Secretaria de Meio Ambiente. Companhia Ambiental do Estado de S\u00e3o Paulo. Classifica\u00e7\u00e3o Semanal por Munic\u00edpio \u2013 Baixada Santista 2020. Dispon\u00edvel em: <https://cetesb.sp.gov.br/praias/wp-content/uploads/sites/31/2021/01/Classificacao-anual-por-municipios-2020-Baixada-Santista.pdf>. Acesso em: 18 de agosto de 2021.\n\nTamb\u00e9m constam a \u00faltimas vers\u00f5es do Relat\u00f3rio de Qualidade das Praias Litor\u00e2neas do Estado de S\u00e3o Paulo, realizados pela CETESB.\n\nFonte: CETESB (S\u00e3o Paulo). Secretaria de Meio Ambiente. Companhia Ambiental do Estado de S\u00e3o Paulo. Publica\u00e7\u00f5es e Relat\u00f3rios. Relat\u00f3rio de Qualidade das Praias e \u00c1guas Litor\u00e2neas do Estado de S\u00e3o Paulo. S\u00e3o Paulo: SIMA/CETESB, 2020. Dispon\u00edvel em: <https://cetesb.sp.gov.br/praias/publicacoes-relatorios/>. Acesso em: 18 de agosto de 2021."
        },
        {
            "codigo": 5278,
            "data": "2021-12-31 00:00:00",
            "valor": null,
            "descricao": "Sim. Os Indicadores de Balneabilidade das Praias de Santos e Litoral Paulista em 2021 foram divulgadas no site da Companhia Ambiental do Estado de S\u00e3o Paulo \u2013 CETESB, em relat\u00f3rio da Classifica\u00e7\u00e3o Semanal por munic\u00edpio, da Baixada Santista e Litoral Norte.\n\nFonte: CETESB (S\u00e3o Paulo). Secretaria de Meio Ambiente. Companhia Ambiental do Estado de S\u00e3o Paulo. Classifica\u00e7\u00e3o Semanal por Munic\u00edpio \u2013 Baixada Santista 2021. Dispon\u00edvel em: <https://cetesb.sp.gov.br/praias/wp-content/uploads/sites/31/2022/01/Classificacao-anual-por-municipios-2021-Baixada-Santista.pdf.pdf>. Acesso em: 17 de mar\u00e7o de 2022.\n\nTamb\u00e9m constam a \u00faltimas vers\u00f5es do Relat\u00f3rio de Qualidade das Praias Litor\u00e2neas do Estado de S\u00e3o Paulo, realizados pela CETESB.\n\nFonte: CETESB (S\u00e3o Paulo). Secretaria de Meio Ambiente. Companhia Ambiental do Estado de S\u00e3o Paulo. Publica\u00e7\u00f5es e Relat\u00f3rios. Relat\u00f3rio de Qualidade das Praias e \u00c1guas Litor\u00e2neas do Estado de S\u00e3o Paulo. S\u00e3o Paulo: SIMA/CETESB, 2020. Dispon\u00edvel em: <https://cetesb.sp.gov.br/praias/publicacoes-relatorios/>. Acesso em: 17 de mar\u00e7o de 2022."
        },
        {
            "codigo": 6301,
            "data": "2022-12-31 00:00:00",
            "valor": null,
            "descricao": "RESPOSTA: Sim. Os Indicadores de Balneabilidade das Praias de Santos e Litoral Paulista em 2022 foram divulgadas no site da Companhia Ambiental do Estado de S\u00e3o Paulo \u2013 CETESB, em relat\u00f3rio da Classifica\u00e7\u00e3o Semanal por munic\u00edpio, da Baixada Santista e Litoral Norte.\n\nRefer\u00eancia:\nS\u00e3o Paulo (Estado). Companhia Ambiental do Estado de S\u00e3o Paulo - CETESB. Classifica\u00e7\u00e3o Semanal por Munic\u00edpio \u2013 Baixada Santista 2022. Dispon\u00edvel em: <https://cetesb.sp.gov.br/praias/wp-content/uploads/sites/31/2023/01/Classificacao-semanal-Baixada-Santista-e-Lit-Sul-2022.pdf>. Acesso em: 05 de abril de 2023.\n\nTamb\u00e9m constam a \u00faltimas vers\u00f5es do Relat\u00f3rio de Qualidade das Praias Litor\u00e2neas do Estado de S\u00e3o Paulo, elaboradas e divulgadas pela CETESB.\n\nRefer\u00eancia:\nS\u00e3o Paulo (Estado). Companhia Ambiental do Estado de S\u00e3o Paulo - CETESB. Publica\u00e7\u00f5es e Relat\u00f3rios. Relat\u00f3rio de Qualidade das Praias e \u00c1guas Litor\u00e2neas no Estado de S\u00e3o Paulo. S\u00e3o Paulo: SIMA/CETESB, 2021. Dispon\u00edvel em: <https://cetesb.sp.gov.br/praias/wp-content/uploads/sites/31/2022/10/Relatorio-Praias-Litoraneas-2021.pdf>. Acesso em: 05 de abril de 2023."
        },
        {
            "codigo": 7314,
            "data": "2023-12-31 00:00:00",
            "valor": null,
            "descricao": "RESPOSTA: Sim. Os Indicadores de Balneabilidade das Praias de Santos e Litoral Paulista em 2023 foram divulgadas no site da Companhia Ambiental do Estado de S\u00e3o Paulo \u2013 CETESB, em relat\u00f3rio da Classifica\u00e7\u00e3o Semanal por munic\u00edpio, da Baixada Santista e Litoral Norte.\n\nFonte: S\u00e3o Paulo (Estado). Companhia Ambiental do Estado de S\u00e3o Paulo - CETESB. Classifica\u00e7\u00e3o Semanal por Munic\u00edpio \u2013 Baixada Santista 2023. Dispon\u00edvel em: <https://cetesb.sp.gov.br/praias/wp-content/uploads/sites/31/2024/01/Classificacao-semanal-por-municipio-%E2%80%93-anos-anteriores-2023-Baixada-Santista.pdf>. Acesso em: 29 de abril de 2024.\n\nTamb\u00e9m constam a \u00faltimas vers\u00f5es do Relat\u00f3rio de Qualidade das Praias Litor\u00e2neas do Estado de S\u00e3o Paulo, elaboradas e divulgadas pela CETESB.\n\nFonte: S\u00e3o Paulo (Estado). Companhia Ambiental do Estado de S\u00e3o Paulo - CETESB. Publica\u00e7\u00f5es e Relat\u00f3rios. Relat\u00f3rio de Qualidade das Praias e \u00c1guas Litor\u00e2neas no Estado de S\u00e3o Paulo. S\u00e3o Paulo: SEMIL/CETESB, 2022. Dispon\u00edvel em: <https://cetesb.sp.gov.br/praias/wp-content/uploads/sites/31/2023/07/Qualidade-das-Praias-Litoraneas-no-Estado-de-Sao-Paulo-Relatorio-2022.pdf>. Acesso em: 29 de abril de 2024."
        }
    ]
}