{
    "codigo": 5016,
    "nome": "Existe no munic\u00edpio pol\u00edticas de distribui\u00e7\u00e3o inteligente e eficiente de energia? Quais? Qual a economia gerada (R$)?",
    "descricao": "Existe no munic\u00edpio pol\u00edticas de distribui\u00e7\u00e3o inteligente e eficiente de energia? Quais? Qual a economia gerada (R$)? - Cidades Sustentaveis",
    "fonte": "Seserp",
    "tipoValor": "T",
    "periodicidade": {
        "codigo": 6,
        "descricao": "Anual"
    },
    "tags": [
        {
            "codigo": 4,
            "descricao": "Santos Eficiente"
        }
    ],
    "secretarias": [
        {
            "codigo": 1657,
            "dado_codigo": 5016,
            "sigla": "SESERP",
            "nome": "SECRETARIA MUNICIPAL DE SERVI\u00c7OS P\u00daBLICOS"
        }
    ],
    "autarquias": [],
    "metas": [
        {
            "codigo": 8,
            "numero": 7,
            "titulo": "Energia Acess\u00edvel e Limpa",
            "objetivo": "Assegurar o acesso confi\u00e1vel, sustent\u00e1vel, moderno e a pre\u00e7o acess\u00edvel \u00e0 energia para todos",
            "imagem_url": "8.jpg",
            "link": "http://www.agenda2030.org.br/ods/7/"
        }
    ],
    "eixos": [
        {
            "codigo": 12,
            "descricao": "Consumo Respons\u00e1vel e Op\u00e7\u00f5es de Estilo de Vida"
        }
    ],
    "valores": [
        {
            "codigo": 2286,
            "data": "2017-12-31 00:00:00",
            "valor": "0.00",
            "descricao": "N\u00e3o h\u00e1 no munic\u00edpio. Existe pol\u00edticas de fomento em desenvolvimento."
        },
        {
            "codigo": 2287,
            "data": "2013-12-31 00:00:00",
            "valor": "0.00",
            "descricao": "N\u00e3o h\u00e1 no munic\u00edpio. Existe pol\u00edticas de fomento em desenvolvimento."
        },
        {
            "codigo": 2288,
            "data": "2014-12-31 00:00:00",
            "valor": "0.00",
            "descricao": "N\u00e3o h\u00e1 no munic\u00edpio. Existe pol\u00edticas de fomento em desenvolvimento."
        },
        {
            "codigo": 2289,
            "data": "2015-12-31 00:00:00",
            "valor": "0.00",
            "descricao": "N\u00e3o h\u00e1 no munic\u00edpio. Existe pol\u00edticas de fomento em desenvolvimento."
        },
        {
            "codigo": 2290,
            "data": "2016-12-31 00:00:00",
            "valor": "0.00",
            "descricao": "N\u00e3o h\u00e1 no munic\u00edpio. Existe pol\u00edticas de fomento em desenvolvimento."
        },
        {
            "codigo": 3392,
            "data": "2018-12-31 00:00:00",
            "valor": null,
            "descricao": "N\u00e3o h\u00e1 no munic\u00edpio. Existe politicas de fomento em desenvolvimento"
        },
        {
            "codigo": 4133,
            "data": "2019-12-31 00:00:00",
            "valor": null,
            "descricao": "N\u00e3o h\u00e1 no munic\u00edpio. Existe politicas de fomento em desenvolvimento"
        },
        {
            "codigo": 5080,
            "data": "2020-12-31 00:00:00",
            "valor": null,
            "descricao": "N\u00e3o h\u00e1 no munic\u00edpio. Existem pol\u00edticas de fomento em desenvilvimento"
        },
        {
            "codigo": 5795,
            "data": "2021-12-31 00:00:00",
            "valor": null,
            "descricao": "N\u00e3o h\u00e1 no munic\u00edpio. Existem pol\u00edticas de fomento em desenvolvimento"
        },
        {
            "codigo": 6968,
            "data": "2022-12-31 00:00:00",
            "valor": null,
            "descricao": "Sim. Atrav\u00e9s do programa Efici\u00eancia Energ\u00e9tica foram instaladas 3 mil l\u00e2mpadas de Led em 14 bairros de Santos, equivalente ao consumo m\u00e9dio de 670 resid\u00eancias, gerando economia de R$ 1 milh\u00e3o por ano.\n \nFonte: https://www.santos.sp.gov.br/?q=noticia/santos-garante-economia-de-r-1-milhao-por-ano-com-instalacao-de-tres-mil-lampadas-de-led"
        }
    ]
}