{
    "codigo": 5018,
    "nome": "N\u00famero total de matr\u00edculas da Educa\u00e7\u00e3o de Jovens e Adultos (EJA) de n\u00edvel fundamental e m\u00e9dio",
    "descricao": "N\u00famero total de matr\u00edculas da Educa\u00e7\u00e3o de Jovens e Adultos (EJA) de n\u00edvel fundamental e m\u00e9dio - Cidades Sustentaveis",
    "fonte": "Diretoria Regional de Ensino do Estado",
    "tipoValor": "I",
    "periodicidade": {
        "codigo": 6,
        "descricao": "Anual"
    },
    "tags": [
        {
            "codigo": 3,
            "descricao": "Santos Educadora"
        }
    ],
    "secretarias": [
        {
            "codigo": 2907,
            "dado_codigo": 5018,
            "sigla": "SEDUC",
            "nome": "SECRETARIA MUNICIPAL DE EDUCA\u00c7\u00c3O"
        }
    ],
    "autarquias": [],
    "metas": [
        {
            "codigo": 5,
            "numero": 5,
            "titulo": "Igualdade de G\u00eanero",
            "objetivo": "Alcan\u00e7ar a igualdade de g\u00eanero e empoderar todas as mulheres e meninas",
            "imagem_url": "5.jpg",
            "link": "http://www.agenda2030.org.br/ods/5/"
        }
    ],
    "eixos": [
        {
            "codigo": 10,
            "descricao": "Educa\u00e7\u00e3o para a Sustentabilidade e Qualidade de Vida"
        }
    ],
    "valores": [
        {
            "codigo": 2293,
            "data": "2017-12-31 00:00:00",
            "valor": "1352.00",
            "descricao": null
        },
        {
            "codigo": 2294,
            "data": "2016-12-31 00:00:00",
            "valor": "1269.00",
            "descricao": null
        },
        {
            "codigo": 2295,
            "data": "2015-12-31 00:00:00",
            "valor": "1427.00",
            "descricao": null
        },
        {
            "codigo": 2296,
            "data": "2014-12-31 00:00:00",
            "valor": "1622.00",
            "descricao": null
        },
        {
            "codigo": 2297,
            "data": "2013-12-31 00:00:00",
            "valor": "0.00",
            "descricao": null
        },
        {
            "codigo": 3915,
            "data": "2018-12-31 00:00:00",
            "valor": "1225.00",
            "descricao": null
        },
        {
            "codigo": 4366,
            "data": "2019-12-31 00:00:00",
            "valor": "1306.00",
            "descricao": null
        },
        {
            "codigo": 4995,
            "data": "2020-12-31 00:00:00",
            "valor": "1147.00",
            "descricao": null
        },
        {
            "codigo": 5601,
            "data": "2021-12-21 00:00:00",
            "valor": "555.00",
            "descricao": null
        },
        {
            "codigo": 6845,
            "data": "2022-12-31 00:00:00",
            "valor": "4499.00",
            "descricao": null
        },
        {
            "codigo": 7092,
            "data": "2023-12-31 00:00:00",
            "valor": "3060.00",
            "descricao": null
        }
    ]
}