{
    "codigo": 5019,
    "nome": "N\u00famero de alunos de creche da rede municipal matriculados em tempo integral",
    "descricao": "N\u00famero de alunos de creche da rede municipal matriculados em tempo integral - Cidades Sustentaveis",
    "fonte": "Seduc",
    "tipoValor": "I",
    "periodicidade": {
        "codigo": 6,
        "descricao": "Anual"
    },
    "tags": [
        {
            "codigo": 3,
            "descricao": "Santos Educadora"
        }
    ],
    "secretarias": [
        {
            "codigo": 2907,
            "dado_codigo": 5019,
            "sigla": "SEDUC",
            "nome": "SECRETARIA MUNICIPAL DE EDUCA\u00c7\u00c3O"
        }
    ],
    "autarquias": [],
    "metas": [
        {
            "codigo": 5,
            "numero": 5,
            "titulo": "Igualdade de G\u00eanero",
            "objetivo": "Alcan\u00e7ar a igualdade de g\u00eanero e empoderar todas as mulheres e meninas",
            "imagem_url": "5.jpg",
            "link": "http://www.agenda2030.org.br/ods/5/"
        }
    ],
    "eixos": [
        {
            "codigo": 10,
            "descricao": "Educa\u00e7\u00e3o para a Sustentabilidade e Qualidade de Vida"
        }
    ],
    "valores": [
        {
            "codigo": 2298,
            "data": "2013-08-31 00:00:00",
            "valor": "2541.00",
            "descricao": null
        },
        {
            "codigo": 2299,
            "data": "2015-08-31 00:00:00",
            "valor": "2832.00",
            "descricao": null
        },
        {
            "codigo": 2300,
            "data": "2014-08-31 00:00:00",
            "valor": "2651.00",
            "descricao": null
        },
        {
            "codigo": 2301,
            "data": "2016-12-31 00:00:00",
            "valor": "2806.00",
            "descricao": null
        },
        {
            "codigo": 2302,
            "data": "2017-12-31 00:00:00",
            "valor": "2792.00",
            "descricao": null
        },
        {
            "codigo": 3832,
            "data": "2018-12-31 00:00:00",
            "valor": "2703.00",
            "descricao": null
        },
        {
            "codigo": 4367,
            "data": "2019-12-31 00:00:00",
            "valor": "2947.00",
            "descricao": null
        },
        {
            "codigo": 4989,
            "data": "2020-12-31 00:00:00",
            "valor": "2959.00",
            "descricao": null
        },
        {
            "codigo": 5460,
            "data": "2021-12-21 00:00:00",
            "valor": "2747.00",
            "descricao": null
        },
        {
            "codigo": 6416,
            "data": "2022-12-31 00:00:00",
            "valor": "2929.00",
            "descricao": null
        },
        {
            "codigo": 7050,
            "data": "2023-12-31 00:00:00",
            "valor": "3416.00",
            "descricao": null
        }
    ]
}