{
    "codigo": 5020,
    "nome": "N\u00famero de alunos de pr\u00e9-escola da rede municipal matriculados em tempo integral",
    "descricao": "N\u00famero de alunos de pr\u00e9-escola da rede municipal matriculados em tempo integral - Cidades Sustentaveis",
    "fonte": "Seduc",
    "tipoValor": "I",
    "periodicidade": {
        "codigo": 6,
        "descricao": "Anual"
    },
    "tags": [
        {
            "codigo": 3,
            "descricao": "Santos Educadora"
        }
    ],
    "secretarias": [
        {
            "codigo": 2907,
            "dado_codigo": 5020,
            "sigla": "SEDUC",
            "nome": "SECRETARIA MUNICIPAL DE EDUCA\u00c7\u00c3O"
        }
    ],
    "autarquias": [],
    "metas": [
        {
            "codigo": 5,
            "numero": 5,
            "titulo": "Igualdade de G\u00eanero",
            "objetivo": "Alcan\u00e7ar a igualdade de g\u00eanero e empoderar todas as mulheres e meninas",
            "imagem_url": "5.jpg",
            "link": "http://www.agenda2030.org.br/ods/5/"
        }
    ],
    "eixos": [
        {
            "codigo": 10,
            "descricao": "Educa\u00e7\u00e3o para a Sustentabilidade e Qualidade de Vida"
        }
    ],
    "valores": [
        {
            "codigo": 2303,
            "data": "2015-08-31 00:00:00",
            "valor": "844.00",
            "descricao": null
        },
        {
            "codigo": 2304,
            "data": "2016-12-31 00:00:00",
            "valor": "1084.00",
            "descricao": null
        },
        {
            "codigo": 2305,
            "data": "2014-08-31 00:00:00",
            "valor": "934.00",
            "descricao": null
        },
        {
            "codigo": 2306,
            "data": "2017-12-31 00:00:00",
            "valor": "1197.00",
            "descricao": null
        },
        {
            "codigo": 2307,
            "data": "2013-08-31 00:00:00",
            "valor": "803.00",
            "descricao": null
        },
        {
            "codigo": 3833,
            "data": "2018-12-31 00:00:00",
            "valor": "1091.00",
            "descricao": null
        },
        {
            "codigo": 4368,
            "data": "2019-12-31 00:00:00",
            "valor": "1227.00",
            "descricao": null
        },
        {
            "codigo": 4984,
            "data": "2020-12-31 00:00:00",
            "valor": "1436.00",
            "descricao": null
        },
        {
            "codigo": 5461,
            "data": "2021-12-21 00:00:00",
            "valor": "1302.00",
            "descricao": null
        },
        {
            "codigo": 6417,
            "data": "2022-12-31 00:00:00",
            "valor": "1526.00",
            "descricao": null
        },
        {
            "codigo": 7051,
            "data": "2023-12-31 00:00:00",
            "valor": "1915.00",
            "descricao": null
        }
    ]
}