{
    "codigo": 5021,
    "nome": "N\u00famero de alunos do ensino fundamental (anos finais) da rede municipal matriculados em tempo integral",
    "descricao": "N\u00famero de alunos do ensino fundamental (anos finais) da rede municipal matriculados em tempo integral - Cidades Sustentaveis",
    "fonte": "Seduc",
    "tipoValor": "I",
    "periodicidade": {
        "codigo": 6,
        "descricao": "Anual"
    },
    "tags": [
        {
            "codigo": 3,
            "descricao": "Santos Educadora"
        }
    ],
    "secretarias": [
        {
            "codigo": 2907,
            "dado_codigo": 5021,
            "sigla": "SEDUC",
            "nome": "SECRETARIA MUNICIPAL DE EDUCA\u00c7\u00c3O"
        }
    ],
    "autarquias": [],
    "metas": [
        {
            "codigo": 5,
            "numero": 5,
            "titulo": "Igualdade de G\u00eanero",
            "objetivo": "Alcan\u00e7ar a igualdade de g\u00eanero e empoderar todas as mulheres e meninas",
            "imagem_url": "5.jpg",
            "link": "http://www.agenda2030.org.br/ods/5/"
        }
    ],
    "eixos": [
        {
            "codigo": 10,
            "descricao": "Educa\u00e7\u00e3o para a Sustentabilidade e Qualidade de Vida"
        }
    ],
    "valores": [
        {
            "codigo": 2308,
            "data": "2014-08-31 00:00:00",
            "valor": "663.00",
            "descricao": null
        },
        {
            "codigo": 2309,
            "data": "2013-08-31 00:00:00",
            "valor": "352.00",
            "descricao": null
        },
        {
            "codigo": 2310,
            "data": "2016-12-31 00:00:00",
            "valor": "891.00",
            "descricao": null
        },
        {
            "codigo": 2311,
            "data": "2017-12-31 00:00:00",
            "valor": "873.00",
            "descricao": null
        },
        {
            "codigo": 2312,
            "data": "2015-08-31 00:00:00",
            "valor": "825.00",
            "descricao": null
        },
        {
            "codigo": 3917,
            "data": "2018-12-31 00:00:00",
            "valor": "1252.00",
            "descricao": null
        },
        {
            "codigo": 4369,
            "data": "2019-12-31 00:00:00",
            "valor": "700.00",
            "descricao": null
        },
        {
            "codigo": 4992,
            "data": "2020-12-31 00:00:00",
            "valor": "896.00",
            "descricao": null
        },
        {
            "codigo": 5636,
            "data": "2021-12-21 00:00:00",
            "valor": "896.00",
            "descricao": null
        },
        {
            "codigo": 6418,
            "data": "2022-12-31 00:00:00",
            "valor": "1200.00",
            "descricao": null
        },
        {
            "codigo": 7052,
            "data": "2023-12-31 00:00:00",
            "valor": "808.00",
            "descricao": null
        }
    ]
}