{
    "codigo": 5027,
    "nome": "N\u00famero de empregos formais",
    "descricao": "N\u00famero de empregos formais - Cidades Sustentaveis",
    "fonte": "SEPORTE",
    "tipoValor": "I",
    "periodicidade": {
        "codigo": 6,
        "descricao": "Anual"
    },
    "tags": [],
    "secretarias": [
        {
            "codigo": 5939,
            "dado_codigo": 5027,
            "sigla": "SEPORTE",
            "nome": "SECRETARIA MUNICIPAL DE ASSUNTOS PORTU\u00c1RIOS E EMPREGO"
        }
    ],
    "autarquias": [],
    "metas": [],
    "eixos": [],
    "valores": [
        {
            "codigo": 2338,
            "data": "2017-12-31 00:00:00",
            "valor": "181262.00",
            "descricao": null
        },
        {
            "codigo": 2339,
            "data": "2014-12-31 00:00:00",
            "valor": "0.00",
            "descricao": null
        },
        {
            "codigo": 2340,
            "data": "2013-12-31 00:00:00",
            "valor": "0.00",
            "descricao": null
        },
        {
            "codigo": 2341,
            "data": "2016-12-31 00:00:00",
            "valor": "181262.00",
            "descricao": null
        },
        {
            "codigo": 2342,
            "data": "2015-12-31 00:00:00",
            "valor": "181262.00",
            "descricao": null
        },
        {
            "codigo": 3853,
            "data": "2018-12-31 00:00:00",
            "valor": "181262.00",
            "descricao": null
        },
        {
            "codigo": 4311,
            "data": "2019-12-31 00:00:00",
            "valor": "209249.00",
            "descricao": null
        },
        {
            "codigo": 5162,
            "data": "2020-12-31 00:00:00",
            "valor": "161042.00",
            "descricao": null
        },
        {
            "codigo": 5692,
            "data": "2021-12-31 00:00:00",
            "valor": "163981.00",
            "descricao": null
        },
        {
            "codigo": 6783,
            "data": "2022-12-31 00:00:00",
            "valor": "169157.00",
            "descricao": null
        }
    ]
}