{
    "codigo": 5028,
    "nome": "As empresas locais do munic\u00edpio divulgam os indicadores de sustentabilidade?",
    "descricao": "As empresas locais do munic\u00edpio divulgam os indicadores de sustentabilidade? - Cidades Sustentaveis",
    "fonte": "SEPORTE",
    "tipoValor": "T",
    "periodicidade": {
        "codigo": 6,
        "descricao": "Anual"
    },
    "tags": [
        {
            "codigo": 4,
            "descricao": "Santos Eficiente"
        }
    ],
    "secretarias": [
        {
            "codigo": 5939,
            "dado_codigo": 5028,
            "sigla": "SEPORTE",
            "nome": "SECRETARIA MUNICIPAL DE ASSUNTOS PORTU\u00c1RIOS E EMPREGO"
        }
    ],
    "autarquias": [],
    "metas": [
        {
            "codigo": 9,
            "numero": 8,
            "titulo": "Trabalho Decente e Crescimento Econ\u00f4mico",
            "objetivo": "Promover o crescimento econ\u00f4mico sustentado, inclusivo e sustent\u00e1vel, o emprego pleno e produtivo e o trabalho decente para todos",
            "imagem_url": "9.jpg",
            "link": "http://www.agenda2030.org.br/ods/8/"
        }
    ],
    "eixos": [
        {
            "codigo": 11,
            "descricao": "Economia Local, Din\u00e2mica, Criativa e Sustent\u00e1vel"
        }
    ],
    "valores": [
        {
            "codigo": 2343,
            "data": "2016-12-31 00:00:00",
            "valor": "0.00",
            "descricao": "Sim. As empresas de grande porte fazem divulga\u00e7\u00f5es atrav\u00e9s de Relat\u00f3rios Anuais de Sustentabilidade (ex.: BTP, VLI, RUMO, BUNGE, RUMO/COSAN)."
        },
        {
            "codigo": 2344,
            "data": "2017-12-31 00:00:00",
            "valor": "0.00",
            "descricao": "Sim. As empresas de grande porte fazem divulga\u00e7\u00f5es atrav\u00e9s de Relat\u00f3rios Anuais de Sustentabilidade (ex.: BTP, VLI, RUMO, BUNGE, RUMO/COSAN)."
        },
        {
            "codigo": 2345,
            "data": "2013-12-31 00:00:00",
            "valor": "0.00",
            "descricao": "Sim. As empresas de grande porte como BTP, BUNGE, VLI, RUMO/COSAN fazem a divulga\u00e7\u00e3o atrav\u00e9s de Relat\u00f3rios Anuais de Sustentabilidade."
        },
        {
            "codigo": 2346,
            "data": "2015-12-31 00:00:00",
            "valor": "0.00",
            "descricao": "Sim. As empresas de grande porte como BTP, BUNGE, VLI, RUMO/COSAN fazem a divulga\u00e7\u00e3o atrav\u00e9s de Relat\u00f3rios Anuais de Sustentabilidade."
        },
        {
            "codigo": 2347,
            "data": "2014-12-31 00:00:00",
            "valor": "0.00",
            "descricao": "Sim. As empresas de grande porte como BTP, BUNGE, VLI, RUMO/COSAN fazem a divulga\u00e7\u00e3o atrav\u00e9s de Relat\u00f3rios Anuais de Sustentabilidade."
        },
        {
            "codigo": 3854,
            "data": "2018-12-31 00:00:00",
            "valor": null,
            "descricao": "Sim. As empresas de grande porte fazem divulga\u00e7\u00f5es atrav\u00e9s de Relat\u00f3rios Anuais de Sustentabilidade (ex.: BTP, VLI, RUMO, BUNGE, RUMO/COSAN)."
        },
        {
            "codigo": 4312,
            "data": "2019-12-31 00:00:00",
            "valor": null,
            "descricao": "Sim. As empresas de grande porte fazem divulga\u00e7\u00f5es atrav\u00e9s de Relat\u00f3rios Anuais de Sustentabilidade (ex.: BTP, VLI, RUMO, BUNGE, RUMO/COSAN, SANTOS BRASIL)."
        },
        {
            "codigo": 5137,
            "data": "2020-12-31 00:00:00",
            "valor": null,
            "descricao": "Sim. As empresas de grande porte fazem divulga\u00e7\u00f5es atrav\u00e9s de Relat\u00f3rios Anuais de Sustentabilidade (ex.: BTP, VLI, RUMO, BUNGE, RUMO/COSAN, SANTOS BRASIL)."
        },
        {
            "codigo": 6751,
            "data": "2022-12-31 00:00:00",
            "valor": null,
            "descricao": "Sim. As empresas de grande porte fazem divulga\u00e7\u00f5es atrav\u00e9s de Relat\u00f3rios Anuais de Sustentabilidade (ex.: BTP, VLI, RUMO, BUNGE, RUMO/COSAN, SANTOS BRASIL) al\u00e9m da Autoridade Portu\u00e1ria de Santos."
        }
    ]
}