{
    "codigo": 5029,
    "nome": "N\u00famero de empresas que realizam log\u00edstica reversa de res\u00edduos",
    "descricao": "N\u00famero de empresas que realizam log\u00edstica reversa de res\u00edduos - Cidades Sustentaveis",
    "fonte": "SEMAM",
    "tipoValor": "I",
    "periodicidade": {
        "codigo": 6,
        "descricao": "Anual"
    },
    "tags": [
        {
            "codigo": 20,
            "descricao": "Santos Sustent\u00e1vel"
        }
    ],
    "secretarias": [
        {
            "codigo": 5767,
            "dado_codigo": 5029,
            "sigla": "SEMAM",
            "nome": "SECRETARIA MUNICIPAL DE MEIO AMBIENTE E BEM-ESTAR ANIMAL"
        }
    ],
    "autarquias": [],
    "metas": [
        {
            "codigo": 9,
            "numero": 8,
            "titulo": "Trabalho Decente e Crescimento Econ\u00f4mico",
            "objetivo": "Promover o crescimento econ\u00f4mico sustentado, inclusivo e sustent\u00e1vel, o emprego pleno e produtivo e o trabalho decente para todos",
            "imagem_url": "9.jpg",
            "link": "http://www.agenda2030.org.br/ods/8/"
        },
        {
            "codigo": 12,
            "numero": 11,
            "titulo": "Cidades e Comunidades Sustent\u00e1veis",
            "objetivo": "Tornar as cidades e os assentamentos humanos inclusivos, seguros, resilientes e sustent\u00e1veis",
            "imagem_url": "12.jpg",
            "link": "http://www.agenda2030.org.br/ods/11/"
        },
        {
            "codigo": 13,
            "numero": 12,
            "titulo": "Consumo e Produ\u00e7\u00e3o Respons\u00e1veis",
            "objetivo": "Assegurar padr\u00f5es de produ\u00e7\u00e3o e de consumo sustent\u00e1veis",
            "imagem_url": "13.jpg",
            "link": "http://www.agenda2030.org.br/ods/12/"
        },
        {
            "codigo": 18,
            "numero": 17,
            "titulo": "Parcerias e Meios de Implementa\u00e7\u00e3o",
            "objetivo": "Fortalecer os meios de implementa\u00e7\u00e3o e revitalizar a parceria global para o desenvolvimento sustent\u00e1vel",
            "imagem_url": "18.jpg",
            "link": "http://www.agenda2030.org.br/ods/17/"
        }
    ],
    "eixos": [
        {
            "codigo": 11,
            "descricao": "Economia Local, Din\u00e2mica, Criativa e Sustent\u00e1vel"
        }
    ],
    "valores": [
        {
            "codigo": 2348,
            "data": "2017-12-31 00:00:00",
            "valor": "120.00",
            "descricao": null
        },
        {
            "codigo": 2349,
            "data": "2015-12-31 00:00:00",
            "valor": "0.00",
            "descricao": null
        },
        {
            "codigo": 2350,
            "data": "2016-12-31 00:00:00",
            "valor": "130.00",
            "descricao": null
        },
        {
            "codigo": 2351,
            "data": "2013-12-31 00:00:00",
            "valor": "0.00",
            "descricao": null
        },
        {
            "codigo": 2352,
            "data": "2014-12-31 00:00:00",
            "valor": "0.00",
            "descricao": null
        },
        {
            "codigo": 3537,
            "data": "2018-12-31 00:00:00",
            "valor": "120.00",
            "descricao": null
        },
        {
            "codigo": 4221,
            "data": "2019-12-31 00:00:00",
            "valor": "76.00",
            "descricao": null
        },
        {
            "codigo": 4750,
            "data": "2020-12-31 00:00:00",
            "valor": "78.00",
            "descricao": null
        },
        {
            "codigo": 5279,
            "data": "2021-12-31 00:00:00",
            "valor": "81.00",
            "descricao": null
        },
        {
            "codigo": 6302,
            "data": "2022-12-31 00:00:00",
            "valor": "81.00",
            "descricao": null
        },
        {
            "codigo": 7313,
            "data": "2023-12-31 00:00:00",
            "valor": "116.00",
            "descricao": null
        }
    ]
}