{
    "codigo": 5036,
    "nome": "N\u00famero total, em metros c\u00fabicos (m\u00b3), de esgoto tratado antes de chegar ao mar, rios e c\u00f3rregos",
    "descricao": "N\u00famero total, em metros c\u00fabicos (m\u00b3), de esgoto tratado antes de chegar ao mar, rios e c\u00f3rregos - Cidades Sustent\u00e1veis",
    "fonte": "SABESP",
    "tipoValor": "I",
    "periodicidade": {
        "codigo": 6,
        "descricao": "Anual"
    },
    "tags": [
        {
            "codigo": 20,
            "descricao": "Santos Sustent\u00e1vel"
        }
    ],
    "secretarias": [
        {
            "codigo": 5767,
            "dado_codigo": 5036,
            "sigla": "SEMAM",
            "nome": "SECRETARIA MUNICIPAL DE MEIO AMBIENTE E BEM-ESTAR ANIMAL"
        }
    ],
    "autarquias": [],
    "metas": [
        {
            "codigo": 15,
            "numero": 14,
            "titulo": "Vida na \u00c1gua",
            "objetivo": "Conservar e promover o uso sustent\u00e1vel dos oceanos, dos mares e dos recursos marinhos para o desenvolvimento sustent\u00e1vel",
            "imagem_url": "15.jpg",
            "link": "http://www.agenda2030.org.br/ods/14/"
        }
    ],
    "eixos": [
        {
            "codigo": 5,
            "descricao": "Bens Naturais Comuns"
        }
    ],
    "valores": [
        {
            "codigo": 2383,
            "data": "2015-12-31 00:00:00",
            "valor": "0.00",
            "descricao": null
        },
        {
            "codigo": 2384,
            "data": "2017-12-31 00:00:00",
            "valor": "28187734.00",
            "descricao": null
        },
        {
            "codigo": 2385,
            "data": "2016-12-31 00:00:00",
            "valor": "27927000.00",
            "descricao": null
        },
        {
            "codigo": 2386,
            "data": "2014-12-31 00:00:00",
            "valor": "0.00",
            "descricao": null
        },
        {
            "codigo": 2387,
            "data": "2013-12-31 00:00:00",
            "valor": "0.00",
            "descricao": null
        },
        {
            "codigo": 3487,
            "data": "2018-12-31 00:00:00",
            "valor": "44383401.00",
            "descricao": null
        },
        {
            "codigo": 4163,
            "data": "2019-12-31 00:00:00",
            "valor": "28817160.00",
            "descricao": null
        },
        {
            "codigo": 4751,
            "data": "2020-12-31 00:00:00",
            "valor": "28912327.00",
            "descricao": null
        },
        {
            "codigo": 5841,
            "data": "2021-12-31 00:00:00",
            "valor": "46267408.00",
            "descricao": null
        },
        {
            "codigo": 6385,
            "data": "2022-12-31 00:00:00",
            "valor": "45747340.00",
            "descricao": null
        },
        {
            "codigo": 7155,
            "data": "2023-12-31 00:00:00",
            "valor": "47660998.00",
            "descricao": null
        }
    ]
}