{
    "codigo": 5040,
    "nome": "Popula\u00e7\u00e3o na faixa et\u00e1ria de 20 a 59 anos de idade",
    "descricao": "Popula\u00e7\u00e3o na faixa et\u00e1ria de 20 a 59 anos de idade - Cidades Sustent\u00e1veis - IBGE",
    "fonte": "IBGE 2010",
    "tipoValor": "I",
    "periodicidade": {
        "codigo": 6,
        "descricao": "Anual"
    },
    "tags": [
        {
            "codigo": 17,
            "descricao": "Santos Saud\u00e1vel"
        }
    ],
    "secretarias": [
        {
            "codigo": 3399,
            "dado_codigo": 5040,
            "sigla": "SMS",
            "nome": "SECRETARIA MUNICIPAL DE SA\u00daDE"
        }
    ],
    "autarquias": [],
    "metas": [
        {
            "codigo": 3,
            "numero": 2,
            "titulo": "Fome Zero e Agricultura Sustent\u00e1vel",
            "objetivo": "Acabar com a fome, alcan\u00e7ar a seguran\u00e7a alimentar e melhoria da nutri\u00e7\u00e3o e promover a agricultura sustent\u00e1vel",
            "imagem_url": "3.jpg",
            "link": "http://www.agenda2030.org.br/ods/2/"
        }
    ],
    "eixos": [
        {
            "codigo": 14,
            "descricao": "A\u00e7\u00e3o Local para a Sa\u00fade"
        }
    ],
    "valores": [
        {
            "codigo": 2402,
            "data": "2017-12-31 00:00:00",
            "valor": "241227.00",
            "descricao": null
        },
        {
            "codigo": 2403,
            "data": "2014-12-31 00:00:00",
            "valor": "241227.00",
            "descricao": null
        },
        {
            "codigo": 2404,
            "data": "2015-12-31 00:00:00",
            "valor": "241227.00",
            "descricao": null
        },
        {
            "codigo": 2405,
            "data": "2013-12-31 00:00:00",
            "valor": "241227.00",
            "descricao": null
        },
        {
            "codigo": 2406,
            "data": "2016-12-31 00:00:00",
            "valor": "241227.00",
            "descricao": null
        },
        {
            "codigo": 3384,
            "data": "2018-12-31 00:00:00",
            "valor": "241227.00",
            "descricao": null
        },
        {
            "codigo": 4054,
            "data": "2019-12-31 00:00:00",
            "valor": "241227.00",
            "descricao": null
        },
        {
            "codigo": 4681,
            "data": "2020-12-31 00:00:00",
            "valor": "241227.00",
            "descricao": null
        },
        {
            "codigo": 5849,
            "data": "2021-12-31 00:00:00",
            "valor": "241227.00",
            "descricao": null
        },
        {
            "codigo": 6545,
            "data": "2022-12-31 00:00:00",
            "valor": "241227.00",
            "descricao": null
        }
    ]
}