{
    "codigo": 5041,
    "nome": "N\u00famero total de fam\u00edlias residentes cadastradas no Cadastro \u00danico",
    "descricao": "N\u00famero total de fam\u00edlias residentes cadastradas no Cad\u00e1stro \u00danico - Cidades Sustentaveis",
    "fonte": "Seds",
    "tipoValor": "I",
    "periodicidade": {
        "codigo": 6,
        "descricao": "Anual"
    },
    "tags": [
        {
            "codigo": 1,
            "descricao": "Santos Acolhedora"
        }
    ],
    "secretarias": [
        {
            "codigo": 3299,
            "dado_codigo": 5041,
            "sigla": "SEDS",
            "nome": "SECRETARIA MUNICIPAL DE DESENVOLVIMENTO SOCIAL"
        }
    ],
    "autarquias": [],
    "metas": [
        {
            "codigo": 2,
            "numero": 1,
            "titulo": "Erradica\u00e7\u00e3o da Pobreza",
            "objetivo": "Acabar com a pobreza em todas as suas formas, em todos os lugares",
            "imagem_url": "2.jpg",
            "link": "http://www.agenda2030.org.br/ods/1/"
        }
    ],
    "eixos": [
        {
            "codigo": 6,
            "descricao": "Equidade, Justi\u00e7a Social e Cultura de Paz"
        }
    ],
    "valores": [
        {
            "codigo": 2407,
            "data": "2015-12-31 00:00:00",
            "valor": "16250.00",
            "descricao": null
        },
        {
            "codigo": 2408,
            "data": "2013-12-31 00:00:00",
            "valor": "14410.00",
            "descricao": null
        },
        {
            "codigo": 2409,
            "data": "2016-12-31 00:00:00",
            "valor": "17718.00",
            "descricao": null
        },
        {
            "codigo": 2410,
            "data": "2017-12-31 00:00:00",
            "valor": "18743.00",
            "descricao": null
        },
        {
            "codigo": 2411,
            "data": "2014-12-31 00:00:00",
            "valor": "15710.00",
            "descricao": null
        },
        {
            "codigo": 3560,
            "data": "2018-12-31 00:00:00",
            "valor": "19969.00",
            "descricao": null
        },
        {
            "codigo": 3561,
            "data": "2018-12-31 00:00:00",
            "valor": "19969.00",
            "descricao": null
        },
        {
            "codigo": 4583,
            "data": "2019-12-31 00:00:00",
            "valor": "20938.00",
            "descricao": null
        },
        {
            "codigo": 4914,
            "data": "2020-12-31 00:00:00",
            "valor": "20600.00",
            "descricao": null
        },
        {
            "codigo": 5867,
            "data": "2021-12-31 00:00:00",
            "valor": "22606.00",
            "descricao": null
        },
        {
            "codigo": 6470,
            "data": "2022-12-31 00:00:00",
            "valor": "29199.00",
            "descricao": null
        }
    ]
}