{
    "codigo": 5042,
    "nome": "N\u00famero de fam\u00edlias residentes cadastradas no Cadastro \u00danico com renda familiar per capita de at\u00e9 meio sal\u00e1rio m\u00ednimo",
    "descricao": "N\u00famero de fam\u00edlias residentes cadastradas no Cadastro \u00danico com renda familiar per capita de at\u00e9 meio sal\u00e1rio m\u00ednimo - Cidades Sustentaveis",
    "fonte": "Seds",
    "tipoValor": "I",
    "periodicidade": {
        "codigo": 6,
        "descricao": "Anual"
    },
    "tags": [
        {
            "codigo": 1,
            "descricao": "Santos Acolhedora"
        }
    ],
    "secretarias": [
        {
            "codigo": 3299,
            "dado_codigo": 5042,
            "sigla": "SEDS",
            "nome": "SECRETARIA MUNICIPAL DE DESENVOLVIMENTO SOCIAL"
        }
    ],
    "autarquias": [],
    "metas": [
        {
            "codigo": 2,
            "numero": 1,
            "titulo": "Erradica\u00e7\u00e3o da Pobreza",
            "objetivo": "Acabar com a pobreza em todas as suas formas, em todos os lugares",
            "imagem_url": "2.jpg",
            "link": "http://www.agenda2030.org.br/ods/1/"
        }
    ],
    "eixos": [
        {
            "codigo": 6,
            "descricao": "Equidade, Justi\u00e7a Social e Cultura de Paz"
        }
    ],
    "valores": [
        {
            "codigo": 2412,
            "data": "2016-12-31 00:00:00",
            "valor": "13046.00",
            "descricao": null
        },
        {
            "codigo": 2413,
            "data": "2013-12-31 00:00:00",
            "valor": "11101.00",
            "descricao": null
        },
        {
            "codigo": 2414,
            "data": "2017-12-31 00:00:00",
            "valor": "13381.00",
            "descricao": null
        },
        {
            "codigo": 2415,
            "data": "2014-12-31 00:00:00",
            "valor": "11449.00",
            "descricao": null
        },
        {
            "codigo": 2416,
            "data": "2015-12-31 00:00:00",
            "valor": "11848.00",
            "descricao": null
        },
        {
            "codigo": 3562,
            "data": "2018-12-31 00:00:00",
            "valor": "13870.00",
            "descricao": null
        },
        {
            "codigo": 4584,
            "data": "2019-12-31 00:00:00",
            "valor": "14166.00",
            "descricao": null
        },
        {
            "codigo": 4915,
            "data": "2020-12-31 00:00:00",
            "valor": "14156.00",
            "descricao": null
        },
        {
            "codigo": 5868,
            "data": "2021-12-31 00:00:00",
            "valor": "15934.00",
            "descricao": null
        },
        {
            "codigo": 6471,
            "data": "2022-12-31 00:00:00",
            "valor": "21476.00",
            "descricao": null
        }
    ]
}