{
    "codigo": 5043,
    "nome": "N\u00famero total, em quil\u00f4metros quadrados (km\u00b2) de \u00e1rea de florestamento e reflorestamento",
    "descricao": "N\u00famero total, em quil\u00f4metros quadrados (km\u00b2) de \u00e1rea de florestamento e reflorestamento - Cidades Sustent\u00e1veis",
    "fonte": "SEMAM",
    "tipoValor": "D",
    "periodicidade": {
        "codigo": 6,
        "descricao": "Anual"
    },
    "tags": [
        {
            "codigo": 20,
            "descricao": "Santos Sustent\u00e1vel"
        }
    ],
    "secretarias": [
        {
            "codigo": 5767,
            "dado_codigo": 5043,
            "sigla": "SEMAM",
            "nome": "SECRETARIA MUNICIPAL DE MEIO AMBIENTE E BEM-ESTAR ANIMAL"
        }
    ],
    "autarquias": [],
    "metas": [
        {
            "codigo": 16,
            "numero": 15,
            "titulo": "Vida Terrestre",
            "objetivo": "Proteger, recuperar e promover o uso sustent\u00e1vel dos ecossistemas terrestres, gerir de forma sustent\u00e1vel as florestas, combater a desertifica\u00e7\u00e3o, deter e reverter a degrada\u00e7\u00e3o da terra e deter a perda",
            "imagem_url": "16.jpg",
            "link": "http://www.agenda2030.org.br/ods/15/"
        }
    ],
    "eixos": [
        {
            "codigo": 6,
            "descricao": "Equidade, Justi\u00e7a Social e Cultura de Paz"
        }
    ],
    "valores": [
        {
            "codigo": 2417,
            "data": "2013-12-31 00:00:00",
            "valor": "194.63",
            "descricao": null
        },
        {
            "codigo": 2418,
            "data": "2014-12-31 00:00:00",
            "valor": "194.63",
            "descricao": null
        },
        {
            "codigo": 2419,
            "data": "2015-12-31 00:00:00",
            "valor": "194.63",
            "descricao": null
        },
        {
            "codigo": 2420,
            "data": "2016-12-31 00:00:00",
            "valor": "194.63",
            "descricao": null
        },
        {
            "codigo": 2421,
            "data": "2017-12-31 00:00:00",
            "valor": "194.63",
            "descricao": null
        },
        {
            "codigo": 3489,
            "data": "2018-12-31 00:00:00",
            "valor": "194.63",
            "descricao": null
        },
        {
            "codigo": 4222,
            "data": "2019-12-31 00:00:00",
            "valor": "0.00",
            "descricao": null
        },
        {
            "codigo": 4752,
            "data": "2020-12-31 00:00:00",
            "valor": "0.00",
            "descricao": null
        },
        {
            "codigo": 5280,
            "data": "2021-12-31 00:00:00",
            "valor": "0.00",
            "descricao": null
        },
        {
            "codigo": 6167,
            "data": "2022-12-31 00:00:00",
            "valor": "0.05",
            "descricao": null
        },
        {
            "codigo": 7397,
            "data": "2023-12-31 00:00:00",
            "valor": "0.05",
            "descricao": null
        }
    ]
}