{
    "codigo": 5046,
    "nome": "N\u00famero de funcion\u00e1rios p\u00fablicos que sofreram a\u00e7\u00e3o administrativa",
    "descricao": "N\u00famero de funcion\u00e1rios p\u00fablicos que sofreram a\u00e7\u00e3o administrativa - Cidades Sustentaveis",
    "fonte": "OTC",
    "tipoValor": "I",
    "periodicidade": {
        "codigo": 6,
        "descricao": "Anual"
    },
    "tags": [
        {
            "codigo": 18,
            "descricao": "Santos Transparente"
        }
    ],
    "secretarias": [
        {
            "codigo": 2833,
            "dado_codigo": 5046,
            "sigla": "OTC",
            "nome": "OUVIDORIA, TRANSPAR\u00caNCIA E CONTROLE"
        }
    ],
    "autarquias": [],
    "metas": [
        {
            "codigo": 17,
            "numero": 16,
            "titulo": "Paz, Justi\u00e7a e Institui\u00e7\u00f5es Eficazes",
            "objetivo": "Promover sociedades pac\u00edficas e inclusivas para o desenvolvimento sustent\u00e1vel, proporcionar o acesso \u00e0 justi\u00e7a para todos e construir institui\u00e7\u00f5es eficazes, respons\u00e1veis e inclusivas em todos os n\u00edveis",
            "imagem_url": "17.jpg",
            "link": "http://www.agenda2030.org.br/ods/16/"
        }
    ],
    "eixos": [
        {
            "codigo": 4,
            "descricao": "Governan\u00e7a"
        }
    ],
    "valores": [
        {
            "codigo": 2432,
            "data": "2017-12-31 00:00:00",
            "valor": "207.00",
            "descricao": null
        },
        {
            "codigo": 2433,
            "data": "2016-12-31 00:00:00",
            "valor": "64.00",
            "descricao": null
        },
        {
            "codigo": 2434,
            "data": "2015-12-31 00:00:00",
            "valor": "55.00",
            "descricao": null
        },
        {
            "codigo": 2435,
            "data": "2013-12-31 00:00:00",
            "valor": "79.00",
            "descricao": null
        },
        {
            "codigo": 2436,
            "data": "2014-12-31 00:00:00",
            "valor": "74.00",
            "descricao": null
        },
        {
            "codigo": 3692,
            "data": "2018-12-31 00:00:00",
            "valor": "38.00",
            "descricao": null
        },
        {
            "codigo": 4430,
            "data": "2019-12-31 00:00:00",
            "valor": "58.00",
            "descricao": null
        },
        {
            "codigo": 4863,
            "data": "2020-12-31 00:00:00",
            "valor": "33.00",
            "descricao": null
        },
        {
            "codigo": 6050,
            "data": "2021-12-31 00:00:00",
            "valor": "59.00",
            "descricao": null
        },
        {
            "codigo": 6684,
            "data": "2022-12-31 00:00:00",
            "valor": "67.00",
            "descricao": null
        }
    ]
}