{
    "codigo": 5049,
    "nome": "Valor do or\u00e7amento p\u00fablico destinado \u00e0 regenera\u00e7\u00e3o de recursos naturais, ecossistemas e biodiversidade",
    "descricao": "Valor do or\u00e7amento p\u00fablico destinado \u00e0 regenera\u00e7\u00e3o de recursos naturais, ecossistemas e biodiversidade - Cidades Sustentaveis",
    "fonte": "Sefin",
    "tipoValor": "D",
    "periodicidade": {
        "codigo": 6,
        "descricao": "Anual"
    },
    "tags": [
        {
            "codigo": 20,
            "descricao": "Santos Sustent\u00e1vel"
        }
    ],
    "secretarias": [
        {
            "codigo": 4681,
            "dado_codigo": 5049,
            "sigla": "SEFIN",
            "nome": "SECRETARIA MUNICIPAL DE FINAN\u00c7AS E GEST\u00c3O"
        }
    ],
    "autarquias": [],
    "metas": [
        {
            "codigo": 16,
            "numero": 15,
            "titulo": "Vida Terrestre",
            "objetivo": "Proteger, recuperar e promover o uso sustent\u00e1vel dos ecossistemas terrestres, gerir de forma sustent\u00e1vel as florestas, combater a desertifica\u00e7\u00e3o, deter e reverter a degrada\u00e7\u00e3o da terra e deter a perda",
            "imagem_url": "16.jpg",
            "link": "http://www.agenda2030.org.br/ods/15/"
        }
    ],
    "eixos": [
        {
            "codigo": 5,
            "descricao": "Bens Naturais Comuns"
        }
    ],
    "valores": [
        {
            "codigo": 2447,
            "data": "2017-12-31 00:00:00",
            "valor": "20635988.82",
            "descricao": null
        },
        {
            "codigo": 2448,
            "data": "2016-12-31 00:00:00",
            "valor": "23063439.00",
            "descricao": null
        },
        {
            "codigo": 2449,
            "data": "2015-12-31 00:00:00",
            "valor": "24570235.50",
            "descricao": null
        },
        {
            "codigo": 2450,
            "data": "2014-12-31 00:00:00",
            "valor": "22522430.62",
            "descricao": null
        },
        {
            "codigo": 2451,
            "data": "2013-12-31 00:00:00",
            "valor": "20617025.15",
            "descricao": null
        },
        {
            "codigo": 3589,
            "data": "2018-12-31 00:00:00",
            "valor": "10595655.26",
            "descricao": null
        },
        {
            "codigo": 4542,
            "data": "2019-12-31 00:00:00",
            "valor": "8219694.41",
            "descricao": null
        },
        {
            "codigo": 4959,
            "data": "2020-12-31 00:00:00",
            "valor": "7373854.76",
            "descricao": null
        },
        {
            "codigo": 5440,
            "data": "2021-12-31 00:00:00",
            "valor": "6934902.89",
            "descricao": null
        },
        {
            "codigo": 6894,
            "data": "2022-12-31 00:00:00",
            "valor": "11156862.21",
            "descricao": null
        }
    ]
}