{
    "codigo": 5053,
    "nome": "Tipo de impacto ocorrido no munic\u00edpio devido a eventos clim\u00e1ticos extremos",
    "descricao": "Tipo de impacto ocorrido no munic\u00edpio devido a eventos clim\u00e1ticos extremos - Cidades Sustent\u00e1veis - Indicador \"Impactos humanos e materiais dos eventos clim\u00e1ticos extremos\"",
    "fonte": "SESEG - SECRETARIA MUNICIPAL DE SEGURAN\u00c7A / DEPRODEC - DEFESA CIVIL",
    "tipoValor": "T",
    "periodicidade": {
        "codigo": 6,
        "descricao": "Anual"
    },
    "tags": [
        {
            "codigo": 16,
            "descricao": "Santos Segura"
        }
    ],
    "secretarias": [
        {
            "codigo": 779,
            "dado_codigo": 5053,
            "sigla": "SESEG",
            "nome": "SECRETARIA MUNICIPAL DE SEGURAN\u00c7A"
        }
    ],
    "autarquias": [],
    "metas": [
        {
            "codigo": 12,
            "numero": 11,
            "titulo": "Cidades e Comunidades Sustent\u00e1veis",
            "objetivo": "Tornar as cidades e os assentamentos humanos inclusivos, seguros, resilientes e sustent\u00e1veis",
            "imagem_url": "12.jpg",
            "link": "http://www.agenda2030.org.br/ods/11/"
        }
    ],
    "eixos": [
        {
            "codigo": 15,
            "descricao": "Do Local para o Global"
        }
    ],
    "valores": [
        {
            "codigo": 2467,
            "data": "2016-12-31 00:00:00",
            "valor": "0.00",
            "descricao": null
        },
        {
            "codigo": 2468,
            "data": "2017-12-31 00:00:00",
            "valor": "0.00",
            "descricao": null
        },
        {
            "codigo": 2469,
            "data": "2013-12-31 00:00:00",
            "valor": "0.00",
            "descricao": null
        },
        {
            "codigo": 2470,
            "data": "2014-12-31 00:00:00",
            "valor": "0.00",
            "descricao": null
        },
        {
            "codigo": 2471,
            "data": "2015-12-31 00:00:00",
            "valor": "0.00",
            "descricao": null
        },
        {
            "codigo": 3732,
            "data": "2018-12-31 00:00:00",
            "valor": null,
            "descricao": "Remo\u00e7\u00e3o preventiva de moradores em \u00e1reas de risco, impactos materiais (edifica\u00e7\u00f5es e infraestrutura) e impactos financeiros."
        },
        {
            "codigo": 4347,
            "data": "2019-12-31 00:00:00",
            "valor": null,
            "descricao": "Necessidade de remo\u00e7\u00e3o preventiva de moradores em \u00e1reas de risco, impactos materiais (edifica\u00e7\u00f5es e infraestrutura) e impactos financeiros"
        },
        {
            "codigo": 4876,
            "data": "2020-12-31 00:00:00",
            "valor": null,
            "descricao": "Remo\u00e7\u00e3o preventiva de moradores em \u00e1reas de risco, impactos na infraestrutura urbana, impactos materiais (edifica\u00e7\u00f5es e infraestrutura) e impactos financeiros."
        },
        {
            "codigo": 5410,
            "data": "2021-12-31 00:00:00",
            "valor": null,
            "descricao": "Inunda\u00e7\u00e3o mar\u00edtima e alagamentos."
        },
        {
            "codigo": 6603,
            "data": "2022-12-31 00:00:00",
            "valor": null,
            "descricao": "Inunda\u00e7\u00e3o mar\u00edtima e alagamentos."
        }
    ]
}