{
    "codigo": 5055,
    "nome": "Quais foram os impactos materiais devido a eventos clim\u00e1ticos extremos?",
    "descricao": "Quais foram os impactos materiais devido a eventos clim\u00e1ticos extremos? - Cidades Sustent\u00e1veis - Indicador \"Impactos humanos e materiais dos eventos clim\u00e1ticos extremos\"",
    "fonte": "SESEG - SECRETARIA MUNICIPAL DE SEGURAN\u00c7A / DEPRODEC - DEFESA CIVIL",
    "tipoValor": "T",
    "periodicidade": {
        "codigo": 6,
        "descricao": "Anual"
    },
    "tags": [
        {
            "codigo": 16,
            "descricao": "Santos Segura"
        }
    ],
    "secretarias": [
        {
            "codigo": 779,
            "dado_codigo": 5055,
            "sigla": "SESEG",
            "nome": "SECRETARIA MUNICIPAL DE SEGURAN\u00c7A"
        }
    ],
    "autarquias": [],
    "metas": [
        {
            "codigo": 12,
            "numero": 11,
            "titulo": "Cidades e Comunidades Sustent\u00e1veis",
            "objetivo": "Tornar as cidades e os assentamentos humanos inclusivos, seguros, resilientes e sustent\u00e1veis",
            "imagem_url": "12.jpg",
            "link": "http://www.agenda2030.org.br/ods/11/"
        }
    ],
    "eixos": [
        {
            "codigo": 15,
            "descricao": "Do Local para o Global"
        }
    ],
    "valores": [
        {
            "codigo": 2477,
            "data": "2016-12-31 00:00:00",
            "valor": "0.00",
            "descricao": null
        },
        {
            "codigo": 2478,
            "data": "2015-12-31 00:00:00",
            "valor": "0.00",
            "descricao": null
        },
        {
            "codigo": 2479,
            "data": "2013-12-31 00:00:00",
            "valor": "0.00",
            "descricao": null
        },
        {
            "codigo": 2480,
            "data": "2014-12-31 00:00:00",
            "valor": "0.00",
            "descricao": null
        },
        {
            "codigo": 2481,
            "data": "2017-12-31 00:00:00",
            "valor": "0.00",
            "descricao": null
        },
        {
            "codigo": 3734,
            "data": "2018-12-31 00:00:00",
            "valor": null,
            "descricao": "Danos \u00e0 obras de infraestrutura (vias p\u00fablicas, acessos de pedestres, redes de abastecimento, drenagem e esgoto, rede el\u00e9trica, entre outras), estruturas de conten\u00e7\u00e3o e edifica\u00e7\u00f5es."
        },
        {
            "codigo": 4349,
            "data": "2019-12-31 00:00:00",
            "valor": null,
            "descricao": "Danos a obras de infraestrutura (vias p\u00fablicas, acessos de pedestres, redes de abastecimento, drenagem e esgoto, rede el\u00e9trica, entre outras), estruturas de conten\u00e7\u00e3o e edifica\u00e7\u00f5es"
        },
        {
            "codigo": 4878,
            "data": "2020-12-31 00:00:00",
            "valor": null,
            "descricao": "Danos cr\u00edticos de  infraestrutura (vias p\u00fablicas, acessos de pedestres, redes de abastecimento, drenagem e esgoto, rede el\u00e9trica, entre outras), estruturas de conten\u00e7\u00e3o e edifica\u00e7\u00f5es."
        },
        {
            "codigo": 5403,
            "data": "2021-12-31 00:00:00",
            "valor": null,
            "descricao": "Pontos de alagamentos."
        },
        {
            "codigo": 6615,
            "data": "2022-12-31 00:00:00",
            "valor": null,
            "descricao": "Pontos de alagamentos."
        }
    ]
}