{
    "codigo": 5058,
    "nome": "O munic\u00edpio de Santos est\u00e1 participando do Programa Munic\u00edpio VerdeAzul (PMVA)?",
    "descricao": "O munic\u00edpio de Santos est\u00e1 participando do Programa Munic\u00edpio VerdeAzul (PMVA)? - Cidades Sustent\u00e1veis",
    "fonte": "SEMAM",
    "tipoValor": "T",
    "periodicidade": {
        "codigo": 6,
        "descricao": "Anual"
    },
    "tags": [
        {
            "codigo": 20,
            "descricao": "Santos Sustent\u00e1vel"
        }
    ],
    "secretarias": [
        {
            "codigo": 5767,
            "dado_codigo": 5058,
            "sigla": "SEMAM",
            "nome": "SECRETARIA MUNICIPAL DE MEIO AMBIENTE E BEM-ESTAR ANIMAL"
        }
    ],
    "autarquias": [],
    "metas": [
        {
            "codigo": 2,
            "numero": 1,
            "titulo": "Erradica\u00e7\u00e3o da Pobreza",
            "objetivo": "Acabar com a pobreza em todas as suas formas, em todos os lugares",
            "imagem_url": "2.jpg",
            "link": "http://www.agenda2030.org.br/ods/1/"
        },
        {
            "codigo": 3,
            "numero": 2,
            "titulo": "Fome Zero e Agricultura Sustent\u00e1vel",
            "objetivo": "Acabar com a fome, alcan\u00e7ar a seguran\u00e7a alimentar e melhoria da nutri\u00e7\u00e3o e promover a agricultura sustent\u00e1vel",
            "imagem_url": "3.jpg",
            "link": "http://www.agenda2030.org.br/ods/2/"
        },
        {
            "codigo": 4,
            "numero": 3,
            "titulo": "Sa\u00fade e Bem-Estar",
            "objetivo": "Assegurar uma vida saud\u00e1vel e promover o bem-estar para todos, em todas as idades",
            "imagem_url": "4.jpg",
            "link": "http://www.agenda2030.org.br/ods/3/"
        },
        {
            "codigo": 6,
            "numero": 4,
            "titulo": "Educa\u00e7\u00e3o de Qualidade",
            "objetivo": "Assegurar a educa\u00e7\u00e3o inclusiva e equitativa de qualidade, e promover oportunidades de aprendizagem ao longo da vida para todos",
            "imagem_url": "6.jpg",
            "link": "http://www.agenda2030.org.br/ods/4/"
        },
        {
            "codigo": 5,
            "numero": 5,
            "titulo": "Igualdade de G\u00eanero",
            "objetivo": "Alcan\u00e7ar a igualdade de g\u00eanero e empoderar todas as mulheres e meninas",
            "imagem_url": "5.jpg",
            "link": "http://www.agenda2030.org.br/ods/5/"
        },
        {
            "codigo": 7,
            "numero": 6,
            "titulo": "\u00c1gua Pot\u00e1vel e Saneamento",
            "objetivo": "Assegurar a disponibilidade e a gest\u00e3o sustent\u00e1vel da \u00e1gua e saneamento para todos",
            "imagem_url": "7.jpg",
            "link": "http://www.agenda2030.org.br/ods/6/"
        },
        {
            "codigo": 8,
            "numero": 7,
            "titulo": "Energia Acess\u00edvel e Limpa",
            "objetivo": "Assegurar o acesso confi\u00e1vel, sustent\u00e1vel, moderno e a pre\u00e7o acess\u00edvel \u00e0 energia para todos",
            "imagem_url": "8.jpg",
            "link": "http://www.agenda2030.org.br/ods/7/"
        },
        {
            "codigo": 9,
            "numero": 8,
            "titulo": "Trabalho Decente e Crescimento Econ\u00f4mico",
            "objetivo": "Promover o crescimento econ\u00f4mico sustentado, inclusivo e sustent\u00e1vel, o emprego pleno e produtivo e o trabalho decente para todos",
            "imagem_url": "9.jpg",
            "link": "http://www.agenda2030.org.br/ods/8/"
        },
        {
            "codigo": 10,
            "numero": 9,
            "titulo": "Ind\u00fastria, Inova\u00e7\u00e3o e Infraestrutura",
            "objetivo": "Construir infraestruturas resilientes, promover a industrializa\u00e7\u00e3o inclusiva e sustent\u00e1vel e fomentar a inova\u00e7\u00e3o",
            "imagem_url": "10.jpg",
            "link": "http://www.agenda2030.org.br/ods/9/"
        },
        {
            "codigo": 11,
            "numero": 10,
            "titulo": "Redu\u00e7\u00e3o da Desigualdades",
            "objetivo": "Reduzir a desigualdade dentro dos pa\u00edses e entre eles",
            "imagem_url": "11.jpg",
            "link": "http://www.agenda2030.org.br/ods/10/"
        },
        {
            "codigo": 12,
            "numero": 11,
            "titulo": "Cidades e Comunidades Sustent\u00e1veis",
            "objetivo": "Tornar as cidades e os assentamentos humanos inclusivos, seguros, resilientes e sustent\u00e1veis",
            "imagem_url": "12.jpg",
            "link": "http://www.agenda2030.org.br/ods/11/"
        },
        {
            "codigo": 13,
            "numero": 12,
            "titulo": "Consumo e Produ\u00e7\u00e3o Respons\u00e1veis",
            "objetivo": "Assegurar padr\u00f5es de produ\u00e7\u00e3o e de consumo sustent\u00e1veis",
            "imagem_url": "13.jpg",
            "link": "http://www.agenda2030.org.br/ods/12/"
        },
        {
            "codigo": 14,
            "numero": 13,
            "titulo": "A\u00e7\u00e3o Contra a Mudan\u00e7a Global do Clima",
            "objetivo": "Tomar medidas urgentes para combater a mudan\u00e7a do clima e seus impactos*",
            "imagem_url": "14.jpg",
            "link": "http://www.agenda2030.org.br/ods/13/"
        },
        {
            "codigo": 15,
            "numero": 14,
            "titulo": "Vida na \u00c1gua",
            "objetivo": "Conservar e promover o uso sustent\u00e1vel dos oceanos, dos mares e dos recursos marinhos para o desenvolvimento sustent\u00e1vel",
            "imagem_url": "15.jpg",
            "link": "http://www.agenda2030.org.br/ods/14/"
        },
        {
            "codigo": 16,
            "numero": 15,
            "titulo": "Vida Terrestre",
            "objetivo": "Proteger, recuperar e promover o uso sustent\u00e1vel dos ecossistemas terrestres, gerir de forma sustent\u00e1vel as florestas, combater a desertifica\u00e7\u00e3o, deter e reverter a degrada\u00e7\u00e3o da terra e deter a perda",
            "imagem_url": "16.jpg",
            "link": "http://www.agenda2030.org.br/ods/15/"
        },
        {
            "codigo": 17,
            "numero": 16,
            "titulo": "Paz, Justi\u00e7a e Institui\u00e7\u00f5es Eficazes",
            "objetivo": "Promover sociedades pac\u00edficas e inclusivas para o desenvolvimento sustent\u00e1vel, proporcionar o acesso \u00e0 justi\u00e7a para todos e construir institui\u00e7\u00f5es eficazes, respons\u00e1veis e inclusivas em todos os n\u00edveis",
            "imagem_url": "17.jpg",
            "link": "http://www.agenda2030.org.br/ods/16/"
        },
        {
            "codigo": 18,
            "numero": 17,
            "titulo": "Parcerias e Meios de Implementa\u00e7\u00e3o",
            "objetivo": "Fortalecer os meios de implementa\u00e7\u00e3o e revitalizar a parceria global para o desenvolvimento sustent\u00e1vel",
            "imagem_url": "18.jpg",
            "link": "http://www.agenda2030.org.br/ods/17/"
        }
    ],
    "eixos": [
        {
            "codigo": 7,
            "descricao": "Gest\u00e3o Local para a Sustentabilidade"
        }
    ],
    "valores": [
        {
            "codigo": 6319,
            "data": "2022-12-31 00:00:00",
            "valor": null,
            "descricao": "SIM. Desde sua cria\u00e7\u00e3o, em 2007, o munic\u00edpio de Santos participa do Programa Munic\u00edpio VerdeAzul (PMVA). Em 2022 houve o an\u00fancio do Ranking PMVA referente ao Ciclo 2021, e Santos ficou na 6\u00aa coloca\u00e7\u00e3o (a maior classifica\u00e7\u00e3o j\u00e1 obtida pelo munic\u00edpio no PMVA), com 94,55 pontos (a maior pontua\u00e7\u00e3o conquistada pela cidade numa edi\u00e7\u00e3o do Programa).                                                                                                                                                                                                                                  O Programa Munic\u00edpio VerdeAzul (PMVA) foi lan\u00e7ado em 2007 pelo Governo do Estado de S\u00e3o Paulo, por meio da Secretaria de Estado do Meio Ambiente, atual Secretaria de Infraestrutura e Meio Ambiente (SIMA). Tem o inovador prop\u00f3sito de monitorar e apoiar a efici\u00eancia da gest\u00e3o ambiental com a descentraliza\u00e7\u00e3o e valoriza\u00e7\u00e3o da agenda ambiental local, promovida nos munic\u00edpios.\nO principal objetivo do PMVA \u00e9 estimular e auxiliar as prefeituras paulistas na elabora\u00e7\u00e3o e execu\u00e7\u00e3o de suas pol\u00edticas p\u00fablicas estrat\u00e9gicas, em prol do desenvolvimento sustent\u00e1vel no estado de S\u00e3o Paulo."
        },
        {
            "codigo": 7336,
            "data": "2023-12-31 00:00:00",
            "valor": null,
            "descricao": "SIM. Desde sua cria\u00e7\u00e3o, em 2007, o munic\u00edpio de Santos participa do Programa Munic\u00edpio VerdeAzul (PMVA). Em 2023 houve o an\u00fancio do Ranking PMVA, referente ao Ciclo 2022/2023, e Santos ficou na 9\u00aa coloca\u00e7\u00e3o no Grupo Populacional 4, correspondente \u00e0s cidades que possuem entre 100.000 e 499.999 habitantes, com 87,50 pontos. Com este resultado, Santos obteve pelo segundo ciclo ambiental consecutivo, a maior nota dentre as 09 (nove) cidades que integram a Baixada Santista. O Programa Munic\u00edpio VerdeAzul (PMVA) foi lan\u00e7ado em 2007 pelo Governo do Estado de S\u00e3o Paulo, por meio da ent\u00e3o Secretaria de Estado do Meio Ambiente, atual Secretaria de Meio Ambiente, Infraestrutura e Log\u00edstica (SEMIL). Tem o inovador prop\u00f3sito de monitorar e apoiar a efici\u00eancia da gest\u00e3o ambiental com a descentraliza\u00e7\u00e3o e valoriza\u00e7\u00e3o da agenda ambiental local, promovida nos munic\u00edpios. O principal objetivo do PMVA \u00e9 estimular e auxiliar as prefeituras paulistas na elabora\u00e7\u00e3o e execu\u00e7\u00e3o de suas pol\u00edticas p\u00fablicas estrat\u00e9gicas, em prol do desenvolvimento sustent\u00e1vel no estado de S\u00e3o Paulo."
        }
    ]
}