{
    "codigo": 5059,
    "nome": "O munic\u00edpio monitora indicadores de desempenho?",
    "descricao": "O munic\u00edpio monitora indicadores de desempenho? - Cidades Sustentaveis",
    "fonte": "OTC",
    "tipoValor": "T",
    "periodicidade": {
        "codigo": 6,
        "descricao": "Anual"
    },
    "tags": [
        {
            "codigo": 18,
            "descricao": "Santos Transparente"
        }
    ],
    "secretarias": [
        {
            "codigo": 2833,
            "dado_codigo": 5059,
            "sigla": "OTC",
            "nome": "OUVIDORIA, TRANSPAR\u00caNCIA E CONTROLE"
        }
    ],
    "autarquias": [],
    "metas": [
        {
            "codigo": 18,
            "numero": 17,
            "titulo": "Parcerias e Meios de Implementa\u00e7\u00e3o",
            "objetivo": "Fortalecer os meios de implementa\u00e7\u00e3o e revitalizar a parceria global para o desenvolvimento sustent\u00e1vel",
            "imagem_url": "18.jpg",
            "link": "http://www.agenda2030.org.br/ods/17/"
        }
    ],
    "eixos": [
        {
            "codigo": 7,
            "descricao": "Gest\u00e3o Local para a Sustentabilidade"
        }
    ],
    "valores": [
        {
            "codigo": 2497,
            "data": "2015-12-31 00:00:00",
            "valor": "0.00",
            "descricao": "Sim."
        },
        {
            "codigo": 2498,
            "data": "2016-12-31 00:00:00",
            "valor": "0.00",
            "descricao": "Sim."
        },
        {
            "codigo": 2499,
            "data": "2017-12-31 00:00:00",
            "valor": "0.00",
            "descricao": "Sim. \u00c9 realizado monitoramento dos indicadores de desempenho."
        },
        {
            "codigo": 2500,
            "data": "2014-12-31 00:00:00",
            "valor": "0.00",
            "descricao": "Sim."
        },
        {
            "codigo": 2501,
            "data": "2013-12-31 00:00:00",
            "valor": "0.00",
            "descricao": "Sim."
        },
        {
            "codigo": 3436,
            "data": "2018-12-31 00:00:00",
            "valor": null,
            "descricao": "Sim. \u00c9 realizado monitoramento dos indicadores de desempenho."
        },
        {
            "codigo": 4340,
            "data": "2019-12-31 00:00:00",
            "valor": null,
            "descricao": "Sim. \u00c9 realizado monitoramento dos indicadores de desempenho."
        },
        {
            "codigo": 4812,
            "data": "2020-12-31 00:00:00",
            "valor": null,
            "descricao": "Sim, Por meio do pograma PDR"
        },
        {
            "codigo": 6016,
            "data": "2021-12-31 00:00:00",
            "valor": null,
            "descricao": "Sim. Monitora alguns indicadores de desempenho por meio do programa PDR. Al\u00e9m disso, por meio da Plataforma Dados Abertos tamb\u00e9m s\u00e3o acompanhados diversos outros indicadores."
        },
        {
            "codigo": 6719,
            "data": "2022-12-31 00:00:00",
            "valor": null,
            "descricao": "Sim. Monitora alguns indicadores de desempenho por meio do programa PDR. Al\u00e9m disso, por meio da Plataforma Dados Abertos tamb\u00e9m s\u00e3o acompanhados diversos outros indicadores."
        }
    ]
}