{
    "codigo": 5060,
    "nome": "Qual a periodicidade de atualiza\u00e7\u00e3o dos indicadores de desempenho?",
    "descricao": "Qual a periodicidade de atualiza\u00e7\u00e3o dos indicadores de desempenho? - Cidades Sustentaveis",
    "fonte": "OTC",
    "tipoValor": "T",
    "periodicidade": {
        "codigo": 6,
        "descricao": "Anual"
    },
    "tags": [
        {
            "codigo": 18,
            "descricao": "Santos Transparente"
        }
    ],
    "secretarias": [
        {
            "codigo": 2833,
            "dado_codigo": 5060,
            "sigla": "OTC",
            "nome": "OUVIDORIA, TRANSPAR\u00caNCIA E CONTROLE"
        }
    ],
    "autarquias": [],
    "metas": [
        {
            "codigo": 18,
            "numero": 17,
            "titulo": "Parcerias e Meios de Implementa\u00e7\u00e3o",
            "objetivo": "Fortalecer os meios de implementa\u00e7\u00e3o e revitalizar a parceria global para o desenvolvimento sustent\u00e1vel",
            "imagem_url": "18.jpg",
            "link": "http://www.agenda2030.org.br/ods/17/"
        }
    ],
    "eixos": [
        {
            "codigo": 7,
            "descricao": "Gest\u00e3o Local para a Sustentabilidade"
        }
    ],
    "valores": [
        {
            "codigo": 2502,
            "data": "2017-12-31 00:00:00",
            "valor": "0.00",
            "descricao": "A atualiza\u00e7\u00e3o dos indicadores \u00e9 mensal."
        },
        {
            "codigo": 2503,
            "data": "2014-12-31 00:00:00",
            "valor": "0.00",
            "descricao": "Mensal."
        },
        {
            "codigo": 2504,
            "data": "2013-12-31 00:00:00",
            "valor": "0.00",
            "descricao": "Mensal."
        },
        {
            "codigo": 2505,
            "data": "2015-12-31 00:00:00",
            "valor": "0.00",
            "descricao": "Mensal."
        },
        {
            "codigo": 2506,
            "data": "2016-12-31 00:00:00",
            "valor": "0.00",
            "descricao": "Mensal."
        },
        {
            "codigo": 3444,
            "data": "2018-12-31 00:00:00",
            "valor": null,
            "descricao": "A atualiza\u00e7\u00e3o dos indicadores \u00e9 mensal."
        },
        {
            "codigo": 4341,
            "data": "2019-12-31 00:00:00",
            "valor": null,
            "descricao": "A atualiza\u00e7\u00e3o dos indicadores \u00e9 mensal."
        },
        {
            "codigo": 4804,
            "data": "2020-12-31 00:00:00",
            "valor": null,
            "descricao": "A atualiza\u00e7\u00e3o dos indicadores \u00e9 mensal."
        },
        {
            "codigo": 6020,
            "data": "2021-12-31 00:00:00",
            "valor": null,
            "descricao": "No m\u00ednimo mensal."
        },
        {
            "codigo": 6641,
            "data": "2022-12-31 00:00:00",
            "valor": null,
            "descricao": "No m\u00ednimo mensal."
        }
    ]
}