{
    "codigo": 5061,
    "nome": "Os indicadores de desempenho est\u00e3o dispon\u00edveis na p\u00e1gina da prefeitura? Qual o link de acesso?",
    "descricao": "Os indicadores de desempenho est\u00e3o dispon\u00edveis na p\u00e1gina da prefeitura? Qual o link de acesso? - Cidades Sustentaveis",
    "fonte": "OTC",
    "tipoValor": "T",
    "periodicidade": {
        "codigo": 6,
        "descricao": "Anual"
    },
    "tags": [
        {
            "codigo": 18,
            "descricao": "Santos Transparente"
        }
    ],
    "secretarias": [
        {
            "codigo": 2833,
            "dado_codigo": 5061,
            "sigla": "OTC",
            "nome": "OUVIDORIA, TRANSPAR\u00caNCIA E CONTROLE"
        }
    ],
    "autarquias": [],
    "metas": [
        {
            "codigo": 18,
            "numero": 17,
            "titulo": "Parcerias e Meios de Implementa\u00e7\u00e3o",
            "objetivo": "Fortalecer os meios de implementa\u00e7\u00e3o e revitalizar a parceria global para o desenvolvimento sustent\u00e1vel",
            "imagem_url": "18.jpg",
            "link": "http://www.agenda2030.org.br/ods/17/"
        }
    ],
    "eixos": [
        {
            "codigo": 7,
            "descricao": "Gest\u00e3o Local para a Sustentabilidade"
        }
    ],
    "valores": [
        {
            "codigo": 2507,
            "data": "2016-12-31 00:00:00",
            "valor": "0.00",
            "descricao": "Sim. Segue link de acesso: www.santos.sp.gov.br/indicameta."
        },
        {
            "codigo": 2508,
            "data": "2014-12-31 00:00:00",
            "valor": "0.00",
            "descricao": "Sim. Segue link de acesso: http://www.santos.sp.gov.br/cidadeaberta."
        },
        {
            "codigo": 2509,
            "data": "2013-12-31 00:00:00",
            "valor": "0.00",
            "descricao": "Sim. Segue link de acesso: http://www.santos.sp.gov.br/cidadeaberta."
        },
        {
            "codigo": 2510,
            "data": "2017-12-31 00:00:00",
            "valor": "0.00",
            "descricao": "Sim, os indicadores de desempenho est\u00e3o dispon\u00edveis no site da Prefeitura por meio do link www.santos.sp.gov.br/indicameta."
        },
        {
            "codigo": 2511,
            "data": "2015-12-31 00:00:00",
            "valor": "0.00",
            "descricao": "Sim. Segue link de acesso: http://www.santos.sp.gov.br/cidadeaberta."
        },
        {
            "codigo": 3440,
            "data": "2018-12-31 00:00:00",
            "valor": null,
            "descricao": "Sim, os indicadores de desempenho est\u00e3o dispon\u00edveis no site da Prefeitura por meio do link www.santos.sp.gov.br/indicameta."
        },
        {
            "codigo": 4519,
            "data": "2019-12-31 00:00:00",
            "valor": null,
            "descricao": "Sim, os indicadores de desempenho est\u00e3o dispon\u00edveis no site da Prefeitura por meio do link www.santos.sp.gov.br/indicameta."
        },
        {
            "codigo": 4808,
            "data": "2020-12-31 00:00:00",
            "valor": null,
            "descricao": "Sim, os indicadores de desempenho est\u00e3o dispon\u00edveis no site da Prefeitura por meio do link www.santos.sp.gov.br/indicameta."
        },
        {
            "codigo": 6027,
            "data": "2021-12-31 00:00:00",
            "valor": null,
            "descricao": "Sim. Os indicadores de desempenho do programa PDR est\u00e3o dispon\u00edveis no site da Prefeitura por meio do link www.santos.sp.gov.br/indicameta . Os indicadores de desempenho da plataforma Dados Abertos est\u00e3o disponibilizados neste Portal."
        },
        {
            "codigo": 6724,
            "data": "2022-12-31 00:00:00",
            "valor": null,
            "descricao": "Sim. Os indicadores de desempenho do programa PDR est\u00e3o dispon\u00edveis no site da Prefeitura por meio do link www.santos.sp.gov.br/indicameta . Os indicadores de desempenho da plataforma Dados Abertos est\u00e3o disponibilizados neste Portal."
        }
    ]
}