{
    "codigo": 5065,
    "nome": "N\u00famero de interna\u00e7\u00f5es hospitalares por doen\u00e7as cr\u00f4nicas selecionadas (doen\u00e7as cardiovasculares, doen\u00e7as respirat\u00f3rias, neoplasias, diabetes mellitus)",
    "descricao": "N\u00famero de interna\u00e7\u00f5es hospitalares por doen\u00e7as cr\u00f4nicas selecionadas (doen\u00e7as cardiovasculares, doen\u00e7as respirat\u00f3rias, neoplasias, diabetes mellitus) - Cidades Sustentaveis",
    "fonte": "Sms",
    "tipoValor": "I",
    "periodicidade": {
        "codigo": 6,
        "descricao": "Anual"
    },
    "tags": [
        {
            "codigo": 17,
            "descricao": "Santos Saud\u00e1vel"
        }
    ],
    "secretarias": [
        {
            "codigo": 3399,
            "dado_codigo": 5065,
            "sigla": "SMS",
            "nome": "SECRETARIA MUNICIPAL DE SA\u00daDE"
        }
    ],
    "autarquias": [],
    "metas": [
        {
            "codigo": 4,
            "numero": 3,
            "titulo": "Sa\u00fade e Bem-Estar",
            "objetivo": "Assegurar uma vida saud\u00e1vel e promover o bem-estar para todos, em todas as idades",
            "imagem_url": "4.jpg",
            "link": "http://www.agenda2030.org.br/ods/3/"
        }
    ],
    "eixos": [
        {
            "codigo": 14,
            "descricao": "A\u00e7\u00e3o Local para a Sa\u00fade"
        }
    ],
    "valores": [
        {
            "codigo": 2527,
            "data": "2014-12-31 00:00:00",
            "valor": "4230.00",
            "descricao": null
        },
        {
            "codigo": 2528,
            "data": "2015-12-31 00:00:00",
            "valor": "4891.00",
            "descricao": null
        },
        {
            "codigo": 2529,
            "data": "2017-12-31 00:00:00",
            "valor": "3730.00",
            "descricao": null
        },
        {
            "codigo": 2530,
            "data": "2016-12-31 00:00:00",
            "valor": "4174.00",
            "descricao": null
        },
        {
            "codigo": 2531,
            "data": "2013-12-31 00:00:00",
            "valor": "4110.00",
            "descricao": null
        },
        {
            "codigo": 3418,
            "data": "2018-12-31 00:00:00",
            "valor": "3586.00",
            "descricao": null
        },
        {
            "codigo": 4068,
            "data": "2019-12-31 00:00:00",
            "valor": "3372.00",
            "descricao": null
        },
        {
            "codigo": 4682,
            "data": "2020-12-31 00:00:00",
            "valor": "2831.00",
            "descricao": null
        },
        {
            "codigo": 5758,
            "data": "2021-12-31 00:00:00",
            "valor": "3424.00",
            "descricao": null
        },
        {
            "codigo": 6530,
            "data": "2022-12-31 00:00:00",
            "valor": "3976.00",
            "descricao": null
        }
    ]
}