{
    "codigo": 5066,
    "nome": "Or\u00e7amento municipal destinado \u00e0 sa\u00fade aplicado em programas de sa\u00fade preventiva",
    "descricao": "Or\u00e7amento municipal destinado \u00e0 sa\u00fade aplicado em programas de sa\u00fade preventiva - Cidades Sustentaveis",
    "fonte": "Sms",
    "tipoValor": "D",
    "periodicidade": {
        "codigo": 6,
        "descricao": "Anual"
    },
    "tags": [
        {
            "codigo": 17,
            "descricao": "Santos Saud\u00e1vel"
        }
    ],
    "secretarias": [
        {
            "codigo": 3399,
            "dado_codigo": 5066,
            "sigla": "SMS",
            "nome": "SECRETARIA MUNICIPAL DE SA\u00daDE"
        }
    ],
    "autarquias": [],
    "metas": [
        {
            "codigo": 4,
            "numero": 3,
            "titulo": "Sa\u00fade e Bem-Estar",
            "objetivo": "Assegurar uma vida saud\u00e1vel e promover o bem-estar para todos, em todas as idades",
            "imagem_url": "4.jpg",
            "link": "http://www.agenda2030.org.br/ods/3/"
        }
    ],
    "eixos": [
        {
            "codigo": 14,
            "descricao": "A\u00e7\u00e3o Local para a Sa\u00fade"
        }
    ],
    "valores": [
        {
            "codigo": 2532,
            "data": "2017-12-31 00:00:00",
            "valor": "0.00",
            "descricao": null
        },
        {
            "codigo": 2533,
            "data": "2015-12-31 00:00:00",
            "valor": "0.00",
            "descricao": null
        },
        {
            "codigo": 2534,
            "data": "2014-12-31 00:00:00",
            "valor": "0.00",
            "descricao": null
        },
        {
            "codigo": 2535,
            "data": "2013-12-31 00:00:00",
            "valor": "0.00",
            "descricao": null
        },
        {
            "codigo": 2536,
            "data": "2016-12-31 00:00:00",
            "valor": "0.00",
            "descricao": null
        },
        {
            "codigo": 3457,
            "data": "2018-12-31 00:00:00",
            "valor": "0.00",
            "descricao": null
        },
        {
            "codigo": 4074,
            "data": "2019-12-31 00:00:00",
            "valor": "0.00",
            "descricao": null
        },
        {
            "codigo": 4683,
            "data": "2020-12-31 00:00:00",
            "valor": "0.00",
            "descricao": null
        },
        {
            "codigo": 5759,
            "data": "2021-12-31 00:00:00",
            "valor": "0.00",
            "descricao": null
        },
        {
            "codigo": 6559,
            "data": "2022-12-31 00:00:00",
            "valor": "0.00",
            "descricao": null
        }
    ]
}