{
    "codigo": 5067,
    "nome": "Valor do investimento p\u00fablico em infraestrutura",
    "descricao": "Valor do investimento p\u00fablico em infraestrutura - Cidades Sustentaveis",
    "fonte": "Sefin",
    "tipoValor": "D",
    "periodicidade": {
        "codigo": 6,
        "descricao": "Anual"
    },
    "tags": [
        {
            "codigo": 4,
            "descricao": "Santos Eficiente"
        }
    ],
    "secretarias": [
        {
            "codigo": 4681,
            "dado_codigo": 5067,
            "sigla": "SEFIN",
            "nome": "SECRETARIA MUNICIPAL DE FINAN\u00c7AS E GEST\u00c3O"
        }
    ],
    "autarquias": [],
    "metas": [
        {
            "codigo": 10,
            "numero": 9,
            "titulo": "Ind\u00fastria, Inova\u00e7\u00e3o e Infraestrutura",
            "objetivo": "Construir infraestruturas resilientes, promover a industrializa\u00e7\u00e3o inclusiva e sustent\u00e1vel e fomentar a inova\u00e7\u00e3o",
            "imagem_url": "10.jpg",
            "link": "http://www.agenda2030.org.br/ods/9/"
        }
    ],
    "eixos": [
        {
            "codigo": 11,
            "descricao": "Economia Local, Din\u00e2mica, Criativa e Sustent\u00e1vel"
        }
    ],
    "valores": [
        {
            "codigo": 2537,
            "data": "2013-12-31 00:00:00",
            "valor": "24493505.71",
            "descricao": null
        },
        {
            "codigo": 2538,
            "data": "2016-12-31 00:00:00",
            "valor": "30053310.00",
            "descricao": null
        },
        {
            "codigo": 2539,
            "data": "2014-12-31 00:00:00",
            "valor": "46033903.60",
            "descricao": null
        },
        {
            "codigo": 2540,
            "data": "2017-12-31 00:00:00",
            "valor": "34711122.86",
            "descricao": null
        },
        {
            "codigo": 2541,
            "data": "2015-12-31 00:00:00",
            "valor": "47167757.27",
            "descricao": null
        },
        {
            "codigo": 3590,
            "data": "2018-12-31 00:00:00",
            "valor": "17569932.72",
            "descricao": null
        },
        {
            "codigo": 4543,
            "data": "2019-12-31 00:00:00",
            "valor": "141387614.93",
            "descricao": null
        },
        {
            "codigo": 4961,
            "data": "2020-12-31 00:00:00",
            "valor": "121859404.87",
            "descricao": null
        },
        {
            "codigo": 5450,
            "data": "2021-12-31 00:00:00",
            "valor": "72285330.59",
            "descricao": null
        },
        {
            "codigo": 6902,
            "data": "2022-12-31 00:00:00",
            "valor": "22571841.08",
            "descricao": null
        }
    ]
}