{
    "codigo": 5069,
    "nome": "N\u00famero total de jovens de 15 a 24 anos de idade",
    "descricao": "N\u00famero total de jovens de 15 a 24 anos de idade (57.502) - Cidades Sustentaveis",
    "fonte": "SEPORTE",
    "tipoValor": "I",
    "periodicidade": {
        "codigo": 6,
        "descricao": "Anual"
    },
    "tags": [
        {
            "codigo": 4,
            "descricao": "Santos Eficiente"
        }
    ],
    "secretarias": [
        {
            "codigo": 5939,
            "dado_codigo": 5069,
            "sigla": "SEPORTE",
            "nome": "SECRETARIA MUNICIPAL DE ASSUNTOS PORTU\u00c1RIOS E EMPREGO"
        }
    ],
    "autarquias": [],
    "metas": [
        {
            "codigo": 9,
            "numero": 8,
            "titulo": "Trabalho Decente e Crescimento Econ\u00f4mico",
            "objetivo": "Promover o crescimento econ\u00f4mico sustentado, inclusivo e sustent\u00e1vel, o emprego pleno e produtivo e o trabalho decente para todos",
            "imagem_url": "9.jpg",
            "link": "http://www.agenda2030.org.br/ods/8/"
        }
    ],
    "eixos": [
        {
            "codigo": 11,
            "descricao": "Economia Local, Din\u00e2mica, Criativa e Sustent\u00e1vel"
        }
    ],
    "valores": [
        {
            "codigo": 2547,
            "data": "2013-12-31 00:00:00",
            "valor": "58208.00",
            "descricao": null
        },
        {
            "codigo": 2548,
            "data": "2014-12-31 00:00:00",
            "valor": "58208.00",
            "descricao": null
        },
        {
            "codigo": 2549,
            "data": "2015-12-31 00:00:00",
            "valor": "58208.00",
            "descricao": null
        },
        {
            "codigo": 2550,
            "data": "2016-12-31 00:00:00",
            "valor": "58208.00",
            "descricao": null
        },
        {
            "codigo": 2551,
            "data": "2017-12-31 00:00:00",
            "valor": "58208.00",
            "descricao": null
        },
        {
            "codigo": 3856,
            "data": "2018-12-31 00:00:00",
            "valor": "58208.00",
            "descricao": null
        },
        {
            "codigo": 4313,
            "data": "2019-12-31 00:00:00",
            "valor": "58208.00",
            "descricao": null
        },
        {
            "codigo": 5163,
            "data": "2020-12-31 00:00:00",
            "valor": "58208.00",
            "descricao": null
        },
        {
            "codigo": 6792,
            "data": "2022-12-31 00:00:00",
            "valor": "58186.00",
            "descricao": null
        }
    ]
}