{
    "codigo": 5070,
    "nome": "O munic\u00edpio possui legisla\u00e7\u00e3o espec\u00edfica para tratar da quest\u00e3o ambiental? Qual?",
    "descricao": "O munic\u00edpio possui legisla\u00e7\u00e3o espec\u00edfica para tratar da quest\u00e3o ambiental? Qual? - Cidades Sustentaveis",
    "fonte": "SEMAM",
    "tipoValor": "T",
    "periodicidade": {
        "codigo": 6,
        "descricao": "Anual"
    },
    "tags": [
        {
            "codigo": 20,
            "descricao": "Santos Sustent\u00e1vel"
        }
    ],
    "secretarias": [
        {
            "codigo": 5767,
            "dado_codigo": 5070,
            "sigla": "SEMAM",
            "nome": "SECRETARIA MUNICIPAL DE MEIO AMBIENTE E BEM-ESTAR ANIMAL"
        }
    ],
    "autarquias": [],
    "metas": [
        {
            "codigo": 7,
            "numero": 6,
            "titulo": "\u00c1gua Pot\u00e1vel e Saneamento",
            "objetivo": "Assegurar a disponibilidade e a gest\u00e3o sustent\u00e1vel da \u00e1gua e saneamento para todos",
            "imagem_url": "7.jpg",
            "link": "http://www.agenda2030.org.br/ods/6/"
        },
        {
            "codigo": 11,
            "numero": 10,
            "titulo": "Redu\u00e7\u00e3o da Desigualdades",
            "objetivo": "Reduzir a desigualdade dentro dos pa\u00edses e entre eles",
            "imagem_url": "11.jpg",
            "link": "http://www.agenda2030.org.br/ods/10/"
        },
        {
            "codigo": 12,
            "numero": 11,
            "titulo": "Cidades e Comunidades Sustent\u00e1veis",
            "objetivo": "Tornar as cidades e os assentamentos humanos inclusivos, seguros, resilientes e sustent\u00e1veis",
            "imagem_url": "12.jpg",
            "link": "http://www.agenda2030.org.br/ods/11/"
        },
        {
            "codigo": 13,
            "numero": 12,
            "titulo": "Consumo e Produ\u00e7\u00e3o Respons\u00e1veis",
            "objetivo": "Assegurar padr\u00f5es de produ\u00e7\u00e3o e de consumo sustent\u00e1veis",
            "imagem_url": "13.jpg",
            "link": "http://www.agenda2030.org.br/ods/12/"
        },
        {
            "codigo": 14,
            "numero": 13,
            "titulo": "A\u00e7\u00e3o Contra a Mudan\u00e7a Global do Clima",
            "objetivo": "Tomar medidas urgentes para combater a mudan\u00e7a do clima e seus impactos*",
            "imagem_url": "14.jpg",
            "link": "http://www.agenda2030.org.br/ods/13/"
        },
        {
            "codigo": 15,
            "numero": 14,
            "titulo": "Vida na \u00c1gua",
            "objetivo": "Conservar e promover o uso sustent\u00e1vel dos oceanos, dos mares e dos recursos marinhos para o desenvolvimento sustent\u00e1vel",
            "imagem_url": "15.jpg",
            "link": "http://www.agenda2030.org.br/ods/14/"
        },
        {
            "codigo": 16,
            "numero": 15,
            "titulo": "Vida Terrestre",
            "objetivo": "Proteger, recuperar e promover o uso sustent\u00e1vel dos ecossistemas terrestres, gerir de forma sustent\u00e1vel as florestas, combater a desertifica\u00e7\u00e3o, deter e reverter a degrada\u00e7\u00e3o da terra e deter a perda",
            "imagem_url": "16.jpg",
            "link": "http://www.agenda2030.org.br/ods/15/"
        },
        {
            "codigo": 17,
            "numero": 16,
            "titulo": "Paz, Justi\u00e7a e Institui\u00e7\u00f5es Eficazes",
            "objetivo": "Promover sociedades pac\u00edficas e inclusivas para o desenvolvimento sustent\u00e1vel, proporcionar o acesso \u00e0 justi\u00e7a para todos e construir institui\u00e7\u00f5es eficazes, respons\u00e1veis e inclusivas em todos os n\u00edveis",
            "imagem_url": "17.jpg",
            "link": "http://www.agenda2030.org.br/ods/16/"
        },
        {
            "codigo": 18,
            "numero": 17,
            "titulo": "Parcerias e Meios de Implementa\u00e7\u00e3o",
            "objetivo": "Fortalecer os meios de implementa\u00e7\u00e3o e revitalizar a parceria global para o desenvolvimento sustent\u00e1vel",
            "imagem_url": "18.jpg",
            "link": "http://www.agenda2030.org.br/ods/17/"
        }
    ],
    "eixos": [
        {
            "codigo": 5,
            "descricao": "Bens Naturais Comuns"
        }
    ],
    "valores": [
        {
            "codigo": 2552,
            "data": "2016-12-31 00:00:00",
            "valor": "0.00",
            "descricao": "Lei Org\u00e2nica do Munic\u00edpio, Plano Diretor - Lei Complementar n.\u00ba 821, de 27 de dezembro de 2013, Leis de Uso e ocupa\u00e7\u00e3o do Solo \u2013 Lei Complementar 729/2013 e Lei Complementar 730/2013, Lei Complementar n\u00b0 952, de 30 de dezembro de 2016, Lei n\u00b0 3297, de 29 de setembro de 2016, Lei n\u00b0 2521, de 07 de janeiro de 2008, Lei n\u00b0 2458, de 12 de junho de 2007, Lei n\u00ba 13.576, de 06 de Julho De 2009 - Res\u00edduo eletr\u00f4nico, Lei Complementar n\u00ba 719 de 27 de abril de 2011, Lei n\u00b0 1668 - de 9 de abril de 1998, Lei Complementar n\u00ba 817 de 10 de dezembro de 2013, Lei Municipal 3531/68 \u2013 C\u00f3digo de Posturas do Munic\u00edpio, Lei Complementar 84/93 \u2013 C\u00f3digo de Edifica\u00e7\u00f5es, Lei Complementar n\u00ba 793 de 14 de Janeiro De 201, etc."
        },
        {
            "codigo": 2553,
            "data": "2017-12-31 00:00:00",
            "valor": "0.00",
            "descricao": "Sim. No ano de 2017 foram publicadas as seguintes legisla\u00e7\u00f5es: Em 13 de janeiro de 2017 foi institu\u00edda a Lei Complementar n\u00ba. 3.348, que estipula diretrizes para formula\u00e7\u00e3o do Programa de Alerta e Prepara\u00e7\u00e3o para Emerg\u00eancia no Munic\u00edpio de Santos (PAPES). Em 19 de junho de 2017 foi sancionada a Lei Complementar n\u00ba. 3.364, que institui o servi\u00e7o de Disque Den\u00fancia de Maus Tratos e Abandono de Animais, no \u00e2mbito do Munic\u00edpio de Santos. Em 04 de julho de 2017 foi sancionado o Decreto n\u00ba. 7.800, que regulamenta a Lei Complementar n\u00ba. 952, de 30 de dezembro de 2016, que disciplina o Gerenciamento de Res\u00edduos S\u00f3lidos no munic\u00edpio de Santos, instituindo o Programa de Coleta Seletiva Solid\u00e1ria \u201cRecicla Santos\u201d. No mesmo dia, tamb\u00e9m foi institu\u00eddo o Decreto n\u00ba. 7.801, que regulamenta o artigo 6\u00ba da Lei 2.575, de 14 de outubro de 2008, que institui o Programa Socio-Ambiental de apoio \u00e0s Organiza\u00e7\u00f5es Cooperadas de Catadores de Material Recicl\u00e1vel em Santos. Em 06 de julho de 2017 foi sancionado o Decreto n\u00ba. 7.804, que disp\u00f5e sobre a vig\u00eancia e a organiza\u00e7\u00e3o do Plano Municipal de Conting\u00eancia para Ressacas e Inunda\u00e7\u00f5es no munic\u00edpio de Santos. Em 25 de agosto de 2017 foi sancionado o Decreto n\u00ba. 973, que disp\u00f5e sobre o Manejo da Vegeta\u00e7\u00e3o de Porte Arb\u00f3reo no munic\u00edpio."
        },
        {
            "codigo": 2554,
            "data": "2015-12-31 00:00:00",
            "valor": "0.00",
            "descricao": "Lei Org\u00e2nica do Munic\u00edpio. Plano Diretor - Lei Complementar n.\u00ba 821, de 27 de dezembro de 2013, Leis de Uso e ocupa\u00e7\u00e3o do Solo \u2013 Lei Complementar 729/2013 e Lei Complementar 730/2013, Lei Complementar n\u00b0 952, de 30 de dezembro de 2016, Lei n\u00b0 2521, de 07 de janeiro de 2008, Lei n\u00b0 2458, de 12 de junho de 2007, Lei n\u00ba 13.576, de 06 de Julho De 2009 - Res\u00edduo eletr\u00f4nico, Lei Complementar n\u00ba 719 de 27 de abril de 2011, Lei n\u00b0 1668 - de 9 de abril de 1998, Lei Complementar n\u00ba 817 de 10 de dezembro de 2013, Lei Municipal 3531/68 \u2013 C\u00f3digo de Posturas do Munic\u00edpio, Lei Complementar 84/93 \u2013 C\u00f3digo de Edifica\u00e7\u00f5es, Lei Complementar n\u00ba 793 de 14 de Janeiro De 2013, etc."
        },
        {
            "codigo": 2555,
            "data": "2013-12-31 00:00:00",
            "valor": "0.00",
            "descricao": "Lei Org\u00e2nica do Munic\u00edpio. Plano Diretor - Lei Complementar n.\u00ba 821, de 27 de dezembro de 2013, Leis de Uso e ocupa\u00e7\u00e3o do Solo \u2013 Lei Complementar 729/2013 e Lei Complementar 730/2013, Lei Complementar n\u00b0 952, de 30 de dezembro de 2016, Lei n\u00b0 2521, de 07 de janeiro de 2008, Lei n\u00b0 2458, de 12 de junho de 2007, Lei n\u00ba 13.576, de 06 de Julho De 2009 - Res\u00edduo eletr\u00f4nico, Lei Complementar n\u00ba 719 de 27 de abril de 2011, Lei n\u00b0 1668 - de 9 de abril de 1998, Lei Complementar n\u00ba 817 de 10 de dezembro de 2013, Lei Municipal 3531/68 \u2013 C\u00f3digo de Posturas do Munic\u00edpio, Lei Complementar 84/93 \u2013 C\u00f3digo de Edifica\u00e7\u00f5es, Lei Complementar n\u00ba 793 de 14 de Janeiro De 2013, etc."
        },
        {
            "codigo": 2556,
            "data": "2014-12-31 00:00:00",
            "valor": "0.00",
            "descricao": "Lei Org\u00e2nica do Munic\u00edpio. Plano Diretor - Lei Complementar n.\u00ba 821, de 27 de dezembro de 2013, Leis de Uso e ocupa\u00e7\u00e3o do Solo \u2013 Lei Complementar 729/2013 e Lei Complementar 730/2013, Lei Complementar n\u00b0 952, de 30 de dezembro de 2016, Lei n\u00b0 2521, de 07 de janeiro de 2008, Lei n\u00b0 2458, de 12 de junho de 2007, Lei n\u00ba 13.576, de 06 de Julho De 2009 - Res\u00edduo eletr\u00f4nico, Lei Complementar n\u00ba 719 de 27 de abril de 2011, Lei n\u00b0 1668 - de 9 de abril de 1998, Lei Complementar n\u00ba 817 de 10 de dezembro de 2013, Lei Municipal 3531/68 \u2013 C\u00f3digo de Posturas do Munic\u00edpio, Lei Complementar 84/93 \u2013 C\u00f3digo de Edifica\u00e7\u00f5es, Lei Complementar n\u00ba 793 de 14 de Janeiro De 2013, etc."
        },
        {
            "codigo": 3492,
            "data": "2018-12-31 00:00:00",
            "valor": null,
            "descricao": "Sim. Em 05 de abril de 2018 foi institu\u00edda 13 de janeiro de 2017 foi institu\u00edda a Lei Complementar n\u00ba. 993, que disp\u00f5e sobre a Reutiliza\u00e7\u00e3o de Alimentos para fins de Doa\u00e7\u00e3o Gratuita. Em 18 de abril de 2018 foi sancionada a Lei Complementar n\u00ba. 996, que altera e acresce dispositivos da Lei N\u00ba 3.531, de 16 de abril de 1968 (institui o C\u00f3digo de Posturas do Munic\u00edpio de Santos), proibindo o tr\u00e2nsito de ve\u00edculos, sejam eles motorizados ou n\u00e3o, transportando cargas vivas nas \u00e1reas urbanas e de expans\u00e3o urbana do munic\u00edpio de Santos. Em 16 de julho de 2018 foi sancionada a Lei Complementar n\u00ba. 1.005, que institui o Plano Diretor de Desenvolvimento e Expans\u00e3o Urbana do Munic\u00edpio de Santos. Em 31 de julho de 2018 foi sancionada a Lei Complementar n\u00ba. 1.010, que altera e acrescenta dispositivos da Lei n\u00ba. 3.531, de 16 de abril de 1968, que institui o C\u00f3digo de Posturas do Munic\u00edpio de Santos (pro\u00edbe o fornecimento aos clientes de canudos de pl\u00e1stico pelos restaurantes, caf\u00e9s, bares e estabelecimentos cong\u00eaneres). Em 11 de setembro de 2018 foi sancionada a Lei n\u00ba. 3.451, que disp\u00f5e sobre a Utiliza\u00e7\u00e3o de material recicl\u00e1vel nas decora\u00e7\u00f5es promovidas pelo Poder P\u00fablico nas datas comemorativas. No mesmo dia, tamb\u00e9m foi institu\u00edda a Lei n\u00ba. 3.452, que disp\u00f5e sobre as Brigadas Escolares, o Enfrentamento de Situa\u00e7\u00f5es Emergenciais e/ou Desastres a partir da Comunidade Escolar."
        },
        {
            "codigo": 4230,
            "data": "2019-12-31 00:00:00",
            "valor": null,
            "descricao": "Sim. Em 13 de janeiro de 2017 foi institu\u00edda a Lei Complementar n\u00ba. 3.348, que estipula diretrizes para formula\u00e7\u00e3o do Programa de Alerta e Prepara\u00e7\u00e3o para Emerg\u00eancia no Munic\u00edpio de Santos (PAPES). Em 19 de junho de 2017 foi sancionada a Lei Complementar n\u00ba. 3.364, que institui o servi\u00e7o de Disque Den\u00fancia de Maus Tratos e Abandono de Animais, no \u00e2mbito do Munic\u00edpio de Santos. Em 04 de julho de 2017 foi sancionado o Decreto n\u00ba. 7.800, que regulamenta a Lei Complementar n\u00ba. 952, de 30 de dezembro de 2016, que disciplina o Gerenciamento de Res\u00edduos S\u00f3lidos no munic\u00edpio de Santos, instituindo o Programa de Coleta Seletiva Solid\u00e1ria \u201cRecicla Santos\u201d. No mesmo dia, tamb\u00e9m foi institu\u00eddo o Decreto n\u00ba. 7.801, que regulamenta o artigo 6\u00ba da Lei 2.575, de 14 de outubro de 2008, que institui o Programa Socio-Ambiental de apoio \u00e0s Organiza\u00e7\u00f5es Cooperadas de Catadores de Material Recicl\u00e1vel em Santos. Em 06 de julho de 2017 foi sancionado o Decreto n\u00ba. 7.804, que disp\u00f5e sobre a vig\u00eancia e a organiza\u00e7\u00e3o do Plano Municipal de Conting\u00eancia para Ressacas e Inunda\u00e7\u00f5es no munic\u00edpio de Santos. Em 25 de agosto de 2017 foi sancionado o Decreto n\u00ba. 973, que disp\u00f5e sobre o Manejo da Vegeta\u00e7\u00e3o de Porte Arb\u00f3reo no munic\u00edpio. Em 05 de abril de 2018 foi institu\u00edda 13 de janeiro de 2017 foi institu\u00edda a Lei Complementar n\u00ba. 993, que disp\u00f5e sobre a Reutiliza\u00e7\u00e3o de Alimentos para fins de Doa\u00e7\u00e3o Gratuita. Em 18 de abril de 2018 foi sancionada a Lei Complementar n\u00ba. 996, que altera e acresce dispositivos da Lei N\u00ba 3.531, de 16 de abril de 1968 (institui o C\u00f3digo de Posturas do Munic\u00edpio de Santos), proibindo o tr\u00e2nsito de ve\u00edculos, sejam eles motorizados ou n\u00e3o, transportando cargas vivas nas \u00e1reas urbanas e de expans\u00e3o urbana do munic\u00edpio de Santos. Em 16 de julho de 2018 foi sancionada a Lei Complementar n\u00ba. 1.005, que institui o Plano Diretor de Desenvolvimento e Expans\u00e3o Urbana do Munic\u00edpio de Santos. Em 31 de julho de 2018 foi sancionada a Lei Complementar n\u00ba. 1.010, que altera e acrescenta dispositivos da Lei n\u00ba. 3.531, de 16 de abril de 1968, que institui o C\u00f3digo de Posturas do Munic\u00edpio de Santos (pro\u00edbe o fornecimento aos clientes de canudos de pl\u00e1stico pelos restaurantes, caf\u00e9s, bares e estabelecimentos cong\u00eaneres). Em 11 de setembro de 2018 foi sancionada a Lei n\u00ba. 3.451, que disp\u00f5e sobre a Utiliza\u00e7\u00e3o de material recicl\u00e1vel nas decora\u00e7\u00f5es promovidas pelo Poder P\u00fablico nas datas comemorativas. No mesmo dia, tamb\u00e9m foi institu\u00edda a Lei n\u00ba. 3.452, que disp\u00f5e sobre as Brigadas Escolares, o Enfrentamento de Situa\u00e7\u00f5es Emergenciais e/ou Desastres a partir da Comunidade Escolar. Em 22 de janeiro de 2019 foi sancionado o Decreto n\u00ba. 8.333, que nomeia membros do Conselho Municipal de Defesa do Meio Ambiente (Bi\u00eanio 2019-2020)."
        },
        {
            "codigo": 4755,
            "data": "2020-12-31 00:00:00",
            "valor": null,
            "descricao": "Sim. Seguem alguns exemplos:\nEm 10 de dezembro de 2013 foi sancionada a Lei Complementar n\u00ba. 817/2013, que disp\u00f5e sobre o controle ambiental no Munic\u00edpio de Santos, as respectivas infra\u00e7\u00f5es e san\u00e7\u00f5es administrativas e d\u00e1 outras provid\u00eancias. Em 13 de janeiro de 2017 foi institu\u00edda a Lei Complementar n\u00ba. 3.348, que estipula diretrizes para formula\u00e7\u00e3o do Programa de Alerta e Prepara\u00e7\u00e3o para Emerg\u00eancia no Munic\u00edpio de Santos (PAPES). Em 19 de junho de 2017 foi sancionada a Lei Complementar n\u00ba. 3.364, que institui o servi\u00e7o de Disque Den\u00fancia de Maus Tratos e Abandono de Animais, no \u00e2mbito do Munic\u00edpio de Santos. Em 04 de julho de 2017 foi sancionado o Decreto n\u00ba. 7.800, que regulamenta a Lei Complementar n\u00ba. 952, de 30 de dezembro de 2016, que disciplina o Gerenciamento de Res\u00edduos S\u00f3lidos no munic\u00edpio de Santos, instituindo o Programa de Coleta Seletiva Solid\u00e1ria \u201cRecicla Santos\u201d. No mesmo dia, tamb\u00e9m foi institu\u00eddo o Decreto n\u00ba. 7.801, que regulamenta o artigo 6\u00ba da Lei 2.575, de 14 de outubro de 2008, que institui o Programa Socio-Ambiental de apoio \u00e0s Organiza\u00e7\u00f5es Cooperadas de Catadores de Material Recicl\u00e1vel em Santos. Em 06 de julho de 2017 foi sancionado o Decreto n\u00ba. 7.804, que disp\u00f5e sobre a vig\u00eancia e a organiza\u00e7\u00e3o do Plano Municipal de Conting\u00eancia para Ressacas e Inunda\u00e7\u00f5es no munic\u00edpio de Santos. Em 25 de agosto de 2017 foi sancionada a Lei Complementar n\u00ba. 973, que disp\u00f5e sobre o manejo da vegeta\u00e7\u00e3o de porte arb\u00f3reo no Munic\u00edpio e d\u00e1 outras provid\u00eancias. Em 05 de abril de 2018 foi institu\u00edda 13 de janeiro de 2017 foi institu\u00edda a Lei Complementar n\u00ba. 993, que disp\u00f5e sobre a Reutiliza\u00e7\u00e3o de Alimentos para fins de Doa\u00e7\u00e3o Gratuita. Em 18 de abril de 2018 foi sancionada a Lei Complementar n\u00ba. 996, que altera e acresce dispositivos da Lei N\u00ba 3.531, de 16 de abril de 1968 (institui o C\u00f3digo de Posturas do Munic\u00edpio de Santos), proibindo o tr\u00e2nsito de ve\u00edculos, sejam eles motorizados ou n\u00e3o, transportando cargas vivas nas \u00e1reas urbanas e de expans\u00e3o urbana do munic\u00edpio de Santos. Em 16 de julho de 2018 foi sancionada a Lei Complementar n\u00ba. 1.005, que institui o Plano Diretor de Desenvolvimento e Expans\u00e3o Urbana do Munic\u00edpio de Santos. Em 31 de julho de 2018 foi sancionada a Lei Complementar n\u00ba. 1.010, que altera e acrescenta dispositivos da Lei n\u00ba. 3.531, de 16 de abril de 1968, que institui o C\u00f3digo de Posturas do Munic\u00edpio de Santos (pro\u00edbe o fornecimento aos clientes de canudos de pl\u00e1stico pelos restaurantes, caf\u00e9s, bares e estabelecimentos cong\u00eaneres). Em 11 de setembro de 2018 foi sancionada a Lei n\u00ba. 3.451, que disp\u00f5e sobre a Utiliza\u00e7\u00e3o de material recicl\u00e1vel nas decora\u00e7\u00f5es promovidas pelo Poder P\u00fablico nas datas comemorativas. No mesmo dia, tamb\u00e9m foi institu\u00edda a Lei n\u00ba. 3.452, que disp\u00f5e sobre as Brigadas Escolares, o Enfrentamento de Situa\u00e7\u00f5es Emergenciais e/ou Desastres a partir da Comunidade Escolar. Em 08 de junho de 2021 foi sancionada a Lei n\u00ba. 3.845, que inclui no Calend\u00e1rio Oficial do Munic\u00edpio o \u201cDia Municipal Santos pelo Oceano\u201d, celebra\u00e7\u00e3o realizada anualmente no dia 08 de junho."
        },
        {
            "codigo": 5283,
            "data": "2021-12-31 00:00:00",
            "valor": null,
            "descricao": "Sim. Seguem alguns exemplos:\n- Lei Complementar n\u00ba 817/2013, de 10/12/2013 \u2013 Disp\u00f5e sobre controle ambiental no Munic\u00edpio, respectivas infra\u00e7\u00f5es e san\u00e7\u00f5es administrativas e d\u00e1 outras provid\u00eancias;\n- Lei Complementar n\u00ba 1.041/2019, de 06/06/2019 \u2013 Altera Art. 1\u00ba e 2\u00ba da LC 817/13;\n- Lei n\u00ba 3.348/2017, de 13/01/2017 \u2013 Estipula diretrizes para formula\u00e7\u00e3o de Programa de Alerta e Prepara\u00e7\u00e3o para Emerg\u00eancias no munic\u00edpio (PAPES);\n- Lei 3.364/2017, de 19/06/2017 \u2013 Institui o servi\u00e7o de Disque Den\u00fancia de Maus Tratos e Abandono de Animais no \u00e2mbito do munic\u00edpio;\n- Decreto n\u00ba 7.800, de 04/07/2017 \u2013 Regulamenta Lei n\u00ba 952/16;\n- Lei Complementar n\u00ba 952/2016, de 30/12 \u2013 Disciplina o gerenciamento de Res\u00edduos S\u00f3lidos no munic\u00edpio e institui o Programa de Coleta Seletiva Solid\u00e1ria \u201cRecicla Santos\u201d;\n- Lei Complementar n\u00ba 1.169/2022, de 02/05 \u2013 Altera os incisos II e IV do Art. 4\u00ba da LC 952/16;\n- Decreto n\u00ba 7.801/2017, de 04/07/2017 \u2013 Regulamenta Art. 6\u00ba da Lei 2575/2008, de 14/10;\n- Lei n\u00ba 2.575/2008, de 13/10/2008 \u2013 Institui o Programa Socioambiental de Apoio a Organiza\u00e7\u00f5es Cooperadas de Catadores de Material Recicl\u00e1vel;\n- Decreto 7.804/2017, de 06/07/2017 \u2013 Disp\u00f5e sobre a vig\u00eancia e organiza\u00e7\u00e3o do Plano Municipal de Conting\u00eancia para Ressacas e Inunda\u00e7\u00f5es;\n- Lei Complementar n\u00ba 973/2017, de 25/09 \u2013 Disp\u00f5e sobre o manejo da vegeta\u00e7\u00e3o de porte arb\u00f3reo no munic\u00edpio;\n- Lei Complementar n\u00ba 993/2018, de 05/04 \u2013 Disp\u00f5es sobre a reutiliza\u00e7\u00e3o de alimentos para fins de doa\u00e7\u00e3o gratuita;\n- Lei Complementar n\u00ba 996/2018, de 18/04 \u2013 Altera o caput e acrescenta par\u00e1grafo \u00fanico ao Art. 290 da Lei 3.531/1968 \u2013 Pro\u00edbe o tr\u00e2nsito de ve\u00edculos motorizados ou n\u00e3o, transportando cargas vivas nas \u00e1reas urbanas e de expans\u00e3o urbana do munic\u00edpio;\n- Lei Complementar n\u00ba 1.005/2018, de 16/07 \u2013 Institui Plano Diretor de Desenvolvimento e Expans\u00e3o Urbana do munic\u00edpio;\n- Lei Complementar n\u00ba 1.010/2018, 31/07 \u2013 Altera \u00a72\u00ba do Art. 102 da Lei 3.531/1968 \u2013 Pro\u00edbe o fornecimento de canudos de pl\u00e1stico pelos restaurantes, caf\u00e9s, bares e estabelecimentos cong\u00eaneres;\n- Lei 3.451/2018, de 11/09/2018 \u2013 Disp\u00f5e sobre a utiliza\u00e7\u00e3o de material recicl\u00e1vel nas decora\u00e7\u00f5es promovidas pelo Poder P\u00fablico nas datas comemorativas;\nLei n\u00ba 3.452/2018, de 11/09/2018 \u2013 Disp\u00f5e sobre as Brigadas Escolares, enfrentamento de situa\u00e7\u00f5es emergenciais e/ou desastres a partir da comunidade escolar;\n- Lei 3.845/2021, de 08/07/2021 \u2013 Institui no Calend\u00e1rio Oficial de Eventos e Datas do Munic\u00edpio, o \u201cDia Municipal Santos pelos Oceanos.\u201d"
        },
        {
            "codigo": 6304,
            "data": "2022-12-31 00:00:00",
            "valor": null,
            "descricao": "- O munic\u00edpio possui legisla\u00e7\u00e3o espec\u00edfica para tratar da quest\u00e3o ambiental? Qual?\nRESPOSTA: Sim. Seguem alguns exemplos:\n- Lei Municipal n\u00ba 2.575/2008, de 13/10/2008 \u2013 Institui o Programa Socioambiental de Apoio a Organiza\u00e7\u00f5es Cooperadas de Catadores de Material Recicl\u00e1vel;\n- Lei Complementar n\u00ba 817/2013, de 10/12/2013 \u2013 Disp\u00f5e sobre controle ambiental no Munic\u00edpio, respectivas infra\u00e7\u00f5es e san\u00e7\u00f5es administrativas e d\u00e1 outras provid\u00eancias;\n- Lei Complementar n\u00ba 952/2016, de 30/12/2016 \u2013 Disciplina o gerenciamento de Res\u00edduos S\u00f3lidos no munic\u00edpio e institui o Programa de Coleta Seletiva Solid\u00e1ria \u201cRecicla Santos\u201d;\n- Lei Complementar n\u00ba 1.041/2019, de 06/06/2019 \u2013 Altera Art. 1\u00ba e 2\u00ba da LC 817/13;\n- Lei Municipal n\u00ba 3.348/2017, de 13/01/2017 \u2013 Estipula diretrizes para formula\u00e7\u00e3o de Programa de Alerta e Prepara\u00e7\u00e3o para Emerg\u00eancias no munic\u00edpio (PAPES);\n- Lei Municipal 3.364/2017, de 19/06/2017 \u2013 Institui o servi\u00e7o de Disque Den\u00fancia de Maus Tratos e Abandono de Animais no \u00e2mbito do munic\u00edpio;\n- Decreto n\u00ba 7.800, de 04/07/2017 \u2013 Regulamenta Lei Municipal n\u00ba 952/2016;\n- Decreto n\u00ba 7.801/2017, de 04/07/2017 \u2013 Regulamenta Art. 6\u00ba da Lei 2575/2008, de 14/10;\n- Decreto 7.804/2017, de 06/07/2017 \u2013 Disp\u00f5e sobre a vig\u00eancia e organiza\u00e7\u00e3o do Plano Municipal de Conting\u00eancia para Ressacas e Inunda\u00e7\u00f5es;\n- Lei Complementar n\u00ba 973/2017, de 25/09/2017 \u2013 Disp\u00f5e sobre o manejo da vegeta\u00e7\u00e3o de porte arb\u00f3reo no munic\u00edpio;\n- Lei Complementar n\u00ba 993/2018, de 05/04/2018 \u2013 Disp\u00f5es sobre a reutiliza\u00e7\u00e3o de alimentos para fins de doa\u00e7\u00e3o gratuita;\n- Lei Complementar n\u00ba 996/2018, de 18/04/2018 \u2013 Altera o caput e acrescenta par\u00e1grafo \u00fanico ao Art. 290 da Lei 3.531/1968 \u2013 Pro\u00edbe o tr\u00e2nsito de ve\u00edculos motorizados ou n\u00e3o, transportando cargas vivas nas \u00e1reas urbanas e de expans\u00e3o urbana do munic\u00edpio;\n- Lei Complementar n\u00ba 1.005/2018, de 16/07/2018 \u2013 Institui Plano Diretor de Desenvolvimento e Expans\u00e3o Urbana do munic\u00edpio;\n- Lei Complementar n\u00ba 1.010/2018, de 31/07/2018 \u2013 Altera \u00a72\u00ba do Art. 102 da Lei 3.531/1968 \u2013 Pro\u00edbe o fornecimento de canudos de pl\u00e1stico pelos restaurantes, caf\u00e9s, bares e estabelecimentos cong\u00eaneres;\n- Lei Municipal 3.451/2018, de 11/09/2018 \u2013 Disp\u00f5e sobre a utiliza\u00e7\u00e3o de material recicl\u00e1vel nas decora\u00e7\u00f5es promovidas pelo Poder P\u00fablico nas datas comemorativas;\nLei Municipal n\u00ba 3.452/2018, de 11/09/2018 \u2013 Disp\u00f5e sobre as Brigadas Escolares, enfrentamento de situa\u00e7\u00f5es emergenciais e/ou desastres a partir da comunidade escolar;\n- Lei Municipal 3.845/2021, de 08/07/2021 \u2013 Institui no Calend\u00e1rio Oficial de Eventos e Datas do Munic\u00edpio, o \u201cDia Municipal Santos pelos Oceanos;\n- Lei Municipal n\u00ba 3.988, de 06/01/2022 \u2013 Disp\u00f5e sobre o cadastramento de nascentes no munic\u00edpio de Santos;\n- Decreto Municipal n\u00ba 9.567, de 13/01/2022 \u2013 Aprova o Plano Municipal de A\u00e7\u00e3o Clim\u00e1tica de Santos; e\n- Lei Complementar n\u00ba 1.169/2022, de 02/05/2022 \u2013 Altera os incisos II e IV do Art. 4\u00ba da LC 952/2016."
        },
        {
            "codigo": 7311,
            "data": "2023-12-31 00:00:00",
            "valor": null,
            "descricao": "RESPOSTA: Sim. Seguem alguns exemplos:\n\n- Lei Municipal n\u00ba 2.575/2008, de 13/10/2008 \u2013 Institui o Programa Socioambiental de Apoio a Organiza\u00e7\u00f5es Cooperadas de Catadores de Material Recicl\u00e1vel;\n- Lei Complementar n\u00ba 817/2013, de 10/12/2013 \u2013 Disp\u00f5e sobre controle ambiental no Munic\u00edpio, respectivas infra\u00e7\u00f5es e san\u00e7\u00f5es administrativas e d\u00e1 outras provid\u00eancias;\n- Lei Complementar n\u00ba 904/2015, de 05/10/2015 \u2013 Disp\u00f5e sobre a coleta e a reciclagem de \u00f3leos e gorduras de origem animal ou vegetal de uso culin\u00e1rio, e d\u00e1 outras provid\u00eancias;\n- Lei Complementar n\u00ba 952/2016, de 30/12/2016 \u2013 Disciplina o gerenciamento de Res\u00edduos S\u00f3lidos no munic\u00edpio e institui o Programa de Coleta Seletiva Solid\u00e1ria \u201cRecicla Santos\u201d;\n- Lei Complementar n\u00ba 1.041/2019, de 06/06/2019 \u2013 Altera Art. 1\u00ba e 2\u00ba da LC 817/13;\n- Lei Municipal n\u00ba 3.348/2017, de 13/01/2017 \u2013 Estipula diretrizes para formula\u00e7\u00e3o de Programa de Alerta e Prepara\u00e7\u00e3o para Emerg\u00eancias no munic\u00edpio (PAPES);\n- Lei Municipal 3.364/2017, de 19/06/2017 \u2013 Institui o servi\u00e7o de Disque Den\u00fancia de Maus Tratos e Abandono de Animais no \u00e2mbito do munic\u00edpio;\n- Decreto n\u00ba 7.800, de 04/07/2017 \u2013 Regulamenta Lei Municipal n\u00ba 952/2016;\n- Decreto n\u00ba 7.801/2017, de 04/07/2017 \u2013 Regulamenta Art. 6\u00ba da Lei 2575/2008, de 14/10;\n- Decreto 7.804/2017, de 06/07/2017 \u2013 Disp\u00f5e sobre a vig\u00eancia e organiza\u00e7\u00e3o do Plano Municipal de Conting\u00eancia para Ressacas e Inunda\u00e7\u00f5es;\n- Lei Complementar n\u00ba 973/2017, de 25/09/2017 \u2013 Disp\u00f5e sobre o manejo da vegeta\u00e7\u00e3o de porte arb\u00f3reo no munic\u00edpio;\n- Lei Complementar n\u00ba 993/2018, de 05/04/2018 \u2013 Disp\u00f5es sobre a reutiliza\u00e7\u00e3o de alimentos para fins de doa\u00e7\u00e3o gratuita;\n- Lei Complementar n\u00ba 996/2018, de 18/04/2018 \u2013 Altera o caput e acrescenta par\u00e1grafo \u00fanico ao Art. 290 da Lei 3.531/1968 \u2013 Pro\u00edbe o tr\u00e2nsito de ve\u00edculos motorizados ou n\u00e3o, transportando cargas vivas nas \u00e1reas urbanas e de expans\u00e3o urbana do munic\u00edpio;\n- Lei Complementar n\u00ba 1.005/2018, de 16/07/2018 \u2013 Institui Plano Diretor de Desenvolvimento e Expans\u00e3o Urbana do munic\u00edpio;\n- Lei Complementar n\u00ba 1.010/2018, de 31/07/2018 \u2013 Altera \u00a72\u00ba do Art. 102 da Lei 3.531/1968 \u2013 Pro\u00edbe o fornecimento de canudos de pl\u00e1stico pelos restaurantes, caf\u00e9s, bares e estabelecimentos cong\u00eaneres;\n- Lei Municipal 3.451/2018, de 11/09/2018 \u2013 Disp\u00f5e sobre a utiliza\u00e7\u00e3o de material recicl\u00e1vel nas decora\u00e7\u00f5es promovidas pelo Poder P\u00fablico nas datas comemorativas;\nLei Municipal n\u00ba 3.452/2018, de 11/09/2018 \u2013 Disp\u00f5e sobre as Brigadas Escolares, enfrentamento de situa\u00e7\u00f5es emergenciais e/ou desastres a partir da comunidade escolar;\n- Lei Municipal 3.845/2021, de 08/07/2021 \u2013 Institui no Calend\u00e1rio Oficial de Eventos e Datas do Munic\u00edpio, o \u201cDia Municipal Santos pelos Oceanos\u201d;\n- Lei Municipal n\u00ba 3.988, de 06/01/2022 \u2013 Disp\u00f5e sobre o cadastramento de nascentes no munic\u00edpio de Santos;\n- Decreto Municipal n\u00ba 9.567, de 13/01/2022 \u2013 Aprova o Plano Municipal de A\u00e7\u00e3o Clim\u00e1tica de Santos.\n- Lei Complementar n\u00ba 1.169/2022, de 02/05/2022 \u2013 Altera os incisos II e IV do Art. 4\u00ba da LC 952/2016.\n- Lei Complementar n\u00ba 1.196/2023, de 24/03/2023 \u2013 Disp\u00f5e sobre os procedimentos de licenciamento ambiental no \u00e2mbito do munic\u00edpio de Santos, nos termos da Lei Complementar Federal n\u00ba 140, de 08 de dezembro de 2011, e d\u00e1 outras provid\u00eancias.\n- Decreto n\u00ba 10.070/2023, de 24/05/2023 \u2013 Regulamenta a Lei Complementar n\u00ba. 1.196, de 24 de mar\u00e7o de 2023, e d\u00e1 outras provid\u00eancias."
        }
    ]
}