{
    "codigo": 5071,
    "nome": "O munic\u00edpio regulamentou a Lei de Acesso \u00e0 Informa\u00e7\u00e3o (LAI)?",
    "descricao": "O munic\u00edpio regulamentou a Lei de Acesso \u00e0 Informa\u00e7\u00e3o (LAI)? - Cidades Sustentaveis",
    "fonte": "OTC",
    "tipoValor": "T",
    "periodicidade": {
        "codigo": 6,
        "descricao": "Anual"
    },
    "tags": [
        {
            "codigo": 18,
            "descricao": "Santos Transparente"
        }
    ],
    "secretarias": [
        {
            "codigo": 2833,
            "dado_codigo": 5071,
            "sigla": "OTC",
            "nome": "OUVIDORIA, TRANSPAR\u00caNCIA E CONTROLE"
        }
    ],
    "autarquias": [],
    "metas": [
        {
            "codigo": 17,
            "numero": 16,
            "titulo": "Paz, Justi\u00e7a e Institui\u00e7\u00f5es Eficazes",
            "objetivo": "Promover sociedades pac\u00edficas e inclusivas para o desenvolvimento sustent\u00e1vel, proporcionar o acesso \u00e0 justi\u00e7a para todos e construir institui\u00e7\u00f5es eficazes, respons\u00e1veis e inclusivas em todos os n\u00edveis",
            "imagem_url": "17.jpg",
            "link": "http://www.agenda2030.org.br/ods/16/"
        }
    ],
    "eixos": [
        {
            "codigo": 4,
            "descricao": "Governan\u00e7a"
        }
    ],
    "valores": [
        {
            "codigo": 2557,
            "data": "2014-12-31 00:00:00",
            "valor": "0.00",
            "descricao": "Sim."
        },
        {
            "codigo": 2558,
            "data": "2013-12-31 00:00:00",
            "valor": "0.00",
            "descricao": "Sim."
        },
        {
            "codigo": 2559,
            "data": "2015-12-31 00:00:00",
            "valor": "0.00",
            "descricao": "Sim."
        },
        {
            "codigo": 2560,
            "data": "2017-12-31 00:00:00",
            "valor": "0.00",
            "descricao": "Sim."
        },
        {
            "codigo": 2561,
            "data": "2016-12-31 00:00:00",
            "valor": "0.00",
            "descricao": "Sim."
        },
        {
            "codigo": 3437,
            "data": "2018-12-31 00:00:00",
            "valor": null,
            "descricao": "Sim."
        },
        {
            "codigo": 4239,
            "data": "2019-12-31 00:00:00",
            "valor": null,
            "descricao": "sim"
        },
        {
            "codigo": 4811,
            "data": "2020-12-31 00:00:00",
            "valor": null,
            "descricao": "Sim"
        },
        {
            "codigo": 6022,
            "data": "2021-12-31 00:00:00",
            "valor": null,
            "descricao": "Sim. Por meio do Decreto n\u00ba 6.243, de 26 de outubro de 2012."
        },
        {
            "codigo": 6721,
            "data": "2022-12-31 00:00:00",
            "valor": null,
            "descricao": "Sim. Por meio do Decreto n\u00ba 6.243, de 26 de outubro de 2012."
        }
    ]
}