{
    "codigo": 5073,
    "nome": "N\u00famero de Infratores do cadastro de empregadores flagrados utilizando trabalho em condi\u00e7\u00e3o an\u00e1loga \u00e0 escravid\u00e3o \u2013 \u201cLista suja\u201d",
    "descricao": "N\u00famero de Infratores do cadastro de empregadores flagrados utilizando trabalho em condi\u00e7\u00e3o an\u00e1loga \u00e0 escravid\u00e3o \u2013 \u201cLista suja\u201d - Cidades Sustentaveis",
    "fonte": "SEPORTE",
    "tipoValor": "I",
    "periodicidade": {
        "codigo": 6,
        "descricao": "Anual"
    },
    "tags": [
        {
            "codigo": 6,
            "descricao": "Santos Inovadora"
        }
    ],
    "secretarias": [
        {
            "codigo": 5939,
            "dado_codigo": 5073,
            "sigla": "SEPORTE",
            "nome": "SECRETARIA MUNICIPAL DE ASSUNTOS PORTU\u00c1RIOS E EMPREGO"
        }
    ],
    "autarquias": [],
    "metas": [
        {
            "codigo": 9,
            "numero": 8,
            "titulo": "Trabalho Decente e Crescimento Econ\u00f4mico",
            "objetivo": "Promover o crescimento econ\u00f4mico sustentado, inclusivo e sustent\u00e1vel, o emprego pleno e produtivo e o trabalho decente para todos",
            "imagem_url": "9.jpg",
            "link": "http://www.agenda2030.org.br/ods/8/"
        }
    ],
    "eixos": [
        {
            "codigo": 11,
            "descricao": "Economia Local, Din\u00e2mica, Criativa e Sustent\u00e1vel"
        }
    ],
    "valores": [
        {
            "codigo": 2567,
            "data": "2016-12-31 00:00:00",
            "valor": "0.00",
            "descricao": null
        },
        {
            "codigo": 2568,
            "data": "2014-12-31 00:00:00",
            "valor": "0.00",
            "descricao": null
        },
        {
            "codigo": 2569,
            "data": "2013-12-31 00:00:00",
            "valor": "0.00",
            "descricao": null
        },
        {
            "codigo": 2570,
            "data": "2017-12-31 00:00:00",
            "valor": "0.00",
            "descricao": null
        },
        {
            "codigo": 2571,
            "data": "2015-12-31 00:00:00",
            "valor": "0.00",
            "descricao": null
        },
        {
            "codigo": 3857,
            "data": "2018-12-31 00:00:00",
            "valor": "0.00",
            "descricao": null
        },
        {
            "codigo": 4603,
            "data": "2019-12-31 00:00:00",
            "valor": "0.00",
            "descricao": null
        },
        {
            "codigo": 5140,
            "data": "2020-12-31 00:00:00",
            "valor": "0.00",
            "descricao": null
        },
        {
            "codigo": 6784,
            "data": "2022-12-31 00:00:00",
            "valor": "0.00",
            "descricao": null
        }
    ]
}