{
    "codigo": 5075,
    "nome": "O munic\u00edpio regulamentou, na Lei Org\u00e2nica do Munic\u00edpio, os mecanismos de Democracia Direta (Plebiscito, Referendo e Lei de Iniciativa Popular)?",
    "descricao": "O munic\u00edpio regulamentou, na Lei Org\u00e2nica do Munic\u00edpio, os mecanismos de Democracia Direta (Plebiscito, Referendo e Lei de Iniciativa Popular)? - Cidades Sustentaveis",
    "fonte": "OTC",
    "tipoValor": "T",
    "periodicidade": {
        "codigo": 6,
        "descricao": "Anual"
    },
    "tags": [
        {
            "codigo": 1,
            "descricao": "Santos Acolhedora"
        }
    ],
    "secretarias": [
        {
            "codigo": 2833,
            "dado_codigo": 5075,
            "sigla": "OTC",
            "nome": "OUVIDORIA, TRANSPAR\u00caNCIA E CONTROLE"
        }
    ],
    "autarquias": [],
    "metas": [
        {
            "codigo": 17,
            "numero": 16,
            "titulo": "Paz, Justi\u00e7a e Institui\u00e7\u00f5es Eficazes",
            "objetivo": "Promover sociedades pac\u00edficas e inclusivas para o desenvolvimento sustent\u00e1vel, proporcionar o acesso \u00e0 justi\u00e7a para todos e construir institui\u00e7\u00f5es eficazes, respons\u00e1veis e inclusivas em todos os n\u00edveis",
            "imagem_url": "17.jpg",
            "link": "http://www.agenda2030.org.br/ods/16/"
        }
    ],
    "eixos": [
        {
            "codigo": 4,
            "descricao": "Governan\u00e7a"
        }
    ],
    "valores": [
        {
            "codigo": 2577,
            "data": "2017-12-31 00:00:00",
            "valor": "0.00",
            "descricao": "Sim. Na Lei Org\u00e2nica do Munic\u00edpio-LOM em seu artigo 1\u00ba, par\u00e1grafo 2\u00ba, inciso II-pelo plebiscito...,inciso III pelo referendo ... e inciso V- pela iniciativa popular...., bem com no artigo 4\u00ba, par\u00e1grafo \u00fanico e no artigo 21, inciso XIV."
        },
        {
            "codigo": 2578,
            "data": "2016-12-31 00:00:00",
            "valor": "0.00",
            "descricao": "Sim. Na Lei Org\u00e2nica do Munic\u00edpio-LOM em seu artigo 1\u00ba, par\u00e1grafo 2\u00ba, inciso II-pelo plebiscito...,inciso III pelo referendo ... e inciso V- pela iniciativa popular...., bem com no artigo 4\u00ba, par\u00e1grafo \u00fanico e no artigo 21, inciso XIV."
        },
        {
            "codigo": 2579,
            "data": "2015-12-31 00:00:00",
            "valor": "0.00",
            "descricao": "Sim. Na Lei Org\u00e2nica do Munic\u00edpio-LOM em seu artigo 1\u00ba, par\u00e1grafo 2\u00ba, inciso II-pelo plebiscito...,inciso III pelo referendo ... e inciso V- pela iniciativa popular...., bem com no artigo 4\u00ba, par\u00e1grafo \u00fanico e no artigo 21, inciso XIV."
        },
        {
            "codigo": 2580,
            "data": "2014-12-31 00:00:00",
            "valor": "0.00",
            "descricao": "Sim. Na Lei Org\u00e2nica do Munic\u00edpio-LOM em seu artigo 1\u00ba, par\u00e1grafo 2\u00ba, inciso II-pelo plebiscito...,inciso III pelo referendo ... e inciso V- pela iniciativa popular...., bem com no artigo 4\u00ba, par\u00e1grafo \u00fanico e no artigo 21, inciso XIV."
        },
        {
            "codigo": 2581,
            "data": "2013-12-31 00:00:00",
            "valor": "0.00",
            "descricao": "Sim. Na Lei Org\u00e2nica do Munic\u00edpio-LOM em seu artigo 1\u00ba, par\u00e1grafo 2\u00ba, inciso II-pelo plebiscito...,inciso III pelo referendo ... e inciso V- pela iniciativa popular...., bem com no artigo 4\u00ba, par\u00e1grafo \u00fanico e no artigo 21, inciso XIV."
        },
        {
            "codigo": 3439,
            "data": "2018-12-31 00:00:00",
            "valor": null,
            "descricao": "Sim. Na Lei Org\u00e2nica do Munic\u00edpio-LOM em seu artigo 1\u00ba, par\u00e1grafo 2\u00ba, inciso II-pelo plebiscito...,inciso III pelo referendo ... e inciso V- pela iniciativa popular...., bem com no artigo 4\u00ba, par\u00e1grafo \u00fanico e no artigo 21, inciso XIV."
        },
        {
            "codigo": 4258,
            "data": "2019-12-31 00:00:00",
            "valor": null,
            "descricao": "Sim."
        },
        {
            "codigo": 4810,
            "data": "2020-12-31 00:00:00",
            "valor": null,
            "descricao": "Sim"
        },
        {
            "codigo": 6028,
            "data": "2021-12-31 00:00:00",
            "valor": null,
            "descricao": "Sim. Na Lei Org\u00e2nica do Munic\u00edpio - LOM em seu artigo 1\u00ba, par\u00e1grafo 2\u00ba, inciso II - pelo plebiscito...,inciso III pelo referendo ... e inciso V - pela iniciativa popular...., bem com no artigo 4\u00ba, par\u00e1grafo \u00fanico e no artigo 21, inciso XIV."
        },
        {
            "codigo": 6722,
            "data": "2022-12-31 00:00:00",
            "valor": null,
            "descricao": "Sim. Na Lei Org\u00e2nica do Munic\u00edpio - LOM em seu artigo 1\u00ba, par\u00e1grafo 2\u00ba, inciso II - pelo plebiscito...,inciso III pelo referendo ... e inciso V - pela iniciativa popular...., bem com no artigo 4\u00ba, par\u00e1grafo \u00fanico e no artigo 21, inciso XIV."
        }
    ]
}