{
    "codigo": 5076,
    "nome": "O munic\u00edpio j\u00e1 convocou plebiscitos e/ou referendos? Quais foram os temas?",
    "descricao": "O munic\u00edpio j\u00e1 convocou plebiscitos e/ou referendos? Quais foram os temas? - Cidades Sustentaveis",
    "fonte": "OTC",
    "tipoValor": "T",
    "periodicidade": {
        "codigo": 6,
        "descricao": "Anual"
    },
    "tags": [
        {
            "codigo": 1,
            "descricao": "Santos Acolhedora"
        }
    ],
    "secretarias": [
        {
            "codigo": 2833,
            "dado_codigo": 5076,
            "sigla": "OTC",
            "nome": "OUVIDORIA, TRANSPAR\u00caNCIA E CONTROLE"
        }
    ],
    "autarquias": [],
    "metas": [
        {
            "codigo": 17,
            "numero": 16,
            "titulo": "Paz, Justi\u00e7a e Institui\u00e7\u00f5es Eficazes",
            "objetivo": "Promover sociedades pac\u00edficas e inclusivas para o desenvolvimento sustent\u00e1vel, proporcionar o acesso \u00e0 justi\u00e7a para todos e construir institui\u00e7\u00f5es eficazes, respons\u00e1veis e inclusivas em todos os n\u00edveis",
            "imagem_url": "17.jpg",
            "link": "http://www.agenda2030.org.br/ods/16/"
        }
    ],
    "eixos": [
        {
            "codigo": 4,
            "descricao": "Governan\u00e7a"
        }
    ],
    "valores": [
        {
            "codigo": 2582,
            "data": "2016-12-31 00:00:00",
            "valor": "0.00",
            "descricao": "N\u00e3o"
        },
        {
            "codigo": 2583,
            "data": "2017-12-31 00:00:00",
            "valor": "0.00",
            "descricao": "N\u00e3o"
        },
        {
            "codigo": 2584,
            "data": "2013-12-31 00:00:00",
            "valor": "0.00",
            "descricao": "N\u00e2o"
        },
        {
            "codigo": 2585,
            "data": "2014-12-31 00:00:00",
            "valor": "0.00",
            "descricao": "N\u00e3o"
        },
        {
            "codigo": 2586,
            "data": "2015-12-31 00:00:00",
            "valor": "0.00",
            "descricao": "N\u00e3o"
        },
        {
            "codigo": 3401,
            "data": "2018-12-31 00:00:00",
            "valor": null,
            "descricao": "N\u00e3o"
        },
        {
            "codigo": 4520,
            "data": "2019-12-31 00:00:00",
            "valor": null,
            "descricao": "N\u00e3o"
        },
        {
            "codigo": 4813,
            "data": "2020-12-31 00:00:00",
            "valor": null,
            "descricao": "N\u00e3o"
        },
        {
            "codigo": 6029,
            "data": "2021-12-31 00:00:00",
            "valor": null,
            "descricao": "N\u00e3o."
        },
        {
            "codigo": 6717,
            "data": "2022-12-31 00:00:00",
            "valor": null,
            "descricao": "N\u00e3o."
        }
    ]
}