{
    "codigo": 5078,
    "nome": "N\u00famero de \u00f3bitos de crian\u00e7as menores de 5 anos de idade",
    "descricao": "N\u00famero de \u00f3bitos de crian\u00e7as menores de 5 anos de idade - Cidades Sustentaveis",
    "fonte": "Sms",
    "tipoValor": "I",
    "periodicidade": {
        "codigo": 6,
        "descricao": "Anual"
    },
    "tags": [
        {
            "codigo": 17,
            "descricao": "Santos Saud\u00e1vel"
        }
    ],
    "secretarias": [
        {
            "codigo": 3399,
            "dado_codigo": 5078,
            "sigla": "SMS",
            "nome": "SECRETARIA MUNICIPAL DE SA\u00daDE"
        }
    ],
    "autarquias": [],
    "metas": [
        {
            "codigo": 4,
            "numero": 3,
            "titulo": "Sa\u00fade e Bem-Estar",
            "objetivo": "Assegurar uma vida saud\u00e1vel e promover o bem-estar para todos, em todas as idades",
            "imagem_url": "4.jpg",
            "link": "http://www.agenda2030.org.br/ods/3/"
        }
    ],
    "eixos": [
        {
            "codigo": 14,
            "descricao": "A\u00e7\u00e3o Local para a Sa\u00fade"
        }
    ],
    "valores": [
        {
            "codigo": 2592,
            "data": "2013-12-31 00:00:00",
            "valor": "69.00",
            "descricao": null
        },
        {
            "codigo": 2593,
            "data": "2017-12-31 00:00:00",
            "valor": "48.00",
            "descricao": null
        },
        {
            "codigo": 2594,
            "data": "2015-12-31 00:00:00",
            "valor": "55.00",
            "descricao": null
        },
        {
            "codigo": 2595,
            "data": "2014-12-31 00:00:00",
            "valor": "77.00",
            "descricao": null
        },
        {
            "codigo": 2596,
            "data": "2016-12-31 00:00:00",
            "valor": "69.00",
            "descricao": null
        },
        {
            "codigo": 3429,
            "data": "2018-12-31 00:00:00",
            "valor": "64.00",
            "descricao": null
        },
        {
            "codigo": 4092,
            "data": "2019-12-31 00:00:00",
            "valor": "53.00",
            "descricao": null
        },
        {
            "codigo": 4684,
            "data": "2020-12-31 00:00:00",
            "valor": "38.00",
            "descricao": null
        },
        {
            "codigo": 5760,
            "data": "2021-12-31 00:00:00",
            "valor": "31.00",
            "descricao": null
        },
        {
            "codigo": 6507,
            "data": "2022-12-31 00:00:00",
            "valor": "36.00",
            "descricao": null
        }
    ]
}