{
    "codigo": 5079,
    "nome": "N\u00famero de \u00f3bitos de crian\u00e7as residentes de 0 a 27 dias de idade",
    "descricao": "N\u00famero de \u00f3bitos de crian\u00e7as residentes de 0 a 27 dias de idade - Cidades Sustentaveis",
    "fonte": "Sms",
    "tipoValor": "I",
    "periodicidade": {
        "codigo": 6,
        "descricao": "Anual"
    },
    "tags": [
        {
            "codigo": 17,
            "descricao": "Santos Saud\u00e1vel"
        }
    ],
    "secretarias": [
        {
            "codigo": 3399,
            "dado_codigo": 5079,
            "sigla": "SMS",
            "nome": "SECRETARIA MUNICIPAL DE SA\u00daDE"
        }
    ],
    "autarquias": [],
    "metas": [
        {
            "codigo": 4,
            "numero": 3,
            "titulo": "Sa\u00fade e Bem-Estar",
            "objetivo": "Assegurar uma vida saud\u00e1vel e promover o bem-estar para todos, em todas as idades",
            "imagem_url": "4.jpg",
            "link": "http://www.agenda2030.org.br/ods/3/"
        }
    ],
    "eixos": [
        {
            "codigo": 14,
            "descricao": "A\u00e7\u00e3o Local para a Sa\u00fade"
        }
    ],
    "valores": [
        {
            "codigo": 2597,
            "data": "2014-12-31 00:00:00",
            "valor": "53.00",
            "descricao": null
        },
        {
            "codigo": 2598,
            "data": "2016-12-31 00:00:00",
            "valor": "34.00",
            "descricao": null
        },
        {
            "codigo": 2599,
            "data": "2017-12-31 00:00:00",
            "valor": "32.00",
            "descricao": null
        },
        {
            "codigo": 2600,
            "data": "2015-12-31 00:00:00",
            "valor": "41.00",
            "descricao": null
        },
        {
            "codigo": 2601,
            "data": "2013-12-31 00:00:00",
            "valor": "39.00",
            "descricao": null
        },
        {
            "codigo": 3408,
            "data": "2018-12-31 00:00:00",
            "valor": "30.00",
            "descricao": null
        },
        {
            "codigo": 4096,
            "data": "2019-12-31 00:00:00",
            "valor": "31.00",
            "descricao": null
        },
        {
            "codigo": 4685,
            "data": "2020-12-31 00:00:00",
            "valor": "19.00",
            "descricao": null
        },
        {
            "codigo": 5761,
            "data": "2021-12-31 00:00:00",
            "valor": "26.00",
            "descricao": null
        },
        {
            "codigo": 6514,
            "data": "2022-12-31 00:00:00",
            "valor": "17.00",
            "descricao": null
        }
    ]
}