{
    "codigo": 5080,
    "nome": "Existe no munic\u00edpio um marco legal que regulamente os mecanismos de participa\u00e7\u00e3o social nas inst\u00e2ncias de delibera\u00e7\u00e3o das pol\u00edticas p\u00fablicas que assegure a participa\u00e7\u00e3o de adolescentes e jovens?",
    "descricao": "Existe no munic\u00edpio um marco legal que regulamente os mecanismos de participa\u00e7\u00e3o social nas inst\u00e2ncias de delibera\u00e7\u00e3o das pol\u00edticas p\u00fablicas que assegure a participa\u00e7\u00e3o de adolescentes e jovens? - Cidades Sustent\u00e1veis",
    "fonte": "SEMULHER",
    "tipoValor": "T",
    "periodicidade": {
        "codigo": 6,
        "descricao": "Anual"
    },
    "tags": [
        {
            "codigo": 1,
            "descricao": "Santos Acolhedora"
        }
    ],
    "secretarias": [
        {
            "codigo": 4095,
            "dado_codigo": 5080,
            "sigla": "SEMULHER",
            "nome": "SECRETARIA MUNICIPAL DA MULHER, DA CIDADANIA E DOS DIREITOS HUMANOS"
        }
    ],
    "autarquias": [],
    "metas": [
        {
            "codigo": 17,
            "numero": 16,
            "titulo": "Paz, Justi\u00e7a e Institui\u00e7\u00f5es Eficazes",
            "objetivo": "Promover sociedades pac\u00edficas e inclusivas para o desenvolvimento sustent\u00e1vel, proporcionar o acesso \u00e0 justi\u00e7a para todos e construir institui\u00e7\u00f5es eficazes, respons\u00e1veis e inclusivas em todos os n\u00edveis",
            "imagem_url": "17.jpg",
            "link": "http://www.agenda2030.org.br/ods/16/"
        }
    ],
    "eixos": [
        {
            "codigo": 4,
            "descricao": "Governan\u00e7a"
        }
    ],
    "valores": [
        {
            "codigo": 2602,
            "data": "2013-12-31 00:00:00",
            "valor": "0.00",
            "descricao": "Sim. Conselho da Juventude - CMJ e Conselho Municipal da Crian\u00e7a e do adolescente - CMDCA. CMJ foi criado pela Lei Municipal 2644, de 28 de setembro de 2009 e CMDCA \u2013 Lei Municipal 736, de 10 junho de 1991."
        },
        {
            "codigo": 2603,
            "data": "2016-12-31 00:00:00",
            "valor": "0.00",
            "descricao": "Sim. Conselho da Juventude - CMJ e Conselho Municipal da Crian\u00e7a e do adolescente - CMDCA. CMJ foi criado pela Lei Municipal 2644, de 28 de setembro de 2009 e CMDCA \u2013 Lei Municipal 736, de 10 junho de 1991."
        },
        {
            "codigo": 2604,
            "data": "2017-12-31 00:00:00",
            "valor": "0.00",
            "descricao": "Sim. Conselho da Juventude - CMJ e Conselho Municipal da Crian\u00e7a e do adolescente - CMDCA. CMJ foi criado pela Lei Municipal 2644, de 28 de setembro de 2009 e CMDCA \u2013 Lei Municipal 736, de 10 junho de 1991."
        },
        {
            "codigo": 2605,
            "data": "2014-12-31 00:00:00",
            "valor": "0.00",
            "descricao": "Sim. Conselho da Juventude - CMJ e Conselho Municipal da Crian\u00e7a e do adolescente - CMDCA. CMJ foi criado pela Lei Municipal 2644, de 28 de setembro de 2009 e CMDCA \u2013 Lei Municipal 736, de 10 junho de 1991."
        },
        {
            "codigo": 2606,
            "data": "2015-12-31 00:00:00",
            "valor": "0.00",
            "descricao": "Sim. Conselho da Juventude - CMJ e Conselho Municipal da Crian\u00e7a e do adolescente - CMDCA. CMJ foi criado pela Lei Municipal 2644, de 28 de setembro de 2009 e CMDCA \u2013 Lei Municipal 736, de 10 junho de 1991."
        },
        {
            "codigo": 3548,
            "data": "2018-12-31 00:00:00",
            "valor": null,
            "descricao": "Sim. Conselho da Juventude - CMJ e Conselho Municipal da Crian\u00e7a e do adolescente - CMDCA. CMJ foi criado pela Lei Municipal 2644, de 28 de setembro de 2009 e CMDCA \u2013 Lei Municipal 736, de 10 junho de 1991."
        },
        {
            "codigo": 4489,
            "data": "2019-12-31 00:00:00",
            "valor": null,
            "descricao": "Sim. Conselho da Juventude - CMJ e Conselho Municipal da Crian\u00e7a e do adolescente - CMDCA. CMJ foi criado pela Lei Municipal 2644, de 28 de setembro de 2009 e CMDCA \u2013 Lei Municipal 736, de 10 junho de 1991"
        },
        {
            "codigo": 4939,
            "data": "2020-12-30 00:00:00",
            "valor": null,
            "descricao": "Sim.\nCMJ - Conselho Municipal da Juventude, Criado pela Lei Municipal n\u00ba 2644, de 28 de novembro de 2009. CMDCA - Conselho Municipal da Crian\u00e7a e do Adolescente, Criado pela Lei Municipal n\u00ba 736  de 10 de junho de 1991."
        },
        {
            "codigo": 5901,
            "data": "2021-12-31 00:00:00",
            "valor": null,
            "descricao": "O Munic\u00edpio consta com inst\u00e2ncias de delibera\u00e7\u00e3o exercidas pelo Controle Social. \nCMJ - Conselho da Juventude,  criado pela Lei Municipal 2644, de 28 de setembro de 2009; e o CMDCA - Conselho Municipal da Crian\u00e7a e do adolescente, criado pela Lei Municipal 736, de 10 junho de 1991."
        },
        {
            "codigo": 6732,
            "data": "2022-12-31 00:00:00",
            "valor": null,
            "descricao": "Sim. O Munic\u00edpio conta com conselhos que asseguram a participa\u00e7\u00e3o de adolescentes e jovens, a saber: CMJ - Conselho da Juventude, criado pela Lei Municipal 2644, de 28 de setembro de 2009; e o CMDCA - Conselho Municipal da Crian\u00e7a e do adolescente, criado pela Lei Municipal 736, de 10 junho de 1991."
        }
    ]
}