{
    "codigo": 5081,
    "nome": "N\u00famero de \u00f3bitos pela s\u00edndrome da imunodefici\u00eancia adquirida (Aids)",
    "descricao": "N\u00famero de \u00f3bitos pela s\u00edndrome da imunodefici\u00eancia adquirida (Aids) - Cidades Sustentaveis",
    "fonte": "Sms",
    "tipoValor": "I",
    "periodicidade": {
        "codigo": 6,
        "descricao": "Anual"
    },
    "tags": [
        {
            "codigo": 17,
            "descricao": "Santos Saud\u00e1vel"
        }
    ],
    "secretarias": [
        {
            "codigo": 3399,
            "dado_codigo": 5081,
            "sigla": "SMS",
            "nome": "SECRETARIA MUNICIPAL DE SA\u00daDE"
        }
    ],
    "autarquias": [],
    "metas": [
        {
            "codigo": 4,
            "numero": 3,
            "titulo": "Sa\u00fade e Bem-Estar",
            "objetivo": "Assegurar uma vida saud\u00e1vel e promover o bem-estar para todos, em todas as idades",
            "imagem_url": "4.jpg",
            "link": "http://www.agenda2030.org.br/ods/3/"
        }
    ],
    "eixos": [
        {
            "codigo": 14,
            "descricao": "A\u00e7\u00e3o Local para a Sa\u00fade"
        }
    ],
    "valores": [
        {
            "codigo": 2607,
            "data": "2015-12-31 00:00:00",
            "valor": "42.00",
            "descricao": null
        },
        {
            "codigo": 2608,
            "data": "2016-12-31 00:00:00",
            "valor": "45.00",
            "descricao": null
        },
        {
            "codigo": 2609,
            "data": "2017-12-31 00:00:00",
            "valor": "37.00",
            "descricao": null
        },
        {
            "codigo": 2610,
            "data": "2014-12-31 00:00:00",
            "valor": "49.00",
            "descricao": null
        },
        {
            "codigo": 2611,
            "data": "2013-12-31 00:00:00",
            "valor": "53.00",
            "descricao": null
        },
        {
            "codigo": 3409,
            "data": "2018-12-31 00:00:00",
            "valor": "28.00",
            "descricao": null
        },
        {
            "codigo": 4083,
            "data": "2019-12-31 00:00:00",
            "valor": "24.00",
            "descricao": null
        },
        {
            "codigo": 4686,
            "data": "2020-12-31 00:00:00",
            "valor": "34.00",
            "descricao": null
        },
        {
            "codigo": 5762,
            "data": "2021-12-31 00:00:00",
            "valor": "25.00",
            "descricao": null
        },
        {
            "codigo": 6508,
            "data": "2022-12-31 00:00:00",
            "valor": "31.00",
            "descricao": null
        }
    ]
}