{
    "codigo": 5083,
    "nome": "N\u00famero total de nascidos vivos no munic\u00edpio",
    "descricao": "N\u00famero total de nascidos vivos no munic\u00edpio - Cidades Sustent\u00e1veis",
    "fonte": "Sms",
    "tipoValor": "I",
    "periodicidade": {
        "codigo": 6,
        "descricao": "Anual"
    },
    "tags": [
        {
            "codigo": 17,
            "descricao": "Santos Saud\u00e1vel"
        }
    ],
    "secretarias": [
        {
            "codigo": 3399,
            "dado_codigo": 5083,
            "sigla": "SMS",
            "nome": "SECRETARIA MUNICIPAL DE SA\u00daDE"
        }
    ],
    "autarquias": [],
    "metas": [
        {
            "codigo": 4,
            "numero": 3,
            "titulo": "Sa\u00fade e Bem-Estar",
            "objetivo": "Assegurar uma vida saud\u00e1vel e promover o bem-estar para todos, em todas as idades",
            "imagem_url": "4.jpg",
            "link": "http://www.agenda2030.org.br/ods/3/"
        }
    ],
    "eixos": [
        {
            "codigo": 14,
            "descricao": "A\u00e7\u00e3o Local para a Sa\u00fade"
        }
    ],
    "valores": [
        {
            "codigo": 2617,
            "data": "2017-12-31 00:00:00",
            "valor": "4767.00",
            "descricao": null
        },
        {
            "codigo": 2618,
            "data": "2016-12-31 00:00:00",
            "valor": "4515.00",
            "descricao": null
        },
        {
            "codigo": 2619,
            "data": "2013-12-31 00:00:00",
            "valor": "4973.00",
            "descricao": null
        },
        {
            "codigo": 2620,
            "data": "2014-12-31 00:00:00",
            "valor": "5111.00",
            "descricao": null
        },
        {
            "codigo": 2621,
            "data": "2015-12-31 00:00:00",
            "valor": "4887.00",
            "descricao": null
        },
        {
            "codigo": 3430,
            "data": "2018-12-31 00:00:00",
            "valor": "4569.00",
            "descricao": null
        },
        {
            "codigo": 4093,
            "data": "2019-12-31 00:00:00",
            "valor": "4367.00",
            "descricao": null
        },
        {
            "codigo": 4687,
            "data": "2020-12-31 00:00:00",
            "valor": "4070.00",
            "descricao": null
        },
        {
            "codigo": 5763,
            "data": "2021-12-31 00:00:00",
            "valor": "3886.00",
            "descricao": null
        },
        {
            "codigo": 6510,
            "data": "2022-12-31 00:00:00",
            "valor": "3755.00",
            "descricao": null
        }
    ]
}