{
    "codigo": 5086,
    "nome": "O munic\u00edpio tem participa\u00e7\u00e3o no Comit\u00ea de Bacias?",
    "descricao": "O munic\u00edpio tem participa\u00e7\u00e3o no Comit\u00ea de Bacias? - Cidades Sustentaveis",
    "fonte": "SEMAM",
    "tipoValor": "T",
    "periodicidade": {
        "codigo": 6,
        "descricao": "Anual"
    },
    "tags": [
        {
            "codigo": 20,
            "descricao": "Santos Sustent\u00e1vel"
        }
    ],
    "secretarias": [
        {
            "codigo": 5767,
            "dado_codigo": 5086,
            "sigla": "SEMAM",
            "nome": "SECRETARIA MUNICIPAL DE MEIO AMBIENTE E BEM-ESTAR ANIMAL"
        }
    ],
    "autarquias": [],
    "metas": [
        {
            "codigo": 7,
            "numero": 6,
            "titulo": "\u00c1gua Pot\u00e1vel e Saneamento",
            "objetivo": "Assegurar a disponibilidade e a gest\u00e3o sustent\u00e1vel da \u00e1gua e saneamento para todos",
            "imagem_url": "7.jpg",
            "link": "http://www.agenda2030.org.br/ods/6/"
        }
    ],
    "eixos": [
        {
            "codigo": 5,
            "descricao": "Bens Naturais Comuns"
        }
    ],
    "valores": [
        {
            "codigo": 2632,
            "data": "2013-12-31 00:00:00",
            "valor": "0.00",
            "descricao": "Sim. A Prefeitura de Santos participa ativamente do Comit\u00ea de Bacias da Baixada Santista (CBH-BS) com representantes na C\u00e2mara T\u00e9cnica de Planejamento e Gerenciamento. C\u00e2mara T\u00e9cnica de Saneamento e Usos M\u00faltiplos e na C\u00e2mara T\u00e9cnica de Educa\u00e7\u00e3o Ambiental e de Divulga\u00e7\u00e3o."
        },
        {
            "codigo": 2633,
            "data": "2016-12-31 00:00:00",
            "valor": "0.00",
            "descricao": "Sim. O Munic\u00edpio participa ativamente do Comit\u00ea de Bacias."
        },
        {
            "codigo": 2634,
            "data": "2017-12-31 00:00:00",
            "valor": "0.00",
            "descricao": "Sim. O Comit\u00ea da Bacia Hidrogr\u00e1fica da Baixada Santista foi criado  pela Lei 9.034 de 27 de dezembro de 1994 \u2013 com fundamento no Artigo 19 e seguintes do Estatuto. Tem sua \u00e1rea de atua\u00e7\u00e3o nos munic\u00edpios de Bertioga, Cubat\u00e3o, Guaruj\u00e1, Itanha\u00e9m, Mongagu\u00e1, Peru\u00edbe, Praia Grande, Santos e S\u00e3o Vicente, os quais formam a Regi\u00e3o Metropolitana da Baixada Santista e possuem, em conjunto, uma \u00e1rea de 2.422,776 km\u00b2 e uma \u00e1rea de drenagem que atinge 2.887 km\u00b2.  A popula\u00e7\u00e3o fixa da regi\u00e3o \u00e9 de 1.678.513 habitantes, segundo o IBGE (2010), por\u00e9m,  na temporada de ver\u00e3o, pode alcan\u00e7ar cerca de 3.000.000 de pessoas. Os principais rios da bacia s\u00e3o:  Cubat\u00e3o, Mogi e Quilombo na \u00e1rea central; Itapanha\u00fa, Itatinga e Guaratuba ao norte; Itanha\u00e9m, Branco e Preto ao sul. Os munic\u00edpios litor\u00e2neos formam uma faixa de 162 quil\u00f4metros de praias entre Peru\u00edbe e Bertioga e t\u00eam, em seu territ\u00f3rio, cerca de 120 km\u00b2 de manguezais ainda preservados."
        },
        {
            "codigo": 2635,
            "data": "2015-12-31 00:00:00",
            "valor": "0.00",
            "descricao": "Sim. A Prefeitura de Santos participa ativamente do Comit\u00ea de Bacias da Baixada Santista (CBH-BS) com representantes na C\u00e2mara T\u00e9cnica de Planejamento e Gerenciamento. C\u00e2mara T\u00e9cnica de Saneamento e Usos M\u00faltiplos e na C\u00e2mara T\u00e9cnica de Educa\u00e7\u00e3o Ambiental e de Divulga\u00e7\u00e3o."
        },
        {
            "codigo": 2636,
            "data": "2014-12-31 00:00:00",
            "valor": "0.00",
            "descricao": "Sim. A Prefeitura de Santos participa ativamente do Comit\u00ea de Bacias da Baixada Santista (CBH-BS) com representantes na C\u00e2mara T\u00e9cnica de Planejamento e Gerenciamento. C\u00e2mara T\u00e9cnica de Saneamento e Usos M\u00faltiplos e na C\u00e2mara T\u00e9cnica de Educa\u00e7\u00e3o Ambiental e de Divulga\u00e7\u00e3o."
        },
        {
            "codigo": 3494,
            "data": "2018-12-31 00:00:00",
            "valor": null,
            "descricao": "Sim. O Comit\u00ea da Bacia Hidrogr\u00e1fica da Baixada Santista foi criado\u00a0\u00a0pela Lei 9.034 de 27 de dezembro de 1994 \u2013 com fundamento no Artigo 19 e seguintes do Estatuto. Tem sua \u00e1rea de atua\u00e7\u00e3o nos munic\u00edpios de Bertioga, Cubat\u00e3o, Guaruj\u00e1, Itanha\u00e9m, Mongagu\u00e1, Peru\u00edbe, Praia Grande, Santos e S\u00e3o Vicente, os quais formam a Regi\u00e3o Metropolitana da Baixada Santista e possuem, em conjunto, uma \u00e1rea de 2.422,776 km\u00b2 e uma \u00e1rea de drenagem que atinge 2.887 km\u00b2.\u00a0\u00a0A popula\u00e7\u00e3o fixa da regi\u00e3o \u00e9 de 1.678.513 habitantes, segundo o IBGE (2010), por\u00e9m,\u00a0\u00a0na temporada de ver\u00e3o, pode alcan\u00e7ar cerca de 3.000.000 de pessoas. Os principais rios da bacia s\u00e3o:\u00a0\u00a0Cubat\u00e3o, Mogi e Quilombo na \u00e1rea central; Itapanha\u00fa, Itatinga e Guaratuba ao norte; Itanha\u00e9m, Branco e Preto ao sul. Os munic\u00edpios litor\u00e2neos formam uma faixa de 162 quil\u00f4metros de praias entre Peru\u00edbe e Bertioga e t\u00eam, em seu territ\u00f3rio, cerca de 120 km\u00b2\u00a0de manguezais ainda preservados."
        },
        {
            "codigo": 4166,
            "data": "2019-12-31 00:00:00",
            "valor": null,
            "descricao": "Sim. O Comit\u00ea da Bacias Hidrogr\u00e1ficas da Baixada Santista (CBH-BS) foi criado pela Lei Estadual n\u00ba. 9.034 de 27 de dezembro de 1994 \u2013 com fundamento no Artigo 19 e seguintes do Estatuto. Tem sua \u00e1rea de atua\u00e7\u00e3o nos munic\u00edpios de Bertioga, Cubat\u00e3o, Guaruj\u00e1, Itanha\u00e9m, Mongagu\u00e1, Peru\u00edbe, Praia Grande, Santos e S\u00e3o Vicente, os quais formam a Regi\u00e3o Metropolitana da Baixada Santista (RMBS) e possuem, em conjunto, uma \u00e1rea de 2.422,776 km\u00b2 e uma \u00e1rea de drenagem que atinge 2.887 km\u00b2. Segundo o Instituto Brasileiro de Geografia e Estat\u00edstica (IBGE), a popula\u00e7\u00e3o fixa da RMBS em 2019 chegou aos 1.865.397 milh\u00f5es de habitantes. Entretanto, durante a temporada de ver\u00e3o, este n\u00famero pode alcan\u00e7ar mais de 3.000.000 de pessoas. Os principais rios da bacia s\u00e3o: Cubat\u00e3o, Mogi e Quilombo na \u00e1rea central; Itapanha\u00fa, Itatinga e Guaratuba ao norte; Itanha\u00e9m, Branco e Preto ao sul. Os munic\u00edpios litor\u00e2neos formam uma faixa de 162 quil\u00f4metros de praias entre Peru\u00edbe e Bertioga e t\u00eam, em seu territ\u00f3rio, cerca de 120 km\u00b2 de manguezais ainda preservados."
        },
        {
            "codigo": 4756,
            "data": "2020-12-31 00:00:00",
            "valor": null,
            "descricao": "Sim. O Comit\u00ea da Bacias Hidrogr\u00e1ficas da Baixada Santista (CBH-BS) foi criado pela Lei Estadual n\u00ba. 9.034 de 27 de dezembro de 1994 \u2013 com fundamento no Artigo 19 e seguintes do Estatuto. Tem sua \u00e1rea de atua\u00e7\u00e3o nos munic\u00edpios de Bertioga, Cubat\u00e3o, Guaruj\u00e1, Itanha\u00e9m, Mongagu\u00e1, Peru\u00edbe, Praia Grande, Santos e S\u00e3o Vicente, os quais formam a Regi\u00e3o Metropolitana da Baixada Santista (RMBS) e possuem, em conjunto, uma \u00e1rea de 2.422,776 km\u00b2 e uma \u00e1rea de drenagem que atinge 2.887 km\u00b2. Segundo o Instituto Brasileiro de Geografia e Estat\u00edstica (IBGE), a popula\u00e7\u00e3o fixa da RMBS em 2020 chegou aos 1.881.706 milh\u00f5es de habitantes. Entretanto, durante a temporada de ver\u00e3o, este n\u00famero pode alcan\u00e7ar mais de 3.000.000 de pessoas. Os principais rios da bacia s\u00e3o: Cubat\u00e3o, Mogi e Quilombo na \u00e1rea central; Itapanha\u00fa, Itatinga e Guaratuba ao norte; Itanha\u00e9m, Branco e Preto ao sul. Os munic\u00edpios litor\u00e2neos formam uma faixa de 162 quil\u00f4metros de praias entre Peru\u00edbe e Bertioga e t\u00eam, em seu territ\u00f3rio, cerca de 120 km\u00b2 de manguezais ainda preservados."
        },
        {
            "codigo": 5284,
            "data": "2021-12-31 00:00:00",
            "valor": null,
            "descricao": "Sim. O Comit\u00ea da Bacias Hidrogr\u00e1ficas da Baixada Santista (CBH-BS) foi criado pela Lei Estadual n\u00ba. 9.034 de 27 de dezembro de 1994 \u2013 com fundamento no Artigo 19 e seguintes do Estatuto. Tem sua \u00e1rea de atua\u00e7\u00e3o nos munic\u00edpios de Bertioga, Cubat\u00e3o, Guaruj\u00e1, Itanha\u00e9m, Mongagu\u00e1, Peru\u00edbe, Praia Grande, Santos e S\u00e3o Vicente, os quais formam a Regi\u00e3o Metropolitana da Baixada Santista (RMBS) e possuem, em conjunto, uma \u00e1rea de 2.422,776 km\u00b2 e uma \u00e1rea de drenagem que atinge 2.887 km\u00b2. Segundo o Instituto Brasileiro de Geografia e Estat\u00edstica (IBGE), a popula\u00e7\u00e3o fixa da RMBS em 2021 chegou aos 1.897.551 milh\u00f5es de habitantes. Entretanto, durante a temporada de ver\u00e3o, este n\u00famero pode alcan\u00e7ar mais de 3.000.000 de pessoas. Os principais rios da bacia s\u00e3o: Cubat\u00e3o, Mogi e Quilombo na \u00e1rea central; Itapanha\u00fa, Itatinga e Guaratuba ao norte; Itanha\u00e9m, Branco e Preto ao sul. Os munic\u00edpios litor\u00e2neos formam uma faixa de 162 quil\u00f4metros de praias entre Peru\u00edbe e Bertioga e t\u00eam, em seu territ\u00f3rio, cerca de 120 km\u00b2 de manguezais ainda preservados."
        },
        {
            "codigo": 6180,
            "data": "2022-12-31 00:00:00",
            "valor": null,
            "descricao": "RESPOSTA: SIM. O munic\u00edpio tem participa\u00e7\u00e3o no Comit\u00ea de Bacias Hidrogr\u00e1ficas da Baixada Santista (CBH-BS). Os representantes de Santos no CBH-BS s\u00e3o:\n\n- Titular: Rog\u00e9rio Pereira dos Santos, Prefeito Municipal de Santos; e\n- Suplente: Marcos Oliveira Lib\u00f3rio, Secret\u00e1rio de Meio Ambiente de Santos.\n\nO CBH-BS foi criado atrav\u00e9s da Lei Estadual n\u00ba 9.034 de 27 de dezembro de 1994 \u2013 com fundamento no Artigo 19 e seguintes do Estatuto. Tem sua \u00e1rea de atua\u00e7\u00e3o nos munic\u00edpios de Bertioga, Cubat\u00e3o, Guaruj\u00e1, Itanha\u00e9m, Mongagu\u00e1, Peru\u00edbe, Praia Grande, Santos e S\u00e3o Vicente, os quais constituem a Regi\u00e3o Metropolitana da Baixada Santista (RMBS), possuindo uma \u00e1rea total de 2.422,776 km\u00b2 e uma \u00e1rea de drenagem que atinge 2.887 km\u00b2. Segundo o Instituto Brasileiro de Geografia e Estat\u00edstica (IBGE), a popula\u00e7\u00e3o fixa estimada da RMBS em 2022 chegou aos 1.825.584 milh\u00f5es de habitantes. Entretanto, durante a temporada de ver\u00e3o, este n\u00famero pode alcan\u00e7ar mais de 3.000.000 de pessoas. Os principais rios da bacia s\u00e3o: Cubat\u00e3o, Mogi e Quilombo na \u00e1rea central; Itapanha\u00fa, Itatinga e Guaratuba ao norte; Itanha\u00e9m, Branco e Preto ao sul. Os munic\u00edpios litor\u00e2neos formam uma faixa de 162 quil\u00f4metros de praias entre Peru\u00edbe e Bertioga e t\u00eam, em seu territ\u00f3rio, cerca de 120 km\u00b2 de manguezais ainda preservados.\n\nRefer\u00eancia:\n\nS\u00c3O PAULO (ESTADO), 2022. Secretaria de Saneamento e Recursos H\u00eddricos. Sistema Integrado de Gerenciamento de Recursos H\u00eddricos do Estado de S\u00e3o Paulo. CBH-BS \u2013 Comit\u00ea da Bacia Hidrogr\u00e1fica da Baixada Santista \u2013 Relat\u00f3rio de Situa\u00e7\u00e3o 2020. S\u00e3o Paulo: 2020. Dispon\u00edvel em: <https://sigrh.sp.gov.br/public/uploads/documents//CBH-BS/19500/rs-2020-formatado-02-12-rev1.pdf>. Acesso em: 8 de ago. 2023."
        },
        {
            "codigo": 7218,
            "data": "2023-12-31 00:00:00",
            "valor": null,
            "descricao": "RESPOSTA: Sim. O munic\u00edpio tem participa\u00e7\u00e3o no Comit\u00ea de Bacias Hidrogr\u00e1ficas da Baixada Santista (CBH-BS). Os representantes de Santos no CBH-BS s\u00e3o:\n\n- Titular: Rog\u00e9rio Pereira dos Santos, Prefeito Municipal de Santos; e\n- Suplente: Marcos Oliveira Lib\u00f3rio, Secret\u00e1rio de Meio Ambiente de Santos.\n\nO CBH-BS foi criado atrav\u00e9s da Lei Estadual n\u00ba 9.034 de 27 de dezembro de 1994 \u2013 com fundamento no Artigo 19 e seguintes do Estatuto. Tem sua \u00e1rea de atua\u00e7\u00e3o nos munic\u00edpios de Bertioga, Cubat\u00e3o, Guaruj\u00e1, Itanha\u00e9m, Mongagu\u00e1, Peru\u00edbe, Praia Grande, Santos e S\u00e3o Vicente, os quais constituem a Regi\u00e3o Metropolitana da Baixada Santista (RMBS), possuindo uma \u00e1rea total de 2.422,776 km\u00b2 e uma \u00e1rea de drenagem que atinge 2.887 km\u00b2. Segundo o Instituto Brasileiro de Geografia e Estat\u00edstica (IBGE), a popula\u00e7\u00e3o fixa estimada da RMBS em 2023 chegou aos 1.825.584 milh\u00f5es de habitantes. Entretanto, durante a temporada de ver\u00e3o, este n\u00famero pode alcan\u00e7ar mais de 3.000.000 de pessoas. Os principais rios da bacia s\u00e3o: Cubat\u00e3o, Mogi e Quilombo na \u00e1rea central; Itapanha\u00fa, Itatinga e Guaratuba ao norte; Itanha\u00e9m, Branco e Preto ao sul. Os munic\u00edpios litor\u00e2neos formam uma faixa de 162 quil\u00f4metros de praias entre Peru\u00edbe e Bertioga e t\u00eam, em seu territ\u00f3rio, cerca de 120 km\u00b2 de manguezais ainda preservados."
        }
    ]
}