{
    "codigo": 5087,
    "nome": "N\u00famero de mulheres jovens de 15 a 24 anos de idade",
    "descricao": "N\u00famero de mulheres jovens de 15 a 24 anos de idade (29.278) - Cidades Sustentaveis",
    "fonte": "SEMULHER",
    "tipoValor": "I",
    "periodicidade": {
        "codigo": 6,
        "descricao": "Anual"
    },
    "tags": [
        {
            "codigo": 4,
            "descricao": "Santos Eficiente"
        }
    ],
    "secretarias": [
        {
            "codigo": 4095,
            "dado_codigo": 5087,
            "sigla": "SEMULHER",
            "nome": "SECRETARIA MUNICIPAL DA MULHER, DA CIDADANIA E DOS DIREITOS HUMANOS"
        }
    ],
    "autarquias": [],
    "metas": [
        {
            "codigo": 5,
            "numero": 5,
            "titulo": "Igualdade de G\u00eanero",
            "objetivo": "Alcan\u00e7ar a igualdade de g\u00eanero e empoderar todas as mulheres e meninas",
            "imagem_url": "5.jpg",
            "link": "http://www.agenda2030.org.br/ods/5/"
        }
    ],
    "eixos": [
        {
            "codigo": 6,
            "descricao": "Equidade, Justi\u00e7a Social e Cultura de Paz"
        }
    ],
    "valores": [
        {
            "codigo": 2637,
            "data": "2015-12-31 00:00:00",
            "valor": "29278.00",
            "descricao": null
        },
        {
            "codigo": 2638,
            "data": "2013-12-31 00:00:00",
            "valor": "29278.00",
            "descricao": null
        },
        {
            "codigo": 2639,
            "data": "2014-12-31 00:00:00",
            "valor": "29278.00",
            "descricao": null
        },
        {
            "codigo": 2640,
            "data": "2016-12-31 00:00:00",
            "valor": "29278.00",
            "descricao": null
        },
        {
            "codigo": 2641,
            "data": "2017-12-31 00:00:00",
            "valor": "29278.00",
            "descricao": null
        },
        {
            "codigo": 3859,
            "data": "2018-12-31 00:00:00",
            "valor": "29278.00",
            "descricao": null
        },
        {
            "codigo": 4314,
            "data": "2019-12-31 00:00:00",
            "valor": "29278.00",
            "descricao": null
        },
        {
            "codigo": 5145,
            "data": "2020-12-31 00:00:00",
            "valor": "29278.00",
            "descricao": null
        },
        {
            "codigo": 6749,
            "data": "2022-12-31 00:00:00",
            "valor": "29278.00",
            "descricao": null
        }
    ]
}