{
    "codigo": 5088,
    "nome": "N\u00famero de pedidos respondidos no sistema de informa\u00e7\u00e3o ao cidad\u00e3o",
    "descricao": "N\u00famero de pedidos respondidos no sistema de informa\u00e7\u00e3o ao cidad\u00e3o - Cidades Sustentaveis",
    "fonte": "OTC",
    "tipoValor": "I",
    "periodicidade": {
        "codigo": 6,
        "descricao": "Anual"
    },
    "tags": [
        {
            "codigo": 18,
            "descricao": "Santos Transparente"
        }
    ],
    "secretarias": [
        {
            "codigo": 2833,
            "dado_codigo": 5088,
            "sigla": "OTC",
            "nome": "OUVIDORIA, TRANSPAR\u00caNCIA E CONTROLE"
        }
    ],
    "autarquias": [],
    "metas": [
        {
            "codigo": 17,
            "numero": 16,
            "titulo": "Paz, Justi\u00e7a e Institui\u00e7\u00f5es Eficazes",
            "objetivo": "Promover sociedades pac\u00edficas e inclusivas para o desenvolvimento sustent\u00e1vel, proporcionar o acesso \u00e0 justi\u00e7a para todos e construir institui\u00e7\u00f5es eficazes, respons\u00e1veis e inclusivas em todos os n\u00edveis",
            "imagem_url": "17.jpg",
            "link": "http://www.agenda2030.org.br/ods/16/"
        }
    ],
    "eixos": [
        {
            "codigo": 4,
            "descricao": "Governan\u00e7a"
        }
    ],
    "valores": [
        {
            "codigo": 2642,
            "data": "2013-12-31 00:00:00",
            "valor": "78.00",
            "descricao": null
        },
        {
            "codigo": 2643,
            "data": "2017-12-31 00:00:00",
            "valor": "143.00",
            "descricao": null
        },
        {
            "codigo": 2644,
            "data": "2015-12-31 00:00:00",
            "valor": "103.00",
            "descricao": null
        },
        {
            "codigo": 2645,
            "data": "2016-12-31 00:00:00",
            "valor": "186.00",
            "descricao": null
        },
        {
            "codigo": 2646,
            "data": "2014-12-31 00:00:00",
            "valor": "40.00",
            "descricao": null
        },
        {
            "codigo": 3661,
            "data": "2018-12-31 00:00:00",
            "valor": "326.00",
            "descricao": null
        },
        {
            "codigo": 4516,
            "data": "2019-12-31 00:00:00",
            "valor": "374.00",
            "descricao": null
        },
        {
            "codigo": 4801,
            "data": "2020-12-31 00:00:00",
            "valor": "542.00",
            "descricao": null
        },
        {
            "codigo": 6012,
            "data": "2021-12-31 00:00:00",
            "valor": "655.00",
            "descricao": null
        },
        {
            "codigo": 6710,
            "data": "2022-12-31 00:00:00",
            "valor": "586.00",
            "descricao": null
        }
    ]
}