{
    "codigo": 5090,
    "nome": "N\u00famero total, em quilos (kg), de material recicl\u00e1vel recuperado",
    "descricao": "N\u00famero total, em quilos (kg), de material recicl\u00e1vel recuperado - Cidades Sustentaveis",
    "fonte": "SEMAM",
    "tipoValor": "I",
    "periodicidade": {
        "codigo": 6,
        "descricao": "Anual"
    },
    "tags": [
        {
            "codigo": 20,
            "descricao": "Santos Sustent\u00e1vel"
        }
    ],
    "secretarias": [
        {
            "codigo": 5767,
            "dado_codigo": 5090,
            "sigla": "SEMAM",
            "nome": "SECRETARIA MUNICIPAL DE MEIO AMBIENTE E BEM-ESTAR ANIMAL"
        }
    ],
    "autarquias": [],
    "metas": [
        {
            "codigo": 13,
            "numero": 12,
            "titulo": "Consumo e Produ\u00e7\u00e3o Respons\u00e1veis",
            "objetivo": "Assegurar padr\u00f5es de produ\u00e7\u00e3o e de consumo sustent\u00e1veis",
            "imagem_url": "13.jpg",
            "link": "http://www.agenda2030.org.br/ods/12/"
        }
    ],
    "eixos": [
        {
            "codigo": 12,
            "descricao": "Consumo Respons\u00e1vel e Op\u00e7\u00f5es de Estilo de Vida"
        }
    ],
    "valores": [
        {
            "codigo": 2652,
            "data": "2013-12-31 00:00:00",
            "valor": "0.00",
            "descricao": null
        },
        {
            "codigo": 2653,
            "data": "2014-12-31 00:00:00",
            "valor": "4559190.00",
            "descricao": null
        },
        {
            "codigo": 2654,
            "data": "2015-12-31 00:00:00",
            "valor": "4371500.00",
            "descricao": null
        },
        {
            "codigo": 2655,
            "data": "2017-12-31 00:00:00",
            "valor": "4562580.00",
            "descricao": null
        },
        {
            "codigo": 2656,
            "data": "2016-12-31 00:00:00",
            "valor": "3765100.00",
            "descricao": null
        },
        {
            "codigo": 3495,
            "data": "2018-12-31 00:00:00",
            "valor": "6193260.00",
            "descricao": null
        },
        {
            "codigo": 4167,
            "data": "2019-12-31 00:00:00",
            "valor": "7076120.00",
            "descricao": null
        },
        {
            "codigo": 4757,
            "data": "2020-12-31 00:00:00",
            "valor": "6679590.00",
            "descricao": null
        },
        {
            "codigo": 5285,
            "data": "2021-12-31 00:00:00",
            "valor": "3658350.00",
            "descricao": null
        },
        {
            "codigo": 6305,
            "data": "2022-12-31 00:00:00",
            "valor": "3191340.00",
            "descricao": null
        },
        {
            "codigo": 7310,
            "data": "2023-12-31 00:00:00",
            "valor": "4218550.00",
            "descricao": null
        }
    ]
}