{
    "codigo": 5092,
    "nome": "Existe no munic\u00edpio um planejamento integrado entre todas as secretarias municipais? Quais secretarias e projetos?",
    "descricao": "Existe no munic\u00edpio um planejamento integrado entre todas as secretarias municipais? Quais secretarias e projetos? - Cidades Sustentaveis",
    "fonte": "OTC",
    "tipoValor": "T",
    "periodicidade": {
        "codigo": 6,
        "descricao": "Anual"
    },
    "tags": [
        {
            "codigo": 18,
            "descricao": "Santos Transparente"
        }
    ],
    "secretarias": [
        {
            "codigo": 2833,
            "dado_codigo": 5092,
            "sigla": "OTC",
            "nome": "OUVIDORIA, TRANSPAR\u00caNCIA E CONTROLE"
        }
    ],
    "autarquias": [],
    "metas": [
        {
            "codigo": 12,
            "numero": 11,
            "titulo": "Cidades e Comunidades Sustent\u00e1veis",
            "objetivo": "Tornar as cidades e os assentamentos humanos inclusivos, seguros, resilientes e sustent\u00e1veis",
            "imagem_url": "12.jpg",
            "link": "http://www.agenda2030.org.br/ods/11/"
        }
    ],
    "eixos": [
        {
            "codigo": 8,
            "descricao": "Planejamento e Desenho Urbano"
        }
    ],
    "valores": [
        {
            "codigo": 2662,
            "data": "2013-12-31 00:00:00",
            "valor": "0.00",
            "descricao": "Sim. Nas metas do Objetivos do Mil\u00eanio todas as 17 secretarias participam."
        },
        {
            "codigo": 2663,
            "data": "2016-12-31 00:00:00",
            "valor": "0.00",
            "descricao": "Sim. No PDR (Participa\u00e7\u00e3o Direta nos Resultados) e PDM (Plano Diretor de Metas) todas as 17 secretarias participam."
        },
        {
            "codigo": 2664,
            "data": "2017-12-31 00:00:00",
            "valor": "0.00",
            "descricao": "Sim, no PDR (Participa\u00e7\u00e3o Direta nos Resultados) e PDM (Plano Diretor de Metas), que envolve as 17 secretarias."
        },
        {
            "codigo": 2665,
            "data": "2014-12-31 00:00:00",
            "valor": "0.00",
            "descricao": "Sim. Nas metas do PDR (Participa\u00e7\u00e3o Direta nos Resultados) e Objetivos do Mil\u00eanio todas as 17 secretarias participam."
        },
        {
            "codigo": 2666,
            "data": "2015-12-31 00:00:00",
            "valor": "0.00",
            "descricao": "Sim. Nas metas do PDR (Participa\u00e7\u00e3o Direta nos Resultados) e Objetivos do Mil\u00eanio todas as 17 secretarias participam."
        },
        {
            "codigo": 3393,
            "data": "2018-12-31 00:00:00",
            "valor": null,
            "descricao": "Sim, no PDR (Participa\u00e7\u00e3o Direta nos Resultados) e PDM (Plano Diretor de Metas), que envolve as 17 secretarias."
        },
        {
            "codigo": 4235,
            "data": "2019-12-31 00:00:00",
            "valor": null,
            "descricao": "Sim, no PDR (Participa\u00e7\u00e3o Direta nos Resultados) e PDM (Plano Diretor de Metas), que envolve as 17 secretarias."
        },
        {
            "codigo": 4797,
            "data": "2020-12-31 00:00:00",
            "valor": null,
            "descricao": "Sim, no PDR (Participa\u00e7\u00e3o Direta nos Resultados) e PDM (Plano Diretor de Metas), que envolve as 17 secretarias."
        },
        {
            "codigo": 6013,
            "data": "2021-12-31 00:00:00",
            "valor": null,
            "descricao": "Sim, o programa PDR (Participa\u00e7\u00e3o Direta nos Resultados) e o acompanhamento do Plano de Governo, que envolve as 19 secretarias e 7 entidades da administra\u00e7\u00e3o indireta."
        },
        {
            "codigo": 6638,
            "data": "2022-12-31 00:00:00",
            "valor": null,
            "descricao": "Sim, o programa PDR (Participa\u00e7\u00e3o Direta nos Resultados) e o acompanhamento do Plano de Governo, que envolve as 19 secretarias e 7 entidades da administra\u00e7\u00e3o indireta."
        }
    ]
}