{
    "codigo": 5093,
    "nome": "N\u00famero total, em quilos (kg), de res\u00edduo urbano coletado",
    "descricao": "N\u00famero total, em quilos (kg), de res\u00edduo urbano coletado - Cidades Sustentaveis",
    "fonte": "Seserp",
    "tipoValor": "I",
    "periodicidade": {
        "codigo": 6,
        "descricao": "Anual"
    },
    "tags": [
        {
            "codigo": 20,
            "descricao": "Santos Sustent\u00e1vel"
        }
    ],
    "secretarias": [
        {
            "codigo": 1657,
            "dado_codigo": 5093,
            "sigla": "SESERP",
            "nome": "SECRETARIA MUNICIPAL DE SERVI\u00c7OS P\u00daBLICOS"
        }
    ],
    "autarquias": [],
    "metas": [
        {
            "codigo": 13,
            "numero": 12,
            "titulo": "Consumo e Produ\u00e7\u00e3o Respons\u00e1veis",
            "objetivo": "Assegurar padr\u00f5es de produ\u00e7\u00e3o e de consumo sustent\u00e1veis",
            "imagem_url": "13.jpg",
            "link": "http://www.agenda2030.org.br/ods/12/"
        }
    ],
    "eixos": [
        {
            "codigo": 12,
            "descricao": "Consumo Respons\u00e1vel e Op\u00e7\u00f5es de Estilo de Vida"
        }
    ],
    "valores": [
        {
            "codigo": 2667,
            "data": "2014-12-31 00:00:00",
            "valor": "190506680.00",
            "descricao": null
        },
        {
            "codigo": 2668,
            "data": "2017-12-31 00:00:00",
            "valor": "170193490.00",
            "descricao": null
        },
        {
            "codigo": 2669,
            "data": "2016-12-31 00:00:00",
            "valor": "180353940.00",
            "descricao": null
        },
        {
            "codigo": 2670,
            "data": "2015-12-31 00:00:00",
            "valor": "183573460.00",
            "descricao": null
        },
        {
            "codigo": 2671,
            "data": "2013-12-31 00:00:00",
            "valor": "0.00",
            "descricao": null
        },
        {
            "codigo": 3377,
            "data": "2018-12-31 00:00:00",
            "valor": "164602050.00",
            "descricao": null
        },
        {
            "codigo": 4044,
            "data": "2019-12-31 00:00:00",
            "valor": "195005730.00",
            "descricao": null
        },
        {
            "codigo": 5081,
            "data": "2020-12-31 00:00:00",
            "valor": "195035000.00",
            "descricao": null
        },
        {
            "codigo": 5792,
            "data": "2021-12-31 00:00:00",
            "valor": "183971290.00",
            "descricao": null
        },
        {
            "codigo": 6758,
            "data": "2022-12-31 00:00:00",
            "valor": "187532860.00",
            "descricao": null
        }
    ]
}