{
    "codigo": 5094,
    "nome": "O munic\u00edpio possui plano de gest\u00e3o integrada de res\u00edduos s\u00f3lidos nos termos estabelecidos na Pol\u00edtica Nacional de Res\u00edduos S\u00f3lidos?",
    "descricao": "O munic\u00edpio possui plano de gest\u00e3o integrada de res\u00edduos s\u00f3lidos nos termos estabelecidos na Pol\u00edtica Nacional de Res\u00edduos S\u00f3lidos? - Cidades Sustentaveis",
    "fonte": "SEMAM",
    "tipoValor": "T",
    "periodicidade": {
        "codigo": 6,
        "descricao": "Anual"
    },
    "tags": [
        {
            "codigo": 20,
            "descricao": "Santos Sustent\u00e1vel"
        }
    ],
    "secretarias": [
        {
            "codigo": 5767,
            "dado_codigo": 5094,
            "sigla": "SEMAM",
            "nome": "SECRETARIA MUNICIPAL DE MEIO AMBIENTE E BEM-ESTAR ANIMAL"
        }
    ],
    "autarquias": [],
    "metas": [
        {
            "codigo": 7,
            "numero": 6,
            "titulo": "\u00c1gua Pot\u00e1vel e Saneamento",
            "objetivo": "Assegurar a disponibilidade e a gest\u00e3o sustent\u00e1vel da \u00e1gua e saneamento para todos",
            "imagem_url": "7.jpg",
            "link": "http://www.agenda2030.org.br/ods/6/"
        },
        {
            "codigo": 12,
            "numero": 11,
            "titulo": "Cidades e Comunidades Sustent\u00e1veis",
            "objetivo": "Tornar as cidades e os assentamentos humanos inclusivos, seguros, resilientes e sustent\u00e1veis",
            "imagem_url": "12.jpg",
            "link": "http://www.agenda2030.org.br/ods/11/"
        },
        {
            "codigo": 13,
            "numero": 12,
            "titulo": "Consumo e Produ\u00e7\u00e3o Respons\u00e1veis",
            "objetivo": "Assegurar padr\u00f5es de produ\u00e7\u00e3o e de consumo sustent\u00e1veis",
            "imagem_url": "13.jpg",
            "link": "http://www.agenda2030.org.br/ods/12/"
        }
    ],
    "eixos": [
        {
            "codigo": 12,
            "descricao": "Consumo Respons\u00e1vel e Op\u00e7\u00f5es de Estilo de Vida"
        }
    ],
    "valores": [
        {
            "codigo": 2672,
            "data": "2014-12-31 00:00:00",
            "valor": "0.00",
            "descricao": "Sim."
        },
        {
            "codigo": 2673,
            "data": "2015-12-31 00:00:00",
            "valor": "0.00",
            "descricao": "Sim. O Plano Municipal de Gest\u00e3o Integrada de Res\u00edduos S\u00f3lidos (PGIRS) foi publicado em 2012 e atualmente est\u00e1 em processo de revis\u00e3o."
        },
        {
            "codigo": 2674,
            "data": "2013-12-31 00:00:00",
            "valor": "0.00",
            "descricao": "Sim."
        },
        {
            "codigo": 2675,
            "data": "2016-12-31 00:00:00",
            "valor": "0.00",
            "descricao": "Sim. O Plano Municipal de Gest\u00e3o Integrada de Res\u00edduos S\u00f3lidos - PGIRS, foi publicado em 2012 e atualmente est\u00e1 em processo de revis\u00e3o."
        },
        {
            "codigo": 2676,
            "data": "2017-12-31 00:00:00",
            "valor": "0.00",
            "descricao": "Sim. O Plano de Gest\u00e3o Integrada de Res\u00edduos S\u00f3lidos do Munic\u00edpio de Santos foi institu\u00eddo em 2010, tendo como base a Pol\u00edtica Nacional de Res\u00edduos S\u00f3lidos, Lei Federal n\u00ba. 12.305 de 02 de agosto de 2010. Da mesma forma, o Programa Municipal de Gerenciamento de Res\u00edduos da Constru\u00e7\u00e3o Civil no Munic\u00edpio de Santos tamb\u00e9m converge com a PNRS. Foi institu\u00eddo pela Lei Complementar 792/2013 e obriga todas as obras, reformas e demoli\u00e7\u00f5es que gerarem mais de 01 metro c\u00fabico de entulho para apresentar um Plano de Gerenciamento de Res\u00edduos S\u00f3lidos da Constru\u00e7\u00e3o Civil - PGRSCC. Tamb\u00e9m fora adotado como amparo legal na institui\u00e7\u00e3o do Programa Socioambiental de Coleta Seletiva Solid\u00e1ria \"Recicla Santos\", cujo marco legal \u00e9 a Lei Municipal 952/2016."
        },
        {
            "codigo": 3496,
            "data": "2018-12-31 00:00:00",
            "valor": null,
            "descricao": "Sim. O Plano de Gest\u00e3o Integrada de Res\u00edduos S\u00f3lidos do Munic\u00edpio de Santos foi institu\u00eddo em 2010, tendo como base a Pol\u00edtica Nacional de Res\u00edduos S\u00f3lidos, Lei Federal n\u00ba. 12.305 de 02 de agosto de 2010. Da mesma forma, o Programa Municipal de Gerenciamento de Res\u00edduos da Constru\u00e7\u00e3o Civil no Munic\u00edpio de Santos tamb\u00e9m converge com a PNRS. Foi institu\u00eddo pela Lei Complementar 792/2013 e obriga todas as obras, reformas e demoli\u00e7\u00f5es que gerarem mais de 01 metro c\u00fabico de entulho para apresentar um Plano de Gerenciamento de Res\u00edduos S\u00f3lidos da Constru\u00e7\u00e3o Civil - PGRSCC. Tamb\u00e9m fora adotado como amparo legal na institui\u00e7\u00e3o do Programa Socioambiental de Coleta Seletiva Solid\u00e1ria \"Recicla Santos\", cujo marco legal \u00e9 a Lei Municipal 952/2016."
        },
        {
            "codigo": 4168,
            "data": "2019-12-31 00:00:00",
            "valor": null,
            "descricao": "Sim. O Plano de Gest\u00e3o Integrada de Res\u00edduos S\u00f3lidos do Munic\u00edpio de Santos foi institu\u00eddo em 2010, tendo como base a Pol\u00edtica Nacional de Res\u00edduos S\u00f3lidos, Lei Federal n\u00ba. 12.305 de 02 de agosto de 2010. Da mesma forma, o Programa Municipal de Gerenciamento de Res\u00edduos da Constru\u00e7\u00e3o Civil no Munic\u00edpio de Santos tamb\u00e9m converge com a PNRS. Foi institu\u00eddo pela Lei Complementar 792/2013 e obriga todas as obras, reformas e demoli\u00e7\u00f5es que gerarem mais de 01 metro c\u00fabico de entulho para apresentar um Plano de Gerenciamento de Res\u00edduos S\u00f3lidos da Constru\u00e7\u00e3o Civil - PGRSCC. Tamb\u00e9m fora adotado como amparo legal na institui\u00e7\u00e3o do Programa Socioambiental de Coleta Seletiva Solid\u00e1ria \"Recicla Santos\", cujo marco legal \u00e9 a Lei Municipal 952/2016. Fonte: SANTOS (MUNIC\u00cdPIO). Prefeitura Municipal de Santos. Secretaria de Meio Ambiente. Res\u00edduos S\u00f3lidos. Plano de Gest\u00e3o Integrada de Res\u00edduos S\u00f3lidos do Munic\u00edpio de Santos. Dispon\u00edvel em: <https://www.santos.sp.gov.br/?q=servico/residuos-solidos>. Acesso em: 23 de julho de 2020."
        },
        {
            "codigo": 4758,
            "data": "2020-12-31 00:00:00",
            "valor": null,
            "descricao": "Sim. O Plano de Gest\u00e3o Integrada de Res\u00edduos S\u00f3lidos do Munic\u00edpio de Santos foi institu\u00eddo em 2010, tendo como base a Pol\u00edtica Nacional de Res\u00edduos S\u00f3lidos, Lei Federal n\u00ba. 12.305 de 02 de agosto de 2010. Da mesma forma, o Programa Municipal de Gerenciamento de Res\u00edduos da Constru\u00e7\u00e3o Civil no Munic\u00edpio de Santos tamb\u00e9m converge com a PNRS. Foi institu\u00eddo pela Lei Complementar 792/2013 e obriga todas as obras, reformas e demoli\u00e7\u00f5es que gerarem mais de 01 metro c\u00fabico de entulho para apresentar um Plano de Gerenciamento de Res\u00edduos S\u00f3lidos da Constru\u00e7\u00e3o Civil - PGRSCC. Tamb\u00e9m fora adotado como amparo legal na institui\u00e7\u00e3o do Programa Socioambiental de Coleta Seletiva Solid\u00e1ria \"Recicla Santos\", cujo marco legal \u00e9 a Lei Municipal 952/2016, devidamente regulamentado por interm\u00e9dio do Decreto Municipal n\u00ba. 7.800/2017.\n\nFonte: SANTOS (MUNIC\u00cdPIO). Prefeitura Municipal de Santos. Secretaria de Meio Ambiente. Res\u00edduos S\u00f3lidos. Plano de Gest\u00e3o Integrada de Res\u00edduos S\u00f3lidos do Munic\u00edpio de Santos. Dispon\u00edvel em: <https://www.santos.sp.gov.br/?q=servico/residuos-solidos>. Acesso em: 18 de agosto de 2021."
        },
        {
            "codigo": 5286,
            "data": "2021-12-31 00:00:00",
            "valor": null,
            "descricao": "Sim. O Plano de Gest\u00e3o Integrada de Res\u00edduos S\u00f3lidos do Munic\u00edpio de Santos foi institu\u00eddo em 2010, tendo como base a Pol\u00edtica Nacional de Res\u00edduos S\u00f3lidos, Lei Federal n\u00ba. 12.305 de 02 de agosto de 2010. Da mesma forma, o Programa Municipal de Gerenciamento de Res\u00edduos da Constru\u00e7\u00e3o Civil no Munic\u00edpio de Santos tamb\u00e9m converge com a PNRS. Foi institu\u00eddo pela Lei Complementar n\u00ba. 792/2013 e obriga todas as obras, reformas e demoli\u00e7\u00f5es que gerarem mais de 01 metro c\u00fabico de entulho para apresentar um Plano de Gerenciamento de Res\u00edduos S\u00f3lidos da Constru\u00e7\u00e3o Civil - PGRSCC. Tamb\u00e9m fora adotado como amparo legal na institui\u00e7\u00e3o do Programa Socioambiental de Coleta Seletiva Solid\u00e1ria \"Recicla Santos\", cujo marco legal \u00e9 a Lei Municipal n\u00ba. 952/2016, devidamente regulamentado por interm\u00e9dio do Decreto Municipal n\u00ba. 7.800/2017."
        },
        {
            "codigo": 6306,
            "data": "2022-12-31 00:00:00",
            "valor": null,
            "descricao": "RESPOSTA: Sim. O Plano de Gest\u00e3o Integrada de Res\u00edduos S\u00f3lidos do Munic\u00edpio de Santos foi institu\u00eddo em 2010, tendo como base a Pol\u00edtica Nacional de Res\u00edduos S\u00f3lidos (PNRS), Lei Federal n\u00ba 12.305 de 02 de agosto de 2010. Da mesma forma, o Programa Municipal de Gerenciamento de Res\u00edduos da Constru\u00e7\u00e3o Civil no Munic\u00edpio de Santos tamb\u00e9m converge com a PNRS. Foi institu\u00eddo pela Lei Complementar n\u00ba 792/2013 e obriga todas as obras, reformas e demoli\u00e7\u00f5es que gerarem mais de 01 metro c\u00fabico de entulho para apresentar um Plano de Gerenciamento de Res\u00edduos S\u00f3lidos da Constru\u00e7\u00e3o Civil - PGRSCC. Tamb\u00e9m fora adotado como amparo legal na institui\u00e7\u00e3o do Programa Socioambiental de Coleta Seletiva Solid\u00e1ria \"Recicla Santos\", cujo marco legal \u00e9 a Lei Municipal n\u00ba 952/2016, devidamente regulamentado por interm\u00e9dio do Decreto Municipal n\u00ba 7.800/2017. E fora publicada na edi\u00e7\u00e3o de 20 de julho de 2022 a Revis\u00e3o do Plano Municipal Integrado de Saneamento B\u00e1sico de Santos, amparada legalmente por interm\u00e9dio do Decreto Municipal n\u00ba 9.753, de 19 de julho de 2022.\n\nRefer\u00eancia:\nSANTOS (Munic\u00edpio). Prefeitura Municipal de Santos. Secretaria de Meio Ambiente. Res\u00edduos S\u00f3lidos. Plano de Gest\u00e3o Integrada de Res\u00edduos S\u00f3lidos do Munic\u00edpio de Santos. Dispon\u00edvel em: <https://www.santos.sp.gov.br/?q=servico/residuos-solidos>. Acesso em: 11 de mar\u00e7o de 2022."
        },
        {
            "codigo": 7309,
            "data": "2023-12-31 00:00:00",
            "valor": null,
            "descricao": "RESPOSTA: Sim. O Plano de Gest\u00e3o Integrada de Res\u00edduos S\u00f3lidos do Munic\u00edpio de Santos foi institu\u00eddo em 2010, tendo como base a Pol\u00edtica Nacional de Res\u00edduos S\u00f3lidos (PNRS), Lei Federal n\u00ba 12.305 de 02 de agosto de 2010. Da mesma forma, o Programa Municipal de Gerenciamento de Res\u00edduos da Constru\u00e7\u00e3o Civil no Munic\u00edpio de Santos tamb\u00e9m converge com a PNRS. Foi institu\u00eddo pela Lei Complementar n\u00ba 792/2013 e obriga todas as obras, reformas e demoli\u00e7\u00f5es que gerarem mais de 01 metro c\u00fabico de entulho para apresentar um Plano de Gerenciamento de Res\u00edduos S\u00f3lidos da Constru\u00e7\u00e3o Civil - PGRSCC. Tamb\u00e9m fora adotado como amparo legal na institui\u00e7\u00e3o do Programa Socioambiental de Coleta Seletiva Solid\u00e1ria \"Recicla Santos\", cujo marco legal \u00e9 a Lei Municipal n\u00ba 952/2016, devidamente regulamentado por interm\u00e9dio do Decreto Municipal n\u00ba 7.800/2017. E fora publicada na edi\u00e7\u00e3o de 20 de julho de 2022 a Revis\u00e3o do Plano Municipal Integrado de Saneamento B\u00e1sico de Santos, amparada legalmente por interm\u00e9dio do Decreto Municipal n\u00ba 9.753, de 19 de julho de 2022.\n\nFonte: SANTOS (Munic\u00edpio). Prefeitura Municipal de Santos. Secretaria de Meio Ambiente. Res\u00edduos S\u00f3lidos. Plano de Gest\u00e3o Integrada de Res\u00edduos S\u00f3lidos do Munic\u00edpio de Santos. Dispon\u00edvel em: <https://www.santos.sp.gov.br/?q=servico/residuos-solidos>. Acesso em: 24 de abril de 2023."
        }
    ]
}