{
    "codigo": 5095,
    "nome": "O munic\u00edpio possui programas para recupera\u00e7\u00e3o de solo degradado? Quais?",
    "descricao": "O munic\u00edpio possui programas para recupera\u00e7\u00e3o de solo degradado? Quais? - Cidades Sustentaveis",
    "fonte": "SEMAM",
    "tipoValor": "T",
    "periodicidade": {
        "codigo": 6,
        "descricao": "Anual"
    },
    "tags": [
        {
            "codigo": 20,
            "descricao": "Santos Sustent\u00e1vel"
        }
    ],
    "secretarias": [
        {
            "codigo": 5767,
            "dado_codigo": 5095,
            "sigla": "SEMAM",
            "nome": "SECRETARIA MUNICIPAL DE MEIO AMBIENTE E BEM-ESTAR ANIMAL"
        }
    ],
    "autarquias": [],
    "metas": [
        {
            "codigo": 3,
            "numero": 2,
            "titulo": "Fome Zero e Agricultura Sustent\u00e1vel",
            "objetivo": "Acabar com a fome, alcan\u00e7ar a seguran\u00e7a alimentar e melhoria da nutri\u00e7\u00e3o e promover a agricultura sustent\u00e1vel",
            "imagem_url": "3.jpg",
            "link": "http://www.agenda2030.org.br/ods/2/"
        }
    ],
    "eixos": [
        {
            "codigo": 5,
            "descricao": "Bens Naturais Comuns"
        }
    ],
    "valores": [
        {
            "codigo": 2677,
            "data": "2017-12-31 00:00:00",
            "valor": "0.00",
            "descricao": "Dentro da compet\u00eancia da Secretaria de Meio Ambiente, o munic\u00edpio de Santos n\u00e3o apresenta nenhum programa voltado nessa linha. De acordo com a CETESB, a implementa\u00e7\u00e3o de ind\u00fastrias como a Companhia Ultragaz, a Liquig\u00e1s Distribuidora, a Transpetro e o Terminal Qu\u00edmico Aratu \u2013 TEQUIMAR) no bairro da Alemoa em regi\u00f5es pr\u00f3ximas do antigo lix\u00e3o do Porto de Santos, representaram a recupera\u00e7\u00e3o de \u00e1reas degradadas e/ou contaminadas, conforme relat\u00f3rio anual de \u00e1reas reabilitadas emitido pela CETESB. Segundo a Companhia Ambiental do Estado de S\u00e3o Paulo, em 2017 foram reabilitadas no munic\u00edpio de Santos 96 \u00e1reas contaminadas, dentre empreendimentos comerciais, industriais e postos de combust\u00edvel. Fonte: S\u00c3O PAULO (Estado). Companhia Ambiental do Estado de S\u00e3o Paulo. \u00c1reas Contaminadas e Reabilitadas no Estado de S\u00e3o Paulo. S\u00e3o Paulo: CETESB, 2018. Dispon\u00edvel em: https://cetesb.sp.gov.br/areas-contaminadas/wp-content/uploads/sites/17/2018/01/Munic%C3%ADpios.pdf. Acesso em: 28 de agosto de 2018."
        },
        {
            "codigo": 2678,
            "data": "2013-12-31 00:00:00",
            "valor": "0.00",
            "descricao": "Justificativa: n\u00e3o foi poss\u00edvel apurar dado para este ano."
        },
        {
            "codigo": 2679,
            "data": "2015-12-31 00:00:00",
            "valor": "0.00",
            "descricao": "Justificativa: n\u00e3o foi poss\u00edvel apurar dado para este ano."
        },
        {
            "codigo": 2680,
            "data": "2014-12-31 00:00:00",
            "valor": "0.00",
            "descricao": "Justificativa: n\u00e3o foi poss\u00edvel apurar dado para este ano."
        },
        {
            "codigo": 2681,
            "data": "2016-12-31 00:00:00",
            "valor": "0.00",
            "descricao": "A implementa\u00e7\u00e3o do Terminal BTP (recupera\u00e7\u00e3o do lix\u00e3o do porto) representou a recupera\u00e7\u00e3o \u00e1rea degradada, bem como vem ocorrendo recupera\u00e7\u00e3o de \u00e1reas contaminadas conforme informa\u00e7\u00f5es de \u00e1rea contaminadas da Cetesb, n\u00e3o levantadas no detalhe. Prop\u00f5e-se elabora\u00e7\u00e3o de levantamento espec\u00edfico."
        },
        {
            "codigo": 3527,
            "data": "2018-12-31 00:00:00",
            "valor": null,
            "descricao": "Dentro da compet\u00eancia da Secretaria de Meio Ambiente, o munic\u00edpio de Santos n\u00e3o apresenta nenhum programa voltado nessa linha. De acordo com a CETESB, a implementa\u00e7\u00e3o de ind\u00fastrias como o Armaz\u00e9m 33 do Porto de Santos (ocupado atualmente pela Libra Terminais), a Companhia Ultragaz, o Ecoporto, a MRS Distribuidora e a Transpetro, situadas no bairro da Alemoa em regi\u00f5es pr\u00f3ximas do antigo lix\u00e3o do Porto de Santos, representaram a recupera\u00e7\u00e3o de \u00e1reas degradadas e/ou contaminadas, conforme \u00faltimo relat\u00f3rio anual de \u00e1reas reabilitadas emitido pela CETESB em dezembro de 2018. Segundo a Companhia Ambiental do Estado de S\u00e3o Paulo, em 2018 foram reabilitadas no munic\u00edpio de Santos 96 \u00e1reas contaminadas, dentre empreendimentos comerciais, industriais e postos de combust\u00edvel. \n\nFonte: S\u00c3O PAULO (Estado). Companhia Ambiental do Estado de S\u00e3o Paulo. \u00c1reas Contaminadas e Reabilitadas no Estado de S\u00e3o Paulo. S\u00e3o Paulo: CETESB, 2019. Dispon\u00edvel em: https://cetesb.sp.gov.br/areas-contaminadas/wp-content/uploads/sites/17/2019/04/UGRHI.pdf. Acesso em: 15 de abril de 2019."
        },
        {
            "codigo": 4169,
            "data": "2019-12-31 00:00:00",
            "valor": null,
            "descricao": "A Prefeitura de Santos, dentro de sua compet\u00eancia, iniciou em 2018 o processo de avalia\u00e7\u00e3o das condi\u00e7\u00f5es f\u00edsico-qu\u00edmico-biol\u00f3gicas pelas quais encontra-se a \u00e1rea correspondente ao Aterro Controlado da Alemoa (ATC-Alemoa) \u2013 antigo \u201cLix\u00e3o da Alemoa\u201d, visando sua futura reutiliza\u00e7\u00e3o. Em 2019, a Administra\u00e7\u00e3o Municipal prop\u00f4s a contrata\u00e7\u00e3o de consultoria para elabora\u00e7\u00e3o de Diagn\u00f3stico Ambiental Detalhado e Atualizado, tendo como objetivo contemplar tecnicamente o Plano de Interven\u00e7\u00e3o para Remedia\u00e7\u00e3o e Gerenciamento da \u00c1rea onde est\u00e1 situado o Aterro Controlado da Alemoa (ATC-Alemoa). Al\u00e9m disso, cumpre informar que no \u00e2mbito da esfera estadual, segundo a Companhia Ambiental do Estado de S\u00e3o Paulo (CETESB), a implementa\u00e7\u00e3o de grandes empresas e/ou empreendimentos, como o AGEO NORTE (antiga COPAPE Terminais e Armaz\u00e9ns Gerais S/A) na Ilha Barnab\u00e9, a Brasil Terminal Portu\u00e1rio S/A (antigo Lix\u00e3o da CODESP), a CIA ULTRAGAZ S/A no bairro Alemoa, o ECOPORTO no bairro Sabo\u00f3, o GRANEL QU\u00cdMICA LTDA na Ilha Barnab\u00e9, o Armaz\u00e9m 33 do Porto de Santos (ocupado na \u00e9poca pela Libra Terminais) e a MRS Distribuidora no bairro Sabo\u00f3, em regi\u00f5es pr\u00f3ximas do antigo lix\u00e3o do Porto de Santos, representaram a recupera\u00e7\u00e3o de \u00e1reas degradadas e/ou contaminadas no munic\u00edpio, conforme \u00faltima rela\u00e7\u00e3o anual e atualizada de \u00e1reas contaminadas e reabilitadas, situadas no Estado de S\u00e3o Paulo, e emitida pela CETESB em dezembro de 2019. Ainda segundo o documento supracitado, o munic\u00edpio de Santos apresenta 101 (cento e uma) \u00e1reas contaminadas com registro \u2013 n\u00famero 6,3% superior que o apresentado na rela\u00e7\u00e3o publicada em dezembro de 2018, com 95 \u00e1reas contaminadas registradas. Deste total, 42 (quarenta e duas) \u00e1reas foram reabilitadas para o uso declarado; 29 (vinte e nove) \u00e1reas est\u00e3o em processo de remedia\u00e7\u00e3o; 13 (treze) \u00e1reas encontram-se em processo de monitoramento para encerramento; 09 (nove) \u00e1reas est\u00e3o contaminadas sob investiga\u00e7\u00e3o; 06 (seis) \u00e1reas contaminadas com risco confirmado e outras 02 (duas) \u00e1reas contaminadas est\u00e3o em processo de reutiliza\u00e7\u00e3o. Na sua grande maioria, empreendimentos comerciais, industriais e postos de combust\u00edvel. Fonte: S\u00c3O PAULO (Estado). Companhia Ambiental do Estado de S\u00e3o Paulo. \u00c1reas Contaminadas e Reabilitadas no Estado de S\u00e3o Paulo. S\u00e3o Paulo: CETESB, 2020. Dispon\u00edvel em: <https://cetesb.sp.gov.br/areas-contaminadas/wp-content/uploads/sites/17/2020/02/UGRHI.pdf>. Acesso em: 24 de julho de 2020."
        },
        {
            "codigo": 4759,
            "data": "2020-12-31 00:00:00",
            "valor": null,
            "descricao": "Sim. Em virtude dos deslizamentos ocorridos na regi\u00e3o dos Morros de Santos em meados de mar\u00e7o/2020, a Administra\u00e7\u00e3o Municipal iniciou uma s\u00e9rie de obras e interven\u00e7\u00f5es com o prop\u00f3sito de recuperar o solo degradado. Seja pela constru\u00e7\u00e3o de barreiras de conten\u00e7\u00e3o ou pela recupera\u00e7\u00e3o de \u00e1reas destru\u00eddas pelas chuvas de mar\u00e7o na regi\u00e3o dos Morros, o processo de recupera\u00e7\u00e3o estrutural foi iniciado j\u00e1 mesmo em 2020. Em paralelo, a Secretaria de Meio Ambiente de Santos iniciou o planejamento para a promo\u00e7\u00e3o de plantios em algumas \u00e1reas de risco sujeitas a deslizamentos, em prol de sua recupera\u00e7\u00e3o ambiental. Est\u00e1 prevista para 2021 a realiza\u00e7\u00e3o de pelo menos 1.000 plantios de mudas de \u00e1rvores de esp\u00e9cies nativas da Mata Atl\u00e2ntica em pontos situados nos morros do Tet\u00e9u / Vale Verde, Caneleira, Nova Cintra, Santa Maria, Santa Terezinha e Vila Progresso. E a escolha das esp\u00e9cies ocorrer\u00e1 por interm\u00e9dio da adaptabilidade pela cobertura vegetal na Regi\u00e3o.\nEm tempo, a Prefeitura de Santos dentro de sua compet\u00eancia, iniciou em 2018 o processo de avalia\u00e7\u00e3o das condi\u00e7\u00f5es f\u00edsico-qu\u00edmico-biol\u00f3gicas pelas quais encontra-se a \u00e1rea correspondente ao Aterro Controlado da Alemoa (ATC-Alemoa) \u2013 antigo \u201cLix\u00e3o da Alemoa\u201d, visando sua futura reutiliza\u00e7\u00e3o. Em 2019, a Administra\u00e7\u00e3o Municipal prop\u00f4s a contrata\u00e7\u00e3o de consultoria para elabora\u00e7\u00e3o de Diagn\u00f3stico Ambiental Detalhado e Atualizado, tendo como objetivo contemplar tecnicamente o Plano de Interven\u00e7\u00e3o para Remedia\u00e7\u00e3o e Gerenciamento da \u00c1rea onde est\u00e1 situado o Aterro Controlado da Alemoa (ATC-Alemoa). E em 2020 foram iniciadas por parte da empresa contratada, as medi\u00e7\u00f5es voltadas para a an\u00e1lise de contamina\u00e7\u00e3o da \u00e1rea supracitada."
        },
        {
            "codigo": 5287,
            "data": "2021-12-31 00:00:00",
            "valor": null,
            "descricao": "Sim. Em virtude dos deslizamentos ocorridos na regi\u00e3o dos Morros de Santos em meados de mar\u00e7o/2020, a Administra\u00e7\u00e3o Municipal iniciou uma s\u00e9rie de obras e interven\u00e7\u00f5es com o prop\u00f3sito de recuperar o solo degradado. Seja pela constru\u00e7\u00e3o de barreiras de conten\u00e7\u00e3o ou pela recupera\u00e7\u00e3o de \u00e1reas destru\u00eddas pelas chuvas de mar\u00e7o na regi\u00e3o dos Morros, o processo de recupera\u00e7\u00e3o estrutural foi iniciado j\u00e1 mesmo em 2020. Em paralelo, a Secretaria de Meio Ambiente de Santos promoveu em 2021 a recupera\u00e7\u00e3o de \u00e1reas que sofreram invas\u00f5es, onde a Administra\u00e7\u00e3o Municipal providenciou a retirada destes moradores e posteriormente, solicita a promo\u00e7\u00e3o de plantios em algumas \u00e1reas de risco sujeitas a deslizamentos. Ainda em 2021 foram realizados 2.000 plantios de mudas de \u00e1rvores de esp\u00e9cies nativas da Mata Atl\u00e2ntica em pontos situados nos morros da Caneleira, Vale Verde, Caminho das Torres, Barreirinhas, S\u00e3o Fernando e na \u00c1rea Continental \u2013 Mantiqueira. E a escolha das esp\u00e9cies ocorrer\u00e1 por interm\u00e9dio da adaptabilidade pela cobertura vegetal na Regi\u00e3o.\nEm tempo, a Prefeitura de Santos dentro de sua compet\u00eancia, iniciou em 2018 o processo de avalia\u00e7\u00e3o das condi\u00e7\u00f5es f\u00edsico-qu\u00edmico-biol\u00f3gicas pelas quais encontra-se a \u00e1rea correspondente ao Aterro Controlado da Alemoa (ATC-Alemoa) \u2013 antigo \u201cLix\u00e3o da Alemoa\u201d, visando sua futura reutiliza\u00e7\u00e3o. Em 2019, a Administra\u00e7\u00e3o Municipal prop\u00f4s a contrata\u00e7\u00e3o de consultoria para elabora\u00e7\u00e3o de Diagn\u00f3stico Ambiental Detalhado e Atualizado, tendo como objetivo contemplar tecnicamente o Plano de Interven\u00e7\u00e3o para Remedia\u00e7\u00e3o e Gerenciamento da \u00c1rea onde est\u00e1 situado o Aterro Controlado da Alemoa (ATC-Alemoa). E em 2020 e 2021 a empresa contratada realizou as medi\u00e7\u00f5es voltadas para a an\u00e1lise de contamina\u00e7\u00e3o da \u00e1rea supracitada."
        },
        {
            "codigo": 6157,
            "data": "2022-12-31 00:00:00",
            "valor": null,
            "descricao": "RESPOSTA: Sim. Em virtude dos deslizamentos ocorridos na regi\u00e3o dos Morros de Santos em meados de mar\u00e7o/2020, a Administra\u00e7\u00e3o Municipal iniciou uma s\u00e9rie de obras e interven\u00e7\u00f5es com o prop\u00f3sito de recuperar o solo degradado. Seja pela constru\u00e7\u00e3o de barreiras de conten\u00e7\u00e3o ou pela recupera\u00e7\u00e3o de \u00e1reas destru\u00eddas pelas chuvas de mar\u00e7o na regi\u00e3o dos Morros, o processo de recupera\u00e7\u00e3o estrutural foi iniciado j\u00e1 mesmo em 2020. E as obras prosseguiram em 2022, com a desocupa\u00e7\u00e3o de casas situadas em \u00e1reas com risco iminente de eros\u00e3o, al\u00e9m de estruturas de concreto voltadas para a reconstru\u00e7\u00e3o de galerias pluviais.\nEm paralelo, a Secretaria de Meio Ambiente de Santos promoveu em 2021 a recupera\u00e7\u00e3o de \u00e1reas que sofreram invas\u00f5es, onde a Administra\u00e7\u00e3o Municipal providenciou a retirada destes moradores e posteriormente, solicita a promo\u00e7\u00e3o de plantios em algumas \u00e1reas de risco sujeitas a deslizamentos. Ainda em 2021 foram realizados 2.000 plantios de mudas de \u00e1rvores de esp\u00e9cies nativas da Mata Atl\u00e2ntica em pontos situados nos morros da Caneleira, Vale Verde, Caminho das Torres, Barreirinhas, S\u00e3o Fernando e na \u00c1rea Continental \u2013 Mantiqueira. E a escolha das esp\u00e9cies ocorrer\u00e1 por interm\u00e9dio da adaptabilidade pela cobertura vegetal na Regi\u00e3o.\nDa mesma forma, refor\u00e7a-se manifesta\u00e7\u00e3o da Se\u00e7\u00e3o de Licenciamento Ambiental (SELAM) da Secretaria de Meio Ambiente (SEMAM), cuja responsabilidade pela identifica\u00e7\u00e3o e exig\u00eancia na recupera\u00e7\u00e3o de \u00e1reas contaminadas no munic\u00edpio de Santos \u00e9 do Governo do Estado de S\u00e3o Paulo, por interm\u00e9dio da CETESB \u2013 Companhia Ambiental do Estado de S\u00e3o Paulo.\nEm tempo, a Prefeitura de Santos dentro de sua compet\u00eancia, iniciou em 2018 o processo de avalia\u00e7\u00e3o das condi\u00e7\u00f5es f\u00edsico-qu\u00edmico-biol\u00f3gicas pelas quais encontra-se a \u00e1rea correspondente ao Aterro Controlado da Alemoa (ATC-Alemoa) \u2013 antigo \u201cLix\u00e3o da Alemoa\u201d, visando sua futura reutiliza\u00e7\u00e3o. Em 2019, a Administra\u00e7\u00e3o Municipal prop\u00f4s a contrata\u00e7\u00e3o de consultoria para elabora\u00e7\u00e3o de Diagn\u00f3stico Ambiental Detalhado e Atualizado, tendo como objetivo contemplar tecnicamente o Plano de Interven\u00e7\u00e3o para Remedia\u00e7\u00e3o e Gerenciamento da \u00c1rea onde est\u00e1 situado o Aterro Controlado da Alemoa (ATC-Alemoa). E em 2020 e 2021 a empresa contratada realizou as medi\u00e7\u00f5es voltadas para a an\u00e1lise de contamina\u00e7\u00e3o da \u00e1rea supracitada."
        },
        {
            "codigo": 7198,
            "data": "2023-12-31 00:00:00",
            "valor": null,
            "descricao": "RESPOSTA: Segundo a Se\u00e7\u00e3o de Licenciamento Ambiental (SELAM) da Secretaria de Meio Ambiente (SEMAM), a responsabilidade pelo gerenciamento de programas de recupera\u00e7\u00e3o de solo degradado no munic\u00edpio de Santos \u00e9 do Governo do Estado de S\u00e3o Paulo, por interm\u00e9dio da CETESB \u2013 Companhia Ambiental do Estado de S\u00e3o Paulo."
        }
    ]
}