{
    "codigo": 5097,
    "nome": "O munic\u00edpio possui Plano Diretor aprovado?",
    "descricao": "O munic\u00edpio possui Plano Diretor aprovado? - Cidades Sustentaveis",
    "fonte": "Sedurb",
    "tipoValor": "T",
    "periodicidade": {
        "codigo": 6,
        "descricao": "Anual"
    },
    "tags": [
        {
            "codigo": 4,
            "descricao": "Santos Eficiente"
        }
    ],
    "secretarias": [
        {
            "codigo": 2937,
            "dado_codigo": 5097,
            "sigla": "SEDURB",
            "nome": "SECRETARIA MUNICIPAL DE DESENVOLVIMENTO URBANO"
        }
    ],
    "autarquias": [],
    "metas": [
        {
            "codigo": 12,
            "numero": 11,
            "titulo": "Cidades e Comunidades Sustent\u00e1veis",
            "objetivo": "Tornar as cidades e os assentamentos humanos inclusivos, seguros, resilientes e sustent\u00e1veis",
            "imagem_url": "12.jpg",
            "link": "http://www.agenda2030.org.br/ods/11/"
        }
    ],
    "eixos": [
        {
            "codigo": 8,
            "descricao": "Planejamento e Desenho Urbano"
        }
    ],
    "valores": [
        {
            "codigo": 2687,
            "data": "2016-12-31 00:00:00",
            "valor": "0.00",
            "descricao": "A lei complementar n\u00ba 821 de 27 de dezembro de 2013 institui o plano diretor de desenvolvimento e expans\u00e3o urbana do munic\u00edpio de santos."
        },
        {
            "codigo": 2688,
            "data": "2015-12-31 00:00:00",
            "valor": "0.00",
            "descricao": "A lei complementar n\u00ba 821 de 27 de dezembro de 2013 institui o plano diretor de desenvolvimento e expans\u00e3o urbana do munic\u00edpio de santos."
        },
        {
            "codigo": 2689,
            "data": "2014-12-31 00:00:00",
            "valor": "0.00",
            "descricao": "A lei complementar n\u00ba 821 de 27 de dezembro de 2013 institui o plano diretor de desenvolvimento e expans\u00e3o urbana do munic\u00edpio de santos."
        },
        {
            "codigo": 2690,
            "data": "2013-12-31 00:00:00",
            "valor": "0.00",
            "descricao": "A lei complementar n\u00ba 821 de 27 de dezembro de 2013 institui o plano diretor de desenvolvimento e expans\u00e3o urbana do munic\u00edpio de santos."
        },
        {
            "codigo": 2691,
            "data": "2017-12-31 00:00:00",
            "valor": "0.00",
            "descricao": "A lei complementar n\u00ba 821 de 27 de dezembro de 2013 institui o plano diretor de desenvolvimento e expans\u00e3o urbana do munic\u00edpio de santos."
        },
        {
            "codigo": 3366,
            "data": "2018-12-31 00:00:00",
            "valor": null,
            "descricao": "Sim. LC 1005, DE 16 DE JULHO DE 2018."
        },
        {
            "codigo": 4031,
            "data": "2019-12-31 00:00:00",
            "valor": null,
            "descricao": "Sim. LC 1005, DE 16 DE JULHO DE 2018"
        },
        {
            "codigo": 4641,
            "data": "2020-12-31 00:00:00",
            "valor": null,
            "descricao": "Sim. LC 1005, DE 16 DE JULHO DE 2018"
        },
        {
            "codigo": 5361,
            "data": "2021-12-31 00:00:00",
            "valor": null,
            "descricao": "Sim. LC 1005, DE 16 DE JULHO DE 2018"
        },
        {
            "codigo": 6587,
            "data": "2022-12-31 00:00:00",
            "valor": null,
            "descricao": "Sim.  Lei Complementar 1.181 de 08 de novembro de 2022."
        }
    ]
}