{
    "codigo": 5098,
    "nome": "Em que ano foi elaborado? O Plano Diretor passou por revis\u00e3o? Qual foi o ano da revis\u00e3o?",
    "descricao": "Em que ano foi elaborado? O Plano Diretor passou por revis\u00e3o? Qual foi o ano da revis\u00e3o? - Cidades Sustentaveis",
    "fonte": "Sedurb",
    "tipoValor": "T",
    "periodicidade": {
        "codigo": 6,
        "descricao": "Anual"
    },
    "tags": [
        {
            "codigo": 4,
            "descricao": "Santos Eficiente"
        }
    ],
    "secretarias": [
        {
            "codigo": 2937,
            "dado_codigo": 5098,
            "sigla": "SEDURB",
            "nome": "SECRETARIA MUNICIPAL DE DESENVOLVIMENTO URBANO"
        }
    ],
    "autarquias": [],
    "metas": [
        {
            "codigo": 12,
            "numero": 11,
            "titulo": "Cidades e Comunidades Sustent\u00e1veis",
            "objetivo": "Tornar as cidades e os assentamentos humanos inclusivos, seguros, resilientes e sustent\u00e1veis",
            "imagem_url": "12.jpg",
            "link": "http://www.agenda2030.org.br/ods/11/"
        }
    ],
    "eixos": [
        {
            "codigo": 8,
            "descricao": "Planejamento e Desenho Urbano"
        }
    ],
    "valores": [
        {
            "codigo": 2692,
            "data": "2015-12-31 00:00:00",
            "valor": "0.00",
            "descricao": "Em 2013. N\u00e3o."
        },
        {
            "codigo": 2693,
            "data": "2014-12-31 00:00:00",
            "valor": "0.00",
            "descricao": "Em 2013. N\u00e3o."
        },
        {
            "codigo": 2694,
            "data": "2013-12-31 00:00:00",
            "valor": "0.00",
            "descricao": "Em 2013. N\u00e3o."
        },
        {
            "codigo": 2695,
            "data": "2016-12-31 00:00:00",
            "valor": "0.00",
            "descricao": "Em 2013. A lei complementar n\u00ba 931 de 14 de abril de 2016, regulamenta o uso de espa\u00e7o a\u00e9reo em logradouros p\u00fablicos do munic\u00edpio de santos. Em 2016."
        },
        {
            "codigo": 2696,
            "data": "2017-12-31 00:00:00",
            "valor": "0.00",
            "descricao": "2- Em que ano foi elaborado? In\u00edcio em 2017 com finaliza\u00e7\u00e3o em 2018. 3- O Plano Diretor passou por revis\u00e3o? Sim. O plano anterior \u2013 LC 821, era de 2013, 4- Qual foi o ano da revis\u00e3o? 2017 e 2018."
        },
        {
            "codigo": 3367,
            "data": "2018-12-31 00:00:00",
            "valor": null,
            "descricao": "2- Em que ano foi elaborado? In\u00edcio em 2017 com finaliza\u00e7\u00e3o em 2018. 3- O Plano Diretor passou por revis\u00e3o? Sim. O plano anterior \u2013 LC 821, era de 2013, 4- Qual foi o ano da revis\u00e3o? 2017 e 2018."
        },
        {
            "codigo": 4032,
            "data": "2019-12-31 00:00:00",
            "valor": null,
            "descricao": "2- Em que ano foi elaborado? In\u00edcio em 2017 com finaliza\u00e7\u00e3o em 2018. 3- O Plano Diretor passou por revis\u00e3o? Sim. O plano anterior \u2013 LC 821, era de 2013, 4- Qual foi o ano da revis\u00e3o? 2017 e 2018."
        },
        {
            "codigo": 4642,
            "data": "2020-12-31 00:00:00",
            "valor": null,
            "descricao": "2- Em que ano foi elaborado? In\u00edcio em 2017 com finaliza\u00e7\u00e3o em 2018. 3- O Plano Diretor passou por revis\u00e3o? Sim. O plano anterior \u2013 LC 821, era de 2013, 4- Qual foi o ano da revis\u00e3o? 2017 e 2018."
        },
        {
            "codigo": 5397,
            "data": "2021-12-31 00:00:00",
            "valor": null,
            "descricao": "Em que ano foi elaborado? In\u00edcio em 2017 com finaliza\u00e7\u00e3o em 2018. 3- O Plano Diretor passou por revis\u00e3o? Sim, atualmente o Plano Diretor est\u00e1 sendo revisto com publica\u00e7\u00e3o prevista para junho/2022."
        },
        {
            "codigo": 6628,
            "data": "2022-12-31 00:00:00",
            "valor": null,
            "descricao": "O Plano Diretor foi revisado em 2022 e consolidado atrav\u00e9s da Lei Complementar 1.181 de 08 de novembro de 2022."
        }
    ]
}