{
    "codigo": 5100,
    "nome": "Valor dos recursos p\u00fablicos municipais para cultura",
    "descricao": "Valor dos recursos p\u00fablicos municipais para cultura - Cidades Sustentaveis",
    "fonte": "Sefin",
    "tipoValor": "D",
    "periodicidade": {
        "codigo": 6,
        "descricao": "Anual"
    },
    "tags": [
        {
            "codigo": 4,
            "descricao": "Santos Eficiente"
        }
    ],
    "secretarias": [
        {
            "codigo": 4681,
            "dado_codigo": 5100,
            "sigla": "SEFIN",
            "nome": "SECRETARIA MUNICIPAL DE FINAN\u00c7AS E GEST\u00c3O"
        }
    ],
    "autarquias": [],
    "metas": [
        {
            "codigo": 12,
            "numero": 11,
            "titulo": "Cidades e Comunidades Sustent\u00e1veis",
            "objetivo": "Tornar as cidades e os assentamentos humanos inclusivos, seguros, resilientes e sustent\u00e1veis",
            "imagem_url": "12.jpg",
            "link": "http://www.agenda2030.org.br/ods/11/"
        }
    ],
    "eixos": [
        {
            "codigo": 9,
            "descricao": "Cultura para a Sustentabilidade"
        }
    ],
    "valores": [
        {
            "codigo": 2702,
            "data": "2015-12-31 00:00:00",
            "valor": "3880409.23",
            "descricao": null
        },
        {
            "codigo": 2703,
            "data": "2014-12-31 00:00:00",
            "valor": "38657245.89",
            "descricao": null
        },
        {
            "codigo": 2704,
            "data": "2017-12-31 00:00:00",
            "valor": "26909822.75",
            "descricao": null
        },
        {
            "codigo": 2705,
            "data": "2013-12-31 00:00:00",
            "valor": "29792615.58",
            "descricao": null
        },
        {
            "codigo": 2706,
            "data": "2016-12-31 00:00:00",
            "valor": "37725933.00",
            "descricao": null
        },
        {
            "codigo": 3592,
            "data": "2018-12-31 00:00:00",
            "valor": "9053236.00",
            "descricao": null
        },
        {
            "codigo": 4545,
            "data": "2019-12-31 00:00:00",
            "valor": "18243750.01",
            "descricao": null
        },
        {
            "codigo": 4963,
            "data": "2020-12-31 00:00:00",
            "valor": "18851899.06",
            "descricao": null
        },
        {
            "codigo": 5427,
            "data": "2021-12-31 00:00:00",
            "valor": "10818910.10",
            "descricao": null
        },
        {
            "codigo": 6895,
            "data": "2022-12-31 00:00:00",
            "valor": "20769984.07",
            "descricao": null
        }
    ]
}