{
    "codigo": 5103,
    "nome": "Quais foram os mecanismos de participa\u00e7\u00e3o social na constru\u00e7\u00e3o do Plano Diretor?",
    "descricao": "Quais foram os mecanismos de participa\u00e7\u00e3o social na constru\u00e7\u00e3o do Plano Diretor? - Cidades Sustentaveis",
    "fonte": "Sedurb",
    "tipoValor": "T",
    "periodicidade": {
        "codigo": 6,
        "descricao": "Anual"
    },
    "tags": [
        {
            "codigo": 4,
            "descricao": "Santos Eficiente"
        }
    ],
    "secretarias": [
        {
            "codigo": 2937,
            "dado_codigo": 5103,
            "sigla": "SEDURB",
            "nome": "SECRETARIA MUNICIPAL DE DESENVOLVIMENTO URBANO"
        }
    ],
    "autarquias": [],
    "metas": [
        {
            "codigo": 12,
            "numero": 11,
            "titulo": "Cidades e Comunidades Sustent\u00e1veis",
            "objetivo": "Tornar as cidades e os assentamentos humanos inclusivos, seguros, resilientes e sustent\u00e1veis",
            "imagem_url": "12.jpg",
            "link": "http://www.agenda2030.org.br/ods/11/"
        }
    ],
    "eixos": [
        {
            "codigo": 8,
            "descricao": "Planejamento e Desenho Urbano"
        }
    ],
    "valores": [
        {
            "codigo": 2717,
            "data": "2015-12-31 00:00:00",
            "valor": "0.00",
            "descricao": "Para garantir a gest\u00e3o democr\u00e1tica do plano diretor, com base nos termos do artigo 2\u00ba desta lei complementar 821/13, utilizaram os seguintes instrumentos, dotados de plena acessibilidade espacial e de conte\u00fado \u00e0s pessoas com defici\u00eancia: I \u2013 debates, audi\u00eancias, consultas p\u00fablicas e conselhos municipais; II \u2013 confer\u00eancias sobre assuntos de interesse urbano; III \u2013 Confer\u00eancia Municipal da Cidade. O Conselho Municipal de Desenvolvimento Urbano \u2013 CMDU promover\u00e1 a avalia\u00e7\u00e3o e a discuss\u00e3o p\u00fablica dos resultados da Confer\u00eancia Municipal da Cidade em at\u00e9 um ano ap\u00f3s sua realiza\u00e7\u00e3o."
        },
        {
            "codigo": 2718,
            "data": "2016-12-31 00:00:00",
            "valor": "0.00",
            "descricao": "Para garantir a gest\u00e3o democr\u00e1tica do plano diretor, com base nos termos do artigo 2\u00ba desta lei complementar 821/13, utilizaram os seguintes instrumentos, dotados de plena acessibilidade espacial e de conte\u00fado \u00e0s pessoas com defici\u00eancia: I \u2013 debates, audi\u00eancias, consultas p\u00fablicas e conselhos municipais; II \u2013 confer\u00eancias sobre assuntos de interesse urbano; III \u2013 Confer\u00eancia Municipal da Cidade. O Conselho Municipal de Desenvolvimento Urbano \u2013 CMDU promover\u00e1 a avalia\u00e7\u00e3o e a discuss\u00e3o p\u00fablica dos resultados da Confer\u00eancia Municipal da Cidade em at\u00e9 um ano ap\u00f3s sua realiza\u00e7\u00e3o."
        },
        {
            "codigo": 2719,
            "data": "2018-12-31 00:00:00",
            "valor": "0.00",
            "descricao": "A pol\u00edtica de desenvolvimento e planejamento do Munic\u00edpio, constitu\u00edda e definida pelo Plano Diretor, \u00e9 formulada e executada por meio do Sistema de Planejamento. O Sistema de Planejamento \u00e9 o conjunto de \u00f3rg\u00e3os, normas, sistemas georreferenciados, recursos humanos e t\u00e9cnicos, objetivando a coordena\u00e7\u00e3o das a\u00e7\u00f5es dos setores p\u00fablico, privado e da sociedade em geral, a integra\u00e7\u00e3o entre os diversos programas setoriais e a dinamiza\u00e7\u00e3o e moderniza\u00e7\u00e3o da a\u00e7\u00e3o governamental, para o cumprimento do que rege o Plano Diretor. O objetivo do Sistema de Planejamento \u00e9 garantir um processo din\u00e2mico, permanente e transparente de implementa\u00e7\u00e3o dos objetivos gerais do Plano Diretor, bem como de suas diretrizes, atrav\u00e9s dos seus instrumentos das demais normas disciplinadoras, propiciando o adequado acompanhamento e controle. Compete ao Sistema de Planejamento articular as a\u00e7\u00f5es dos \u00f3rg\u00e3os da Administra\u00e7\u00e3o direta e indireta do Munic\u00edpio, bem como da iniciativa privada, para a implementa\u00e7\u00e3o do Plano Diretor. O Sistema de Planejamento \u00e9 composto pelo \u00f3rg\u00e3o municipal de planejamento do desenvolvimento urbano e pelo Conselho Municipal de Desenvolvimento Urbano \u2013 CMDU. As Secretarias Municipais e demais \u00f3rg\u00e3os da Administra\u00e7\u00e3o direta e indireta participam da implementa\u00e7\u00e3o das disposi\u00e7\u00f5es do Plano, atualizando informa\u00e7\u00f5es georreferenciadas em banco de dados \u00fanico, por meio do Sistema de Informa\u00e7\u00f5es Geogr\u00e1ficas do Munic\u00edpio-SIGSantos, elaborando os planos de a\u00e7\u00e3o integrada e os projetos de normas disciplinadoras, nas \u00e1reas de sua compet\u00eancia. Al\u00e9m disso, s\u00e3o realizados: \u2013 debates, audi\u00eancias, consultas p\u00fablicas, referendos, plebiscitos e conselhos municipais; \u2013 confer\u00eancias sobre assuntos de interesse urbano; \u2013 Confer\u00eancia Municipal da Cidade; \u2013 a publicidade dos documentos; \u2013 o acesso aos documentos e informa\u00e7\u00f5es produzidos; \u2013 a realiza\u00e7\u00e3o de oficinas preparat\u00f3rias; \u2013 a realiza\u00e7\u00e3o de devolutiva das audi\u00eancias p\u00fablicas."
        },
        {
            "codigo": 2720,
            "data": "2013-12-31 00:00:00",
            "valor": "0.00",
            "descricao": "Para garantir a gest\u00e3o democr\u00e1tica do plano diretor, com base nos termos do artigo 2\u00ba desta lei complementar 821/13, utilizaram os seguintes instrumentos, dotados de plena acessibilidade espacial e de conte\u00fado \u00e0s pessoas com defici\u00eancia: I \u2013 debates, audi\u00eancias, consultas p\u00fablicas e conselhos municipais; II \u2013 confer\u00eancias sobre assuntos de interesse urbano; III \u2013 Confer\u00eancia Municipal da Cidade. O Conselho Municipal de Desenvolvimento Urbano \u2013 CMDU promover\u00e1 a avalia\u00e7\u00e3o e a discuss\u00e3o p\u00fablica dos resultados da Confer\u00eancia Municipal da Cidade em at\u00e9 um ano ap\u00f3s sua realiza\u00e7\u00e3o."
        },
        {
            "codigo": 2721,
            "data": "2014-12-31 00:00:00",
            "valor": "0.00",
            "descricao": "Para garantir a gest\u00e3o democr\u00e1tica do plano diretor, com base nos termos do artigo 2\u00ba desta lei complementar 821/13, utilizaram os seguintes instrumentos, dotados de plena acessibilidade espacial e de conte\u00fado \u00e0s pessoas com defici\u00eancia: I \u2013 debates, audi\u00eancias, consultas p\u00fablicas e conselhos municipais; II \u2013 confer\u00eancias sobre assuntos de interesse urbano; III \u2013 Confer\u00eancia Municipal da Cidade. O Conselho Municipal de Desenvolvimento Urbano \u2013 CMDU promover\u00e1 a avalia\u00e7\u00e3o e a discuss\u00e3o p\u00fablica dos resultados da Confer\u00eancia Municipal da Cidade em at\u00e9 um ano ap\u00f3s sua realiza\u00e7\u00e3o."
        },
        {
            "codigo": 3368,
            "data": "2017-12-31 00:00:00",
            "valor": null,
            "descricao": "A pol\u00edtica de desenvolvimento e planejamento do Munic\u00edpio, constitu\u00edda e definida pelo Plano Diretor, \u00e9 formulada e executada por meio do Sistema de Planejamento. O Sistema de Planejamento \u00e9 o conjunto de \u00f3rg\u00e3os, normas, sistemas georreferenciados, recursos humanos e t\u00e9cnicos, objetivando a coordena\u00e7\u00e3o das a\u00e7\u00f5es dos setores p\u00fablico, privado e da sociedade em geral, a integra\u00e7\u00e3o entre os diversos programas setoriais e a dinamiza\u00e7\u00e3o e moderniza\u00e7\u00e3o da a\u00e7\u00e3o governamental, para o cumprimento do que rege o Plano Diretor. O objetivo do Sistema de Planejamento \u00e9 garantir um processo din\u00e2mico, permanente e transparente de implementa\u00e7\u00e3o dos objetivos gerais do Plano Diretor, bem como de suas diretrizes, atrav\u00e9s dos seus instrumentos das demais normas disciplinadoras, propiciando o adequado acompanhamento e controle. Compete ao Sistema de Planejamento articular as a\u00e7\u00f5es dos \u00f3rg\u00e3os da Administra\u00e7\u00e3o direta e indireta do Munic\u00edpio, bem como da iniciativa privada, para a implementa\u00e7\u00e3o do Plano Diretor. O Sistema de Planejamento \u00e9 composto pelo \u00f3rg\u00e3o municipal de planejamento do desenvolvimento urbano e pelo Conselho Municipal de Desenvolvimento Urbano \u2013 CMDU. As Secretarias Municipais e demais \u00f3rg\u00e3os da Administra\u00e7\u00e3o direta e indireta participam da implementa\u00e7\u00e3o das disposi\u00e7\u00f5es do Plano, atualizando informa\u00e7\u00f5es georreferenciadas em banco de dados \u00fanico, por meio do Sistema de Informa\u00e7\u00f5es Geogr\u00e1ficas do Munic\u00edpio-SIGSantos, elaborando os planos de a\u00e7\u00e3o integrada e os projetos de normas disciplinadoras, nas \u00e1reas de sua compet\u00eancia. Al\u00e9m disso, s\u00e3o realizados: \u2013 debates, audi\u00eancias, consultas p\u00fablicas, referendos, plebiscitos e conselhos municipais; \u2013 confer\u00eancias sobre assuntos de interesse urbano; \u2013 Confer\u00eancia Municipal da Cidade; \u2013 a publicidade dos documentos; \u2013 o acesso aos documentos e informa\u00e7\u00f5es produzidos; \u2013 a realiza\u00e7\u00e3o de oficinas preparat\u00f3rias; \u2013 a realiza\u00e7\u00e3o de devolutiva das audi\u00eancias p\u00fablicas."
        },
        {
            "codigo": 4033,
            "data": "2019-12-31 00:00:00",
            "valor": null,
            "descricao": "A pol\u00edtica de desenvolvimento e planejamento do Munic\u00edpio, constitu\u00edda e definida pelo Plano Diretor, \u00e9 formulada e executada por meio do Sistema de Planejamento. O Sistema de Planejamento \u00e9 o conjunto de \u00f3rg\u00e3os, normas, sistemas georreferenciados, recursos humanos e t\u00e9cnicos, objetivando a coordena\u00e7\u00e3o das a\u00e7\u00f5es dos setores p\u00fablico, privado e da sociedade em geral, a integra\u00e7\u00e3o entre os diversos programas setoriais e a dinamiza\u00e7\u00e3o e moderniza\u00e7\u00e3o da a\u00e7\u00e3o governamental, para o cumprimento do que rege o Plano Diretor. O objetivo do Sistema de Planejamento \u00e9 garantir um processo din\u00e2mico, permanente e transparente de implementa\u00e7\u00e3o dos objetivos gerais do Plano Diretor, bem como de suas diretrizes, atrav\u00e9s dos seus instrumentos das demais normas disciplinadoras, propiciando o adequado acompanhamento e controle. Compete ao Sistema de Planejamento articular as a\u00e7\u00f5es dos \u00f3rg\u00e3os da Administra\u00e7\u00e3o direta e indireta do Munic\u00edpio, bem como da iniciativa privada, para a implementa\u00e7\u00e3o do Plano Diretor. O Sistema de Planejamento \u00e9 composto pelo \u00f3rg\u00e3o municipal de planejamento do desenvolvimento urbano e pelo Conselho Municipal de Desenvolvimento Urbano \u2013 CMDU. As Secretarias Municipais e demais \u00f3rg\u00e3os da Administra\u00e7\u00e3o direta e indireta participam da implementa\u00e7\u00e3o das disposi\u00e7\u00f5es do Plano, atualizando informa\u00e7\u00f5es georreferenciadas em banco de dados \u00fanico, por meio do Sistema de Informa\u00e7\u00f5es Geogr\u00e1ficas do Munic\u00edpio-SIGSantos, elaborando os planos de a\u00e7\u00e3o integrada e os projetos de normas disciplinadoras, nas \u00e1reas de sua compet\u00eancia. Al\u00e9m disso, s\u00e3o realizados: \u2013 debates, audi\u00eancias, consultas p\u00fablicas, referendos, plebiscitos e conselhos municipais; \u2013 confer\u00eancias sobre assuntos de interesse urbano; \u2013 Confer\u00eancia Municipal da Cidade; \u2013 a publicidade dos documentos; \u2013 o acesso aos documentos e informa\u00e7\u00f5es produzidos; \u2013 a realiza\u00e7\u00e3o de oficinas preparat\u00f3rias; \u2013 a realiza\u00e7\u00e3o de devolutiva das audi\u00eancias p\u00fablicas."
        },
        {
            "codigo": 4643,
            "data": "2020-12-31 00:00:00",
            "valor": null,
            "descricao": "A pol\u00edtica de desenvolvimento e planejamento do Munic\u00edpio, constitu\u00edda e definida pelo Plano Diretor, \u00e9 formulada e executada por meio do Sistema de Planejamento. O Sistema de Planejamento \u00e9 o conjunto de \u00f3rg\u00e3os, normas, sistemas georreferenciados, recursos humanos e t\u00e9cnicos, objetivando a coordena\u00e7\u00e3o das a\u00e7\u00f5es dos setores p\u00fablico, privado e da sociedade em geral, a integra\u00e7\u00e3o entre os diversos programas setoriais e a dinamiza\u00e7\u00e3o e moderniza\u00e7\u00e3o da a\u00e7\u00e3o governamental, para o cumprimento do que rege o Plano Diretor. O objetivo do Sistema de Planejamento \u00e9 garantir um processo din\u00e2mico, permanente e transparente de implementa\u00e7\u00e3o dos objetivos gerais do Plano Diretor, bem como de suas diretrizes, atrav\u00e9s dos seus instrumentos das demais normas disciplinadoras, propiciando o adequado acompanhamento e controle. Compete ao Sistema de Planejamento articular as a\u00e7\u00f5es dos \u00f3rg\u00e3os da Administra\u00e7\u00e3o direta e indireta do Munic\u00edpio, bem como da iniciativa privada, para a implementa\u00e7\u00e3o do Plano Diretor. O Sistema de Planejamento \u00e9 composto pelo \u00f3rg\u00e3o municipal de planejamento do desenvolvimento urbano e pelo Conselho Municipal de Desenvolvimento Urbano \u2013 CMDU. As Secretarias Municipais e demais \u00f3rg\u00e3os da Administra\u00e7\u00e3o direta e indireta participam da implementa\u00e7\u00e3o das disposi\u00e7\u00f5es do Plano, atualizando informa\u00e7\u00f5es georreferenciadas em banco de dados \u00fanico, por meio do Sistema de Informa\u00e7\u00f5es Geogr\u00e1ficas do Munic\u00edpio-SIGSantos, elaborando os planos de a\u00e7\u00e3o integrada e os projetos de normas disciplinadoras, nas \u00e1reas de sua compet\u00eancia. Al\u00e9m disso, s\u00e3o realizados: \u2013 debates, audi\u00eancias, consultas p\u00fablicas, referendos, plebiscitos e conselhos municipais; \u2013 confer\u00eancias sobre assuntos de interesse urbano; \u2013 Confer\u00eancia Municipal da Cidade; \u2013 a publicidade dos documentos; \u2013 o acesso aos documentos e informa\u00e7\u00f5es produzidos; \u2013 a realiza\u00e7\u00e3o de oficinas preparat\u00f3rias; \u2013 a realiza\u00e7\u00e3o de devolutiva das audi\u00eancias p\u00fablicas."
        },
        {
            "codigo": 5797,
            "data": "2021-12-31 00:00:00",
            "valor": null,
            "descricao": "O Processo de Revis\u00e3o o Plano Diretor que ocorre no munic\u00edpio a cada quatro anos, envolve em seu processo a realiza\u00e7\u00e3o de oficinas preparat\u00f3rias em cada Macrozona da cidade, a fim de preparar o mun\u00edcipe e aproxim\u00e1-lo dos conceitos, diretrizes e objetivos do Plano Diretor, ainda conta com a elabora\u00e7\u00e3o de um diagn\u00f3stico que \u00e9 apresentado e debatido com a popula\u00e7\u00e3o por meio de confer\u00eancias tem\u00e1ticas, por fim s\u00e3o realizadas audi\u00eancias p\u00fablicas para debate das propostas ao mesmo tempo em que \u00e9 aberto um Portal de comunica\u00e7\u00e3o online para envio das contribui\u00e7\u00f5es e acompanhamento do processo. Todo o processo \u00e9 acompanhado e debatido junto ao conselho Municipal de Desenvolvimento Urbano, composto por diversas secretarias do munic\u00edpio e membros da sociedade civil. Como meio de acompanhamento, constru\u00e7\u00e3o e Gest\u00e3o do Plano Diretor, a pol\u00edtica de desenvolvimento e planejamento do Munic\u00edpio, constitu\u00edda e definida pelo Plano Diretor, \u00e9 formulada e executada por meio do Sistema de Planejamento. O Sistema de Planejamento \u00e9 o conjunto de \u00f3rg\u00e3os, normas, sistemas georreferenciados, recursos humanos e t\u00e9cnicos, objetivando a coordena\u00e7\u00e3o das a\u00e7\u00f5es dos setores p\u00fablico, privado e da sociedade em geral, a integra\u00e7\u00e3o entre os diversos programas setoriais e a dinamiza\u00e7\u00e3o e moderniza\u00e7\u00e3o da a\u00e7\u00e3o governamental, para o cumprimento do que rege o Plano Diretor. O objetivo do Sistema de Planejamento \u00e9 garantir um processo din\u00e2mico, permanente e transparente de implementa\u00e7\u00e3o dos objetivos gerais do Plano Diretor, bem como de suas diretrizes, atrav\u00e9s dos seus instrumentos das demais normas disciplinadoras, propiciando o adequado acompanhamento e controle. Compete ao Sistema de Planejamento articular as a\u00e7\u00f5es dos \u00f3rg\u00e3os da Administra\u00e7\u00e3o direta e indireta do Munic\u00edpio, bem como da iniciativa privada, para a implementa\u00e7\u00e3o do Plano Diretor. O Sistema de Planejamento \u00e9 composto pelo \u00f3rg\u00e3o municipal de planejamento do desenvolvimento urbano e pelo Conselho Municipal de Desenvolvimento Urbano \u2013 CMDU. As Secretarias Municipais e demais \u00f3rg\u00e3os da Administra\u00e7\u00e3o direta e indireta participam da implementa\u00e7\u00e3o das disposi\u00e7\u00f5es do Plano, atualizando informa\u00e7\u00f5es georreferenciadas em banco de dados \u00fanico, por meio do Sistema de Informa\u00e7\u00f5es Geogr\u00e1ficas do Munic\u00edpio-SIGSantos, elaborando os planos de a\u00e7\u00e3o integrada e os projetos de normas disciplinadoras, nas \u00e1reas de sua compet\u00eancia."
        },
        {
            "codigo": 6588,
            "data": "2022-12-31 00:00:00",
            "valor": null,
            "descricao": "O Processo de Revis\u00e3o o Plano Diretor que ocorre no munic\u00edpio a cada quatro anos, envolve em seu processo a realiza\u00e7\u00e3o de oficinas preparat\u00f3rias em cada Macrozona da cidade, a fim de preparar o mun\u00edcipe e aproxim\u00e1-lo dos conceitos, diretrizes e objetivos do Plano Diretor, ainda conta com a elabora\u00e7\u00e3o de um diagn\u00f3stico que \u00e9 apresentado e debatido com a popula\u00e7\u00e3o por meio de confer\u00eancias tem\u00e1ticas, por fim s\u00e3o realizadas audi\u00eancias p\u00fablicas para debate das propostas ao mesmo tempo em que \u00e9 aberto um Portal de comunica\u00e7\u00e3o online para envio das contribui\u00e7\u00f5es e acompanhamento do processo. Todo o processo \u00e9 acompanhado e debatido junto ao conselho Municipal de Desenvolvimento Urbano, composto por diversas secretarias do munic\u00edpio e membros da sociedade civil. Como meio de acompanhamento, constru\u00e7\u00e3o e Gest\u00e3o do Plano Diretor, a pol\u00edtica de desenvolvimento e planejamento do Munic\u00edpio, constitu\u00edda e definida pelo Plano Diretor, \u00e9 formulada e executada por meio do Sistema de Planejamento. O Sistema de Planejamento \u00e9 o conjunto de \u00f3rg\u00e3os, normas, sistemas georreferenciados, recursos humanos e t\u00e9cnicos, objetivando a coordena\u00e7\u00e3o das a\u00e7\u00f5es dos setores p\u00fablico, privado e da sociedade em geral, a integra\u00e7\u00e3o entre os diversos programas setoriais e a dinamiza\u00e7\u00e3o e moderniza\u00e7\u00e3o da a\u00e7\u00e3o governamental, para o cumprimento do que rege o Plano Diretor. O objetivo do Sistema de Planejamento \u00e9 garantir um processo din\u00e2mico, permanente e transparente de implementa\u00e7\u00e3o dos objetivos gerais do Plano Diretor, bem como de suas diretrizes, atrav\u00e9s dos seus instrumentos das demais normas disciplinadoras, propiciando o adequado acompanhamento e controle. Compete ao Sistema de Planejamento articular as a\u00e7\u00f5es dos \u00f3rg\u00e3os da Administra\u00e7\u00e3o direta e indireta do Munic\u00edpio, bem como da iniciativa privada, para a implementa\u00e7\u00e3o do Plano Diretor. O Sistema de Planejamento \u00e9 composto pelo \u00f3rg\u00e3o municipal de planejamento do desenvolvimento urbano e pelo Conselho Municipal de Desenvolvimento Urbano \u2013 CMDU. As Secretarias Municipais e demais \u00f3rg\u00e3os da Administra\u00e7\u00e3o direta e indireta participam da implementa\u00e7\u00e3o das disposi\u00e7\u00f5es do Plano, atualizando informa\u00e7\u00f5es georreferenciadas em banco de dados \u00fanico, por meio do Sistema de Informa\u00e7\u00f5es Geogr\u00e1ficas do Munic\u00edpio-SIGSantos, elaborando os planos de a\u00e7\u00e3o integrada e os projetos de normas disciplinadoras, nas \u00e1reas de sua compet\u00eancia."
        }
    ]
}