{
    "codigo": 5104,
    "nome": "N\u00famero de rios e c\u00f3rregos classificados, pelo menos, com bom estado (segundo a classifica\u00e7\u00e3o oficial)",
    "descricao": "N\u00famero de rios e c\u00f3rregos classificados, pelo menos, com bom estado (segundo a classifica\u00e7\u00e3o oficial) - Cidades Sustentaveis",
    "fonte": "SEMAM",
    "tipoValor": "I",
    "periodicidade": {
        "codigo": 6,
        "descricao": "Anual"
    },
    "tags": [
        {
            "codigo": 20,
            "descricao": "Santos Sustent\u00e1vel"
        }
    ],
    "secretarias": [
        {
            "codigo": 5767,
            "dado_codigo": 5104,
            "sigla": "SEMAM",
            "nome": "SECRETARIA MUNICIPAL DE MEIO AMBIENTE E BEM-ESTAR ANIMAL"
        }
    ],
    "autarquias": [],
    "metas": [
        {
            "codigo": 7,
            "numero": 6,
            "titulo": "\u00c1gua Pot\u00e1vel e Saneamento",
            "objetivo": "Assegurar a disponibilidade e a gest\u00e3o sustent\u00e1vel da \u00e1gua e saneamento para todos",
            "imagem_url": "7.jpg",
            "link": "http://www.agenda2030.org.br/ods/6/"
        }
    ],
    "eixos": [
        {
            "codigo": 5,
            "descricao": "Bens Naturais Comuns"
        }
    ],
    "valores": [
        {
            "codigo": 2722,
            "data": "2014-12-31 00:00:00",
            "valor": "2.00",
            "descricao": null
        },
        {
            "codigo": 2723,
            "data": "2017-12-31 00:00:00",
            "valor": "17.00",
            "descricao": null
        },
        {
            "codigo": 2724,
            "data": "2016-12-31 00:00:00",
            "valor": "2.00",
            "descricao": null
        },
        {
            "codigo": 2725,
            "data": "2015-12-31 00:00:00",
            "valor": "2.00",
            "descricao": null
        },
        {
            "codigo": 2726,
            "data": "2013-12-31 00:00:00",
            "valor": "2.00",
            "descricao": null
        },
        {
            "codigo": 3497,
            "data": "2018-12-31 00:00:00",
            "valor": "17.00",
            "descricao": null
        },
        {
            "codigo": 4170,
            "data": "2019-12-31 00:00:00",
            "valor": "17.00",
            "descricao": null
        },
        {
            "codigo": 4760,
            "data": "2020-12-31 00:00:00",
            "valor": "17.00",
            "descricao": null
        },
        {
            "codigo": 5288,
            "data": "2021-12-31 00:00:00",
            "valor": "17.00",
            "descricao": null
        },
        {
            "codigo": 6309,
            "data": "2022-12-31 00:00:00",
            "valor": "44.00",
            "descricao": null
        },
        {
            "codigo": 7306,
            "data": "2023-12-31 00:00:00",
            "valor": "14.00",
            "descricao": null
        }
    ]
}