{
    "codigo": 5105,
    "nome": "N\u00famero de rios e c\u00f3rregos no munic\u00edpio",
    "descricao": "N\u00famero de rios e c\u00f3rregos no munic\u00edpio - Cidades Sustentaveis",
    "fonte": "SEMAM",
    "tipoValor": "I",
    "periodicidade": {
        "codigo": 6,
        "descricao": "Anual"
    },
    "tags": [
        {
            "codigo": 20,
            "descricao": "Santos Sustent\u00e1vel"
        }
    ],
    "secretarias": [
        {
            "codigo": 5767,
            "dado_codigo": 5105,
            "sigla": "SEMAM",
            "nome": "SECRETARIA MUNICIPAL DE MEIO AMBIENTE E BEM-ESTAR ANIMAL"
        }
    ],
    "autarquias": [],
    "metas": [
        {
            "codigo": 7,
            "numero": 6,
            "titulo": "\u00c1gua Pot\u00e1vel e Saneamento",
            "objetivo": "Assegurar a disponibilidade e a gest\u00e3o sustent\u00e1vel da \u00e1gua e saneamento para todos",
            "imagem_url": "7.jpg",
            "link": "http://www.agenda2030.org.br/ods/6/"
        }
    ],
    "eixos": [
        {
            "codigo": 5,
            "descricao": "Bens Naturais Comuns"
        }
    ],
    "valores": [
        {
            "codigo": 2727,
            "data": "2014-12-31 00:00:00",
            "valor": "0.00",
            "descricao": null
        },
        {
            "codigo": 2728,
            "data": "2013-12-31 00:00:00",
            "valor": "0.00",
            "descricao": null
        },
        {
            "codigo": 2729,
            "data": "2017-12-31 00:00:00",
            "valor": "6.00",
            "descricao": null
        },
        {
            "codigo": 2730,
            "data": "2016-12-31 00:00:00",
            "valor": "0.00",
            "descricao": null
        },
        {
            "codigo": 2731,
            "data": "2015-12-31 00:00:00",
            "valor": "0.00",
            "descricao": null
        },
        {
            "codigo": 3369,
            "data": "2018-12-31 00:00:00",
            "valor": "6.00",
            "descricao": null
        },
        {
            "codigo": 4034,
            "data": "2019-12-31 00:00:00",
            "valor": "6.00",
            "descricao": null
        },
        {
            "codigo": 4644,
            "data": "2020-12-31 00:00:00",
            "valor": "6.00",
            "descricao": null
        },
        {
            "codigo": 6349,
            "data": "2022-12-31 00:00:00",
            "valor": "1148.00",
            "descricao": null
        },
        {
            "codigo": 7384,
            "data": "2023-12-31 00:00:00",
            "valor": "3278.00",
            "descricao": null
        }
    ]
}