{
    "codigo": 5106,
    "nome": "O Plano Municipal de Mudan\u00e7as Clim\u00e1ticas foi aprovado no munic\u00edpio?",
    "descricao": "O Plano Municipal de Mudan\u00e7as Clim\u00e1ticas foi aprovado no munic\u00edpio? - Cidades Sustentaveis",
    "fonte": "SEMAM",
    "tipoValor": "T",
    "periodicidade": {
        "codigo": 6,
        "descricao": "Anual"
    },
    "tags": [
        {
            "codigo": 20,
            "descricao": "Santos Sustent\u00e1vel"
        }
    ],
    "secretarias": [
        {
            "codigo": 5767,
            "dado_codigo": 5106,
            "sigla": "SEMAM",
            "nome": "SECRETARIA MUNICIPAL DE MEIO AMBIENTE E BEM-ESTAR ANIMAL"
        }
    ],
    "autarquias": [],
    "metas": [
        {
            "codigo": 14,
            "numero": 13,
            "titulo": "A\u00e7\u00e3o Contra a Mudan\u00e7a Global do Clima",
            "objetivo": "Tomar medidas urgentes para combater a mudan\u00e7a do clima e seus impactos*",
            "imagem_url": "14.jpg",
            "link": "http://www.agenda2030.org.br/ods/13/"
        }
    ],
    "eixos": [
        {
            "codigo": 15,
            "descricao": "Do Local para o Global"
        }
    ],
    "valores": [
        {
            "codigo": 2732,
            "data": "2014-12-31 00:00:00",
            "valor": "0.00",
            "descricao": "N\u00e3o."
        },
        {
            "codigo": 2733,
            "data": "2015-12-31 00:00:00",
            "valor": "0.00",
            "descricao": "N\u00e3o."
        },
        {
            "codigo": 2734,
            "data": "2013-12-31 00:00:00",
            "valor": "0.00",
            "descricao": "N\u00e3o."
        },
        {
            "codigo": 2735,
            "data": "2016-12-31 00:00:00",
            "valor": "0.00",
            "descricao": "Sim. Fazer a revis\u00e3o do referido Plano de Mudan\u00e7as Clim\u00e1ticas."
        },
        {
            "codigo": 2736,
            "data": "2017-12-31 00:00:00",
            "valor": "0.00",
            "descricao": "Sim. O Plano Municipal de Mudan\u00e7as Clim\u00e1ticas do Munic\u00edpio de Santos foi apresentado ao p\u00fablico no evento \u201cSolu\u00e7\u00f5es de Engenharia Imediatas e Definitivas para a Prote\u00e7\u00e3o da Orla de Santos\u201d, ocorrido no Teatro Guarany em 15/12/2016 e promovido organizado pela Associa\u00e7\u00e3o dos Engenheiros e Arquitetos de Santos, CREA-SP e Prefeitura de Santos. A Secretaria de Meio Ambiente coordena a Comiss\u00e3o Municipal de Adapta\u00e7\u00e3o \u00e0 Mudan\u00e7a do Clima, criada pelo Decreto n\u00ba 7.293, de 30 de novembro de 2015. Tem como responsabilidade conjugar esfor\u00e7os para consolidar o Plano Nacional de Adapta\u00e7\u00e3o \u00e0 Mudan\u00e7a do Clima (PNAMC 10/05/2016) e o Plano Diretor de Desenvolvimento e Expans\u00e3o Urbana do Munic\u00edpio de Santos, institu\u00eddo pela Lei Complementar n\u00ba 821 de 27 de dezembro de 2013."
        },
        {
            "codigo": 3498,
            "data": "2018-12-31 00:00:00",
            "valor": null,
            "descricao": "Sim. O Plano Municipal de Mudan\u00e7as Clim\u00e1ticas do Munic\u00edpio de Santos foi apresentado ao p\u00fablico no evento \u201cSolu\u00e7\u00f5es de Engenharia Imediatas e Definitivas para a Prote\u00e7\u00e3o da Orla de Santos\u201d, ocorrido no Teatro Guarany em 15/12/2016 e promovido organizado pela Associa\u00e7\u00e3o dos Engenheiros e Arquitetos de Santos, CREA-SP e Prefeitura de Santos. A Secretaria de Meio Ambiente coordena a Comiss\u00e3o Municipal de Adapta\u00e7\u00e3o \u00e0 Mudan\u00e7a do Clima, criada pelo Decreto n\u00ba 7.293, de 30 de novembro de 2015. Tem como responsabilidade conjugar esfor\u00e7os para consolidar o Plano Nacional de Adapta\u00e7\u00e3o \u00e0 Mudan\u00e7a do Clima (PNAMC 10/05/2016) e o Plano Diretor de Desenvolvimento e Expans\u00e3o Urbana do Munic\u00edpio de Santos, institu\u00eddo pela Lei Complementar n\u00ba 821 de 27 de dezembro de 2013."
        },
        {
            "codigo": 4171,
            "data": "2019-12-31 00:00:00",
            "valor": null,
            "descricao": "Sim. O Plano Municipal de Mudan\u00e7as Clim\u00e1ticas do Munic\u00edpio de Santos foi apresentado ao p\u00fablico no evento \u201cSolu\u00e7\u00f5es de Engenharia Imediatas e Definitivas para a Prote\u00e7\u00e3o da Orla de Santos\u201d, ocorrido no Teatro Guarany em 15 de dezembro de 2016, promovido e organizado pela Associa\u00e7\u00e3o dos Engenheiros e Arquitetos de Santos, CREA-SP e Prefeitura de Santos. A Secretaria de Meio Ambiente (SEMAM) coordena a Comiss\u00e3o Municipal de Adapta\u00e7\u00e3o \u00e0 Mudan\u00e7a do Clima (CMMC), criada pelo Decreto n\u00ba 7.293, de 30 de novembro de 2015. Tem como responsabilidade conjugar esfor\u00e7os para consolidar o Plano Nacional de Adapta\u00e7\u00e3o \u00e0 Mudan\u00e7a do Clima (PNAMC 10/05/2016) e o Plano Diretor de Desenvolvimento e Expans\u00e3o Urbana do Munic\u00edpio de Santos, institu\u00eddo pela Lei Complementar n\u00ba 821 de 27 de dezembro de 2013. Vale ressaltar que no segundo semestre de 2019 foram iniciados os trabalhos de revis\u00e3o e atualiza\u00e7\u00e3o do referido documento. Fonte: SANTOS (MUNIC\u00cdPIO). Prefeitura de Santos. Secretaria de Meio Ambiente (SEMAM). Plano Municipal de Mudan\u00e7as do Clima de Santos. Dispon\u00edvel em: <https://www.santos.sp.gov.br/?q=projeto/plano-municipal-de-mudanca-do-clima-de-santos>. Acesso em: 24 de julho de 2020."
        },
        {
            "codigo": 4761,
            "data": "2020-12-31 00:00:00",
            "valor": null,
            "descricao": "Sim. O Plano Municipal de Mudan\u00e7as Clim\u00e1ticas do Munic\u00edpio de Santos foi apresentado ao p\u00fablico no evento \u201cSolu\u00e7\u00f5es de Engenharia Imediatas e Definitivas para a Prote\u00e7\u00e3o da Orla de Santos\u201d, ocorrido no Teatro Guarany em 15 de dezembro de 2016, promovido e organizado pela Associa\u00e7\u00e3o dos Engenheiros e Arquitetos de Santos, CREA-SP e Prefeitura de Santos. A Secretaria de Meio Ambiente (SEMAM) coordena a Comiss\u00e3o Municipal de Adapta\u00e7\u00e3o \u00e0 Mudan\u00e7a do Clima (CMMC), criada pelo Decreto n\u00ba 7.293, de 30 de novembro de 2015. Tem como responsabilidade conjugar esfor\u00e7os para consolidar o Plano Nacional de Adapta\u00e7\u00e3o \u00e0 Mudan\u00e7a do Clima (PNAMC 10/05/2016) e o Plano Diretor de Desenvolvimento e Expans\u00e3o Urbana do Munic\u00edpio de Santos, institu\u00eddo pela Lei Complementar n\u00ba 821 de 27 de dezembro de 2013. Cumpre informar que o referido marco t\u00e9cnico est\u00e1 em fase de revis\u00e3o desde o segundo semestre de 2019, com proje\u00e7\u00e3o de futura atualiza\u00e7\u00e3o."
        },
        {
            "codigo": 5289,
            "data": "2021-12-31 00:00:00",
            "valor": null,
            "descricao": "Sim. O Plano Municipal de Mudan\u00e7as Clim\u00e1ticas do Munic\u00edpio de Santos foi apresentado ao p\u00fablico no evento \u201cSolu\u00e7\u00f5es de Engenharia Imediatas e Definitivas para a Prote\u00e7\u00e3o da Orla de Santos\u201d, ocorrido no Teatro Guarany em 15 de dezembro de 2016, promovido e organizado pela Associa\u00e7\u00e3o dos Engenheiros e Arquitetos de Santos, CREA-SP e Prefeitura de Santos. A Secretaria de Meio Ambiente (SEMAM) coordena a Comiss\u00e3o Municipal de Adapta\u00e7\u00e3o \u00e0 Mudan\u00e7a do Clima (CMMC), criada pelo Decreto n\u00ba 7.293, de 30 de novembro de 2015. Tem como responsabilidade conjugar esfor\u00e7os para consolidar o Plano Nacional de Adapta\u00e7\u00e3o \u00e0 Mudan\u00e7a do Clima (PNAMC 10/05/2016). Cumpre informar que o referido marco t\u00e9cnico foi atualizado em janeiro/2022, sendo intitulado como: Plano Municipal de A\u00e7\u00e3o Clim\u00e1tica de Santos \u2013 PACS. O mesmo est\u00e1 amparado legalmente por interm\u00e9dio do Decreto Municipal n\u00ba. 9.567, de 13 de janeiro de 2022, estando dispon\u00edvel no seguinte link:\n\nSANTOS (Munic\u00edpio). Di\u00e1rio Oficial de Santos: Edi\u00e7\u00e3o de 14 de janeiro de 2022. Decreto n\u00ba. 9.567, de 13 de janeiro de 2022 \u2013 Aprova o Plano Municipal de A\u00e7\u00e3o Clim\u00e1tica de Santos, e d\u00e1 outras provid\u00eancias. Dispon\u00edvel em: <https://diariooficial.santos.sp.gov.br/edicoes/inicio/download/2022-01-14>. Acesso em: 09 de maio de 2022.\n\nO Plano Municipal de A\u00e7\u00e3o Clim\u00e1tica de Santos - PACS coloca em marcha a implementa\u00e7\u00e3o de estrat\u00e9gias, diretrizes e metas de adapta\u00e7\u00e3o e mitiga\u00e7\u00e3o para fazer frente \u00e0 crise clim\u00e1tica e \u00e0s vulnerabilidades socioambientais presentes no munic\u00edpio de Santos, considerando o cen\u00e1rio de intensifica\u00e7\u00e3o das mudan\u00e7as clim\u00e1ticas apontado nos \u00faltimos estudos do Painel Intergovernamental sobre Mudan\u00e7as Clim\u00e1ticas (IPCC) e confirmado no Sexto Relat\u00f3rio de Avalia\u00e7\u00e3o (AR6). O PACS est\u00e1 dispon\u00edvel no seguinte link:\n\nSANTOS (Munic\u00edpio). Prefeitura Municipal de Santos, Secretaria de Meio Ambiente. Plano Municipal de A\u00e7\u00e3o Clim\u00e1tica de Santos \u2013 PACS. Dispon\u00edvel em: <https://www.santos.sp.gov.br/?q=hotsite/plano-municipal-de-acao-climatica-de-santos-pacs>. Acesso em: 09 de maio de 2022."
        },
        {
            "codigo": 6310,
            "data": "2022-12-31 00:00:00",
            "valor": null,
            "descricao": "RESPOSTA: Sim. O Plano Municipal de Mudan\u00e7as Clim\u00e1ticas do Munic\u00edpio de Santos foi apresentado ao p\u00fablico no evento \u201cSolu\u00e7\u00f5es de Engenharia Imediatas e Definitivas para a Prote\u00e7\u00e3o da Orla de Santos\u201d, ocorrido no Teatro Guarany em 15 de dezembro de 2016, promovido e organizado pela Associa\u00e7\u00e3o dos Engenheiros e Arquitetos de Santos, CREA-SP e Prefeitura de Santos. A Secretaria de Meio Ambiente (SEMAM) coordena a Comiss\u00e3o Municipal de Adapta\u00e7\u00e3o \u00e0 Mudan\u00e7a do Clima (CMMC), criada pelo Decreto n\u00ba 7.293, de 30 de novembro de 2015. Tem como responsabilidade conjugar esfor\u00e7os para consolidar o Plano Nacional de Adapta\u00e7\u00e3o \u00e0 Mudan\u00e7a do Clima (PNAMC 10/05/2016). Cumpre informar que o referido marco t\u00e9cnico foi atualizado em janeiro/2022, sendo intitulado como: Plano Municipal de A\u00e7\u00e3o Clim\u00e1tica de Santos \u2013 PACS. O mesmo est\u00e1 amparado legalmente por interm\u00e9dio do Decreto Municipal n\u00ba 9.567, de 13 de janeiro de 2022, estando dispon\u00edvel no seguinte link:\n\nSANTOS (Munic\u00edpio). Di\u00e1rio Oficial de Santos: Edi\u00e7\u00e3o de 14 de janeiro de 2022. Decreto n\u00ba 9.567, de 13 de janeiro de 2022 \u2013 Aprova o Plano Municipal de A\u00e7\u00e3o Clim\u00e1tica de Santos, e d\u00e1 outras provid\u00eancias. Dispon\u00edvel em: <https://diariooficial.santos.sp.gov.br/edicoes/inicio/download/2022-01-14>. Acesso em: 10 de abril de 2023.\n\nO Plano Municipal de A\u00e7\u00e3o Clim\u00e1tica de Santos - PACS coloca em marcha a implementa\u00e7\u00e3o de estrat\u00e9gias, diretrizes e metas de adapta\u00e7\u00e3o e mitiga\u00e7\u00e3o para fazer frente \u00e0 crise clim\u00e1tica e \u00e0s vulnerabilidades socioambientais presentes no munic\u00edpio de Santos, considerando o cen\u00e1rio de intensifica\u00e7\u00e3o das mudan\u00e7as clim\u00e1ticas apontado nos \u00faltimos estudos do Painel Intergovernamental sobre Mudan\u00e7as Clim\u00e1ticas (IPCC) e confirmado no Sexto Relat\u00f3rio de Avalia\u00e7\u00e3o (AR6). O PACS est\u00e1 dispon\u00edvel no seguinte link:\n\nSANTOS (Munic\u00edpio). Prefeitura Municipal de Santos, Secretaria de Meio Ambiente. Plano Municipal de A\u00e7\u00e3o Clim\u00e1tica de Santos \u2013 PACS. Dispon\u00edvel em: <https://www.santos.sp.gov.br/?q=hotsite/plano-municipal-de-acao-climatica-de-santos-pacs>. Acesso em: 10 de abril de 2023"
        },
        {
            "codigo": 7305,
            "data": "2023-12-31 00:00:00",
            "valor": null,
            "descricao": "RESPOSTA: Sim. O Plano Municipal de Mudan\u00e7as Clim\u00e1ticas do Munic\u00edpio de Santos foi apresentado ao p\u00fablico no evento \u201cSolu\u00e7\u00f5es de Engenharia Imediatas e Definitivas para a Prote\u00e7\u00e3o da Orla de Santos\u201d, ocorrido no Teatro Guarany em 15 de dezembro de 2016, promovido e organizado pela Associa\u00e7\u00e3o dos Engenheiros e Arquitetos de Santos, CREA-SP e Prefeitura de Santos. A Secretaria de Meio Ambiente (SEMAM) coordena a Comiss\u00e3o Municipal de Adapta\u00e7\u00e3o \u00e0 Mudan\u00e7a do Clima (CMMC), criada pelo Decreto n\u00ba 7.293, de 30 de novembro de 2015. Tem como responsabilidade conjugar esfor\u00e7os para consolidar o Plano Nacional de Adapta\u00e7\u00e3o \u00e0 Mudan\u00e7a do Clima (PNAMC 10/05/2016). Cumpre informar que o referido marco t\u00e9cnico foi atualizado em janeiro/2022, sendo intitulado como: Plano Municipal de A\u00e7\u00e3o Clim\u00e1tica de Santos \u2013 PACS. O mesmo est\u00e1 amparado legalmente por interm\u00e9dio do Decreto Municipal n\u00ba 9.567, de 13 de janeiro de 2022, estando dispon\u00edvel no seguinte link:\n\nSANTOS (Munic\u00edpio). Prefeitura Municipal de Santos. Di\u00e1rio Oficial de Santos: Edi\u00e7\u00e3o de 14 de janeiro de 2022. Decreto n\u00ba 9.567, de 13 de janeiro de 2022 \u2013 Aprova o Plano Municipal de A\u00e7\u00e3o Clim\u00e1tica de Santos, e d\u00e1 outras provid\u00eancias. Dispon\u00edvel em: <https://diariooficial.santos.sp.gov.br/edicoes/inicio/download/2022-01-14>. Acesso em: 24 de abril de 2024.\n\nO Plano Municipal de A\u00e7\u00e3o Clim\u00e1tica de Santos - PACS coloca em marcha a implementa\u00e7\u00e3o de estrat\u00e9gias, diretrizes e metas de adapta\u00e7\u00e3o e mitiga\u00e7\u00e3o para fazer frente \u00e0 crise clim\u00e1tica e \u00e0s vulnerabilidades socioambientais presentes no munic\u00edpio de Santos, considerando o cen\u00e1rio de intensifica\u00e7\u00e3o das mudan\u00e7as clim\u00e1ticas apontado nos \u00faltimos estudos do Painel Intergovernamental sobre Mudan\u00e7as Clim\u00e1ticas (IPCC) e confirmado no Sexto Relat\u00f3rio de Avalia\u00e7\u00e3o (AR6). O PACS est\u00e1 dispon\u00edvel no seguinte link:\n\nSANTOS (Munic\u00edpio). Prefeitura Municipal de Santos, Secretaria de Meio Ambiente. Plano Municipal de A\u00e7\u00e3o Clim\u00e1tica de Santos \u2013 PACS. Dispon\u00edvel em: <https://www.santos.sp.gov.br/?q=hotsite/plano-municipal-de-acao-climatica-de-santos-pacs>. Acesso em: 24 de abril de 2024."
        }
    ]
}