{
    "codigo": 5107,
    "nome": "Existe no munic\u00edpio sistemas internos (software) de controle e combate \u00e0 corrup\u00e7\u00e3o?",
    "descricao": "Existe no munic\u00edpio sistemas internos (software) de controle e combate \u00e0 corrup\u00e7\u00e3o? - Cidades Sustentaveis",
    "fonte": "OTC",
    "tipoValor": "T",
    "periodicidade": {
        "codigo": 6,
        "descricao": "Anual"
    },
    "tags": [
        {
            "codigo": 4,
            "descricao": "Santos Eficiente"
        }
    ],
    "secretarias": [
        {
            "codigo": 2833,
            "dado_codigo": 5107,
            "sigla": "OTC",
            "nome": "OUVIDORIA, TRANSPAR\u00caNCIA E CONTROLE"
        }
    ],
    "autarquias": [],
    "metas": [
        {
            "codigo": 17,
            "numero": 16,
            "titulo": "Paz, Justi\u00e7a e Institui\u00e7\u00f5es Eficazes",
            "objetivo": "Promover sociedades pac\u00edficas e inclusivas para o desenvolvimento sustent\u00e1vel, proporcionar o acesso \u00e0 justi\u00e7a para todos e construir institui\u00e7\u00f5es eficazes, respons\u00e1veis e inclusivas em todos os n\u00edveis",
            "imagem_url": "17.jpg",
            "link": "http://www.agenda2030.org.br/ods/16/"
        }
    ],
    "eixos": [
        {
            "codigo": 4,
            "descricao": "Governan\u00e7a"
        }
    ],
    "valores": [
        {
            "codigo": 2737,
            "data": "2015-12-31 00:00:00",
            "valor": "0.00",
            "descricao": "Justificativa: n\u00e3o foi poss\u00edvel apurar dado para este ano."
        },
        {
            "codigo": 2738,
            "data": "2014-12-31 00:00:00",
            "valor": "0.00",
            "descricao": "Justificativa: n\u00e3o foi poss\u00edvel apurar dado para este ano."
        },
        {
            "codigo": 2739,
            "data": "2013-12-31 00:00:00",
            "valor": "0.00",
            "descricao": "Justificativa: n\u00e3o foi poss\u00edvel apurar dado para este ano."
        },
        {
            "codigo": 2740,
            "data": "2017-12-31 00:00:00",
            "valor": "0.00",
            "descricao": "Sim. Sistema de Declara\u00e7\u00e3o de Bens e Valores."
        },
        {
            "codigo": 2741,
            "data": "2016-12-31 00:00:00",
            "valor": "0.00",
            "descricao": "Sim. Sistema de Declara\u00e7\u00e3o de Bens e Valores."
        },
        {
            "codigo": 3394,
            "data": "2018-12-31 00:00:00",
            "valor": null,
            "descricao": "Sim. Sistema de Declara\u00e7\u00e3o de Bens e Valores."
        },
        {
            "codigo": 4234,
            "data": "2019-12-31 00:00:00",
            "valor": null,
            "descricao": "Sim. Sistema de Declara\u00e7\u00e3o de Bens e Valores."
        },
        {
            "codigo": 4731,
            "data": "2020-12-30 00:00:00",
            "valor": null,
            "descricao": "Sim. Sistema de Declara\u00e7\u00e3o de Bens e Valores."
        },
        {
            "codigo": 6030,
            "data": "2021-12-31 00:00:00",
            "valor": null,
            "descricao": "Sim. Sistema de Controle Interno."
        },
        {
            "codigo": 6637,
            "data": "2022-12-31 00:00:00",
            "valor": null,
            "descricao": "Sim. Sistema de Controle Interno."
        }
    ]
}