{
    "codigo": 5109,
    "nome": "O munic\u00edpio possui plano de m\u00e9dio e longo prazo para recursos h\u00eddricos? Quais?",
    "descricao": "O munic\u00edpio possui plano de m\u00e9dio e longo prazo para recursos h\u00eddricos? Quais? - Cidades Sustentaveis",
    "fonte": "SEMAM",
    "tipoValor": "T",
    "periodicidade": {
        "codigo": 6,
        "descricao": "Anual"
    },
    "tags": [
        {
            "codigo": 20,
            "descricao": "Santos Sustent\u00e1vel"
        }
    ],
    "secretarias": [
        {
            "codigo": 5767,
            "dado_codigo": 5109,
            "sigla": "SEMAM",
            "nome": "SECRETARIA MUNICIPAL DE MEIO AMBIENTE E BEM-ESTAR ANIMAL"
        }
    ],
    "autarquias": [],
    "metas": [
        {
            "codigo": 7,
            "numero": 6,
            "titulo": "\u00c1gua Pot\u00e1vel e Saneamento",
            "objetivo": "Assegurar a disponibilidade e a gest\u00e3o sustent\u00e1vel da \u00e1gua e saneamento para todos",
            "imagem_url": "7.jpg",
            "link": "http://www.agenda2030.org.br/ods/6/"
        }
    ],
    "eixos": [
        {
            "codigo": 5,
            "descricao": "Bens Naturais Comuns"
        }
    ],
    "valores": [
        {
            "codigo": 2747,
            "data": "2015-12-31 00:00:00",
            "valor": "0.00",
            "descricao": "Sim. Tais como o Plano Integrado de Saneamento B\u00e1sico."
        },
        {
            "codigo": 2748,
            "data": "2014-12-31 00:00:00",
            "valor": "0.00",
            "descricao": "Sim. Tais como o Plano Integrado de Saneamento B\u00e1sico."
        },
        {
            "codigo": 2749,
            "data": "2016-12-31 00:00:00",
            "valor": "0.00",
            "descricao": "Sim. Tais como o Plano Integrado de Saneamento B\u00e1sico."
        },
        {
            "codigo": 2750,
            "data": "2013-12-31 00:00:00",
            "valor": "0.00",
            "descricao": "Sim. Tais como o Plano Integrado de Saneamento B\u00e1sico."
        },
        {
            "codigo": 2751,
            "data": "2017-12-31 00:00:00",
            "valor": "0.00",
            "descricao": "N\u00e3o. Em fase de pesquisa. Em 2010, a Secretaria de Saneamento e Energia do Governo do Estado de S\u00e3o Paulo, em conjunto com empresa de consultoria, elaboraram o Plano Regional Integrado de Saneamento B\u00e1sico para a Unidade de Gerenciamento de Recursos H\u00eddricos da Baixada Santista \u2013 UGRHI 7, abrangendo os munic\u00edpios de Bertioga, Cubat\u00e3o, Guaruj\u00e1, Itanha\u00e9m, Mongagu\u00e1, Peru\u00edbe, Praia Grande, Santos e S\u00e3o Vicente. No documento foram informadas as sub-bacias que abrangem o munic\u00edpio de Santos, cujas \u00e1reas de mananciais protegidas correspondem o Rio Cabu\u00e7u, com 69,65 km\u00b2; o Rio Jurubatuba, com 79,36 km\u00b2 e o Rio Quilombo, com 86,88 km\u00b2, no total de 235,89 km\u00b2. O documento previu a\u00e7\u00f5es de m\u00e9dio e longo prazo para recursos h\u00eddricos, al\u00e9m de ter servido como referencial te\u00f3rico para o munic\u00edpio de Santos elaborar seu Plano Municipal Integrado de Saneamento B\u00e1sico \u2013 PMISB/Santos, homologado por ato declarat\u00f3rio em 21/02/2011 pelo ent\u00e3o prefeito, Ilmo. Sr. Jo\u00e3o Paulo Tavares Papa e ratificado em 19/08/2013 pelo atual prefeito, Ilmo. Sr. Paulo Alexandre Barbosa. As a\u00e7\u00f5es de Saneamento realizadas no Munic\u00edpio de Santos proporcionaram premia\u00e7\u00f5es. Em fevereiro de 2017, um ranking do Instituto \u201cTrata Brasil\u201d classificou o Munic\u00edpio de Santos como o quarto munic\u00edpio do Pa\u00eds em saneamento b\u00e1sico. Ainda no mesmo ano, a cidade ficou em terceiro lugar no Ranking da Universaliza\u00e7\u00e3o do Saneamento, elaborado pela Associa\u00e7\u00e3o Brasileira de Engenharia Sanit\u00e1ria (ABES). O estudo fora realizado em 2015, e envolveu 231 munic\u00edpios com mais de 100 mil habitantes, levando em considera\u00e7\u00e3o, indicadores como abastecimento de \u00e1gua, coleta e tratamento de esgoto, coleta de lixo e destina\u00e7\u00e3o adequada dos res\u00edduos. Os dados foram coletados junto ao Sistema Nacional de Informa\u00e7\u00f5es de Saneamento (SNIS), do Minist\u00e9rio da Sa\u00fade. Tamb\u00e9m foram computadas estat\u00edsticas de interna\u00e7\u00f5es por doen\u00e7as advindas da falta de saneamento, com base no \u00cdndice de Doen\u00e7as Relacionadas ao Saneamento Ambiental Inadequado (DRSAI), do Instituto Brasileiro de Geografia e Estat\u00edstica (IBGE). O Plano Municipal Integrado de Saneamento B\u00e1sico de Santos apresenta objetivos previstos e amparados tecnicamente no marco legal nacional (Cap. IV, Lei n\u00b0 11.445/2007). O plano de metas \u00e9 constitu\u00eddo pelos seguintes t\u00f3picos: agenda institucional, metas quantitativas, qualitativas e de efici\u00eancia operacional. Foram previstos prazos emergenciais voltadas para o Saneamento B\u00e1sico no munic\u00edpio de Santos - a\u00e7\u00f5es imediatas (2011); de curto prazo - at\u00e9 4 anos (2011 a 2015); m\u00e9dio prazo - de 4 a 8 anos (2016 a 2020) e longo prazo - de 8 anos ao horizonte do plano (2021 a 2039). Entretanto, o PMISB/Santos \u00e9 voltado para a distribui\u00e7\u00e3o de \u00e1guas, n\u00e3o prevendo medidas de m\u00e9dio e longo prazo para recursos h\u00eddricos (rios, lagos e outros)\"."
        },
        {
            "codigo": 3499,
            "data": "2018-12-31 00:00:00",
            "valor": null,
            "descricao": "N\u00e3o. Em fase de pesquisa. Em 2010, a Secretaria de Saneamento e Energia do Governo do Estado de S\u00e3o Paulo, em conjunto com empresa de consultoria, elaboraram o Plano Regional Integrado de Saneamento B\u00e1sico para a Unidade de Gerenciamento de Recursos H\u00eddricos da Baixada Santista \u2013 UGRHI 7, abrangendo os munic\u00edpios de Bertioga, Cubat\u00e3o, Guaruj\u00e1, Itanha\u00e9m, Mongagu\u00e1, Peru\u00edbe, Praia Grande, Santos e S\u00e3o Vicente. No documento foram informadas as sub-bacias que abrangem o munic\u00edpio de Santos, cujas \u00e1reas de mananciais protegidas correspondem o Rio Cabu\u00e7u, com 69,65 km\u00b2; o Rio Jurubatuba, com 79,36 km\u00b2 e o Rio Quilombo, com 86,88 km\u00b2, no total de 235,89 km\u00b2. O documento previu a\u00e7\u00f5es de m\u00e9dio e longo prazo para recursos h\u00eddricos, al\u00e9m de ter servido como referencial te\u00f3rico para o munic\u00edpio de Santos elaborar seu Plano Municipal Integrado de Saneamento B\u00e1sico \u2013 PMISB/Santos, homologado por ato declarat\u00f3rio em 21/02/2011 pelo ent\u00e3o prefeito, Ilmo. Sr. Jo\u00e3o Paulo Tavares Papa e ratificado em 19/08/2013 pelo atual prefeito, Ilmo. Sr. Paulo Alexandre Barbosa. As a\u00e7\u00f5es de Saneamento realizadas no Munic\u00edpio de Santos proporcionaram premia\u00e7\u00f5es. Em fevereiro de 2017, um ranking do Instituto \u201cTrata Brasil\u201d classificou o Munic\u00edpio de Santos como o quarto munic\u00edpio do Pa\u00eds em saneamento b\u00e1sico. Ainda no mesmo ano, a cidade ficou em terceiro lugar no Ranking da Universaliza\u00e7\u00e3o do Saneamento, elaborado pela Associa\u00e7\u00e3o Brasileira de Engenharia Sanit\u00e1ria (ABES). O estudo fora realizado em 2015, e envolveu 231 munic\u00edpios com mais de 100 mil habitantes, levando em considera\u00e7\u00e3o, indicadores como abastecimento de \u00e1gua, coleta e tratamento de esgoto, coleta de lixo e destina\u00e7\u00e3o adequada dos res\u00edduos. Os dados foram coletados junto ao Sistema Nacional de Informa\u00e7\u00f5es de Saneamento (SNIS), do Minist\u00e9rio da Sa\u00fade. Tamb\u00e9m foram computadas estat\u00edsticas de interna\u00e7\u00f5es por doen\u00e7as advindas da falta de saneamento, com base no \u00cdndice de Doen\u00e7as Relacionadas ao Saneamento Ambiental Inadequado (DRSAI), do Instituto Brasileiro de Geografia e Estat\u00edstica (IBGE). O Plano Municipal Integrado de Saneamento B\u00e1sico de Santos apresenta objetivos previstos e amparados tecnicamente no marco legal nacional (Cap. IV, Lei n\u00b0 11.445/2007). O plano de metas \u00e9 constitu\u00eddo pelos seguintes t\u00f3picos: agenda institucional, metas quantitativas, qualitativas e de efici\u00eancia operacional. Foram previstos prazos emergenciais voltadas para o Saneamento B\u00e1sico no munic\u00edpio de Santos - a\u00e7\u00f5es imediatas (2011); de curto prazo - at\u00e9 4 anos (2011 a 2015); m\u00e9dio prazo - de 4 a 8 anos (2016 a 2020) e longo prazo - de 8 anos ao horizonte do plano (2021 a 2039). Entretanto, o PMISB/Santos \u00e9 voltado para a distribui\u00e7\u00e3o de \u00e1guas, n\u00e3o prevendo medidas de m\u00e9dio e longo prazo para recursos h\u00eddricos (rios, lagos e outros)\"."
        },
        {
            "codigo": 4172,
            "data": "2019-12-31 00:00:00",
            "valor": null,
            "descricao": "N\u00e3o. Em fase de pesquisa. Em 2010, a Secretaria de Saneamento e Energia do Governo do Estado de S\u00e3o Paulo, em conjunto com empresa de consultoria, elaboraram o Plano Regional Integrado de Saneamento B\u00e1sico para a Unidade de Gerenciamento de Recursos H\u00eddricos da Baixada Santista \u2013 UGRHI 7, abrangendo os munic\u00edpios de Bertioga, Cubat\u00e3o, Guaruj\u00e1, Itanha\u00e9m, Mongagu\u00e1, Peru\u00edbe, Praia Grande, Santos e S\u00e3o Vicente. No documento foram informadas as sub-bacias que abrangem o munic\u00edpio de Santos, cujas \u00e1reas de mananciais protegidas correspondem o Rio Cabu\u00e7u, com 69,65 km\u00b2; o Rio Jurubatuba, com 79,36 km\u00b2 e o Rio Quilombo, com 86,88 km\u00b2, no total de 235,89 km\u00b2. O documento previu a\u00e7\u00f5es de m\u00e9dio e longo prazo para recursos h\u00eddricos, al\u00e9m de ter servido como referencial te\u00f3rico para o munic\u00edpio de Santos elaborar seu Plano Municipal Integrado de Saneamento B\u00e1sico \u2013 PMISB/Santos, homologado por ato declarat\u00f3rio em 21/02/2011 pelo ent\u00e3o prefeito, Ilmo. Sr. Jo\u00e3o Paulo Tavares Papa e ratificado em 19/08/2013 pelo atual prefeito, Ilmo. Sr. Paulo Alexandre Barbosa. As a\u00e7\u00f5es de Saneamento realizadas no Munic\u00edpio de Santos proporcionaram premia\u00e7\u00f5es. Segundo o Ranking de Saneamento do Instituto Trata Brasil (edi\u00e7\u00e3o 2019), Santos conquistou a segunda melhor posi\u00e7\u00e3o. O munic\u00edpio apresentou n\u00fameros pr\u00f3ximos da universaliza\u00e7\u00e3o (fornecimento e distribui\u00e7\u00e3o de \u00e1gua pot\u00e1vel para a popula\u00e7\u00e3o) em compara\u00e7\u00e3o a 2018. E na edi\u00e7\u00e3o 2020 do Ranking de Saneamento do Instituto Trata Brasil, Santos conquistou a primeira posi\u00e7\u00e3o. O munic\u00edpio repete a performance de 2019 e apresenta n\u00fameros mais pr\u00f3ximos da universaliza\u00e7\u00e3o (fornecimento e distribui\u00e7\u00e3o de \u00e1gua pot\u00e1vel para a popula\u00e7\u00e3o) em compara\u00e7\u00e3o a 2019. E no Ranking da Universaliza\u00e7\u00e3o do Saneamento, elaborado pela Associa\u00e7\u00e3o Brasileira de Engenharia Sanit\u00e1ria, Santos se manteve na quinta posi\u00e7\u00e3o na edi\u00e7\u00e3o 2019, com a pontua\u00e7\u00e3o total de 499,93 pontos e diminuindo sua diferen\u00e7a frente os primeiros colocados. O Plano Municipal Integrado de Saneamento B\u00e1sico de Santos apresenta objetivos previstos e amparados tecnicamente no marco legal nacional (Cap. IV, Lei n\u00b0 11.445/2007). O plano de metas \u00e9 constitu\u00eddo pelos seguintes t\u00f3picos: agenda institucional, metas quantitativas, qualitativas e de efici\u00eancia operacional. Foram previstos prazos emergenciais voltadas para o Saneamento B\u00e1sico no munic\u00edpio de Santos - a\u00e7\u00f5es imediatas (2011); de curto prazo - at\u00e9 4 anos (2011 a 2015); m\u00e9dio prazo - de 4 a 8 anos (2016 a 2020) e longo prazo - de 8 anos ao horizonte do plano (2021 a 2039). Entretanto, o PMISB/Santos \u00e9 voltado para a distribui\u00e7\u00e3o de \u00e1guas, n\u00e3o prevendo medidas de m\u00e9dio e longo prazo para recursos h\u00eddricos (rios, lagos e outros). Fontes: (I) ABES. 2019. Ranking ABES da Universaliza\u00e7\u00e3o do Saneamento \u2013 Edi\u00e7\u00e3o 2019. Dispon\u00edvel em: <http://abes-dn.org.br/pdf/Ranking_2019.pdf>. Acesso em 23 de julho de 2020; ABES. 2020. (II) Ranking ABES da Universaliza\u00e7\u00e3o do Saneamento \u2013 Edi\u00e7\u00e3o 2020 (1\u00ba Trimestre de 2020). Dispon\u00edvel em: <http://abes-dn.org.br/?p=34969>. Acesso em 23 de julho de 2020. (III) INSTITUTO TRATA BRASIL. Ranking do Saneamento \u2013 Instituto Trata Brasil 2019 (SNIS 2017). Dispon\u00edvel em: <http://www.tratabrasil.org.br/images/estudos/itb/ranking-2019/Relat%C3%B3rio_-_Ranking_Trata_Brasil_2019_v11_NOVO_1.pdf>. Acesso em 23 de julho de 2020."
        },
        {
            "codigo": 4762,
            "data": "2020-12-31 00:00:00",
            "valor": null,
            "descricao": "N\u00e3o. Em fase de pesquisa. Em 2010, a Secretaria de Saneamento e Energia do Governo do Estado de S\u00e3o Paulo, em conjunto com empresa de consultoria, elaboraram o Plano Regional Integrado de Saneamento B\u00e1sico para a Unidade de Gerenciamento de Recursos H\u00eddricos da Baixada Santista \u2013 UGRHI 7, abrangendo os munic\u00edpios de Bertioga, Cubat\u00e3o, Guaruj\u00e1, Itanha\u00e9m, Mongagu\u00e1, Peru\u00edbe, Praia Grande, Santos e S\u00e3o Vicente. No documento foram informadas as sub-bacias que abrangem o munic\u00edpio de Santos, cujas \u00e1reas de mananciais protegidas correspondem o Rio Cabu\u00e7u, com 69,65 km\u00b2; o Rio Jurubatuba, com 79,36 km\u00b2 e o Rio Quilombo, com 86,88 km\u00b2, no total de 235,89 km\u00b2. O documento previu a\u00e7\u00f5es de m\u00e9dio e longo prazo para recursos h\u00eddricos, al\u00e9m de ter servido como referencial te\u00f3rico para o munic\u00edpio de Santos elaborar seu Plano Municipal Integrado de Saneamento B\u00e1sico \u2013 PMISB/Santos, homologado por ato declarat\u00f3rio em 21/02/2011 pelo ex-prefeito, Ilmo. Sr. Jo\u00e3o Paulo Tavares Papa e ratificado em 19/08/2013 pelo ex-prefeito, Ilmo. Sr. Paulo Alexandre Barbosa. As a\u00e7\u00f5es de Saneamento realizadas no Munic\u00edpio de Santos proporcionaram premia\u00e7\u00f5es. Na edi\u00e7\u00e3o 2020 do Ranking de Saneamento do Instituto Trata Brasil, Santos conquistou a primeira posi\u00e7\u00e3o dentre as 100 maiores cidades do pa\u00eds com base nos dados de 2018 do Sistema Nacional de Informa\u00e7\u00f5es sobre Saneamento (SNIS). Em quesitos como atendimento urbano de \u00e1gua e esgoto, investimentos e distribui\u00e7\u00e3o do recurso h\u00eddrico, o Munic\u00edpio atingiu a nota m\u00e1xima, totalizando 9,71 pontos dos 10 poss\u00edveis. O munic\u00edpio repete a performance de 2019 e apresenta n\u00fameros mais pr\u00f3ximos da universaliza\u00e7\u00e3o (fornecimento e distribui\u00e7\u00e3o de \u00e1gua pot\u00e1vel para a popula\u00e7\u00e3o) em compara\u00e7\u00e3o a 2019. Ainda de acordo com o Instituto Trata Brasil, Santos abastece 100% da popula\u00e7\u00e3o com \u00e1gua tratada, sendo que 99,93% t\u00eam acesso \u00e0 coleta de esgoto e 97,64% \u00e9 tratado no Munic\u00edpio. E no Ranking da Universaliza\u00e7\u00e3o do Saneamento, elaborado pela Associa\u00e7\u00e3o Brasileira de Engenharia Sanit\u00e1ria, Santos ficou na s\u00e9tima posi\u00e7\u00e3o na edi\u00e7\u00e3o 2020, com a pontua\u00e7\u00e3o total de 499,93 pontos, e mantendo sua diferen\u00e7a frente os primeiros colocados. O Plano Municipal Integrado de Saneamento B\u00e1sico de Santos apresenta objetivos previstos e amparados tecnicamente no marco legal nacional (Cap. IV, Lei n\u00b0 11.445/2007). O plano de metas \u00e9 constitu\u00eddo pelos seguintes t\u00f3picos: agenda institucional, metas quantitativas, qualitativas e de efici\u00eancia operacional. Foram previstos prazos emergenciais voltados para a tem\u00e1tica do Saneamento B\u00e1sico no munic\u00edpio de Santos - a\u00e7\u00f5es imediatas (2011); de curto prazo - at\u00e9 4 anos (2011 a 2015); m\u00e9dio prazo - de 4 a 8 anos (2016 a 2020) e longo prazo - de 8 anos ao horizonte do plano (2021 a 2039). Entretanto, o PMISB/Santos \u00e9 voltado para a distribui\u00e7\u00e3o de \u00e1guas, n\u00e3o prevendo medidas de m\u00e9dio e longo prazo para recursos h\u00eddricos (rios, lagos e outros). Fontes:\n\nABES. 2020. Ranking ABES da Universaliza\u00e7\u00e3o do Saneamento \u2013 Edi\u00e7\u00e3o 2020. Dispon\u00edvel em: <http://abes-dn.org.br/wp-content/uploads/2020/06/Ranking_2020_V4_.pdf>. Acesso em: 03 de setembro de 2021.\n\nPREFEITURA DE SANTOS. Santos \u00e9 a primeira em ranking de saneamento. Dispon\u00edvel em: <https://www.santos.sp.gov.br/?q=noticia/santos-e-a-primeira-em-ranking-de-saneamento>. Acesso em: 03 de setembro de 2021."
        },
        {
            "codigo": 5737,
            "data": "2021-12-31 00:00:00",
            "valor": null,
            "descricao": "RESPOSTA: SIM. Segundo a SECLIMA (Se\u00e7\u00e3o de Mudan\u00e7as Clim\u00e1ticas) desta Secretaria de Meio Ambiente (SEMAM), a Regi\u00e3o Metropolitana da Baixada Santista (RMBS), da qual o munic\u00edpio de Santos faz parte, possui planos relacionados aos recursos h\u00eddricos, a saber: (1) Plano Regional Integrado de Saneamento B\u00e1sico para a UGRHI-7, 2010; (2) Plano Diretor de Abastecimento de \u00c1gua da Baixada Santista, 2011-2030 e (3) Plano de Bacia Hidrogr\u00e1fica da Baixada Santista, 2016-2027.\nEm 2010, a ent\u00e3o Secretaria de Saneamento e Energia do Governo do Estado de S\u00e3o Paulo, em conjunto com empresa de consultoria, elaboraram o Plano Regional Integrado de Saneamento B\u00e1sico para a Unidade de Gerenciamento de Recursos H\u00eddricos da Baixada Santista \u2013 UGRHI 7, abrangendo os munic\u00edpios de Bertioga, Cubat\u00e3o, Guaruj\u00e1, Itanha\u00e9m, Mongagu\u00e1, Peru\u00edbe, Praia Grande, Santos e S\u00e3o Vicente. No documento foram informadas as sub-bacias que abrangem o munic\u00edpio de Santos, cujas \u00e1reas de mananciais protegidas correspondem o Rio Cabu\u00e7\u00fa, com 69,65 km\u00b2; o Rio Jurubatuba, com 79,36 km\u00b2 e o Rio Quilombo, com 86,88 km\u00b2, no total de 235,89 km\u00b2. Tamb\u00e9m h\u00e1 o Plano Diretor de Abastecimento de \u00c1gua da Baixada Santista (2011-2030) e o Plano de Bacia Hidrogr\u00e1fica da Baixada Santista, instrumento de planejamento que serve para orientar a gest\u00e3o das \u00e1guas em n\u00edvel regional, apresenta horizonte de longo prazo (o vigente \u00e9 relativo ao per\u00edodo entre 2016 e 2027, compreendendo 03 quadri\u00eanios. O referido marco t\u00e9cnico \u00e9 acompanhado por revis\u00f5es e atualiza\u00e7\u00f5es peri\u00f3dicas, como forma de permitir acompanhamento, an\u00e1lises, poss\u00edveis ajustes e replanejamentos, caso necess\u00e1rio. Para viabilizar as a\u00e7\u00f5es \u00e0 implementa\u00e7\u00e3o do Plano de Bacia, o CBH-BS conta com recursos da Cobran\u00e7a pelo Uso dos Recursos H\u00eddricos, institu\u00edda atrav\u00e9s da delibera\u00e7\u00e3o CBH-BS 170/2010 (S\u00e3o Paulo, 2010) e recursos oriundos da Compensa\u00e7\u00e3o Financeira pela Utiliza\u00e7\u00e3o de Recursos H\u00eddricos \u2013 CFURH que anualmente s\u00e3o repassados pelo FEHIDRO \u2013 Fundo Estadual de Recursos H\u00eddricos. Santos tamb\u00e9m apresenta o Plano Municipal Integrado de Saneamento B\u00e1sico, 2010-2039, atualmente em processo de atualiza\u00e7\u00e3o, que contempla o assunto."
        },
        {
            "codigo": 6137,
            "data": "2022-12-31 00:00:00",
            "valor": null,
            "descricao": "RESPOSTA: SIM. Segundo a SEIAMB (Se\u00e7\u00e3o de Informa\u00e7\u00f5es Ambientais) desta Secretaria de Meio Ambiente (SEMAM), a Regi\u00e3o Metropolitana da Baixada Santista (RMBS), da qual o munic\u00edpio de Santos integra, apresenta planos relacionados aos recursos h\u00eddricos, a saber: (1) Plano Regional Integrado de Saneamento B\u00e1sico para a UGRHI-7, 2010; (2) Plano Diretor de Abastecimento de \u00c1gua da Baixada Santista, 2011-2030 e (3) Plano de Bacia Hidrogr\u00e1fica da Baixada Santista, 2016-2027.\nEm 2010, a ent\u00e3o Secretaria de Saneamento e Energia do Governo do Estado de S\u00e3o Paulo, em conjunto com empresa de consultoria, elaboraram o Plano Regional Integrado de Saneamento B\u00e1sico para a Unidade de Gerenciamento de Recursos H\u00eddricos da Baixada Santista \u2013 UGRHI 7, abrangendo os munic\u00edpios de Bertioga, Cubat\u00e3o, Guaruj\u00e1, Itanha\u00e9m, Mongagu\u00e1, Peru\u00edbe, Praia Grande, Santos e S\u00e3o Vicente. No documento foram informadas as sub-bacias que abrangem o munic\u00edpio de Santos, cujas \u00e1reas de mananciais protegidas correspondem o Rio Cabu\u00e7\u00fa, com 69,65 km\u00b2; o Rio Jurubatuba, com 79,36 km\u00b2 e o Rio Quilombo, com 86,88 km\u00b2, no total de 235,89 km\u00b2 (S\u00c3O PAULO, 2022). Tamb\u00e9m h\u00e1 o Plano Diretor de Abastecimento de \u00c1gua da Baixada Santista (2011-2030) e o Plano de Bacia Hidrogr\u00e1fica da Baixada Santista, instrumento de planejamento que serve para orientar a gest\u00e3o das \u00e1guas em n\u00edvel regional, apresenta horizonte de longo prazo (o vigente \u00e9 relativo ao per\u00edodo entre 2016 e 2027, compreendendo 03 quadri\u00eanios. O referido marco t\u00e9cnico \u00e9 acompanhado por revis\u00f5es e atualiza\u00e7\u00f5es peri\u00f3dicas, como forma de permitir acompanhamento, an\u00e1lises, poss\u00edveis ajustes e replanejamentos, caso necess\u00e1rio. Para viabilizar as a\u00e7\u00f5es \u00e0 implementa\u00e7\u00e3o do Plano de Bacia, o CBH-BS conta com recursos da Cobran\u00e7a pelo Uso dos Recursos H\u00eddricos, institu\u00edda atrav\u00e9s da delibera\u00e7\u00e3o CBH-BS 170/2010 e recursos oriundos da Compensa\u00e7\u00e3o Financeira pela Utiliza\u00e7\u00e3o de Recursos H\u00eddricos \u2013 CFURH, que anualmente s\u00e3o repassados pelo FEHIDRO \u2013 Fundo Estadual de Recursos H\u00eddricos (S\u00c3O PAULO, 2022). O munic\u00edpio tamb\u00e9m apresenta a Revis\u00e3o do Plano Municipal Integrado de Saneamento B\u00e1sico de Santos, marco t\u00e9cnico amparado legalmente pelo Decreto n\u00ba 9.753 de 19 de julho de 2022, publicado na edi\u00e7\u00e3o de 20 de julho de 2022 do Di\u00e1rio Oficial de Santos.\nE de acordo com a SECLIMA (Se\u00e7\u00e3o de Mudan\u00e7as Clim\u00e1ticas), h\u00e1, ainda, o Programa Nascentes de Santos, criado em mar\u00e7o/2022 pela Secretaria de Meio Ambiente (SEMAM), que tem por objetivos cadastrar, monitorar, proteger, conservar e recuperar as nascentes do Munic\u00edpio, inclusive por meio de a\u00e7\u00f5es de Educa\u00e7\u00e3o Ambiental, visando o uso sustent\u00e1vel dos recursos h\u00eddricos em Santos.\nO Programa busca atender a Lei Municipal n\u00ba 3.988, de 06 de janeiro de 2022, e contempla a necess\u00e1ria integra\u00e7\u00e3o com uma s\u00e9rie de instrumentos de pol\u00edtica p\u00fablica com destaque, em n\u00edvel local, para os Planos de Conserva\u00e7\u00e3o e Recupera\u00e7\u00e3o da Mata Atl\u00e2ntica (PMMA Santos), de A\u00e7\u00e3o Clim\u00e1tica (PACS), de Redu\u00e7\u00e3o de Riscos (PMRR), de Educa\u00e7\u00e3o Ambiental (ProMEA) e de Saneamento B\u00e1sico (SANTOS, 2022)."
        },
        {
            "codigo": 7382,
            "data": "2023-12-31 00:00:00",
            "valor": null,
            "descricao": "RESPOSTA: SIM. Segundo a SEIAMB (Se\u00e7\u00e3o de Informa\u00e7\u00f5es Ambientais) desta Secretaria de Meio Ambiente (SEMAM), a Regi\u00e3o Metropolitana da Baixada Santista (RMBS), da qual o munic\u00edpio de Santos integra, apresenta planos relacionados aos recursos h\u00eddricos, a saber: (1) Plano Regional Integrado de Saneamento B\u00e1sico para a UGRHI-7, 2010; (2) Plano Diretor de Abastecimento de \u00c1gua da Baixada Santista, 2011-2030 e (3) Plano de Bacia Hidrogr\u00e1fica da Baixada Santista, 2016-2027.\nEm 2010, a ent\u00e3o Secretaria de Saneamento e Energia do Governo do Estado de S\u00e3o Paulo, em conjunto com empresa de consultoria, elaboraram o Plano Regional Integrado de Saneamento B\u00e1sico para a Unidade de Gerenciamento de Recursos H\u00eddricos da Baixada Santista \u2013 UGRHI 7, abrangendo os munic\u00edpios de Bertioga, Cubat\u00e3o, Guaruj\u00e1, Itanha\u00e9m, Mongagu\u00e1, Peru\u00edbe, Praia Grande, Santos e S\u00e3o Vicente. No documento foram informadas as sub-bacias que abrangem o munic\u00edpio de Santos, cujas \u00e1reas de mananciais protegidas correspondem o Rio Cabu\u00e7\u00fa, com 69,65 km\u00b2; o Rio Jurubatuba, com 79,36 km\u00b2 e o Rio Quilombo, com 86,88 km\u00b2, no total de 235,89 km\u00b2 (S\u00c3O PAULO, 2022). Tamb\u00e9m h\u00e1 o Plano Diretor de Abastecimento de \u00c1gua da Baixada Santista (2011-2030) e o Plano de Bacia Hidrogr\u00e1fica da Baixada Santista, instrumento de planejamento que serve para orientar a gest\u00e3o das \u00e1guas em n\u00edvel regional, apresenta horizonte de longo prazo (o vigente \u00e9 relativo ao per\u00edodo entre 2016 e 2027, compreendendo 03 quadri\u00eanios. O referido marco t\u00e9cnico \u00e9 acompanhado por revis\u00f5es e atualiza\u00e7\u00f5es peri\u00f3dicas, como forma de permitir acompanhamento, an\u00e1lises, poss\u00edveis ajustes e replanejamentos, caso necess\u00e1rio. Para viabilizar as a\u00e7\u00f5es \u00e0 implementa\u00e7\u00e3o do Plano de Bacia, o CBH-BS conta com recursos da Cobran\u00e7a pelo Uso dos Recursos H\u00eddricos, institu\u00edda atrav\u00e9s da delibera\u00e7\u00e3o CBH-BS 170/2010 e recursos oriundos da Compensa\u00e7\u00e3o Financeira pela Utiliza\u00e7\u00e3o de Recursos H\u00eddricos \u2013 CFURH, que anualmente s\u00e3o repassados pelo FEHIDRO \u2013 Fundo Estadual de Recursos H\u00eddricos (S\u00c3O PAULO, 2022). O munic\u00edpio tamb\u00e9m apresenta a Revis\u00e3o do Plano Municipal Integrado de Saneamento B\u00e1sico de Santos, marco t\u00e9cnico amparado legalmente pelo Decreto n\u00ba 9.753 de 19 de julho de 2022, publicado na edi\u00e7\u00e3o de 20 de julho de 2022 do Di\u00e1rio Oficial de Santos.\nE de acordo com a SECLIMA (Se\u00e7\u00e3o de Mudan\u00e7as Clim\u00e1ticas), h\u00e1, ainda, o Programa Nascentes de Santos, criado em mar\u00e7o/2022 pela Secretaria de Meio Ambiente (SEMAM), que tem por objetivos cadastrar, monitorar, proteger, conservar e recuperar as nascentes do Munic\u00edpio, inclusive por meio de a\u00e7\u00f5es de Educa\u00e7\u00e3o Ambiental, visando o uso sustent\u00e1vel dos recursos h\u00eddricos em Santos.\nO Programa busca atender a Lei Municipal n\u00ba 3.988, de 06 de janeiro de 2022, e contempla a necess\u00e1ria integra\u00e7\u00e3o com uma s\u00e9rie de instrumentos de pol\u00edtica p\u00fablica com destaque, em n\u00edvel local, para os Planos de Conserva\u00e7\u00e3o e Recupera\u00e7\u00e3o da Mata Atl\u00e2ntica (PMMA Santos), de A\u00e7\u00e3o Clim\u00e1tica (PACS), de Redu\u00e7\u00e3o de Riscos (PMRR), de Educa\u00e7\u00e3o Ambiental (ProMEA) e de Saneamento B\u00e1sico (SANTOS, 2022).\n\nRefer\u00eancias:\n\nSANTOS (MUNIC\u00cdPIO), 2022. Prefeitura Municipal de Santos. Di\u00e1rio Oficial de Santos. Decreto n\u00ba 9.753, de 19 de julho de 2022. Aprova a Revis\u00e3o do Plano Municipal Integrado de Saneamento B\u00e1sico de Santos, e d\u00e1 outras provid\u00eancias. Dispon\u00edvel em: <https://diariooficial.santos.sp.gov.br/edicoes/inicio/download/2022-07-20>. Acesso em: 17 de ago. 2023.\n\nSANTOS (MUNIC\u00cdPIO), 2022. Prefeitura Municipal de Santos. Secretaria de Meio Ambiente. Hotsite do Plano Municipal de Conserva\u00e7\u00e3o e Recupera\u00e7\u00e3o da Mata Atl\u00e2ntica (PMMA) de Santos. Vers\u00e3o final: Agosto 2021. Dispon\u00edvel em: <https://www.santos.sp.gov.br/static/files_www/files/portal_files/hotsites/pmma-santos.pdf>. Acesso em: 8 de ago. 2023.\n\nSANTOS (MUNIC\u00cdPIO), 2022. Prefeitura Municipal de Santos. Secretaria de Meio Ambiente. Hotsite do Programa Nascentes de Santos. Dispon\u00edvel em: <https://www.santos.sp.gov.br/?q=hotsite/programa-nascentes-de-santos>. Acesso em: 8 de ago. 2023.\n\nS\u00c3O PAULO (ESTADO), 2022. Secretaria de Saneamento e Recursos H\u00eddricos. Sistema Integrado de Gerenciamento de Recursos H\u00eddricos do Estado de S\u00e3o Paulo. CBH-BS \u2013 Comit\u00ea da Bacia Hidrogr\u00e1fica da Baixada Santista \u2013 Relat\u00f3rio de Situa\u00e7\u00e3o 2020. S\u00e3o Paulo: 2020. Dispon\u00edvel em: <https://sigrh.sp.gov.br/public/uploads/documents//CBH-BS/19500/rs-2020-formatado-02-12-rev1.pdf>. Acesso em: 8 de ago. 2023."
        }
    ]
}