{
    "codigo": 5110,
    "nome": "Existe no munic\u00edpio pol\u00edticas de assist\u00eancia aos usu\u00e1rios de drogas e \u00e1lcool? Se sim, listar as pol\u00edticas",
    "descricao": "Existe no munic\u00edpio pol\u00edticas de assist\u00eancia aos usu\u00e1rios de drogas e \u00e1lcool? Se sim, listar as pol\u00edticas - Cidades Sustentaveis",
    "fonte": "Sms",
    "tipoValor": "T",
    "periodicidade": {
        "codigo": 6,
        "descricao": "Anual"
    },
    "tags": [
        {
            "codigo": 1,
            "descricao": "Santos Acolhedora"
        }
    ],
    "secretarias": [
        {
            "codigo": 3399,
            "dado_codigo": 5110,
            "sigla": "SMS",
            "nome": "SECRETARIA MUNICIPAL DE SA\u00daDE"
        }
    ],
    "autarquias": [],
    "metas": [
        {
            "codigo": 4,
            "numero": 3,
            "titulo": "Sa\u00fade e Bem-Estar",
            "objetivo": "Assegurar uma vida saud\u00e1vel e promover o bem-estar para todos, em todas as idades",
            "imagem_url": "4.jpg",
            "link": "http://www.agenda2030.org.br/ods/3/"
        }
    ],
    "eixos": [
        {
            "codigo": 6,
            "descricao": "Equidade, Justi\u00e7a Social e Cultura de Paz"
        }
    ],
    "valores": [
        {
            "codigo": 2752,
            "data": "2017-12-31 00:00:00",
            "valor": "0.00",
            "descricao": "O munic\u00edpio de Santos possui como diretriz de trabalho a Redu\u00e7\u00e3o de Danos (RD). abordagem reconhece o usu\u00e1rio em suas singularidades, valorizando os direitos humanos, o protagonismo em defesa da vida e a integralidade do cuidado. A Pol\u00edtica de Redu\u00e7\u00e3o de Danos, regulada pela Portaria MS/GM n\u00b0 1028, de 1\u00ba de julho de 2005, baseia-se nos modelos te\u00f3ricos sociocultural e geopol\u00edtico estrutural que consideram a problem\u00e1tica das drogas como uma quest\u00e3o social, cujas interven\u00e7\u00f5es t\u00eam por objetivo principal minimizar os efeitos danosos das drogas, buscando a melhoria do bem-estar f\u00edsico e social dos usu\u00e1rios, ajudando-os a atuar socialmente. Al\u00e9m de seguir as seguintes portarias do Minist\u00e9rio da sa\u00fade: BRASIL. Minist\u00e9rio da Sa\u00fade. Lei n\u00ba10.216, de 6 de abril de 2001. Disp\u00f5e sobre a prote\u00e7\u00e3o e os direitos das pessoas portadoras de transtornos mentais e redireciona o modelo assistencial. Legisla\u00e7\u00e3o de sa\u00fade mental: 1990-2004. 5. ed., ampl. Bras\u00edlia, 2004. P.17-20. Minist\u00e9rio da Sa\u00fade. Portaria GM/MS n\u00ba3.088, de 23 de dezembro de 2011. Republicada em 21 de maio de 2013. Institui a Rede de Aten\u00e7\u00e3o psicossocial para pessoas com sofrimento ou transtorno mental, incluindo aquelas com necessidades decorrentes do uso de crack, \u00e1lcool e outras drogas, no \u00e2mbito do Sistema \u00danico de Sa\u00fade (SUS). Bras\u00edlia, 2011."
        },
        {
            "codigo": 2753,
            "data": "2014-12-31 00:00:00",
            "valor": "0.00",
            "descricao": "O munic\u00edpio de Santos possui como diretriz de trabalho a Redu\u00e7\u00e3o de Danos (RD). abordagem reconhece o usu\u00e1rio em suas singularidades, valorizando os direitos humanos, o protagonismo em defesa da vida e a integralidade do cuidado. A Pol\u00edtica de Redu\u00e7\u00e3o de Danos, regulada pela Portaria MS/GM n\u00b0 1028, de 1\u00ba de julho de 2005, baseia-se nos modelos te\u00f3ricos sociocultural e geopol\u00edtico estrutural que consideram a problem\u00e1tica das drogas como uma quest\u00e3o social, cujas interven\u00e7\u00f5es t\u00eam por objetivo principal minimizar os efeitos danosos das drogas, buscando a melhoria do bem-estar f\u00edsico e social dos usu\u00e1rios, ajudando-os a atuar socialmente. Al\u00e9m de seguir as seguintes portarias do Minist\u00e9rio da sa\u00fade: BRASIL. Minist\u00e9rio da Sa\u00fade. Lei n\u00ba10.216, de 6 de abril de 2001. Disp\u00f5e sobre a prote\u00e7\u00e3o e os direitos das pessoas portadoras de transtornos mentais e redireciona o modelo assistencial. Legisla\u00e7\u00e3o de sa\u00fade mental: 1990-2004. 5. ed., ampl. Bras\u00edlia, 2004. P.17-20. Minist\u00e9rio da Sa\u00fade. Portaria GM/MS n\u00ba3.088, de 23 de dezembro de 2011. Republicada em 21 de maio de 2013. Institui a Rede de Aten\u00e7\u00e3o psicossocial para pessoas com sofrimento ou transtorno mental, incluindo aquelas com necessidades decorrentes do uso de crack, \u00e1lcool e outras drogas, no \u00e2mbito do Sistema \u00danico de Sa\u00fade (SUS). Bras\u00edlia, 2011."
        },
        {
            "codigo": 2754,
            "data": "2013-12-31 00:00:00",
            "valor": "0.00",
            "descricao": "O munic\u00edpio de Santos possui como diretriz de trabalho a Redu\u00e7\u00e3o de Danos (RD). abordagem reconhece o usu\u00e1rio em suas singularidades, valorizando os direitos humanos, o protagonismo em defesa da vida e a integralidade do cuidado. A Pol\u00edtica de Redu\u00e7\u00e3o de Danos, regulada pela Portaria MS/GM n\u00b0 1028, de 1\u00ba de julho de 2005, baseia-se nos modelos te\u00f3ricos sociocultural e geopol\u00edtico estrutural que consideram a problem\u00e1tica das drogas como uma quest\u00e3o social, cujas interven\u00e7\u00f5es t\u00eam por objetivo principal minimizar os efeitos danosos das drogas, buscando a melhoria do bem-estar f\u00edsico e social dos usu\u00e1rios, ajudando-os a atuar socialmente. Al\u00e9m de seguir as seguintes portarias do Minist\u00e9rio da sa\u00fade: BRASIL. Minist\u00e9rio da Sa\u00fade. Lei n\u00ba10.216, de 6 de abril de 2001. Disp\u00f5e sobre a prote\u00e7\u00e3o e os direitos das pessoas portadoras de transtornos mentais e redireciona o modelo assistencial. Legisla\u00e7\u00e3o de sa\u00fade mental: 1990-2004. 5. ed., ampl. Bras\u00edlia, 2004. P.17-20. Minist\u00e9rio da Sa\u00fade. Portaria GM/MS n\u00ba3.088, de 23 de dezembro de 2011. Republicada em 21 de maio de 2013. Institui a Rede de Aten\u00e7\u00e3o psicossocial para pessoas com sofrimento ou transtorno mental, incluindo aquelas com necessidades decorrentes do uso de crack, \u00e1lcool e outras drogas, no \u00e2mbito do Sistema \u00danico de Sa\u00fade (SUS). Bras\u00edlia, 2011."
        },
        {
            "codigo": 2755,
            "data": "2015-12-31 00:00:00",
            "valor": "0.00",
            "descricao": "O munic\u00edpio de Santos possui como diretriz de trabalho a Redu\u00e7\u00e3o de Danos (RD). abordagem reconhece o usu\u00e1rio em suas singularidades, valorizando os direitos humanos, o protagonismo em defesa da vida e a integralidade do cuidado. A Pol\u00edtica de Redu\u00e7\u00e3o de Danos, regulada pela Portaria MS/GM n\u00b0 1028, de 1\u00ba de julho de 2005, baseia-se nos modelos te\u00f3ricos sociocultural e geopol\u00edtico estrutural que consideram a problem\u00e1tica das drogas como uma quest\u00e3o social, cujas interven\u00e7\u00f5es t\u00eam por objetivo principal minimizar os efeitos danosos das drogas, buscando a melhoria do bem-estar f\u00edsico e social dos usu\u00e1rios, ajudando-os a atuar socialmente. Al\u00e9m de seguir as seguintes portarias do Minist\u00e9rio da sa\u00fade: BRASIL. Minist\u00e9rio da Sa\u00fade. Lei n\u00ba10.216, de 6 de abril de 2001. Disp\u00f5e sobre a prote\u00e7\u00e3o e os direitos das pessoas portadoras de transtornos mentais e redireciona o modelo assistencial. Legisla\u00e7\u00e3o de sa\u00fade mental: 1990-2004. 5. ed., ampl. Bras\u00edlia, 2004. P.17-20. Minist\u00e9rio da Sa\u00fade. Portaria GM/MS n\u00ba3.088, de 23 de dezembro de 2011. Republicada em 21 de maio de 2013. Institui a Rede de Aten\u00e7\u00e3o psicossocial para pessoas com sofrimento ou transtorno mental, incluindo aquelas com necessidades decorrentes do uso de crack, \u00e1lcool e outras drogas, no \u00e2mbito do Sistema \u00danico de Sa\u00fade (SUS). Bras\u00edlia, 2011."
        },
        {
            "codigo": 2756,
            "data": "2016-12-31 00:00:00",
            "valor": "0.00",
            "descricao": "O munic\u00edpio de Santos possui como diretriz de trabalho a Redu\u00e7\u00e3o de Danos (RD). abordagem reconhece o usu\u00e1rio em suas singularidades, valorizando os direitos humanos, o protagonismo em defesa da vida e a integralidade do cuidado. A Pol\u00edtica de Redu\u00e7\u00e3o de Danos, regulada pela Portaria MS/GM n\u00b0 1028, de 1\u00ba de julho de 2005, baseia-se nos modelos te\u00f3ricos sociocultural e geopol\u00edtico estrutural que consideram a problem\u00e1tica das drogas como uma quest\u00e3o social, cujas interven\u00e7\u00f5es t\u00eam por objetivo principal minimizar os efeitos danosos das drogas, buscando a melhoria do bem-estar f\u00edsico e social dos usu\u00e1rios, ajudando-os a atuar socialmente. Al\u00e9m de seguir as seguintes portarias do Minist\u00e9rio da sa\u00fade: BRASIL. Minist\u00e9rio da Sa\u00fade. Lei n\u00ba10.216, de 6 de abril de 2001. Disp\u00f5e sobre a prote\u00e7\u00e3o e os direitos das pessoas portadoras de transtornos mentais e redireciona o modelo assistencial. Legisla\u00e7\u00e3o de sa\u00fade mental: 1990-2004. 5. ed., ampl. Bras\u00edlia, 2004. P.17-20. Minist\u00e9rio da Sa\u00fade. Portaria GM/MS n\u00ba3.088, de 23 de dezembro de 2011. Republicada em 21 de maio de 2013. Institui a Rede de Aten\u00e7\u00e3o psicossocial para pessoas com sofrimento ou transtorno mental, incluindo aquelas com necessidades decorrentes do uso de crack, \u00e1lcool e outras drogas, no \u00e2mbito do Sistema \u00danico de Sa\u00fade (SUS). Bras\u00edlia, 2011."
        },
        {
            "codigo": 3468,
            "data": "2018-12-31 00:00:00",
            "valor": null,
            "descricao": "O munic\u00edpio de Santos possui como diretriz de trabalho a Redu\u00e7\u00e3o de Danos (RD). abordagem reconhece o usu\u00e1rio em suas singularidades, valorizando os direitos humanos, o protagonismo em defesa da vida e a integralidade do cuidado. A Pol\u00edtica de Redu\u00e7\u00e3o de Danos, regulada pela Portaria MS/GM n\u00b0 1028, de 1\u00ba de julho de 2005, baseia-se nos modelos te\u00f3ricos sociocultural e geopol\u00edtico estrutural que consideram a problem\u00e1tica das drogas como uma quest\u00e3o social, cujas interven\u00e7\u00f5es t\u00eam por objetivo principal minimizar os efeitos danosos das drogas, buscando a melhoria do bem-estar f\u00edsico e social dos usu\u00e1rios, ajudando-os a atuar socialmente. Al\u00e9m de seguir as seguintes portarias do Minist\u00e9rio da sa\u00fade: BRASIL. Minist\u00e9rio da Sa\u00fade. Lei n\u00ba10.216, de 6 de abril de 2001. Disp\u00f5e sobre a prote\u00e7\u00e3o e os direitos das pessoas portadoras de transtornos mentais e redireciona o modelo assistencial. Legisla\u00e7\u00e3o de sa\u00fade mental: 1990-2004. 5. ed., ampl. Bras\u00edlia, 2004. P.17-20. Minist\u00e9rio da Sa\u00fade. Portaria GM/MS n\u00ba3.088, de 23 de dezembro de 2011. Republicada em 21 de maio de 2013. Institui a Rede de Aten\u00e7\u00e3o psicossocial para pessoas com sofrimento ou transtorno mental, incluindo aquelas com necessidades decorrentes do uso de crack, \u00e1lcool e outras drogas, no \u00e2mbito do Sistema \u00danico de Sa\u00fade (SUS). Bras\u00edlia, 2011. Foi ampliado o trabalho nesse \u00e2mbito em parceira com a UNIFESP- Baixada Santista e com a cria\u00e7\u00e3o do GT de Redu\u00e7\u00e3o da Danos da Baixada Santista, cujos encontros se d\u00e3o mensalmente. Al\u00e9m disso, iniciaram-se as discuss\u00f5es do atendimento em AD nos demais CAPS, com inser\u00e7\u00e3o de pauta no F\u00f3rum dos Trabalhadores da Sa\u00fade Mental. OS CAPS Zona Noroeste, Centro, Praia, Vila e Orquid\u00e1rio passaram a discutir outras a\u00e7\u00f5es para aprofundamento do  atendimento de AD - casos de menor complexidade -  nessas unidades."
        },
        {
            "codigo": 4075,
            "data": "2019-12-31 00:00:00",
            "valor": null,
            "descricao": "O munic\u00edpio de Santos possui como diretriz de trabalho a Redu\u00e7\u00e3o de Danos (RD). abordagem reconhece o usu\u00e1rio em suas singularidades, valorizando os direitos humanos, o protagonismo em defesa da vida e a integralidade do cuidado. A Pol\u00edtica de Redu\u00e7\u00e3o de Danos, regulada pela Portaria MS/GM n\u00b0 1028, de 1\u00ba de julho de 2005, baseia-se nos modelos te\u00f3ricos sociocultural e geopol\u00edtico estrutural que consideram a problem\u00e1tica das drogas como uma quest\u00e3o social, cujas interven\u00e7\u00f5es t\u00eam por objetivo principal minimizar os efeitos danosos das drogas, buscando a melhoria do bem-estar f\u00edsico e social dos usu\u00e1rios, ajudando-os a atuar socialmente. Al\u00e9m de seguir as seguintes portarias do Minist\u00e9rio da sa\u00fade: BRASIL. Minist\u00e9rio da Sa\u00fade. Lei n\u00ba10.216, de 6 de abril de 2001. Disp\u00f5e sobre a prote\u00e7\u00e3o e os direitos das pessoas portadoras de transtornos mentais e redireciona o modelo assistencial. Legisla\u00e7\u00e3o de sa\u00fade mental: 1990-2004. 5. ed., ampl. Bras\u00edlia, 2004. P.17-20. Minist\u00e9rio da Sa\u00fade. Portaria GM/MS n\u00ba3.088, de 23 de dezembro de 2011. Republicada em 21 de maio de 2013. Institui a Rede de Aten\u00e7\u00e3o psicossocial para pessoas com sofrimento ou transtorno mental, incluindo aquelas com necessidades decorrentes do uso de crack, \u00e1lcool e outras drogas, no \u00e2mbito do Sistema \u00danico de Sa\u00fade (SUS). Bras\u00edlia, 2011. Foi ampliado o trabalho nesse \u00e2mbito em parceira com a UNIFESP- Baixada Santista e com a cria\u00e7\u00e3o do GT de Redu\u00e7\u00e3o da Danos da Baixada Santista, cujos encontros se d\u00e3o mensalmente. Al\u00e9m disso, iniciaram-se as discuss\u00f5es do atendimento em AD nos demais CAPS, com inser\u00e7\u00e3o de pauta no F\u00f3rum dos Trabalhadores da Sa\u00fade Mental. OS CAPS Zona Noroeste, Centro, Praia, Vila e Orquid\u00e1rio passaram a discutir outras a\u00e7\u00f5es para aprofundamento do atendimento de AD - casos de menor complexidade - nessas unidades."
        },
        {
            "codigo": 4688,
            "data": "2020-12-31 00:00:00",
            "valor": null,
            "descricao": "O munic\u00edpio de Santos possui como diretriz de trabalho a Redu\u00e7\u00e3o de Danos (RD). abordagem reconhece o usu\u00e1rio em suas singularidades, valorizando os direitos humanos, o protagonismo em defesa da vida e a integralidade do cuidado. A Pol\u00edtica de Redu\u00e7\u00e3o de Danos, regulada pela Portaria MS/GM n\u00b0 1028, de 1\u00ba de julho de 2005, baseia-se nos modelos te\u00f3ricos sociocultural e geopol\u00edtico estrutural que consideram a problem\u00e1tica das drogas como uma quest\u00e3o social, cujas interven\u00e7\u00f5es t\u00eam por objetivo principal minimizar os efeitos danosos das drogas, buscando a melhoria do bem-estar f\u00edsico e social dos usu\u00e1rios, ajudando-os a atuar socialmente. Al\u00e9m de seguir as seguintes portarias do Minist\u00e9rio da sa\u00fade: BRASIL. Minist\u00e9rio da Sa\u00fade. Lei n\u00ba10.216, de 6 de abril de 2001. Disp\u00f5e sobre a prote\u00e7\u00e3o e os direitos das pessoas portadoras de transtornos mentais e redireciona o modelo assistencial. Legisla\u00e7\u00e3o de sa\u00fade mental: 1990-2004. 5. ed., ampl. Bras\u00edlia, 2004. P.17-20. Minist\u00e9rio da Sa\u00fade. Portaria GM/MS n\u00ba3.088, de 23 de dezembro de 2011. Republicada em 21 de maio de 2013. Institui a Rede de Aten\u00e7\u00e3o psicossocial para pessoas com sofrimento ou transtorno mental, incluindo aquelas com necessidades decorrentes do uso de crack, \u00e1lcool e outras drogas, no \u00e2mbito do Sistema \u00danico de Sa\u00fade (SUS). Bras\u00edlia, 2011. Al\u00e9m disso, discuss\u00f5es do atendimento AD nos demais CAPS, s\u00e3o pautas constantes no Colegiado da Sa\u00fade Mental, entre os servi\u00e7os da sa\u00fade, assim como com os servi\u00e7os da Secretaria de Desenvolvimento Social do municipio de Santos. H\u00e1 um entendimento que o cuidado AD vai para al\u00e9m da pol\u00edtica de Sa\u00fade, incluindo as pol\u00edticas de Assist\u00eancia Social, Seguran\u00e7a P\u00fablica, Habita\u00e7\u00e3o, Esporte, Cultura e Lazer."
        },
        {
            "codigo": 5806,
            "data": "2021-12-31 00:00:00",
            "valor": null,
            "descricao": "O munic\u00edpio de Santos possui como diretriz de trabalho a Redu\u00e7\u00e3o de Danos (RD). abordagem reconhece o usu\u00e1rio em suas singularidades, valorizando os direitos humanos, o protagonismo em defesa da vida e a integralidade do cuidado. A Pol\u00edtica de Redu\u00e7\u00e3o de Danos, regulada pela Portaria MS/GM n\u00b0 1028, de 1\u00ba de julho de 2005, baseia-se nos modelos te\u00f3ricos sociocultural e geopol\u00edtico estrutural que consideram a problem\u00e1tica das drogas como uma quest\u00e3o social, cujas interven\u00e7\u00f5es t\u00eam por objetivo principal minimizar os efeitos danosos das drogas, buscando a melhoria do bem-estar f\u00edsico e social dos usu\u00e1rios, ajudando-os a atuar socialmente. Al\u00e9m de seguir as seguintes portarias do Minist\u00e9rio da sa\u00fade: BRASIL. Minist\u00e9rio da Sa\u00fade. Lei n\u00ba10.216, de 6 de abril de 2001. Disp\u00f5e sobre a prote\u00e7\u00e3o e os direitos das pessoas portadoras de transtornos mentais e redireciona o modelo assistencial. Legisla\u00e7\u00e3o de sa\u00fade mental: 1990-2004. 5. ed., ampl. Bras\u00edlia, 2004. P.17-20. Minist\u00e9rio da Sa\u00fade. Portaria GM/MS n\u00ba3.088, de 23 de dezembro de 2011. Republicada em 21 de maio de 2013. Institui a Rede de Aten\u00e7\u00e3o psicossocial para pessoas com sofrimento ou transtorno mental, incluindo aquelas com necessidades decorrentes do uso de crack, \u00e1lcool e outras drogas, no \u00e2mbito do Sistema \u00danico de Sa\u00fade (SUS). Bras\u00edlia, 2011. Al\u00e9m disso, discuss\u00f5es do atendimento AD nos demais CAPS, s\u00e3o pautas constantes no Colegiado da Sa\u00fade Mental, entre os servi\u00e7os da sa\u00fade, assim como com os servi\u00e7os da Secretaria de Desenvolvimento Social do municipio de Santos. H\u00e1 um entendimento que o cuidado AD vai para al\u00e9m da pol\u00edtica de Sa\u00fade, incluindo as pol\u00edticas de Assist\u00eancia Social, Seguran\u00e7a P\u00fablica, Habita\u00e7\u00e3o, Esporte, Cultura e Lazer."
        },
        {
            "codigo": 6496,
            "data": "2022-12-31 00:00:00",
            "valor": null,
            "descricao": "O munic\u00edpio de Santos possui como diretriz de trabalho a Redu\u00e7\u00e3o de Danos (RD). abordagem reconhece o usu\u00e1rio em suas singularidades, valorizando os direitos humanos, o protagonismo em defesa da vida e a integralidade do cuidado. A Pol\u00edtica de Redu\u00e7\u00e3o de Danos, regulada pela Portaria MS/GM n\u00b0 1028, de 1\u00ba de julho de 2005, baseia-se nos modelos te\u00f3ricos sociocultural e geopol\u00edtico estrutural que consideram a problem\u00e1tica das drogas como uma quest\u00e3o social, cujas interven\u00e7\u00f5es t\u00eam por objetivo principal minimizar os efeitos danosos das drogas, buscando a melhoria do bem-estar f\u00edsico e social dos usu\u00e1rios, ajudando-os a atuar socialmente. Al\u00e9m de seguir as seguintes portarias do Minist\u00e9rio da sa\u00fade: BRASIL. Minist\u00e9rio da Sa\u00fade. Lei n\u00ba10.216, de 6 de abril de 2001. Disp\u00f5e sobre a prote\u00e7\u00e3o e os direitos das pessoas portadoras de transtornos mentais e redireciona o modelo assistencial. Legisla\u00e7\u00e3o de sa\u00fade mental: 1990-2004. 5. ed., ampl. Bras\u00edlia, 2004. P.17-20. Minist\u00e9rio da Sa\u00fade. Portaria GM/MS n\u00ba3.088, de 23 de dezembro de 2011. Republicada em 21 de maio de 2013. Institui a Rede de Aten\u00e7\u00e3o psicossocial para pessoas com sofrimento ou transtorno mental, incluindo aquelas com necessidades decorrentes do uso de crack, \u00e1lcool e outras drogas, no \u00e2mbito do Sistema \u00danico de Sa\u00fade (SUS). Bras\u00edlia, 2011. Al\u00e9m disso, discuss\u00f5es do atendimento AD nos demais CAPS, s\u00e3o pautas constantes no Colegiado da Sa\u00fade Mental, entre os servi\u00e7os da sa\u00fade, assim como com os servi\u00e7os da Secretaria de Desenvolvimento Social do municipio de Santos. H\u00e1 um entendimento que o cuidado AD vai para al\u00e9m da pol\u00edtica de Sa\u00fade, incluindo as pol\u00edticas de Assist\u00eancia Social, Seguran\u00e7a P\u00fablica, Habita\u00e7\u00e3o, Esporte, Cultura e Lazer."
        }
    ]
}