{
    "codigo": 5111,
    "nome": "Existe no munic\u00edpio pol\u00edticas de coopera\u00e7\u00e3o? Quais?",
    "descricao": "Existe no munic\u00edpio pol\u00edticas de coopera\u00e7\u00e3o? Quais? - Cidades Sustentaveis",
    "fonte": "SEPORTE",
    "tipoValor": "T",
    "periodicidade": {
        "codigo": 6,
        "descricao": "Anual"
    },
    "tags": [
        {
            "codigo": 6,
            "descricao": "Santos Inovadora"
        }
    ],
    "secretarias": [
        {
            "codigo": 5939,
            "dado_codigo": 5111,
            "sigla": "SEPORTE",
            "nome": "SECRETARIA MUNICIPAL DE ASSUNTOS PORTU\u00c1RIOS E EMPREGO"
        }
    ],
    "autarquias": [],
    "metas": [
        {
            "codigo": 18,
            "numero": 17,
            "titulo": "Parcerias e Meios de Implementa\u00e7\u00e3o",
            "objetivo": "Fortalecer os meios de implementa\u00e7\u00e3o e revitalizar a parceria global para o desenvolvimento sustent\u00e1vel",
            "imagem_url": "18.jpg",
            "link": "http://www.agenda2030.org.br/ods/17/"
        }
    ],
    "eixos": [
        {
            "codigo": 7,
            "descricao": "Gest\u00e3o Local para a Sustentabilidade"
        }
    ],
    "valores": [
        {
            "codigo": 2757,
            "data": "2016-12-31 00:00:00",
            "valor": "0.00",
            "descricao": "Sim. Conv\u00eanio com a Secretaria de Estado de Rela\u00e7\u00f5es do Trabalho de S\u00e3o Paulo (Banco do Povo Paulista) e com Minist\u00e9rio do Trabalho e Emprego (Centro Publico de Emprego e Trabalho)."
        },
        {
            "codigo": 2758,
            "data": "2017-12-31 00:00:00",
            "valor": "0.00",
            "descricao": "Sim. Conv\u00eanio com a Secretaria de Estado de Rela\u00e7\u00f5es do Trabalho de S\u00e3o Paulo (Banco do Povo Paulista) e com Minist\u00e9rio do Trabalho e Emprego (Centro Publico de Emprego e Trabalho)."
        },
        {
            "codigo": 2759,
            "data": "2013-12-31 00:00:00",
            "valor": "0.00",
            "descricao": "Sim. Banco do Povo Paulista (Secretaria de Emprego e Rela\u00e7\u00f5es de Trabalho) e Centro P\u00fablico de Emprego e Trabalho (Minist\u00e9rio do Trabalho e Emprego)."
        },
        {
            "codigo": 2760,
            "data": "2015-12-31 00:00:00",
            "valor": "0.00",
            "descricao": "Sim. Banco do Povo Paulista (Secretaria de Emprego e Rela\u00e7\u00f5es de Trabalho) e Centro P\u00fablico de Emprego e Trabalho (Minist\u00e9rio do Trabalho e Emprego)."
        },
        {
            "codigo": 2761,
            "data": "2014-12-31 00:00:00",
            "valor": "0.00",
            "descricao": "Sim. Banco do Povo Paulista (Secretaria de Emprego e Rela\u00e7\u00f5es de Trabalho) e Centro P\u00fablico de Emprego e Trabalho (Minist\u00e9rio do Trabalho e Emprego)."
        },
        {
            "codigo": 3863,
            "data": "2018-12-31 00:00:00",
            "valor": null,
            "descricao": "Sim. Conv\u00eanio com a Secretaria de Estado de Rela\u00e7\u00f5es do Trabalho de S\u00e3o Paulo (Banco do Povo Paulista) e com Minist\u00e9rio do Trabalho e Emprego (Centro Publico de Emprego e Trabalho)."
        },
        {
            "codigo": 4318,
            "data": "2019-12-31 00:00:00",
            "valor": null,
            "descricao": "Sim. Conv\u00eanio com a Secretaria de Estado de Rela\u00e7\u00f5es do Trabalho de S\u00e3o Paulo (Banco do Povo Paulista) e com Minist\u00e9rio do Trabalho e Emprego (Centro Publico de Emprego e Trabalho)."
        },
        {
            "codigo": 5139,
            "data": "2020-12-31 00:00:00",
            "valor": null,
            "descricao": "Sim. Conv\u00eanio com a Secretaria de Estado de Rela\u00e7\u00f5es do Trabalho de S\u00e3o Paulo (Banco do Povo Paulista) e com Minist\u00e9rio do Trabalho e Emprego (Centro Publico de Emprego e Trabalho)."
        },
        {
            "codigo": 5690,
            "data": "2021-12-31 00:00:00",
            "valor": null,
            "descricao": "Sim. Conv\u00eanio com a Secretaria de Estado de Rela\u00e7\u00f5es do Trabalho de S\u00e3o Paulo (Banco do Povo Paulista) e com Minist\u00e9rio do Trabalho e Emprego (Centro Publico de Emprego e Trabalho)."
        },
        {
            "codigo": 6779,
            "data": "2022-12-31 00:00:00",
            "valor": null,
            "descricao": "Sim, atualmente a SEPORTE conta com a colabora\u00e7\u00e3o do MInist\u00e9rio do Trabalho atuando no Centro P\u00fablico de Emprego e Trabalho."
        }
    ]
}