{
    "codigo": 5115,
    "nome": "Existe no munic\u00edpio pol\u00edticas de est\u00edmulo ao consumo e gera\u00e7\u00e3o de energias renov\u00e1veis? Quais?",
    "descricao": "Existe no munic\u00edpio pol\u00edticas de est\u00edmulo ao consumo e gera\u00e7\u00e3o de energias renov\u00e1veis? Quais? - Cidades Sustentaveis",
    "fonte": "SEMAM",
    "tipoValor": "T",
    "periodicidade": {
        "codigo": 6,
        "descricao": "Anual"
    },
    "tags": [
        {
            "codigo": 20,
            "descricao": "Santos Sustent\u00e1vel"
        }
    ],
    "secretarias": [
        {
            "codigo": 5767,
            "dado_codigo": 5115,
            "sigla": "SEMAM",
            "nome": "SECRETARIA MUNICIPAL DE MEIO AMBIENTE E BEM-ESTAR ANIMAL"
        }
    ],
    "autarquias": [],
    "metas": [
        {
            "codigo": 8,
            "numero": 7,
            "titulo": "Energia Acess\u00edvel e Limpa",
            "objetivo": "Assegurar o acesso confi\u00e1vel, sustent\u00e1vel, moderno e a pre\u00e7o acess\u00edvel \u00e0 energia para todos",
            "imagem_url": "8.jpg",
            "link": "http://www.agenda2030.org.br/ods/7/"
        }
    ],
    "eixos": [
        {
            "codigo": 15,
            "descricao": "Do Local para o Global"
        }
    ],
    "valores": [
        {
            "codigo": 2777,
            "data": "2016-12-31 00:00:00",
            "valor": "0.00",
            "descricao": "N\u00e3o. Dever\u00e3o ser desenvolvidas an\u00e1lises e estudos com o intuito de elabora\u00e7\u00e3o de proposta referente ao tema das energias renov\u00e1veis, bem como quanto \u00e0 cria\u00e7\u00e3o de est\u00edmulos espec\u00edficos."
        },
        {
            "codigo": 2778,
            "data": "2013-12-31 00:00:00",
            "valor": "0.00",
            "descricao": "N\u00e3o."
        },
        {
            "codigo": 2779,
            "data": "2015-12-31 00:00:00",
            "valor": "0.00",
            "descricao": "N\u00e3o."
        },
        {
            "codigo": 2780,
            "data": "2014-12-31 00:00:00",
            "valor": "0.00",
            "descricao": "N\u00e3o."
        },
        {
            "codigo": 2781,
            "data": "2017-12-31 00:00:00",
            "valor": "0.00",
            "descricao": "Sim. H\u00e1 no munic\u00edpio de Santos, o Decreto n\u00ba 7.071, de 20 de mar\u00e7o de 2015, que disp\u00f5e sobre a ado\u00e7\u00e3o de sistemas de aproveitamento de \u00e1guas pluviais em projetos de edifica\u00e7\u00f5es p\u00fablicas, considerando o aproveitamento de \u00e1gua da chuva, o tratamento, quando necess\u00e1rio, e o armazenamento para posterior uso n\u00e3o pot\u00e1vel, como irriga\u00e7\u00e3o paisag\u00edstica, combate ao fogo, descarga de vasos sanit\u00e1rios, ar condicionado, lavagem de pisos, cal\u00e7adas e ruas, ve\u00edculos, mobili\u00e1rio urbano e equipamentos p\u00fablicos. Existem ainda Projetos de Lei, que no momento tramitam no Poder Legislativo, tratando de assunto semelhante, mas que abrange as novas edifica\u00e7\u00f5es particulares e empresariais. No quesito de est\u00edmulo ao est\u00edmulo e consumo de energias renov\u00e1veis, podemos citar a UME Professor M\u00e1rio de Almeida Alc\u00e2ntara, situada na Rua Mansueto Pierotti, 75, no bairro do Valongo, que conta com placas de capta\u00e7\u00e3o de energia solar e utiliza \u00e1gua quente em suas depend\u00eancias. Ressalta-se que o munic\u00edpio de Santos prev\u00ea nos pr\u00f3ximos anos a promo\u00e7\u00e3o de mais pol\u00edticas para est\u00edmulo ao consumo e gera\u00e7\u00e3o de energias renov\u00e1veis. De acordo com a Lei Complementar N\u00ba 1.005, de 16 de julho de 2018, o Plano Diretor de Desenvolvimento e Expans\u00e3o Urbana do munic\u00edpio de Santos, publicado na edi\u00e7\u00e3o de 17 de julho de 2018 do Di\u00e1rio Oficial de Santos, prev\u00ea na Se\u00e7\u00e3o II, est\u00edmulo ao uso de energias alternativas com fontes limpas e renov\u00e1veis no munic\u00edpio."
        },
        {
            "codigo": 3540,
            "data": "2018-12-31 00:00:00",
            "valor": null,
            "descricao": "Sim. H\u00e1 no munic\u00edpio de Santos, o Decreto n\u00ba 7.071, de 20 de mar\u00e7o de 2015, que disp\u00f5e sobre a ado\u00e7\u00e3o de sistemas de aproveitamento de \u00e1guas pluviais em projetos de edifica\u00e7\u00f5es p\u00fablicas, considerando o aproveitamento de \u00e1gua da chuva, o tratamento, quando necess\u00e1rio, e o armazenamento para posterior uso n\u00e3o pot\u00e1vel, como irriga\u00e7\u00e3o paisag\u00edstica, combate ao fogo, descarga de vasos sanit\u00e1rios, ar condicionado, lavagem de pisos, cal\u00e7adas e ruas, ve\u00edculos, mobili\u00e1rio urbano e equipamentos p\u00fablicos. Existem ainda Projetos de Lei, que no momento tramitam no Poder Legislativo, tratando de assunto semelhante, mas que abrange as novas edifica\u00e7\u00f5es particulares e empresariais. No quesito de est\u00edmulo ao est\u00edmulo e consumo de energias renov\u00e1veis, podemos citar a UME Professor M\u00e1rio de Almeida Alc\u00e2ntara, situada na Rua Mansueto Pierotti, 75, no bairro do Valongo, que conta com placas de capta\u00e7\u00e3o de energia solar e utiliza \u00e1gua quente em suas depend\u00eancias. Ressalta-se que o munic\u00edpio de Santos prev\u00ea nos pr\u00f3ximos anos a promo\u00e7\u00e3o de mais pol\u00edticas para est\u00edmulo ao consumo e gera\u00e7\u00e3o de energias renov\u00e1veis. \nDe acordo com a Lei Complementar N\u00ba 1.005, de 16 de julho de 2018, o Plano Diretor de Desenvolvimento e Expans\u00e3o Urbana do munic\u00edpio de Santos, publicado na edi\u00e7\u00e3o de 17 de julho de 2018 do Di\u00e1rio Oficial de Santos, prev\u00ea na Se\u00e7\u00e3o II, est\u00edmulo ao uso de energias alternativas com fontes limpas e renov\u00e1veis no munic\u00edpio.\nEm 2018, a Secretaria de Meio Ambiente iniciou processo para contrata\u00e7\u00e3o de empresa para realiza\u00e7\u00e3o do invent\u00e1rio de emiss\u00e3o de gases de efeito estufa emanados pela frota de ve\u00edculos pr\u00f3prios e locados da Prefeitura de Santos, atualmente composta por 349 ve\u00edculos, sendo 217 ve\u00edculos locados entre pesados (diesel) e leves (flex) e 133 ve\u00edculos pr\u00f3prios. Em novembro de 2018, o processo administrativo enumerado como 72.324/2018-05, aberto pela Secretaria de Meio Ambiente, tramitou por Unidades vinculadas aos Departamentos de Or\u00e7amento e Gest\u00e3o (DEORG) e de Licita\u00e7\u00f5es e Suprimentos (DELIS), respectivamente, da Secretaria de Gest\u00e3o, tendo em vista emiss\u00e3o de nota de empenho e homologa\u00e7\u00e3o de dispensa eletr\u00f4nica. Ap\u00f3s a defini\u00e7\u00e3o da empresa contratada, ser\u00e3o iniciados os trabalhos em 2019."
        },
        {
            "codigo": 4173,
            "data": "2019-12-31 00:00:00",
            "valor": null,
            "descricao": "Sim. H\u00e1 no munic\u00edpio de Santos, o Decreto n\u00ba 7.071, de 20 de mar\u00e7o de 2015, que disp\u00f5e sobre a ado\u00e7\u00e3o de sistemas de aproveitamento de \u00e1guas pluviais em projetos de edifica\u00e7\u00f5es p\u00fablicas, considerando o aproveitamento de \u00e1gua da chuva, o tratamento, quando necess\u00e1rio, e o armazenamento para posterior uso n\u00e3o pot\u00e1vel, como irriga\u00e7\u00e3o paisag\u00edstica, combate ao fogo, descarga de vasos sanit\u00e1rios, ar condicionado, lavagem de pisos, cal\u00e7adas e ruas, ve\u00edculos, mobili\u00e1rio urbano e equipamentos p\u00fablicos. H\u00e1 ainda Projetos de Lei, que no momento tramitam no Poder Legislativo, tratando de assunto semelhante, mas que abrange as novas edifica\u00e7\u00f5es particulares e empresariais. Quanto ao est\u00edmulo no consumo de energias renov\u00e1veis, por parte da Administra\u00e7\u00e3o Municipal, pode citar a Unidades Municipais de Educa\u00e7\u00e3o (UME\u2019s) Professor M\u00e1rio de Almeida Alc\u00e2ntara, situada na Rua Mansueto Pierotti, 75, Valongo; e Paulo Gomes Barbosa, situada na Av. Waldemar Le\u00e3o, 184, Jabaquara. Ambas apresentam placas de capta\u00e7\u00e3o de energia fotovoltaica e utilizam \u00e1gua quente em suas depend\u00eancias. Ressalta-se que o munic\u00edpio de Santos prev\u00ea nos pr\u00f3ximos anos a promo\u00e7\u00e3o de mais pol\u00edticas para est\u00edmulo ao consumo e gera\u00e7\u00e3o de energias renov\u00e1veis. De acordo com a Lei Complementar N\u00ba 1.005, de 16 de julho de 2018, o Plano Diretor de Desenvolvimento e Expans\u00e3o Urbana do munic\u00edpio de Santos, publicado na edi\u00e7\u00e3o de 17 de julho de 2018 do Di\u00e1rio Oficial de Santos, prev\u00ea na Se\u00e7\u00e3o II, est\u00edmulo ao uso de energias alternativas com fontes limpas e renov\u00e1veis no munic\u00edpio."
        },
        {
            "codigo": 4763,
            "data": "2020-12-31 00:00:00",
            "valor": null,
            "descricao": "Sim. H\u00e1 no munic\u00edpio de Santos, o Decreto n\u00ba 7.071, de 20 de mar\u00e7o de 2015, que disp\u00f5e sobre a ado\u00e7\u00e3o de sistemas de aproveitamento de \u00e1guas pluviais em projetos de edifica\u00e7\u00f5es p\u00fablicas, considerando o aproveitamento de \u00e1gua da chuva, o tratamento, quando necess\u00e1rio, e o armazenamento para posterior uso n\u00e3o pot\u00e1vel, como irriga\u00e7\u00e3o paisag\u00edstica, combate ao fogo, descarga de vasos sanit\u00e1rios, ar condicionado, lavagem de pisos, cal\u00e7adas e ruas, ve\u00edculos, mobili\u00e1rio urbano e equipamentos p\u00fablicos. H\u00e1 ainda Projetos de Lei que no momento tramitam no Poder Legislativo, tratando de assunto semelhante, mas que abrange as novas edifica\u00e7\u00f5es particulares e empresariais. Quanto ao est\u00edmulo no consumo de energias renov\u00e1veis, por parte da Administra\u00e7\u00e3o Municipal, vale citar a Unidade Municipal de Educa\u00e7\u00e3o (UME) Paulo Gomes Barbosa, situada na Av. Waldemar Le\u00e3o, 184, Jabaquara, que apresenta placas de capta\u00e7\u00e3o de energia fotovoltaica e o reaproveitamento de \u00e1guas pluviais em suas depend\u00eancias. Ressalta-se que o munic\u00edpio de Santos prev\u00ea nos pr\u00f3ximos anos a promo\u00e7\u00e3o de mais pol\u00edticas para est\u00edmulo ao consumo e gera\u00e7\u00e3o de energias renov\u00e1veis. De acordo com a Lei Complementar n\u00ba 1.005, de 16 de julho de 2018, o Plano Diretor de Desenvolvimento e Expans\u00e3o Urbana do munic\u00edpio de Santos, publicado na edi\u00e7\u00e3o de 17 de julho de 2018 do Di\u00e1rio Oficial de Santos, prev\u00ea na Se\u00e7\u00e3o II, est\u00edmulo ao uso de energias alternativas com fontes limpas e renov\u00e1veis no munic\u00edpio."
        },
        {
            "codigo": 5290,
            "data": "2021-12-31 00:00:00",
            "valor": null,
            "descricao": "Sim. H\u00e1 no munic\u00edpio de Santos, o Decreto n\u00ba 7.071, de 20 de mar\u00e7o de 2015, que disp\u00f5e sobre a ado\u00e7\u00e3o de sistemas de aproveitamento de \u00e1guas pluviais em projetos de edifica\u00e7\u00f5es p\u00fablicas, considerando o aproveitamento de \u00e1gua da chuva, o tratamento, quando necess\u00e1rio, e o armazenamento para posterior uso n\u00e3o pot\u00e1vel, como irriga\u00e7\u00e3o paisag\u00edstica, combate ao fogo, descarga de vasos sanit\u00e1rios, ar condicionado, lavagem de pisos, cal\u00e7adas e ruas, ve\u00edculos, mobili\u00e1rio urbano e equipamentos p\u00fablicos. H\u00e1 ainda Projetos de Lei que no momento tramitam no Poder Legislativo, tratando de assunto semelhante, mas que abrange as novas edifica\u00e7\u00f5es particulares e empresariais. Quanto ao est\u00edmulo no consumo de energias renov\u00e1veis, por parte da Administra\u00e7\u00e3o Municipal, vale citar a Unidade Municipal de Educa\u00e7\u00e3o (UME) Paulo Gomes Barbosa, situada na Av. Waldemar Le\u00e3o, 184, Jabaquara, que apresenta placas de capta\u00e7\u00e3o de energia fotovoltaica e o reaproveitamento de \u00e1guas pluviais em suas depend\u00eancias. Da mesma forma, o Poder Legislativo tamb\u00e9m se apresenta como exemplo indutor desta tem\u00e1tica, ao promover a instala\u00e7\u00e3o de pain\u00e9is solares para capta\u00e7\u00e3o de energia fotovoltaica no telhado da C\u00e2mara Municipal de Santos, situada na Pra\u00e7a Tenente Mauro Batista de Miranda, 1, Vila Nova. Ressalta-se que o munic\u00edpio de Santos prev\u00ea nos pr\u00f3ximos anos a promo\u00e7\u00e3o de mais pol\u00edticas para est\u00edmulo ao consumo e gera\u00e7\u00e3o de energias renov\u00e1veis. De acordo com a Lei Complementar n\u00ba 1.005, de 16 de julho de 2018, o Plano Diretor de Desenvolvimento e Expans\u00e3o Urbana do munic\u00edpio de Santos, publicado na edi\u00e7\u00e3o de 17 de julho de 2018 do Di\u00e1rio Oficial de Santos, prev\u00ea na Se\u00e7\u00e3o II, est\u00edmulo ao uso de energias alternativas com fontes limpas e renov\u00e1veis no munic\u00edpio."
        },
        {
            "codigo": 6307,
            "data": "2022-12-31 00:00:00",
            "valor": null,
            "descricao": "RESPOSTA: Sim. H\u00e1 no munic\u00edpio de Santos, o Decreto n\u00ba 7.071, de 20 de mar\u00e7o de 2015, que disp\u00f5e sobre a ado\u00e7\u00e3o de sistemas de aproveitamento de \u00e1guas pluviais em projetos de edifica\u00e7\u00f5es p\u00fablicas, considerando o aproveitamento de \u00e1gua da chuva, o tratamento, quando necess\u00e1rio, e o armazenamento para posterior uso n\u00e3o pot\u00e1vel, como irriga\u00e7\u00e3o paisag\u00edstica, combate ao fogo, descarga de vasos sanit\u00e1rios, ar condicionado, lavagem de pisos, cal\u00e7adas e ruas, ve\u00edculos, mobili\u00e1rio urbano e equipamentos p\u00fablicos. H\u00e1 ainda Projetos de Lei que no momento tramitam no Poder Legislativo, tratando de assunto semelhante, mas que abrange as novas edifica\u00e7\u00f5es particulares e empresariais. Quanto ao est\u00edmulo no consumo de energias renov\u00e1veis, por parte da Administra\u00e7\u00e3o Municipal, vale citar a Unidade Municipal de Educa\u00e7\u00e3o (UME) Paulo Gomes Barbosa, situada na Av. Waldemar Le\u00e3o, 184, Jabaquara, que apresenta placas de capta\u00e7\u00e3o de energia fotovoltaica e o reaproveitamento de \u00e1guas pluviais em suas depend\u00eancias. Da mesma forma, o Poder Legislativo tamb\u00e9m se apresenta como exemplo indutor desta tem\u00e1tica, ao promover a instala\u00e7\u00e3o de pain\u00e9is solares para capta\u00e7\u00e3o de energia fotovoltaica no telhado da C\u00e2mara Municipal de Santos, situada na Pra\u00e7a Tenente Mauro Batista de Miranda, 1, Vila Nova. Ressalta-se que o munic\u00edpio de Santos prev\u00ea nos pr\u00f3ximos anos a promo\u00e7\u00e3o de mais pol\u00edticas para est\u00edmulo ao consumo e gera\u00e7\u00e3o de energias renov\u00e1veis. De acordo com a Lei Complementar n\u00ba 1.181, de 08 de novembro de 2022, o Plano Diretor de Desenvolvimento e Expans\u00e3o Urbana do munic\u00edpio de Santos, publicado na edi\u00e7\u00e3o de 09 de novembro de 2022 do Di\u00e1rio Oficial de Santos, prev\u00ea no par\u00e1grafo XIV do Art. 163, a promo\u00e7\u00e3o de programas de efici\u00eancia energ\u00e9tica, cogera\u00e7\u00e3o de energia e energias renov\u00e1veis em edifica\u00e7\u00f5es, ilumina\u00e7\u00e3o p\u00fablica e transportes; na Se\u00e7\u00e3o III, est\u00edmulo ao uso de energias alternativas com fontes limpas e renov\u00e1veis no munic\u00edpio; e na Se\u00e7\u00e3o V, adotar medidas que viabilizem a consolida\u00e7\u00e3o do munic\u00edpio e regi\u00e3o como refer\u00eancia tecnol\u00f3gica nacional e internacional na \u00e1rea portu\u00e1ria, retroportu\u00e1ria e de apoio log\u00edstico, de mobilidade urbana e de energias limpas."
        },
        {
            "codigo": 7308,
            "data": "2023-12-31 00:00:00",
            "valor": null,
            "descricao": "RESPOSTA: Sim. H\u00e1 no munic\u00edpio de Santos, o Decreto n\u00ba 7.071, de 20 de mar\u00e7o de 2015, que disp\u00f5e sobre a ado\u00e7\u00e3o de sistemas de aproveitamento de \u00e1guas pluviais em projetos de edifica\u00e7\u00f5es p\u00fablicas, considerando o aproveitamento de \u00e1gua da chuva, o tratamento, quando necess\u00e1rio, e o armazenamento para posterior uso n\u00e3o pot\u00e1vel, como irriga\u00e7\u00e3o paisag\u00edstica, combate ao fogo, descarga de vasos sanit\u00e1rios, ar condicionado, lavagem de pisos, cal\u00e7adas e ruas, ve\u00edculos, mobili\u00e1rio urbano e equipamentos p\u00fablicos. H\u00e1 ainda Projetos de Lei que no momento tramitam no Poder Legislativo, tratando de assunto semelhante, mas que abrange as novas edifica\u00e7\u00f5es particulares e empresariais. Quanto ao est\u00edmulo no consumo de energias renov\u00e1veis, por parte da Administra\u00e7\u00e3o Municipal, vale citar a Unidade Municipal de Educa\u00e7\u00e3o (UME) Paulo Gomes Barbosa, situada na Av. Waldemar Le\u00e3o, 184, Jabaquara, que apresenta placas de capta\u00e7\u00e3o de energia fotovoltaica e o reaproveitamento de \u00e1guas pluviais em suas depend\u00eancias. Da mesma forma, o Poder Legislativo tamb\u00e9m se apresenta como exemplo indutor desta tem\u00e1tica, ao promover a instala\u00e7\u00e3o de pain\u00e9is solares para capta\u00e7\u00e3o de energia fotovoltaica no telhado da C\u00e2mara Municipal de Santos, situada na Pra\u00e7a Tenente Mauro Batista de Miranda, 1, Vila Nova. Ressalta-se que o munic\u00edpio de Santos prev\u00ea nos pr\u00f3ximos anos a promo\u00e7\u00e3o de mais pol\u00edticas para est\u00edmulo ao consumo e gera\u00e7\u00e3o de energias renov\u00e1veis. De acordo com a Lei Complementar n\u00ba 1.181, de 08 de novembro de 2022, o Plano Diretor de Desenvolvimento e Expans\u00e3o Urbana do munic\u00edpio de Santos, publicado na edi\u00e7\u00e3o de 09 de novembro de 2022 do Di\u00e1rio Oficial de Santos, prev\u00ea no par\u00e1grafo XIV do Art. 163, a promo\u00e7\u00e3o de programas de efici\u00eancia energ\u00e9tica, cogera\u00e7\u00e3o de energia e energias renov\u00e1veis em edifica\u00e7\u00f5es, ilumina\u00e7\u00e3o p\u00fablica e transportes; na Se\u00e7\u00e3o III, est\u00edmulo ao uso de energias alternativas com fontes limpas e renov\u00e1veis no munic\u00edpio; e na Se\u00e7\u00e3o V, adotar medidas que viabilizem a consolida\u00e7\u00e3o do munic\u00edpio e regi\u00e3o como refer\u00eancia tecnol\u00f3gica nacional e internacional na \u00e1rea portu\u00e1ria, retroportu\u00e1ria e de apoio log\u00edstico, de mobilidade urbana e de energias limpas."
        }
    ]
}