{
    "codigo": 5118,
    "nome": "Existe no munic\u00edpio programas para tratamento de esgoto e res\u00edduos da atividade econ\u00f4mica local? Quais s\u00e3o?",
    "descricao": "Existe no munic\u00edpio programas para tratamento de esgoto e res\u00edduos da atividade econ\u00f4mica local? Quais s\u00e3o? - Cidades Sustentaveis",
    "fonte": "SEMAM e SABESP",
    "tipoValor": "T",
    "periodicidade": {
        "codigo": 6,
        "descricao": "Anual"
    },
    "tags": [
        {
            "codigo": 17,
            "descricao": "Santos Saud\u00e1vel"
        }
    ],
    "secretarias": [
        {
            "codigo": 5767,
            "dado_codigo": 5118,
            "sigla": "SEMAM",
            "nome": "SECRETARIA MUNICIPAL DE MEIO AMBIENTE E BEM-ESTAR ANIMAL"
        }
    ],
    "autarquias": [],
    "metas": [
        {
            "codigo": 7,
            "numero": 6,
            "titulo": "\u00c1gua Pot\u00e1vel e Saneamento",
            "objetivo": "Assegurar a disponibilidade e a gest\u00e3o sustent\u00e1vel da \u00e1gua e saneamento para todos",
            "imagem_url": "7.jpg",
            "link": "http://www.agenda2030.org.br/ods/6/"
        },
        {
            "codigo": 9,
            "numero": 8,
            "titulo": "Trabalho Decente e Crescimento Econ\u00f4mico",
            "objetivo": "Promover o crescimento econ\u00f4mico sustentado, inclusivo e sustent\u00e1vel, o emprego pleno e produtivo e o trabalho decente para todos",
            "imagem_url": "9.jpg",
            "link": "http://www.agenda2030.org.br/ods/8/"
        },
        {
            "codigo": 12,
            "numero": 11,
            "titulo": "Cidades e Comunidades Sustent\u00e1veis",
            "objetivo": "Tornar as cidades e os assentamentos humanos inclusivos, seguros, resilientes e sustent\u00e1veis",
            "imagem_url": "12.jpg",
            "link": "http://www.agenda2030.org.br/ods/11/"
        },
        {
            "codigo": 13,
            "numero": 12,
            "titulo": "Consumo e Produ\u00e7\u00e3o Respons\u00e1veis",
            "objetivo": "Assegurar padr\u00f5es de produ\u00e7\u00e3o e de consumo sustent\u00e1veis",
            "imagem_url": "13.jpg",
            "link": "http://www.agenda2030.org.br/ods/12/"
        }
    ],
    "eixos": [
        {
            "codigo": 11,
            "descricao": "Economia Local, Din\u00e2mica, Criativa e Sustent\u00e1vel"
        }
    ],
    "valores": [
        {
            "codigo": 2792,
            "data": "2017-12-31 00:00:00",
            "valor": "0.00",
            "descricao": "Sim, existe. A limpeza dos efluentes de estabelecimentos comerciais e industriais \u00e9 realizada pelas empresas limpadoras cadastradas na SEMAM. O res\u00edduo coletado \u00e9 transportado at\u00e9 uma esta\u00e7\u00e3o de pr\u00e9 condicionamento da SABESP que fica respons\u00e1vel pelo tratamento dos res\u00edduos."
        },
        {
            "codigo": 2793,
            "data": "2016-12-31 00:00:00",
            "valor": "0.00",
            "descricao": "Sim; A concession\u00e1ria atende com coleta e tratamento dos efluentes comerciais todos os estabelecimentos e empresas instaladas no per\u00edmetro urbano. Quanto aos res\u00edduos de origem comercial, o Munic\u00edpio atende apenas aos pequenos geradores. Por lei, compete aos grandes geradores a coleta, transporte e destina\u00e7\u00e3o dos res\u00edduos gerados durante ou e decorr\u00eancia de sua atividade."
        },
        {
            "codigo": 2794,
            "data": "2013-12-31 00:00:00",
            "valor": "0.00",
            "descricao": "Sim. A concession\u00e1ria atende com coleta e tratamento dos efluentes comerciais todos os estabelecimentos e empresas instaladas no per\u00edmetro urbano. Quanto aos res\u00edduos de origem comercial, o Munic\u00edpio atende os estabelecimentos."
        },
        {
            "codigo": 2795,
            "data": "2015-12-31 00:00:00",
            "valor": "0.00",
            "descricao": "Sim. A concession\u00e1ria atende com coleta e tratamento dos efluentes comerciais todos os estabelecimentos e empresas instaladas no per\u00edmetro urbano. Quanto aos res\u00edduos de origem comercial, o Munic\u00edpio atende os estabelecimentos."
        },
        {
            "codigo": 2796,
            "data": "2014-12-31 00:00:00",
            "valor": "0.00",
            "descricao": "Sim. A concession\u00e1ria atende com coleta e tratamento dos efluentes comerciais todos os estabelecimentos e empresas instaladas no per\u00edmetro urbano. Quanto aos res\u00edduos de origem comercial, o Munic\u00edpio atende os estabelecimentos."
        },
        {
            "codigo": 3500,
            "data": "2018-12-31 00:00:00",
            "valor": null,
            "descricao": "Sim, existe. A limpeza dos efluentes de estabelecimentos comerciais e industriais \u00e9 realizada pelas empresas limpadoras cadastradas na SEMAM. O res\u00edduo coletado \u00e9 transportado at\u00e9 uma esta\u00e7\u00e3o de pr\u00e9 condicionamento da SABESP que fica respons\u00e1vel pelo tratamento dos res\u00edduos."
        },
        {
            "codigo": 4174,
            "data": "2019-12-31 00:00:00",
            "valor": null,
            "descricao": "Sim. A limpeza dos efluentes de estabelecimentos comerciais e industriais \u00e9 realizada pelas empresas limpadoras cadastradas na SEMAM. O res\u00edduo coletado \u00e9 transportado at\u00e9 uma esta\u00e7\u00e3o de pr\u00e9 condicionamento da SABESP que fica respons\u00e1vel pelo tratamento dos res\u00edduos."
        },
        {
            "codigo": 4764,
            "data": "2020-12-31 00:00:00",
            "valor": null,
            "descricao": "Sim. A limpeza dos efluentes de estabelecimentos comerciais e industriais \u00e9 realizada pelas empresas limpadoras cadastradas na SEMAM. O res\u00edduo coletado \u00e9 transportado at\u00e9 uma esta\u00e7\u00e3o de pr\u00e9-condicionamento da SABESP que fica respons\u00e1vel pelo tratamento dos res\u00edduos."
        },
        {
            "codigo": 5291,
            "data": "2021-12-31 00:00:00",
            "valor": null,
            "descricao": "Sim. A limpeza dos efluentes de estabelecimentos comerciais e industriais \u00e9 realizada pelas empresas limpadoras cadastradas na SEMAM. O res\u00edduo coletado \u00e9 transportado at\u00e9 uma esta\u00e7\u00e3o de pr\u00e9-condicionamento da SABESP que fica respons\u00e1vel pelo tratamento dos res\u00edduos."
        },
        {
            "codigo": 6389,
            "data": "2022-12-31 00:00:00",
            "valor": null,
            "descricao": "SIM, no que se refere \u00e0 compet\u00eancia da Prefeitura de Santos. A limpeza dos efluentes de estabelecimentos comerciais e industriais \u00e9 realizada pelas empresas limpadoras cadastradas na Secretaria de Meio Ambiente de Santos (SEMAM/SANTOS). O res\u00edduo coletado \u00e9 transportado at\u00e9 uma esta\u00e7\u00e3o de pr\u00e9-condicionamento da SABESP que fica respons\u00e1vel pelo tratamento dos res\u00edduos.\nE segundo a Companhia de Saneamento B\u00e1sico do Estado de S\u00e3o Paulo (SABESP), n\u00e3o s\u00e3o promovidos em Santos programas para tratamento de esgoto e res\u00edduos da atividade econ\u00f4mica local."
        },
        {
            "codigo": 7145,
            "data": "2023-12-31 00:00:00",
            "valor": null,
            "descricao": "SIM, no que se refere \u00e0 compet\u00eancia da Prefeitura de Santos. A limpeza dos efluentes de estabelecimentos comerciais e industriais \u00e9 realizada pelas empresas limpadoras cadastradas na Secretaria de Meio Ambiente de Santos (SEMAM/SANTOS). O res\u00edduo coletado \u00e9 transportado at\u00e9 uma esta\u00e7\u00e3o de pr\u00e9-condicionamento da SABESP que fica respons\u00e1vel pelo tratamento dos res\u00edduos.\nE segundo a Companhia de Saneamento B\u00e1sico do Estado de S\u00e3o Paulo (SABESP), n\u00e3o s\u00e3o promovidos em Santos programas para tratamento de esgoto e res\u00edduos da atividade econ\u00f4mica local, gerenciados pela pr\u00f3pria empresa."
        }
    ]
}