{
    "codigo": 5121,
    "nome": "Valor total repassado \u00e0s fam\u00edlias benefici\u00e1rias do Programa Bolsa Fam\u00edlia no munic\u00edpio",
    "descricao": "Valor total repassado \u00e0s fam\u00edlias benefici\u00e1rias do Programa Bolsa Fam\u00edlia no munic\u00edpio - Cidades Sustentaveis",
    "fonte": "Seds",
    "tipoValor": "D",
    "periodicidade": {
        "codigo": 6,
        "descricao": "Anual"
    },
    "tags": [
        {
            "codigo": 1,
            "descricao": "Santos Acolhedora"
        }
    ],
    "secretarias": [
        {
            "codigo": 3299,
            "dado_codigo": 5121,
            "sigla": "SEDS",
            "nome": "SECRETARIA MUNICIPAL DE DESENVOLVIMENTO SOCIAL"
        }
    ],
    "autarquias": [],
    "metas": [
        {
            "codigo": 2,
            "numero": 1,
            "titulo": "Erradica\u00e7\u00e3o da Pobreza",
            "objetivo": "Acabar com a pobreza em todas as suas formas, em todos os lugares",
            "imagem_url": "2.jpg",
            "link": "http://www.agenda2030.org.br/ods/1/"
        }
    ],
    "eixos": [
        {
            "codigo": 6,
            "descricao": "Equidade, Justi\u00e7a Social e Cultura de Paz"
        }
    ],
    "valores": [
        {
            "codigo": 2807,
            "data": "2014-12-31 00:00:00",
            "valor": "12069800.00",
            "descricao": null
        },
        {
            "codigo": 2808,
            "data": "2016-12-31 00:00:00",
            "valor": "14754910.00",
            "descricao": null
        },
        {
            "codigo": 2809,
            "data": "2013-12-31 00:00:00",
            "valor": "11559210.00",
            "descricao": null
        },
        {
            "codigo": 2810,
            "data": "2015-12-31 00:00:00",
            "valor": "13172549.00",
            "descricao": null
        },
        {
            "codigo": 2811,
            "data": "2017-12-31 00:00:00",
            "valor": "16577827.00",
            "descricao": null
        },
        {
            "codigo": 3563,
            "data": "2018-12-31 00:00:00",
            "valor": "18862821.00",
            "descricao": null
        },
        {
            "codigo": 3564,
            "data": "2018-12-31 00:00:00",
            "valor": "18862821.00",
            "descricao": null
        },
        {
            "codigo": 4598,
            "data": "2019-12-31 00:00:00",
            "valor": "20329881.00",
            "descricao": null
        },
        {
            "codigo": 4916,
            "data": "2020-12-31 00:00:00",
            "valor": "6473064.00",
            "descricao": null
        },
        {
            "codigo": 5869,
            "data": "2021-12-31 00:00:00",
            "valor": "15968613.00",
            "descricao": null
        },
        {
            "codigo": 6472,
            "data": "2022-12-31 00:00:00",
            "valor": "46829965.00",
            "descricao": null
        }
    ]
}