{
    "codigo": 5124,
    "nome": "Listar as pol\u00edticas municipais destinadas a ampliar a igualdade socioecon\u00f4mica",
    "descricao": "Listar as pol\u00edticas municipais destinadas a ampliar a igualdade socioecon\u00f4mica - Cidades Sustentaveis",
    "fonte": "SEPORTE",
    "tipoValor": "T",
    "periodicidade": {
        "codigo": 6,
        "descricao": "Anual"
    },
    "tags": [
        {
            "codigo": 6,
            "descricao": "Santos Inovadora"
        }
    ],
    "secretarias": [
        {
            "codigo": 5939,
            "dado_codigo": 5124,
            "sigla": "SEPORTE",
            "nome": "SECRETARIA MUNICIPAL DE ASSUNTOS PORTU\u00c1RIOS E EMPREGO"
        }
    ],
    "autarquias": [],
    "metas": [
        {
            "codigo": 11,
            "numero": 10,
            "titulo": "Redu\u00e7\u00e3o da Desigualdades",
            "objetivo": "Reduzir a desigualdade dentro dos pa\u00edses e entre eles",
            "imagem_url": "11.jpg",
            "link": "http://www.agenda2030.org.br/ods/10/"
        }
    ],
    "eixos": [
        {
            "codigo": 6,
            "descricao": "Equidade, Justi\u00e7a Social e Cultura de Paz"
        }
    ],
    "valores": [
        {
            "codigo": 2822,
            "data": "2016-12-31 00:00:00",
            "valor": "0.00",
            "descricao": "Fundo Social de Solidariedade, Vila Criativa,Time do Emprego e Banco do Povo Paulista."
        },
        {
            "codigo": 2823,
            "data": "2013-12-31 00:00:00",
            "valor": "0.00",
            "descricao": "Fundo Social de Solidariedade e Banco do Povo Paulista."
        },
        {
            "codigo": 2824,
            "data": "2017-12-31 00:00:00",
            "valor": "0.00",
            "descricao": "Fundo Social de Solidariedade, Vila Criativa,Time do Emprego e Banco do Povo Paulista."
        },
        {
            "codigo": 2825,
            "data": "2014-12-31 00:00:00",
            "valor": "0.00",
            "descricao": "Fundo Social de Solidariedade, Vila Criativa e Banco do Povo Paulista."
        },
        {
            "codigo": 2826,
            "data": "2015-12-31 00:00:00",
            "valor": "0.00",
            "descricao": "Fundo Social de Solidariedade, Vila Criativa e Banco do Povo Paulista."
        },
        {
            "codigo": 3866,
            "data": "2018-12-31 00:00:00",
            "valor": null,
            "descricao": "Fundo Social de Solidariedade, Vila Criativa,Time do Emprego e Banco do Povo Paulista."
        },
        {
            "codigo": 4321,
            "data": "2019-12-31 00:00:00",
            "valor": null,
            "descricao": "Fundo Social de Solidariedade, Vila Criativa,Time do Emprego e Banco do Povo Paulista."
        },
        {
            "codigo": 5138,
            "data": "2020-12-31 00:00:00",
            "valor": null,
            "descricao": "Fundo Social de Solidariedade, Vila Criativa, Time do Emprego e Banco do Povo Paulista."
        },
        {
            "codigo": 6098,
            "data": "2021-12-31 00:00:00",
            "valor": null,
            "descricao": "Fundo Social de Solidariedade, Vila Criativa, Time do Emprego e Banco do Povo Paulista."
        },
        {
            "codigo": 6781,
            "data": "2022-12-31 00:00:00",
            "valor": null,
            "descricao": "Caravanas do Emprego, Centro P\u00fablico de Trabalho e Emprego."
        }
    ]
}