{
    "codigo": 5125,
    "nome": "N\u00famero de pessoas admitidas no setor industrial",
    "descricao": "N\u00famero de pessoas admitidas no setor industrial - Cidades Sustentaveis",
    "fonte": "SEPORTE",
    "tipoValor": "I",
    "periodicidade": {
        "codigo": 6,
        "descricao": "Anual"
    },
    "tags": [
        {
            "codigo": 6,
            "descricao": "Santos Inovadora"
        }
    ],
    "secretarias": [
        {
            "codigo": 5939,
            "dado_codigo": 5125,
            "sigla": "SEPORTE",
            "nome": "SECRETARIA MUNICIPAL DE ASSUNTOS PORTU\u00c1RIOS E EMPREGO"
        }
    ],
    "autarquias": [],
    "metas": [
        {
            "codigo": 10,
            "numero": 9,
            "titulo": "Ind\u00fastria, Inova\u00e7\u00e3o e Infraestrutura",
            "objetivo": "Construir infraestruturas resilientes, promover a industrializa\u00e7\u00e3o inclusiva e sustent\u00e1vel e fomentar a inova\u00e7\u00e3o",
            "imagem_url": "10.jpg",
            "link": "http://www.agenda2030.org.br/ods/9/"
        }
    ],
    "eixos": [
        {
            "codigo": 11,
            "descricao": "Economia Local, Din\u00e2mica, Criativa e Sustent\u00e1vel"
        }
    ],
    "valores": [
        {
            "codigo": 2828,
            "data": "2015-12-31 00:00:00",
            "valor": "0.00",
            "descricao": null
        },
        {
            "codigo": 2829,
            "data": "2014-12-31 00:00:00",
            "valor": "0.00",
            "descricao": null
        },
        {
            "codigo": 2830,
            "data": "2017-12-31 00:00:00",
            "valor": "1351.00",
            "descricao": null
        },
        {
            "codigo": 2831,
            "data": "2016-12-31 00:00:00",
            "valor": "572.00",
            "descricao": null
        },
        {
            "codigo": 2832,
            "data": "2013-12-31 00:00:00",
            "valor": "0.00",
            "descricao": null
        },
        {
            "codigo": 3884,
            "data": "2018-12-31 00:00:00",
            "valor": "1300.00",
            "descricao": null
        },
        {
            "codigo": 4322,
            "data": "2019-12-31 00:00:00",
            "valor": "1300.00",
            "descricao": null
        },
        {
            "codigo": 5167,
            "data": "2020-12-31 00:00:00",
            "valor": "1468.00",
            "descricao": null
        },
        {
            "codigo": 5695,
            "data": "2021-12-31 00:00:00",
            "valor": "1905.00",
            "descricao": null
        },
        {
            "codigo": 6787,
            "data": "2022-12-31 00:00:00",
            "valor": "192.00",
            "descricao": null
        }
    ]
}