{
    "codigo": 5126,
    "nome": "Listar as experi\u00eancias de debate sobre pol\u00edticas p\u00fablicas municipais que tenham sido feitas em bairros, subprefeituras e distritos, de maneira regionalizada",
    "descricao": "Listar as experi\u00eancias de debate sobre pol\u00edticas p\u00fablicas municipais que tenham sido feitas em bairros, subprefeituras e distritos, de maneira regionalizada - Cidades Sustentaveis",
    "fonte": "OTC",
    "tipoValor": "T",
    "periodicidade": {
        "codigo": 6,
        "descricao": "Anual"
    },
    "tags": [
        {
            "codigo": 18,
            "descricao": "Santos Transparente"
        }
    ],
    "secretarias": [
        {
            "codigo": 2833,
            "dado_codigo": 5126,
            "sigla": "OTC",
            "nome": "OUVIDORIA, TRANSPAR\u00caNCIA E CONTROLE"
        }
    ],
    "autarquias": [],
    "metas": [],
    "eixos": [
        {
            "codigo": 4,
            "descricao": "Governan\u00e7a"
        }
    ],
    "valores": [
        {
            "codigo": 2833,
            "data": "2016-12-31 00:00:00",
            "valor": "0.00",
            "descricao": "Audi\u00eancias Viva o Bairro, Or\u00e7amento Participativo, F\u00f3rum de Entidades de Bairro e Plano Diretor de Turismo."
        },
        {
            "codigo": 2834,
            "data": "2017-12-31 00:00:00",
            "valor": "0.00",
            "descricao": "Audi\u00eancias dos projetos Viva o Bairro, Or\u00e7amento Participativo, F\u00f3rum de Entidades de Bairro e Plano Diretor de Turismo."
        },
        {
            "codigo": 2835,
            "data": "2013-12-31 00:00:00",
            "valor": "0.00",
            "descricao": "Audi\u00eancias Viva o Bairro e Plano Diretor e Or\u00e7amento Participativo."
        },
        {
            "codigo": 2836,
            "data": "2014-12-31 00:00:00",
            "valor": "0.00",
            "descricao": "Audi\u00eancias Viva o Bairro, Or\u00e7amento Participativo e F\u00f3rum de Entidades de Bairro."
        },
        {
            "codigo": 2837,
            "data": "2015-12-31 00:00:00",
            "valor": "0.00",
            "descricao": "Audi\u00eancias Viva o Bairro e Or\u00e7amento Participativo."
        },
        {
            "codigo": 3396,
            "data": "2018-12-31 00:00:00",
            "valor": null,
            "descricao": "Audi\u00eancias dos projetos Viva o Bairro, Or\u00e7amento Participativo, F\u00f3rum de Entidades de Bairro e Plano Diretor de Turismo."
        },
        {
            "codigo": 4414,
            "data": "2019-12-30 00:00:00",
            "valor": null,
            "descricao": "Audi\u00eancias dos projetos Viva o Bairro, Or\u00e7amento Participativo, F\u00f3rum de Entidades de Bairro e Plano Diretor de Turismo."
        },
        {
            "codigo": 4799,
            "data": "2020-12-31 00:00:00",
            "valor": null,
            "descricao": "Audi\u00eancias dos projetos Viva o Bairro, Or\u00e7amento Participativo, F\u00f3rum de Entidades de Bairro e Plano Diretor de Turismo."
        },
        {
            "codigo": 6032,
            "data": "2021-12-31 00:00:00",
            "valor": null,
            "descricao": "Vota\u00e7\u00e3o dos projetos do Or\u00e7amento Participativo para 2022, Assembl\u00e9ias nos Conselhos de Pol\u00edticas de Direitos e Audi\u00eancias de apresenta\u00e7\u00e3o da Lei de Diretrizes Or\u00e7ament\u00e1rias."
        },
        {
            "codigo": 6640,
            "data": "2022-12-31 00:00:00",
            "valor": null,
            "descricao": "Vota\u00e7\u00e3o dos projetos do Or\u00e7amento Participativo para 2022, Assembl\u00e9ias nos Conselhos de Pol\u00edticas de Direitos e Audi\u00eancias de apresenta\u00e7\u00e3o da Lei de Diretrizes Or\u00e7ament\u00e1rias."
        }
    ]
}