{
    "codigo": 5127,
    "nome": "N\u00famero de pessoas demitidas no setor industrial",
    "descricao": "N\u00famero de pessoas demitidas no setor industrial - Cidades Sustentaveis",
    "fonte": "SEPORTE",
    "tipoValor": "I",
    "periodicidade": {
        "codigo": 6,
        "descricao": "Anual"
    },
    "tags": [
        {
            "codigo": 4,
            "descricao": "Santos Eficiente"
        }
    ],
    "secretarias": [
        {
            "codigo": 5939,
            "dado_codigo": 5127,
            "sigla": "SEPORTE",
            "nome": "SECRETARIA MUNICIPAL DE ASSUNTOS PORTU\u00c1RIOS E EMPREGO"
        }
    ],
    "autarquias": [],
    "metas": [
        {
            "codigo": 10,
            "numero": 9,
            "titulo": "Ind\u00fastria, Inova\u00e7\u00e3o e Infraestrutura",
            "objetivo": "Construir infraestruturas resilientes, promover a industrializa\u00e7\u00e3o inclusiva e sustent\u00e1vel e fomentar a inova\u00e7\u00e3o",
            "imagem_url": "10.jpg",
            "link": "http://www.agenda2030.org.br/ods/9/"
        }
    ],
    "eixos": [
        {
            "codigo": 11,
            "descricao": "Economia Local, Din\u00e2mica, Criativa e Sustent\u00e1vel"
        }
    ],
    "valores": [
        {
            "codigo": 2838,
            "data": "2017-12-31 00:00:00",
            "valor": "1705.00",
            "descricao": null
        },
        {
            "codigo": 2839,
            "data": "2016-12-31 00:00:00",
            "valor": "865.00",
            "descricao": null
        },
        {
            "codigo": 2840,
            "data": "2015-12-31 00:00:00",
            "valor": "0.00",
            "descricao": null
        },
        {
            "codigo": 2841,
            "data": "2014-12-31 00:00:00",
            "valor": "0.00",
            "descricao": null
        },
        {
            "codigo": 2842,
            "data": "2013-12-31 00:00:00",
            "valor": "0.00",
            "descricao": null
        },
        {
            "codigo": 3885,
            "data": "2018-12-31 00:00:00",
            "valor": "1625.00",
            "descricao": null
        },
        {
            "codigo": 4323,
            "data": "2019-12-31 00:00:00",
            "valor": "1625.00",
            "descricao": null
        },
        {
            "codigo": 5168,
            "data": "2020-12-31 00:00:00",
            "valor": "1396.00",
            "descricao": null
        },
        {
            "codigo": 5694,
            "data": "2021-12-31 00:00:00",
            "valor": "1795.00",
            "descricao": null
        },
        {
            "codigo": 6791,
            "data": "2022-12-31 00:00:00",
            "valor": "137.00",
            "descricao": null
        }
    ]
}