{
    "codigo": 5128,
    "nome": "Popula\u00e7\u00e3o atendida por equipes de sa\u00fade da fam\u00edlia",
    "descricao": "Popula\u00e7\u00e3o atendida por equipes de sa\u00fade da fam\u00edlia - Cidades Sustentaveis",
    "fonte": "Sms",
    "tipoValor": "I",
    "periodicidade": {
        "codigo": 6,
        "descricao": "Anual"
    },
    "tags": [
        {
            "codigo": 17,
            "descricao": "Santos Saud\u00e1vel"
        }
    ],
    "secretarias": [
        {
            "codigo": 3399,
            "dado_codigo": 5128,
            "sigla": "SMS",
            "nome": "SECRETARIA MUNICIPAL DE SA\u00daDE"
        }
    ],
    "autarquias": [],
    "metas": [
        {
            "codigo": 4,
            "numero": 3,
            "titulo": "Sa\u00fade e Bem-Estar",
            "objetivo": "Assegurar uma vida saud\u00e1vel e promover o bem-estar para todos, em todas as idades",
            "imagem_url": "4.jpg",
            "link": "http://www.agenda2030.org.br/ods/3/"
        }
    ],
    "eixos": [
        {
            "codigo": 14,
            "descricao": "A\u00e7\u00e3o Local para a Sa\u00fade"
        }
    ],
    "valores": [
        {
            "codigo": 2843,
            "data": "2015-12-31 00:00:00",
            "valor": "96600.00",
            "descricao": null
        },
        {
            "codigo": 2844,
            "data": "2014-12-31 00:00:00",
            "valor": "72450.00",
            "descricao": null
        },
        {
            "codigo": 2845,
            "data": "2017-12-31 00:00:00",
            "valor": "72450.00",
            "descricao": null
        },
        {
            "codigo": 2846,
            "data": "2016-12-31 00:00:00",
            "valor": "127650.00",
            "descricao": null
        },
        {
            "codigo": 2847,
            "data": "2013-12-31 00:00:00",
            "valor": "55200.00",
            "descricao": null
        },
        {
            "codigo": 3460,
            "data": "2018-12-31 00:00:00",
            "valor": "127650.00",
            "descricao": null
        },
        {
            "codigo": 4105,
            "data": "2019-12-31 00:00:00",
            "valor": "124200.00",
            "descricao": null
        },
        {
            "codigo": 4691,
            "data": "2020-12-31 00:00:00",
            "valor": "117300.00",
            "descricao": null
        },
        {
            "codigo": 5766,
            "data": "2021-12-31 00:00:00",
            "valor": "98487.00",
            "descricao": null
        },
        {
            "codigo": 6494,
            "data": "2022-12-31 00:00:00",
            "valor": "101361.00",
            "descricao": null
        }
    ]
}