{
    "codigo": 5130,
    "nome": "N\u00famero total, em quilos (kg), do volume total de res\u00edduos org\u00e2nicos coletados pelo munic\u00edpio",
    "descricao": "N\u00famero total, em quilos (kg), do volume total de res\u00edduos org\u00e2nicos coletados pelo munic\u00edpio - Cidades Sustentaveis",
    "fonte": "Seserp",
    "tipoValor": "I",
    "periodicidade": {
        "codigo": 6,
        "descricao": "Anual"
    },
    "tags": [
        {
            "codigo": 20,
            "descricao": "Santos Sustent\u00e1vel"
        }
    ],
    "secretarias": [
        {
            "codigo": 1657,
            "dado_codigo": 5130,
            "sigla": "SESERP",
            "nome": "SECRETARIA MUNICIPAL DE SERVI\u00c7OS P\u00daBLICOS"
        }
    ],
    "autarquias": [],
    "metas": [
        {
            "codigo": 13,
            "numero": 12,
            "titulo": "Consumo e Produ\u00e7\u00e3o Respons\u00e1veis",
            "objetivo": "Assegurar padr\u00f5es de produ\u00e7\u00e3o e de consumo sustent\u00e1veis",
            "imagem_url": "13.jpg",
            "link": "http://www.agenda2030.org.br/ods/12/"
        }
    ],
    "eixos": [
        {
            "codigo": 12,
            "descricao": "Consumo Respons\u00e1vel e Op\u00e7\u00f5es de Estilo de Vida"
        }
    ],
    "valores": [
        {
            "codigo": 2853,
            "data": "2013-12-31 00:00:00",
            "valor": "191224200.00",
            "descricao": null
        },
        {
            "codigo": 2854,
            "data": "2016-12-31 00:00:00",
            "valor": "139738500.00",
            "descricao": null
        },
        {
            "codigo": 2855,
            "data": "2015-12-31 00:00:00",
            "valor": "183573460.00",
            "descricao": null
        },
        {
            "codigo": 2856,
            "data": "2014-12-31 00:00:00",
            "valor": "190506680.00",
            "descricao": null
        },
        {
            "codigo": 2857,
            "data": "2017-12-31 00:00:00",
            "valor": "146868660.00",
            "descricao": null
        },
        {
            "codigo": 3378,
            "data": "2018-12-31 00:00:00",
            "valor": "143855720.00",
            "descricao": null
        },
        {
            "codigo": 4045,
            "data": "2019-12-31 00:00:00",
            "valor": "162600640.00",
            "descricao": null
        },
        {
            "codigo": 5082,
            "data": "2020-12-31 00:00:00",
            "valor": "160407000.00",
            "descricao": null
        },
        {
            "codigo": 5793,
            "data": "2021-12-31 00:00:00",
            "valor": "150279690.00",
            "descricao": null
        },
        {
            "codigo": 6761,
            "data": "2022-12-31 00:00:00",
            "valor": "151735910.00",
            "descricao": null
        }
    ]
}