{
    "codigo": 5131,
    "nome": "O munic\u00edpio possui conselho municipal do idoso?",
    "descricao": "O munic\u00edpio possui conselho municipal do idoso? - Cidades Sustentaveis",
    "fonte": "SEMULHER",
    "tipoValor": "T",
    "periodicidade": {
        "codigo": 6,
        "descricao": "Anual"
    },
    "tags": [
        {
            "codigo": 1,
            "descricao": "Santos Acolhedora"
        }
    ],
    "secretarias": [
        {
            "codigo": 4095,
            "dado_codigo": 5131,
            "sigla": "SEMULHER",
            "nome": "SECRETARIA MUNICIPAL DA MULHER, DA CIDADANIA E DOS DIREITOS HUMANOS"
        }
    ],
    "autarquias": [],
    "metas": [
        {
            "codigo": 12,
            "numero": 11,
            "titulo": "Cidades e Comunidades Sustent\u00e1veis",
            "objetivo": "Tornar as cidades e os assentamentos humanos inclusivos, seguros, resilientes e sustent\u00e1veis",
            "imagem_url": "12.jpg",
            "link": "http://www.agenda2030.org.br/ods/11/"
        }
    ],
    "eixos": [
        {
            "codigo": 6,
            "descricao": "Equidade, Justi\u00e7a Social e Cultura de Paz"
        }
    ],
    "valores": [
        {
            "codigo": 2858,
            "data": "2015-12-31 00:00:00",
            "valor": "0.00",
            "descricao": "Sim. Conselho Municipal do Idoso-CMI, Lei Municipal n. 2498, de 03 de dezembro 2007."
        },
        {
            "codigo": 2859,
            "data": "2013-12-31 00:00:00",
            "valor": "0.00",
            "descricao": "Sim. Conselho Municipal do Idoso-CMI, Lei Municipal n. 2498, de 03 de dezembro 2007."
        },
        {
            "codigo": 2860,
            "data": "2017-12-31 00:00:00",
            "valor": "1.00",
            "descricao": "O Conselho Municipal do Idoso-CMI, Lei Municipal n.791,nov. de 91 reformulada pela Lei Municipal n.2.498, de 03 de dez. de 2007. Endere\u00e7o R. XV de novembro,183 - Centro, telefone-3261-5129."
        },
        {
            "codigo": 2861,
            "data": "2016-12-31 00:00:00",
            "valor": "0.00",
            "descricao": "Sim. O Conselho Municipal do Idoso-CMI, Lei Municipal n.791,nov. de 91 reformulada pela Lei Municipal n.2.498, de 03 de dez. de 2007. Endere\u00e7o R. XV de novembro,183 - Centro, telefone 3261-5129."
        },
        {
            "codigo": 2862,
            "data": "2014-12-31 00:00:00",
            "valor": "0.00",
            "descricao": "Sim. Conselho Municipal do Idoso-CMI, Lei Municipal n. 2498, de 03 de dezembro 2007."
        },
        {
            "codigo": 3557,
            "data": "2018-12-31 00:00:00",
            "valor": null,
            "descricao": "O Conselho Municipal do Idoso-CMI, Lei Municipal n.791,nov. de 91 reformulada pela Lei Municipal n.2.498, de 03 de dez. de 2007. Endere\u00e7o R. XV de novembro,183 - Centro, telefone-3261-5129."
        },
        {
            "codigo": 3558,
            "data": "2018-12-31 00:00:00",
            "valor": null,
            "descricao": "O Conselho Municipal do Idoso-CMI, Lei Municipal n.791,nov. de 91 reformulada pela Lei Municipal n.2.498, de 03 de dez. de 2007. Endere\u00e7o R. XV de novembro,183 - Centro, telefone-3261-5129."
        },
        {
            "codigo": 4339,
            "data": "2019-12-31 00:00:00",
            "valor": null,
            "descricao": "O Conselho Municipal do Idoso-CMI, Lei Municipal n.791 - Nov/91, reformulada pela Lei Municipal N. 2.498, de 03 de dez. de 2007. \nEndere\u00e7o R. XV de novembro,183 - Centro, Telefone: 3261-5129."
        },
        {
            "codigo": 4894,
            "data": "2020-12-30 00:00:00",
            "valor": null,
            "descricao": "O Conselho Municipal do Idoso-CMI foi criado pela Lei Municipal n\u00ba 791 -  19 de setembro de1997, reformulada pela Lei Municipal n\u00ba  2.498, de 03 de dezembro de 2007."
        },
        {
            "codigo": 5896,
            "data": "2021-12-31 00:00:00",
            "valor": null,
            "descricao": "CMI - Conselho Municipal do Idoso, Lei Municipal n.791,nov. de 91 reformulada pela Lei Municipal n.2.498, de 03 de dez. de 2007. Endere\u00e7o R. XV de novembro,183 - Centro, telefone-3261-5129."
        },
        {
            "codigo": 6741,
            "data": "2022-12-31 00:00:00",
            "valor": null,
            "descricao": "CMI - Conselho Municipal do Idoso, Lei Municipal n.791,nov. de 91 reformulada pela Lei Municipal n.2.498, de 03 de dez. de 2007. Endere\u00e7o R.  General Camara, 5, 14\u00ba andar. Centro"
        }
    ]
}