{
    "codigo": 5132,
    "nome": "N\u00famero de espa\u00e7os e equipamentos p\u00fablicos com wifi",
    "descricao": "N\u00famero de espa\u00e7os e equipamentos p\u00fablicos com wifi - Cidades Sustentaveis",
    "fonte": "SEGOV-DETIC",
    "tipoValor": "I",
    "periodicidade": {
        "codigo": 6,
        "descricao": "Anual"
    },
    "tags": [
        {
            "codigo": 4,
            "descricao": "Santos Eficiente"
        }
    ],
    "secretarias": [
        {
            "codigo": 2859,
            "dado_codigo": 5132,
            "sigla": "SEGOV",
            "nome": "SECRETARIA MUNICIPAL DE GOVERNO"
        }
    ],
    "autarquias": [],
    "metas": [
        {
            "codigo": 10,
            "numero": 9,
            "titulo": "Ind\u00fastria, Inova\u00e7\u00e3o e Infraestrutura",
            "objetivo": "Construir infraestruturas resilientes, promover a industrializa\u00e7\u00e3o inclusiva e sustent\u00e1vel e fomentar a inova\u00e7\u00e3o",
            "imagem_url": "10.jpg",
            "link": "http://www.agenda2030.org.br/ods/9/"
        }
    ],
    "eixos": [
        {
            "codigo": 6,
            "descricao": "Equidade, Justi\u00e7a Social e Cultura de Paz"
        }
    ],
    "valores": [
        {
            "codigo": 2863,
            "data": "2016-12-31 00:00:00",
            "valor": "19.00",
            "descricao": null
        },
        {
            "codigo": 2864,
            "data": "2013-12-31 00:00:00",
            "valor": "0.00",
            "descricao": null
        },
        {
            "codigo": 2865,
            "data": "2014-12-31 00:00:00",
            "valor": "0.00",
            "descricao": null
        },
        {
            "codigo": 2866,
            "data": "2017-12-31 00:00:00",
            "valor": "19.00",
            "descricao": null
        },
        {
            "codigo": 2867,
            "data": "2015-12-31 00:00:00",
            "valor": "0.00",
            "descricao": null
        },
        {
            "codigo": 3954,
            "data": "2018-12-31 00:00:00",
            "valor": "9.00",
            "descricao": null
        },
        {
            "codigo": 4202,
            "data": "2019-12-31 00:00:00",
            "valor": "19.00",
            "descricao": null
        },
        {
            "codigo": 5077,
            "data": "2020-12-31 00:00:00",
            "valor": "20.00",
            "descricao": null
        },
        {
            "codigo": 5261,
            "data": "2021-12-31 00:00:00",
            "valor": "20.00",
            "descricao": null
        },
        {
            "codigo": 6901,
            "data": "2022-12-31 00:00:00",
            "valor": "9.00",
            "descricao": null
        }
    ]
}