{
    "codigo": 5133,
    "nome": "Liste as pol\u00edticas e espa\u00e7os voltados para a popula\u00e7\u00e3o idosa na cidade",
    "descricao": "Liste as pol\u00edticas e espa\u00e7os voltados para a popula\u00e7\u00e3o idosa na cidade - Cidades Sustentaveis",
    "fonte": "SEMULHER",
    "tipoValor": "T",
    "periodicidade": {
        "codigo": 6,
        "descricao": "Anual"
    },
    "tags": [
        {
            "codigo": 1,
            "descricao": "Santos Acolhedora"
        }
    ],
    "secretarias": [
        {
            "codigo": 4095,
            "dado_codigo": 5133,
            "sigla": "SEMULHER",
            "nome": "SECRETARIA MUNICIPAL DA MULHER, DA CIDADANIA E DOS DIREITOS HUMANOS"
        }
    ],
    "autarquias": [],
    "metas": [
        {
            "codigo": 12,
            "numero": 11,
            "titulo": "Cidades e Comunidades Sustent\u00e1veis",
            "objetivo": "Tornar as cidades e os assentamentos humanos inclusivos, seguros, resilientes e sustent\u00e1veis",
            "imagem_url": "12.jpg",
            "link": "http://www.agenda2030.org.br/ods/11/"
        }
    ],
    "eixos": [
        {
            "codigo": 6,
            "descricao": "Equidade, Justi\u00e7a Social e Cultura de Paz"
        }
    ],
    "valores": [
        {
            "codigo": 2868,
            "data": "2015-12-31 00:00:00",
            "valor": "0.00",
            "descricao": "Conselho Municipal do Idoso:Controle social das pol\u00edticas p\u00fablicas.Sec. de Sa\u00fade: Ambulat\u00f3rios e Especialidades: Geriatria, Unidades B\u00e1sicas de Sa\u00fade e de Sa\u00fade da Fam\u00edlia. Atendimento Domiciliar:Pacientes acamados. Movimente-se: Atividade de promo\u00e7\u00e3o \u00e0 sa\u00fade. Atividade F\u00edsica nas Unidades de Aten\u00e7\u00e3o, Terapia Comunit\u00e1ria. Sec. de Esportes:Complexo Rec. e Esportivo Rebou\u00e7as, Centro Rec. M Nascimento Jr., Centro Esportivo da ZN e Arena Santos:Gin\u00e1stica e V\u00f4lei.Parque Roberto Santini e Centro Cultural da ZN:Gin\u00e1stica. Quadra Milton Ruiz:Gin\u00e1stica e V\u00f4lei. Quadra Adalberto Mariani:Gin\u00e1stica.ABOR \u2013 Associa\u00e7\u00e3o Beneficente Osvaldo de Rosis:Gin\u00e1stica, Caminhada Monitorada, Alongamento, Hidrogin\u00e1stica, Nata\u00e7\u00e3o e Yoga.Sec. de Rela\u00e7\u00f5es Institucionais e Cidadania:Coordenadoria de Pol\u00edticas para a Pessoa Idosa Sec. de Assist\u00eancia Social: Centros de Conviv\u00eancia de Idosos, Tecnologia Social Vov\u00f4 Sabe Tudo, Casa Dia Recanto M\u00e3ezinha Joana, Se\u00e7\u00e3o de Rep\u00fablicas. Sec. de Cultura:Oficinas Culturais. Sec. de Turismo:Visitas Monitoradas e Gratuidade no Aqu\u00e1rio e Orquid\u00e1rio, al\u00e9m de descontos para maiores de 60 anos em Escunas,Memorial das Conquistas do Santos Futebol Clube,Bonde Tur\u00edstico,Museu de Arte Sacra e Museu dos Caf\u00e9s.Fundo Social de Solidariedade:Atividades para o conv\u00edvio social.Jori \u2013 Jogos Regionais dos Idosos.CET: Emiss\u00e3o de carteirinhas de Idoso,emiss\u00e3o de Credencial e Projeto Vov\u00f4 no Tr\u00e2nsito Mostra Sua Maturidade."
        },
        {
            "codigo": 2869,
            "data": "2014-12-31 00:00:00",
            "valor": "0.00",
            "descricao": "Conselho Municipal do Idoso:Controle social das pol\u00edticas p\u00fablicas.Sec. de Sa\u00fade: Ambulat\u00f3rios e Especialidades: Geriatria, Unidades B\u00e1sicas de Sa\u00fade e de Sa\u00fade da Fam\u00edlia. Atendimento Domiciliar:Pacientes acamados. Movimente-se: Atividade de promo\u00e7\u00e3o \u00e0 sa\u00fade. Atividade F\u00edsica nas Unidades de Aten\u00e7\u00e3o, Terapia Comunit\u00e1ria. Sec. de Esportes:Complexo Rec. e Esportivo Rebou\u00e7as, Centro Rec. M Nascimento Jr., Centro Esportivo da ZN e Arena Santos:Gin\u00e1stica e V\u00f4lei.Parque Roberto Santini e Centro Cultural da ZN:Gin\u00e1stica. Quadra Milton Ruiz:Gin\u00e1stica e V\u00f4lei. Quadra Adalberto Mariani:Gin\u00e1stica.ABOR \u2013 Associa\u00e7\u00e3o Beneficente Osvaldo de Rosis:Gin\u00e1stica, Caminhada Monitorada, Alongamento, Hidrogin\u00e1stica, Nata\u00e7\u00e3o e Yoga.Sec. de Rela\u00e7\u00f5es Institucionais e Cidadania:Coordenadoria de Pol\u00edticas para a Pessoa Idosa Sec. de Assist\u00eancia Social: Centros de Conviv\u00eancia de Idosos, Tecnologia Social Vov\u00f4 Sabe Tudo, Casa Dia Recanto M\u00e3ezinha Joana, Se\u00e7\u00e3o de Rep\u00fablicas. Sec. de Cultura:Oficinas Culturais. Sec. de Turismo:Visitas Monitoradas e Gratuidade no Aqu\u00e1rio e Orquid\u00e1rio, al\u00e9m de descontos para maiores de 60 anos em Escunas,Memorial das Conquistas do Santos Futebol Clube,Bonde Tur\u00edstico,Museu de Arte Sacra e Museu dos Caf\u00e9s.Fundo Social de Solidariedade:Atividades para o conv\u00edvio social.Jori \u2013 Jogos Regionais dos Idosos.CET: Emiss\u00e3o de carteirinhas de Idoso,emiss\u00e3o de Credencial e Projeto Vov\u00f4 no Tr\u00e2nsito Mostra Sua Maturidade."
        },
        {
            "codigo": 2870,
            "data": "2016-12-31 00:00:00",
            "valor": "0.00",
            "descricao": "Secretaria de Sa\u00fade Ambulat\u00f3rios e Especialidades, Atendimento Domiciliar, Movimente-se, Atividade F\u00edsica nas Unidades de Aten\u00e7\u00e3o B\u00e1sica,Terapia Comunit\u00e1ria da Secretaria de Sa\u00fade de Santos. Secretaria de Esportes Complexo Rec. E Esportivo Rebou\u00e7as, Centro Rec. M Nascimento J\u00fanior, Centro Esportivo da Zona Noroeste, Parque Roberto Santini, Arena Santos Centro Cultural da Zona Noroeste (Samb\u00f3dromo), Quadra Milton Ruiz, Quadra Adalberto Mariani. ABOR \u2013 Associa\u00e7\u00e3o Beneficente Osvaldo de Rosis. Secretaria de Rela\u00e7\u00f5es Institucionais e Cidadania Coordenadoria de Pol\u00edticas para a Pessoa Idosa, Espa\u00e7o do Idoso. Secretaria de Assist\u00eancia Social Centros de Conviv\u00eancia de Idosos, Casa Dia Recanto M\u00e3ezinha Joana. Secretaria de Cultura Oficinas Livres Culturais com Parceria Seas e FSS, Oficinas Livres Culturais. Secretaria de Turismo Visitas Monitoradas ,Gratuidade: Aqu\u00e1rio Municipal e Orquid\u00e1rio Municipal Desconto para maiores de 60 anos: Escunas (60%), Memorial das Conquistas do Santos Futebol Clube (50%), Bonde Tur\u00edstico (50%), Museu de Arte Sacra (50%) e Museu dos Caf\u00e9s (50%). Fundo Social de Solidariedade participa\u00e7\u00e3o volunt\u00e1ria de idosos na realiza\u00e7\u00e3o de Oficinas de Gera\u00e7\u00e3o de Renda e Padaria Artesanal. Jori \u2013 Jogos Regionais dos Idosos,. CET Santos \u2022\tEmiss\u00e3o de carteirinhas de Idoso, \u00e0 partir de 65 anos. \u2022Emiss\u00e3o de Credencial, \u00e0 partir de 60 anos, para estacionamento em vaga exclusiva. \u2022Projeto \u201cVov\u00f4 no Tr\u00e2nsito Mostra Sua Maturidade\u201d"
        },
        {
            "codigo": 2871,
            "data": "2017-12-31 00:00:00",
            "valor": "0.00",
            "descricao": "Secretaria de Sa\u00fade: Ambulat\u00f3rios e Especialidades\u2013das UBSs e US da Fam\u00edlia.Atendimento Domiciliar \u2013 Equipe multidisciplinar para atender acamados. Movimente-se \u2013 m\u00fasica e Dan\u00e7a.Atividade de promo\u00e7\u00e3o \u00e0 sa\u00fade que utiliza o movimento para reabilita\u00e7\u00e3o funcional de pacientes a partir de 60 anos. Atividade F\u00edsica nas Unidades de Aten\u00e7\u00e3o B\u00e1sica \u2013 Atividades com grupos de pessoas cadastradas no programa HIPERDIA \u2013 Hipertens\u00e3o e Diabetes. Terapia Comunit\u00e1ria da Secretaria de Sa\u00fade de Santos \u2013Rodas de conversa com partilha de sentimentos - Secretaria de Esportes: Complexo Rec. e Esportivo Rebou\u00e7as, Centro Rec. M Nascimento J\u00fanior, Centro Esportivo da Zona Noroeste e Arena Santos Parque Roberto Santini, Centro Cultural da Zona Noroeste (Samb\u00f3dromo), Quadra Milton Ruiz: Gin\u00e1stica da V\u00f4lei Adaptado p/a 3\u00aa Idade. Quadra Adalberto Mariani \u2013 Gin\u00e1stica para a 3\u00aa Idade. ABOR \u2013 Associa\u00e7\u00e3o Beneficente Osvaldo de Rosis \u2013 Gin\u00e1stica para a 3\u00aa Idade. Caminhada Monitorada, Alongamento, Hidrogin\u00e1stica, Nata\u00e7\u00e3o e Yoga. Secretaria de Desenvolvimento Social (SEDS):Coordenadoria de Pol\u00edticas para a Pessoa Idosa \u2013 Coordena a\u00e7\u00f5es relativas \u00e0 pol\u00edtica municipal da pessoa idosa; promove, em parceria como CMI, a realiza\u00e7\u00e3o das Confer\u00eancias.Espa\u00e7o do Idoso (bairro Aparecida), Centros de Conviv\u00eancia de Idosos \u2013 Buscam conviv\u00eancia o fortalecimento de v\u00ednculos a participa\u00e7\u00e3o do idoso, considerando o bairro e comunidade onde vivem. Foco p/ o envelhecimento saud\u00e1vel, por meio de oficinas de conviv\u00eancia, express\u00e3o oral, f\u00edsica e das linguagens art\u00edsticas, al\u00e9m de fomentar a participa\u00e7\u00e3o em apresenta\u00e7\u00f5es art\u00edsticas, cinemas, caminhadas tem\u00e1ticas, palestras, jogos e encontros regionais da 3\u00aa Idade, CMI e Audi\u00eancias P\u00fablicas. Ex.: Centro de Conviv\u00eancia Isabel Garcia (bairro Encruzilhada),Centro de Conviv\u00eancia Vida Nova (bairro Jos\u00e9 Menino).Tecnologia Social Vov\u00f4 Sabe Tudo \u2013 Oferece a possibilidade de transmitir aos mais jovens toda experi\u00eancia acumulada ao longo da vida, seus conhecimentos, habilidades e aptid\u00f5es. Casa Dia Recanto M\u00e3ezinha Joana \u2013 Atendimento especializado \u00e0s fam\u00edlias com idosos com algum grau de depend\u00eancia. Se\u00e7\u00e3o de Rep\u00fablicas \u2013 Servi\u00e7o de acolhimento em unidades residenciais subsidiadas, a grupo de idosos de baixa renda e sem respaldo familiar. Atualmente temos as Rep\u00fablicas: Bem Viver, Vit\u00f3ria e Renascer. - Secretaria de Cultura: Oficinas Livres Culturais com Parceria SEDS e FSS \u2013: Dan\u00e7a do Ventre, Coral, Dan\u00e7a de Sal\u00e3o, Teclado e Desenho. Oficinas Livres Culturais \u2013 Aulas abertas ao p\u00fablico inclusivo para a 3\u00aa Idade de: Pintura, Desenho, Grupo de Gravura, Teclado, Bordado da Ilha da Madeira, Leia Santos, Varal de Poesia, Autor e Sua Obra, Porto de Leitura, Concertos da OSMS, Quarteto de Corda Martins Fontes, Coral Municipal de Santos, Chorinho no Aqu\u00e1rio, M\u00fasica no Quebra Mar, Bal\u00e9 da Cidade de Santos, Dan\u00e7a Circular e Baile na Fonte do Sapo.- Secretaria de Turismo: Visitas Monitoradas \u2013 Integrantes do Programa Vov\u00f4 Sabe Tudo, em parceira com a SEDS.Gratuidade aos idoso: Entrada no Aqu\u00e1rio Municipal e Orquid\u00e1rio Municipal. Desconto para maiores de 60 anos: Escunas (60%), Memorial das Conquistas do Santos Futebol Clube (50%), Bonde Tur\u00edstico (50%), Museu de Arte Sacra (50%) e Museu dos Caf\u00e9s (50%).- Fundo Social de Solidariedade: Conta com a participa\u00e7\u00e3o volunt\u00e1ria de idosos na realiza\u00e7\u00e3o de Oficinas de Gera\u00e7\u00e3o de Renda e Padaria Artesanal. Jori \u2013 Jogos Regionais dos Idosos em parceria com a Secretaria de Esportes. CET Santos :Emiss\u00e3o de carteirinhas de transporte p\u00fablico ao idoso, a partir de 65 anos; emiss\u00e3o de Credencial, a partir de 60 anos, para estacionamento em vaga exclusiva. Projeto \u201cVov\u00f4 no Tr\u00e2nsito Mostra Sua Maturidade\u201d \u2013 palestras educativas sobre a seguran\u00e7a no tr\u00e2nsito, visando orientar e conscientizar os idosos sobre o comportamento seguro no tr\u00e2nsito."
        },
        {
            "codigo": 2872,
            "data": "2013-12-31 00:00:00",
            "valor": "0.00",
            "descricao": "A\u00c7\u00d5ES E PROGRAMAS INSTALADOS NAS SECRETARIAS VOLTADOS AO IDOSO: Conselho Municipal do Idoso:Controle social das pol\u00edticas p\u00fablicas.Sec. de Sa\u00fade: Ambulat\u00f3rios e Especialidades: Geriatria, Unidades B\u00e1sicas de Sa\u00fade e de Sa\u00fade da Fam\u00edlia. Atendimento Domiciliar:Pacientes acamados. Movimente-se: Atividade de promo\u00e7\u00e3o \u00e0 sa\u00fade. Atividade F\u00edsica nas Unidades de Aten\u00e7\u00e3o, Terapia Comunit\u00e1ria. Sec. de Esportes:Complexo Rec. e Esportivo Rebou\u00e7as, Centro Rec. M Nascimento Jr., Centro Esportivo da ZN e Arena Santos:Gin\u00e1stica e V\u00f4lei.Parque Roberto Santini e Centro Cultural da ZN:Gin\u00e1stica. Quadra Milton Ruiz:Gin\u00e1stica e V\u00f4lei. Quadra Adalberto Mariani:Gin\u00e1stica.ABOR \u2013 Associa\u00e7\u00e3o Beneficente Osvaldo de Rosis:Gin\u00e1stica, Caminhada Monitorada, Alongamento, Hidrogin\u00e1stica, Nata\u00e7\u00e3o e Yoga. Sec. de Assist\u00eancia Social: Centros de Conviv\u00eancia de Idosos, Tecnologia Social Vov\u00f4 Sabe Tudo, Casa Dia Recanto M\u00e3ezinha Joana, Se\u00e7\u00e3o de Rep\u00fablicas. Sec. de Cultura:Oficinas Culturais. Sec. de Turismo:Visitas Monitoradas e Gratuidade no Aqu\u00e1rio e Orquid\u00e1rio, al\u00e9m de descontos para maiores de 60 anos em Escunas,Memorial das Conquistas do Santos Futebol Clube,Bonde Tur\u00edstico,Museu de Arte Sacra e Museu dos Caf\u00e9s.Fundo Social de Solidariedade:Atividades para o conv\u00edvio social.Jori \u2013 Jogos Regionais dos Idosos.CET: Emiss\u00e3o de carteirinhas de Idoso,emiss\u00e3o de Credencial e Projeto Vov\u00f4 no Tr\u00e2nsito Mostra Sua Maturidade."
        },
        {
            "codigo": 3559,
            "data": "2018-12-31 00:00:00",
            "valor": null,
            "descricao": "Secretaria de Sa\u00fade: Ambulat\u00f3rios e Especialidades\u2013das UBSs e US da Fam\u00edlia.Atendimento Domiciliar \u2013 Equipe multidisciplinar para atender acamados. Movimente-se \u2013 m\u00fasica e Dan\u00e7a.Atividade de promo\u00e7\u00e3o \u00e0 sa\u00fade que utiliza o movimento para reabilita\u00e7\u00e3o funcional de pacientes a partir de 60 anos. Atividade F\u00edsica nas Unidades de Aten\u00e7\u00e3o B\u00e1sica \u2013 Atividades com grupos de pessoas cadastradas no programa HIPERDIA \u2013 Hipertens\u00e3o e Diabetes. Terapia Comunit\u00e1ria da Secretaria de Sa\u00fade de Santos \u2013Rodas de conversa com partilha de sentimentos - Secretaria de Esportes: Complexo Rec. e Esportivo Rebou\u00e7as, Centro Rec. M Nascimento J\u00fanior, Centro Esportivo da Zona Noroeste e Arena Santos Parque Roberto Santini, Centro Cultural da Zona Noroeste (Samb\u00f3dromo), Quadra Milton Ruiz: Gin\u00e1stica da V\u00f4lei Adaptado p/a 3\u00aa Idade. Quadra Adalberto Mariani \u2013 Gin\u00e1stica para a 3\u00aa Idade. ABOR \u2013 Associa\u00e7\u00e3o Beneficente Osvaldo de Rosis \u2013 Gin\u00e1stica para a 3\u00aa Idade. Caminhada Monitorada, Alongamento, Hidrogin\u00e1stica, Nata\u00e7\u00e3o e Yoga. Secretaria de Desenvolvimento Social (SEDS):Coordenadoria de Pol\u00edticas para a Pessoa Idosa \u2013 Coordena a\u00e7\u00f5es relativas \u00e0 pol\u00edtica municipal da pessoa idosa; promove, em parceria como CMI, a realiza\u00e7\u00e3o das Confer\u00eancias.Espa\u00e7o do Idoso (bairro Aparecida), Centros de Conviv\u00eancia de Idosos \u2013 Buscam conviv\u00eancia o fortalecimento de v\u00ednculos a participa\u00e7\u00e3o do idoso, considerando o bairro e comunidade onde vivem. Foco p/ o envelhecimento saud\u00e1vel, por meio de oficinas de conviv\u00eancia, express\u00e3o oral, f\u00edsica e das linguagens art\u00edsticas, al\u00e9m de fomentar a participa\u00e7\u00e3o em apresenta\u00e7\u00f5es art\u00edsticas, cinemas, caminhadas tem\u00e1ticas, palestras, jogos e encontros regionais da 3\u00aa Idade, CMI e Audi\u00eancias P\u00fablicas. Ex.: Centro de Conviv\u00eancia Isabel Garcia (bairro Encruzilhada),Centro de Conviv\u00eancia Vida Nova (bairro Jos\u00e9 Menino).Tecnologia Social Vov\u00f4 Sabe Tudo \u2013 Oferece a possibilidade de transmitir aos mais jovens toda experi\u00eancia acumulada ao longo da vida, seus conhecimentos, habilidades e aptid\u00f5es. Casa Dia Recanto M\u00e3ezinha Joana \u2013 Atendimento especializado \u00e0s fam\u00edlias com idosos com algum grau de depend\u00eancia. Se\u00e7\u00e3o de Rep\u00fablicas \u2013 Servi\u00e7o de acolhimento em unidades residenciais subsidiadas, a grupo de idosos de baixa renda e sem respaldo familiar. Atualmente temos as Rep\u00fablicas: Bem Viver, Vit\u00f3ria e Renascer. - Secretaria de Cultura: Oficinas Livres Culturais com Parceria SEDS e FSS \u2013: Dan\u00e7a do Ventre, Coral, Dan\u00e7a de Sal\u00e3o, Teclado e Desenho. Oficinas Livres Culturais \u2013 Aulas abertas ao p\u00fablico inclusivo para a 3\u00aa Idade de: Pintura, Desenho, Grupo de Gravura, Teclado, Bordado da Ilha da Madeira, Leia Santos, Varal de Poesia, Autor e Sua Obra, Porto de Leitura, Concertos da OSMS, Quarteto de Corda Martins Fontes, Coral Municipal de Santos, Chorinho no Aqu\u00e1rio, M\u00fasica no Quebra Mar, Bal\u00e9 da Cidade de Santos, Dan\u00e7a Circular e Baile na Fonte do Sapo.- Secretaria de Turismo: Visitas Monitoradas \u2013 Integrantes do Programa Vov\u00f4 Sabe Tudo, em parceira com a SEDS.Gratuidade aos idoso: Entrada no Aqu\u00e1rio Municipal e Orquid\u00e1rio Municipal. Desconto para maiores de 60 anos: Escunas (60%), Memorial das Conquistas do Santos Futebol Clube (50%), Bonde Tur\u00edstico (50%), Museu de Arte Sacra (50%) e Museu dos Caf\u00e9s (50%).- Fundo Social de Solidariedade: Conta com a participa\u00e7\u00e3o volunt\u00e1ria de idosos na realiza\u00e7\u00e3o de Oficinas de Gera\u00e7\u00e3o de Renda e Padaria Artesanal. Jori \u2013 Jogos Regionais dos Idosos em parceria com a Secretaria de Esportes. CET Santos :Emiss\u00e3o de carteirinhas de transporte p\u00fablico ao idoso, a partir de 65 anos; emiss\u00e3o de Credencial, a partir de 60 anos, para estacionamento em vaga exclusiva. Projeto \u201cVov\u00f4 no Tr\u00e2nsito Mostra Sua Maturidade\u201d \u2013 palestras educativas sobre a seguran\u00e7a no tr\u00e2nsito, visando orientar e conscientizar os idosos sobre o comportamento seguro no tr\u00e2nsito."
        },
        {
            "codigo": 4490,
            "data": "2019-12-31 00:00:00",
            "valor": null,
            "descricao": "Secretaria de Sa\u00fade: Ambulat\u00f3rios e Especialidades\u2013das UBSs e US da Fam\u00edlia.Atendimento Domiciliar \u2013 Equipe multidisciplinar para atender acamados. Movimente-se \u2013 m\u00fasica e Dan\u00e7a.Atividade de promo\u00e7\u00e3o \u00e0 sa\u00fade que utiliza o movimento para reabilita\u00e7\u00e3o funcional de pacientes a partir de 60 anos. Atividade F\u00edsica nas Unidades de Aten\u00e7\u00e3o B\u00e1sica \u2013 Atividades com grupos de pessoas cadastradas no programa HIPERDIA \u2013 Hipertens\u00e3o e Diabetes. Terapia Comunit\u00e1ria da Secretaria de Sa\u00fade de Santos \u2013Rodas de conversa com partilha de sentimentos - Secretaria de Esportes: Complexo Rec. e Esportivo Rebou\u00e7as, Centro Rec. M Nascimento J\u00fanior, Centro Esportivo da Zona Noroeste e Arena Santos Parque Roberto Santini, Centro Cultural da Zona Noroeste (Samb\u00f3dromo), Quadra Milton Ruiz: Gin\u00e1stica da V\u00f4lei Adaptado p/a 3\u00aa Idade. Quadra Adalberto Mariani \u2013 Gin\u00e1stica para a 3\u00aa Idade. ABOR \u2013 Associa\u00e7\u00e3o Beneficente Osvaldo de Rosis \u2013 Gin\u00e1stica para a 3\u00aa Idade. Caminhada Monitorada, Alongamento, Hidrogin\u00e1stica, Nata\u00e7\u00e3o e Yoga. Secretaria de Desenvolvimento Social (SEDS):Coordenadoria de Pol\u00edticas para a Pessoa Idosa \u2013 Coordena a\u00e7\u00f5es relativas \u00e0 pol\u00edtica municipal da pessoa idosa; promove, em parceria como CMI, a realiza\u00e7\u00e3o das Confer\u00eancias.Espa\u00e7o do Idoso (bairro Aparecida), Centros de Conviv\u00eancia de Idosos \u2013 Buscam conviv\u00eancia o fortalecimento de v\u00ednculos a participa\u00e7\u00e3o do idoso, considerando o bairro e comunidade onde vivem. Foco p/ o envelhecimento saud\u00e1vel, por meio de oficinas de conviv\u00eancia, express\u00e3o oral, f\u00edsica e das linguagens art\u00edsticas, al\u00e9m de fomentar a participa\u00e7\u00e3o em apresenta\u00e7\u00f5es art\u00edsticas, cinemas, caminhadas tem\u00e1ticas, palestras, jogos e encontros regionais da 3\u00aa Idade, CMI e Audi\u00eancias P\u00fablicas. Ex.: Centro de Conviv\u00eancia Isabel Garcia (bairro Encruzilhada),Centro de Conviv\u00eancia Vida Nova (bairro Jos\u00e9 Menino).Tecnologia Social Vov\u00f4 Sabe Tudo \u2013 Oferece a possibilidade de transmitir aos mais jovens toda experi\u00eancia acumulada ao longo da vida, seus conhecimentos, habilidades e aptid\u00f5es. Casa Dia Recanto M\u00e3ezinha Joana \u2013 Atendimento especializado \u00e0s fam\u00edlias com idosos com algum grau de depend\u00eancia. Se\u00e7\u00e3o de Rep\u00fablicas \u2013 Servi\u00e7o de acolhimento em unidades residenciais subsidiadas, a grupo de idosos de baixa renda e sem respaldo familiar. Atualmente temos as Rep\u00fablicas: Bem Viver, Vit\u00f3ria e Renascer. - Secretaria de Cultura: Oficinas Livres Culturais com Parceria SEDS e FSS \u2013: Dan\u00e7a do Ventre, Coral, Dan\u00e7a de Sal\u00e3o, Teclado e Desenho. Oficinas Livres Culturais \u2013 Aulas abertas ao p\u00fablico inclusivo para a 3\u00aa Idade de: Pintura, Desenho, Grupo de Gravura, Teclado, Bordado da Ilha da Madeira, Leia Santos, Varal de Poesia, Autor e Sua Obra, Porto de Leitura, Concertos da OSMS, Quarteto de Corda Martins Fontes, Coral Municipal de Santos, Chorinho no Aqu\u00e1rio, M\u00fasica no Quebra Mar, Bal\u00e9 da Cidade de Santos, Dan\u00e7a Circular e Baile na Fonte do Sapo.- Secretaria de Turismo: Visitas Monitoradas \u2013 Integrantes do Programa Vov\u00f4 Sabe Tudo, em parceira com a SEDS.Gratuidade aos idoso: Entrada no Aqu\u00e1rio Municipal e Orquid\u00e1rio Municipal. Desconto para maiores de 60 anos: Escunas (60%), Memorial das Conquistas do Santos Futebol Clube (50%), Bonde Tur\u00edstico (50%), Museu de Arte Sacra (50%) e Museu dos Caf\u00e9s (50%).- Fundo Social de Solidariedade: Conta com a participa\u00e7\u00e3o volunt\u00e1ria de idosos na realiza\u00e7\u00e3o de Oficinas de Gera\u00e7\u00e3o de Renda e Padaria Artesanal. Jori \u2013 Jogos Regionais dos Idosos em parceria com a Secretaria de Esportes. CET Santos :Emiss\u00e3o de carteirinhas de transporte p\u00fablico ao idoso, a partir de 65 anos; emiss\u00e3o de Credencial, a partir de 60 anos, para estacionamento em vaga exclusiva. Projeto \u201cVov\u00f4 no Tr\u00e2nsito Mostra Sua Maturidade\u201d \u2013 palestras educativas sobre a seguran\u00e7a no tr\u00e2nsito, visando orientar e conscientizar os idosos sobre o comportamento seguro no tr\u00e2nsito."
        },
        {
            "codigo": 5110,
            "data": "2020-12-30 00:00:00",
            "valor": null,
            "descricao": "Secretaria de Sa\u00fade: Ambulat\u00f3rios e Especialidades\u2013das UBSs e US da Fam\u00edlia.Atendimento Domiciliar \u2013 Equipe multidisciplinar para atender acamados. Movimente-se \u2013 m\u00fasica e Dan\u00e7a. Atividade de promo\u00e7\u00e3o \u00e0 sa\u00fade que utiliza o movimento para reabilita\u00e7\u00e3o funcional de pacientes a partir de 60 anos. Atividade F\u00edsica nas Unidades de Aten\u00e7\u00e3o B\u00e1sica \u2013 Atividades com grupos de pessoas cadastradas no programa HIPERDIA \u2013 Hipertens\u00e3o e Diabetes. Terapia Comunit\u00e1ria da Secretaria de Sa\u00fade de Santos \u2013Rodas de conversa com partilha de sentimentos - Secretaria de Esportes: Complexo Rec. e Esportivo Rebou\u00e7as, Centro Rec. M Nascimento J\u00fanior, Centro Esportivo da Zona Noroeste e Arena Santos Parque Roberto Santini, Centro Cultural da Zona Noroeste (Samb\u00f3dromo), Quadra Milton Ruiz: Gin\u00e1stica da V\u00f4lei Adaptado p/a 3\u00aa Idade. Quadra Adalberto Mariani \u2013 Gin\u00e1stica para a 3\u00aa Idade. ABOR \u2013 Associa\u00e7\u00e3o Beneficente Osvaldo de Rosis \u2013 Gin\u00e1stica para a 3\u00aa Idade. Caminhada Monitorada, Alongamento, Hidrogin\u00e1stica, Nata\u00e7\u00e3o e Yoga. Secretaria de Desenvolvimento Social (SEDS):Coordenadoria de Pol\u00edticas para a Pessoa Idosa \u2013 Coordena a\u00e7\u00f5es relativas \u00e0 pol\u00edtica municipal da pessoa idosa; promove, em parceria como CMI, a realiza\u00e7\u00e3o das Confer\u00eancias e afins. Espa\u00e7o do Idoso (bairro Aparecida), Centros de Conviv\u00eancia de Idosos \u2013 Buscam conviv\u00eancia o fortalecimento de v\u00ednculos a participa\u00e7\u00e3o do idoso, considerando o bairro e comunidade onde vivem. Foco p/ o envelhecimento saud\u00e1vel, por meio de oficinas de conviv\u00eancia, express\u00e3o oral, f\u00edsica e das linguagens art\u00edsticas, al\u00e9m de fomentar a participa\u00e7\u00e3o em apresenta\u00e7\u00f5es art\u00edsticas, cinemas, caminhadas tem\u00e1ticas, palestras, jogos e encontros regionais da 3\u00aa Idade, CMI e Audi\u00eancias P\u00fablicas. Ex.: Centro de Conviv\u00eancia Isabel Garcia (bairro Encruzilhada),Centro de Conviv\u00eancia Vida Nova (bairro Jos\u00e9 Menino).Tecnologia Social Vov\u00f4 Sabe Tudo \u2013 Oferece a possibilidade de transmitir aos mais jovens toda experi\u00eancia acumulada ao longo da vida, seus conhecimentos, habilidades e aptid\u00f5es. Casa Dia Recanto M\u00e3ezinha Joana \u2013 Atendimento especializado \u00e0s fam\u00edlias com idosos com algum grau de depend\u00eancia. Se\u00e7\u00e3o de Rep\u00fablicas \u2013 Servi\u00e7o de acolhimento em unidades residenciais subsidiadas, a grupo de idosos de baixa renda e sem respaldo familiar. Atualmente temos as Rep\u00fablicas: Bem Viver, Vit\u00f3ria e Renascer. - Secretaria de Cultura: Oficinas Livres Culturais com Parceria SEDS e FSS \u2013: Dan\u00e7a do Ventre, Coral, Dan\u00e7a de Sal\u00e3o, Teclado e Desenho. Oficinas Livres Culturais \u2013 Aulas abertas ao p\u00fablico inclusivo para a 3\u00aa Idade de: Pintura, Desenho, Grupo de Gravura, Teclado, Bordado da Ilha da Madeira, Leia Santos, Varal de Poesia, Autor e Sua Obra, Porto de Leitura, Concertos da OSMS, Quarteto de Corda Martins Fontes, Coral Municipal de Santos, Chorinho no Aqu\u00e1rio, M\u00fasica no Quebra Mar, Bal\u00e9 da Cidade de Santos, Dan\u00e7a Circular e Baile na Fonte do Sapo.- Secretaria de Turismo: Visitas Monitoradas \u2013 Integrantes do Programa Vov\u00f4 Sabe Tudo, em parceira com a SEDS.Gratuidade aos idoso: Entrada no Aqu\u00e1rio Municipal e Orquid\u00e1rio Municipal. Desconto para maiores de 60 anos: Escunas (60%), Memorial das Conquistas do Santos Futebol Clube (50%), Bonde Tur\u00edstico (50%), Museu de Arte Sacra (50%) e Museu dos Caf\u00e9s (50%).- Fundo Social de Solidariedade: Conta com a participa\u00e7\u00e3o volunt\u00e1ria de idosos na realiza\u00e7\u00e3o de Oficinas de Gera\u00e7\u00e3o de Renda e Padaria Artesanal. Jori \u2013 Jogos Regionais dos Idosos em parceria com a Secretaria de Esportes. CET Santos :Emiss\u00e3o de carteirinhas de transporte p\u00fablico ao idoso, a partir de 65 anos; emiss\u00e3o de Credencial, a partir de 60 anos, para estacionamento em vaga exclusiva. Projeto \u201cVov\u00f4 no Tr\u00e2nsito Mostra Sua Maturidade\u201d \u2013 palestras educativas sobre a seguran\u00e7a no tr\u00e2nsito, visando orientar e conscientizar os idosos sobre o comportamento seguro no tr\u00e2nsito."
        },
        {
            "codigo": 5937,
            "data": "2021-12-31 00:00:00",
            "valor": null,
            "descricao": "*Secretaria de Sa\u00fade: Ambulat\u00f3rios e Especialidades\u2013das UBSs e US da Fam\u00edlia.Atendimento Domiciliar \u2013 Equipe multidisciplinar para atender acamados. Movimente-se \u2013 m\u00fasica e Dan\u00e7a. Atividade de promo\u00e7\u00e3o \u00e0 sa\u00fade que utiliza o movimento para reabilita\u00e7\u00e3o funcional de pacientes a partir de 60 anos. Atividade F\u00edsica nas Unidades de Aten\u00e7\u00e3o B\u00e1sica \u2013 Atividades com grupos de pessoas cadastradas no programa HIPERDIA \u2013 Hipertens\u00e3o e Diabetes. Terapia Comunit\u00e1ria da Secretaria de Sa\u00fade de Santos \u2013Rodas de conversa com partilha de sentimentos\n*Secretaria de Esportes: Complexo Rec. e Esportivo Rebou\u00e7as, Centro Rec. M Nascimento J\u00fanior, Centro Esportivo da Zona Noroeste e Arena Santos Parque Roberto Santini, Quadra Milton Ruiz: Gin\u00e1stica da V\u00f4lei Adaptado p/a 3\u00aa Idade. Quadra Adalberto Mariani \u2013 Gin\u00e1stica para a 3\u00aa Idade. ABOR \u2013 Associa\u00e7\u00e3o Beneficente Osvaldo de Rosis \u2013 Gin\u00e1stica para a 3\u00aa Idade. Caminhada Monitorada, Alongamento, Hidrogin\u00e1stica, Nata\u00e7\u00e3o e Yoga. \n*Secretaria de Desenvolvimento Social (SEDS): Vilas Criativas para Idosos \u2013 Buscam conviv\u00eancia o fortalecimento de v\u00ednculos a participa\u00e7\u00e3o do idoso, considerando o bairro e comunidade onde vivem. Foco p/ o envelhecimento saud\u00e1vel, por meio de oficinas de conviv\u00eancia, express\u00e3o oral, f\u00edsica e das linguagens art\u00edsticas, al\u00e9m de fomentar a participa\u00e7\u00e3o em apresenta\u00e7\u00f5es art\u00edsticas, cinemas, caminhadas tem\u00e1ticas, palestras, jogos e encontros regionais da 3\u00aa Idade, CMI e Audi\u00eancias P\u00fablicas. Ex.: Vila Criativa Encruzilhada (bairro Encruzilhada),Vila Criativa Campo Grande (bairro Jos\u00e9 Menino).Tecnologia Social Vov\u00f4 Sabe Tudo \u2013 Oferece a possibilidade de transmitir aos mais jovens toda experi\u00eancia acumulada ao longo da vida, seus conhecimentos, habilidades e aptid\u00f5es. Casa Dia Recanto M\u00e3ezinha Joana \u2013 Atendimento especializado \u00e0s fam\u00edlias com idosos com algum grau de depend\u00eancia. Se\u00e7\u00e3o de Rep\u00fablicas \u2013 Servi\u00e7o de acolhimento em unidades residenciais subsidiadas, a grupo de idosos de baixa renda e sem respaldo familiar. Atualmente temos as Rep\u00fablicas: Bem Viver, Vit\u00f3ria e Renascer. \n*Secretaria de Cultura: Oficinas Livres Culturais com Parceria SEDS e FSS \u2013: Dan\u00e7a do Ventre, Coral, Dan\u00e7a de Sal\u00e3o, Teclado e Desenho. Oficinas Livres Culturais \u2013 Aulas abertas ao p\u00fablico inclusivo para a 3\u00aa Idade de: Pintura, Desenho, Grupo de Gravura, Teclado, Bordado da Ilha da Madeira, Leia Santos, Varal de Poesia, Autor e Sua Obra, Porto de Leitura, Concertos da OSMS, Quarteto de Corda Martins Fontes, Coral Municipal de Santos, Chorinho no Aqu\u00e1rio, M\u00fasica no Quebra Mar, Bal\u00e9 da Cidade de Santos, Dan\u00e7a Circular e Baile na Fonte do Sapo.\n*Secretaria de Empreendedorismo, Economia Criativa e Turismo: Visitas Monitoradas \u2013 Integrantes do Programa Vov\u00f4 Sabe Tudo, em parceira com a SEDS. Gratuidade aos idoso: Entrada no Aqu\u00e1rio Municipal e Orquid\u00e1rio Municipal. Desconto para maiores de 60 anos: Escunas (60%), Memorial das Conquistas do Santos Futebol Clube (50%), Bonde Tur\u00edstico (50%), Museu de Arte Sacra (50%) e Museu dos Caf\u00e9s (50%), Vila Criativa S\u00eanior 50+.\n*Secretaria de Governo: Coordenadoria de Pol\u00edticas para a Longevidade \u2013 Coordena a\u00e7\u00f5es relativas \u00e0 longevidade e \u00e0 pol\u00edtica municipal da pessoa idosa; promove, em parceria como CMI, a realiza\u00e7\u00e3o das Confer\u00eancias e afins.\n*Fundo Social de Solidariedade: Conta com a participa\u00e7\u00e3o volunt\u00e1ria de idosos na realiza\u00e7\u00e3o de Oficinas de Gera\u00e7\u00e3o de Renda e Padaria Artesanal. Jori \u2013 Jogos Regionais dos Idosos em parceria com a Secretaria de Esportes. \n*CET Santos :Emiss\u00e3o de carteirinhas de transporte p\u00fablico ao idoso, a partir de 65 anos; emiss\u00e3o de Credencial, a partir de 60 anos, para estacionamento em vaga exclusiva. Projeto \u201cVov\u00f4 no Tr\u00e2nsito Mostra Sua Maturidade\u201d \u2013 palestras educativas sobre a seguran\u00e7a no tr\u00e2nsito, visando orientar e conscientizar os idosos sobre o comportamento seguro no tr\u00e2nsito."
        },
        {
            "codigo": 6740,
            "data": "2022-12-31 00:00:00",
            "valor": null,
            "descricao": "*Secretaria de Sa\u00fade: Ambulat\u00f3rios e Especialidades\u2013das UBSs e US da Fam\u00edlia.Atendimento Domiciliar \u2013 Equipe multidisciplinar para atender acamados. Movimente-se \u2013 m\u00fasica e Dan\u00e7a. Atividade de promo\u00e7\u00e3o \u00e0 sa\u00fade que utiliza o movimento para reabilita\u00e7\u00e3o funcional de pacientes a partir de 60 anos. Atividade F\u00edsica nas Unidades de Aten\u00e7\u00e3o B\u00e1sica \u2013 Atividades com grupos de pessoas cadastradas no programa HIPERDIA \u2013 Hipertens\u00e3o e Diabetes. Terapia Comunit\u00e1ria da Secretaria de Sa\u00fade de Santos \u2013Rodas de conversa com partilha de sentimentos *Secretaria de Esportes: Complexo Rec. e Esportivo Rebou\u00e7as, Centro Rec. M Nascimento J\u00fanior, Centro Esportivo da Zona Noroeste e Arena Santos Parque Roberto Santini, Quadra Milton Ruiz: Gin\u00e1stica da V\u00f4lei Adaptado p/a 3\u00aa Idade. Quadra Adalberto Mariani \u2013 Gin\u00e1stica para a 3\u00aa Idade. ABOR \u2013 Associa\u00e7\u00e3o Beneficente Osvaldo de Rosis \u2013 Gin\u00e1stica para a 3\u00aa Idade. Caminhada Monitorada, Alongamento, Hidrogin\u00e1stica, Nata\u00e7\u00e3o e Yoga. *Secretaria de Economia Criativa e Turisimo (SEECTUR): Vilas Criativas para  Buscam conviv\u00eancia o fortalecimento de v\u00ednculos a participa\u00e7\u00e3o do idoso, considerando o bairro e comunidade onde vivem. Foco p/ o envelhecimento saud\u00e1vel, por meio de oficinas de conviv\u00eancia, express\u00e3o oral, f\u00edsica e das linguagens art\u00edsticas, al\u00e9m de fomentar a participa\u00e7\u00e3o em apresenta\u00e7\u00f5es art\u00edsticas, cinemas, caminhadas tem\u00e1ticas, palestras, jogos e encontros regionais da 3\u00aa Idade, CMI e Audi\u00eancias P\u00fablicas. Ex.: Vila Criativa Encruzilhada (bairro Encruzilhada),Vila Criativa Campo Grande (bairro Jos\u00e9 Menino), Vila Criativa Senior( Bairro Aparecida). Secretaria de Desenvolvimento Social (SEDS)Tecnologia Social Vov\u00f4 Sabe Tudo \u2013 Oferece a possibilidade de transmitir aos mais jovens toda experi\u00eancia acumulada ao longo da vida, seus conhecimentos, habilidades e aptid\u00f5es. Casa Dia Recanto M\u00e3ezinha Joana \u2013 Atendimento especializado \u00e0s fam\u00edlias com idosos com algum grau de depend\u00eancia. Se\u00e7\u00e3o de Rep\u00fablicas \u2013 Servi\u00e7o de acolhimento em unidades residenciais subsidiadas, a grupo de idosos de baixa renda e sem respaldo familiar. Atualmente temos as Rep\u00fablicas: Bem Viver, Vit\u00f3ria e Renascer. *Secretaria de Cultura: Oficinas Livres Culturais com Parceria SEDS e FSS \u2013: Dan\u00e7a do Ventre, Coral, Dan\u00e7a de Sal\u00e3o, Teclado e Desenho. Oficinas Livres Culturais \u2013 Aulas abertas ao p\u00fablico inclusivo para a 3\u00aa Idade de: Pintura, Desenho, Grupo de Gravura, Teclado, Bordado da Ilha da Madeira, Leia Santos, Varal de Poesia, Autor e Sua Obra, Porto de Leitura, Concertos da OSMS, Quarteto de Corda Martins Fontes, Coral Municipal de Santos, Chorinho no Aqu\u00e1rio, M\u00fasica no Quebra Mar, Bal\u00e9 da Cidade de Santos, Dan\u00e7a Circular e Baile na Fonte do Sapo. *Secretaria de Empreendedorismo, Economia Criativa e Turismo: Visitas Monitoradas \u2013 Integrantes do Programa Vov\u00f4 Sabe Tudo, em parceira com a SEDS. Gratuidade aos idoso: Entrada no Aqu\u00e1rio Municipal e Orquid\u00e1rio Municipal. Desconto para maiores de 60 anos: Escunas (60%), Memorial das Conquistas do Santos Futebol Clube (50%), Bonde Tur\u00edstico (50%), Museu de Arte Sacra (50%) e Museu dos Caf\u00e9s (50%), Vila Criativa S\u00eanior 50+. *Secretaria de Governo:  Assessoria  Pol\u00edticas para a Longevidade \u2013 Coordena a\u00e7\u00f5es relativas \u00e0 longevidade e \u00e0 pol\u00edtica municipal da pessoa idosa; promove, em parceria como CMI, a realiza\u00e7\u00e3o das Confer\u00eancias e afins. *Fundo Social de Solidariedade: Conta com a participa\u00e7\u00e3o volunt\u00e1ria de idosos na realiza\u00e7\u00e3o de Oficinas de Gera\u00e7\u00e3o de Renda e Padaria Artesanal. Jori \u2013 Jogos Regionais dos Idosos em parceria com a Secretaria de Esportes. *CET Santos :Emiss\u00e3o de carteirinhas de transporte p\u00fablico ao idoso, a partir de 65 anos; emiss\u00e3o de Credencial, a partir de 60 anos, para estacionamento em vaga exclusiva. Projeto \u201cVov\u00f4 no Tr\u00e2nsito Mostra Sua Maturidade\u201d \u2013 palestras educativas sobre a seguran\u00e7a no tr\u00e2nsito, visando orientar e conscientizar os idosos sobre o comportamento seguro no tr\u00e2nsito."
        }
    ]
}