{
    "codigo": 5134,
    "nome": "N\u00famero total de espa\u00e7os e equipamentos p\u00fablicos",
    "descricao": "N\u00famero total de espa\u00e7os e equipamentos p\u00fablicos - Cidades Sustentaveis",
    "fonte": "SIEDI",
    "tipoValor": "I",
    "periodicidade": {
        "codigo": 6,
        "descricao": "Anual"
    },
    "tags": [
        {
            "codigo": 19,
            "descricao": "Santos Zeladora"
        }
    ],
    "secretarias": [
        {
            "codigo": 1503,
            "dado_codigo": 5134,
            "sigla": "SIEDI",
            "nome": "SECRETARIA MUNICIPAL DE INFRAESTRUTURA E EDIFICA\u00c7\u00d5ES"
        }
    ],
    "autarquias": [],
    "metas": [
        {
            "codigo": 10,
            "numero": 9,
            "titulo": "Ind\u00fastria, Inova\u00e7\u00e3o e Infraestrutura",
            "objetivo": "Construir infraestruturas resilientes, promover a industrializa\u00e7\u00e3o inclusiva e sustent\u00e1vel e fomentar a inova\u00e7\u00e3o",
            "imagem_url": "10.jpg",
            "link": "http://www.agenda2030.org.br/ods/9/"
        }
    ],
    "eixos": [
        {
            "codigo": 6,
            "descricao": "Equidade, Justi\u00e7a Social e Cultura de Paz"
        }
    ],
    "valores": [
        {
            "codigo": 2873,
            "data": "2017-12-31 00:00:00",
            "valor": "452.00",
            "descricao": null
        },
        {
            "codigo": 2874,
            "data": "2013-12-31 00:00:00",
            "valor": "0.00",
            "descricao": null
        },
        {
            "codigo": 2875,
            "data": "2016-12-31 00:00:00",
            "valor": "0.00",
            "descricao": null
        },
        {
            "codigo": 2876,
            "data": "2015-12-31 00:00:00",
            "valor": "0.00",
            "descricao": null
        },
        {
            "codigo": 2877,
            "data": "2014-12-31 00:00:00",
            "valor": "0.00",
            "descricao": null
        },
        {
            "codigo": 3370,
            "data": "2018-12-31 00:00:00",
            "valor": "454.00",
            "descricao": null
        },
        {
            "codigo": 4869,
            "data": "2020-12-31 00:00:00",
            "valor": "484.00",
            "descricao": null
        },
        {
            "codigo": 5253,
            "data": "2019-12-31 00:00:00",
            "valor": "11.00",
            "descricao": null
        },
        {
            "codigo": 6006,
            "data": "2021-12-31 00:00:00",
            "valor": "489.00",
            "descricao": null
        },
        {
            "codigo": 6672,
            "data": "2022-12-31 00:00:00",
            "valor": "1.00",
            "descricao": null
        }
    ]
}