{
    "codigo": 5135,
    "nome": "Percentual da popula\u00e7\u00e3o idosa no munic\u00edpio (mais de 60 anos)",
    "descricao": "Percentual da popula\u00e7\u00e3o idosa no munic\u00edpio (mais de 60 anos) - Cidades Sustentaveis",
    "fonte": "Seds",
    "tipoValor": "I",
    "periodicidade": {
        "codigo": 6,
        "descricao": "Anual"
    },
    "tags": [
        {
            "codigo": 1,
            "descricao": "Santos Acolhedora"
        }
    ],
    "secretarias": [
        {
            "codigo": 3299,
            "dado_codigo": 5135,
            "sigla": "SEDS",
            "nome": "SECRETARIA MUNICIPAL DE DESENVOLVIMENTO SOCIAL"
        }
    ],
    "autarquias": [],
    "metas": [
        {
            "codigo": 12,
            "numero": 11,
            "titulo": "Cidades e Comunidades Sustent\u00e1veis",
            "objetivo": "Tornar as cidades e os assentamentos humanos inclusivos, seguros, resilientes e sustent\u00e1veis",
            "imagem_url": "12.jpg",
            "link": "http://www.agenda2030.org.br/ods/11/"
        }
    ],
    "eixos": [
        {
            "codigo": 6,
            "descricao": "Equidade, Justi\u00e7a Social e Cultura de Paz"
        }
    ],
    "valores": [
        {
            "codigo": 2878,
            "data": "2014-12-31 00:00:00",
            "valor": "0.00",
            "descricao": null
        },
        {
            "codigo": 2879,
            "data": "2017-12-31 00:00:00",
            "valor": "0.00",
            "descricao": null
        },
        {
            "codigo": 2880,
            "data": "2013-12-31 00:00:00",
            "valor": "0.00",
            "descricao": null
        },
        {
            "codigo": 2881,
            "data": "2016-12-31 00:00:00",
            "valor": "0.00",
            "descricao": null
        },
        {
            "codigo": 2882,
            "data": "2015-12-31 00:00:00",
            "valor": "0.00",
            "descricao": null
        },
        {
            "codigo": 3649,
            "data": "2018-12-31 00:00:00",
            "valor": "21.00",
            "descricao": null
        },
        {
            "codigo": 4491,
            "data": "2019-12-31 00:00:00",
            "valor": "22.00",
            "descricao": null
        },
        {
            "codigo": 4917,
            "data": "2020-12-31 00:00:00",
            "valor": "22.00",
            "descricao": null
        },
        {
            "codigo": 5870,
            "data": "2021-12-31 00:00:00",
            "valor": "22.00",
            "descricao": null
        },
        {
            "codigo": 6473,
            "data": "2022-12-31 00:00:00",
            "valor": "23.00",
            "descricao": null
        }
    ]
}