{
    "codigo": 5136,
    "nome": "N\u00famero total, em quil\u00f4metros quadrados (km\u00b2) de zona costeira em \u00e1rea de conserva\u00e7\u00e3o e interesse cient\u00edfico",
    "descricao": "N\u00famero total, em quil\u00f4metros quadrados (km\u00b2) de zona costeira em \u00e1rea de conserva\u00e7\u00e3o e interesse cient\u00edfico - Cidades Sustent\u00e1veis",
    "fonte": "SEMAM",
    "tipoValor": "D",
    "periodicidade": {
        "codigo": 6,
        "descricao": "Anual"
    },
    "tags": [
        {
            "codigo": 20,
            "descricao": "Santos Sustent\u00e1vel"
        }
    ],
    "secretarias": [
        {
            "codigo": 5767,
            "dado_codigo": 5136,
            "sigla": "SEMAM",
            "nome": "SECRETARIA MUNICIPAL DE MEIO AMBIENTE E BEM-ESTAR ANIMAL"
        }
    ],
    "autarquias": [],
    "metas": [
        {
            "codigo": 15,
            "numero": 14,
            "titulo": "Vida na \u00c1gua",
            "objetivo": "Conservar e promover o uso sustent\u00e1vel dos oceanos, dos mares e dos recursos marinhos para o desenvolvimento sustent\u00e1vel",
            "imagem_url": "15.jpg",
            "link": "http://www.agenda2030.org.br/ods/14/"
        }
    ],
    "eixos": [
        {
            "codigo": 5,
            "descricao": "Bens Naturais Comuns"
        }
    ],
    "valores": [
        {
            "codigo": 2883,
            "data": "2016-12-31 00:00:00",
            "valor": "191.78",
            "descricao": null
        },
        {
            "codigo": 2884,
            "data": "2013-12-31 00:00:00",
            "valor": "191.78",
            "descricao": null
        },
        {
            "codigo": 2885,
            "data": "2014-12-31 00:00:00",
            "valor": "191.78",
            "descricao": null
        },
        {
            "codigo": 2886,
            "data": "2015-12-31 00:00:00",
            "valor": "191.78",
            "descricao": null
        },
        {
            "codigo": 2887,
            "data": "2017-12-31 00:00:00",
            "valor": "191.78",
            "descricao": null
        },
        {
            "codigo": 3503,
            "data": "2018-12-31 00:00:00",
            "valor": "191.78",
            "descricao": null
        },
        {
            "codigo": 4175,
            "data": "2019-12-31 00:00:00",
            "valor": "191.78",
            "descricao": null
        },
        {
            "codigo": 4765,
            "data": "2020-12-31 00:00:00",
            "valor": "191.78",
            "descricao": null
        },
        {
            "codigo": 5292,
            "data": "2021-12-31 00:00:00",
            "valor": "191.78",
            "descricao": null
        },
        {
            "codigo": 6311,
            "data": "2022-12-31 00:00:00",
            "valor": "191.78",
            "descricao": null
        },
        {
            "codigo": 7304,
            "data": "2023-12-31 00:00:00",
            "valor": "191.78",
            "descricao": null
        }
    ]
}