{
    "codigo": 5137,
    "nome": "N\u00famero total, em quil\u00f4metros quadrados (km\u00b2) de zona costeira",
    "descricao": "N\u00famero total, em quil\u00f4metros quadrados (km\u00b2) de zona costeira - Cidades Sustent\u00e1veis",
    "fonte": "SEMAM",
    "tipoValor": "D",
    "periodicidade": {
        "codigo": 6,
        "descricao": "Anual"
    },
    "tags": [
        {
            "codigo": 20,
            "descricao": "Santos Sustent\u00e1vel"
        }
    ],
    "secretarias": [
        {
            "codigo": 5767,
            "dado_codigo": 5137,
            "sigla": "SEMAM",
            "nome": "SECRETARIA MUNICIPAL DE MEIO AMBIENTE E BEM-ESTAR ANIMAL"
        }
    ],
    "autarquias": [],
    "metas": [
        {
            "codigo": 15,
            "numero": 14,
            "titulo": "Vida na \u00c1gua",
            "objetivo": "Conservar e promover o uso sustent\u00e1vel dos oceanos, dos mares e dos recursos marinhos para o desenvolvimento sustent\u00e1vel",
            "imagem_url": "15.jpg",
            "link": "http://www.agenda2030.org.br/ods/14/"
        }
    ],
    "eixos": [
        {
            "codigo": 5,
            "descricao": "Bens Naturais Comuns"
        }
    ],
    "valores": [
        {
            "codigo": 2888,
            "data": "2016-12-31 00:00:00",
            "valor": "280.67",
            "descricao": null
        },
        {
            "codigo": 2889,
            "data": "2017-12-31 00:00:00",
            "valor": "280.67",
            "descricao": null
        },
        {
            "codigo": 2890,
            "data": "2014-12-31 00:00:00",
            "valor": "280.67",
            "descricao": null
        },
        {
            "codigo": 2891,
            "data": "2015-12-31 00:00:00",
            "valor": "280.67",
            "descricao": null
        },
        {
            "codigo": 2892,
            "data": "2013-12-31 00:00:00",
            "valor": "208.67",
            "descricao": null
        },
        {
            "codigo": 3504,
            "data": "2018-12-31 00:00:00",
            "valor": "280.67",
            "descricao": null
        },
        {
            "codigo": 4176,
            "data": "2019-12-31 00:00:00",
            "valor": "280.67",
            "descricao": null
        },
        {
            "codigo": 4766,
            "data": "2020-12-31 00:00:00",
            "valor": "280.67",
            "descricao": null
        },
        {
            "codigo": 5293,
            "data": "2021-12-31 00:00:00",
            "valor": "280.67",
            "descricao": null
        },
        {
            "codigo": 6308,
            "data": "2022-12-31 00:00:00",
            "valor": "280.67",
            "descricao": null
        },
        {
            "codigo": 7307,
            "data": "2023-12-31 00:00:00",
            "valor": "280.67",
            "descricao": null
        }
    ]
}