{
    "codigo": 5138,
    "nome": "Sua cidade tem mecanismos de transpar\u00eancia ativa e passiva como preconiza a Lei de Acesso \u00e0 Informa\u00e7\u00e3o (LAI)? Quais?",
    "descricao": "Sua cidade tem mecanismos de transpar\u00eancia ativa e passiva como preconiza a Lei de Acesso \u00e0 Informa\u00e7\u00e3o (LAI)? Quais? - Cidades Sustentaveis",
    "fonte": "OTC",
    "tipoValor": "T",
    "periodicidade": {
        "codigo": 6,
        "descricao": "Anual"
    },
    "tags": [
        {
            "codigo": 18,
            "descricao": "Santos Transparente"
        }
    ],
    "secretarias": [
        {
            "codigo": 2833,
            "dado_codigo": 5138,
            "sigla": "OTC",
            "nome": "OUVIDORIA, TRANSPAR\u00caNCIA E CONTROLE"
        }
    ],
    "autarquias": [],
    "metas": [
        {
            "codigo": 17,
            "numero": 16,
            "titulo": "Paz, Justi\u00e7a e Institui\u00e7\u00f5es Eficazes",
            "objetivo": "Promover sociedades pac\u00edficas e inclusivas para o desenvolvimento sustent\u00e1vel, proporcionar o acesso \u00e0 justi\u00e7a para todos e construir institui\u00e7\u00f5es eficazes, respons\u00e1veis e inclusivas em todos os n\u00edveis",
            "imagem_url": "17.jpg",
            "link": "http://www.agenda2030.org.br/ods/16/"
        }
    ],
    "eixos": [
        {
            "codigo": 4,
            "descricao": "Governan\u00e7a"
        }
    ],
    "valores": [
        {
            "codigo": 2893,
            "data": "2017-12-31 00:00:00",
            "valor": "0.00",
            "descricao": "Sim, Santos disponibiliza o Portal Cidade Aberta (http://www.santos.sp.gov.br/portalpms/cidadeaberta), o SIC (https://egov1.santos.sp.gov.br/sicweb) e o e-mail: transparencia@santos.sp.gov.br."
        },
        {
            "codigo": 2894,
            "data": "2015-12-31 00:00:00",
            "valor": "0.00",
            "descricao": "Sim. Portal Cidade Aberta (www.santos.sp.gov.br/cidadeaberta), SIC (https://egov1.santos.sp.gov.br/sicweb) e E-mail: transparencia@santos.sp.gov.br."
        },
        {
            "codigo": 2895,
            "data": "2014-12-31 00:00:00",
            "valor": "0.00",
            "descricao": "Sim. Portal Cidade Aberta (www.santos.sp.gov.br/cidadeaberta), SIC (https://egov1.santos.sp.gov.br/sicweb) e E-mail: transparencia@santos.sp.gov.br."
        },
        {
            "codigo": 2896,
            "data": "2013-12-31 00:00:00",
            "valor": "0.00",
            "descricao": "Sim. Portal Cidade Aberta (www.santos.sp.gov.br/cidadeaberta), SIC (https://egov1.santos.sp.gov.br/sicweb) e E-mail: transparencia@santos.sp.gov.br."
        },
        {
            "codigo": 2897,
            "data": "2016-12-31 00:00:00",
            "valor": "0.00",
            "descricao": "Sim. Portal Cidade Aberta (www.santos.sp.gov.br/cidadeaberta), SIC (https://egov1.santos.sp.gov.br/sicweb) e E-mail: transparencia@santos.sp.gov.br."
        },
        {
            "codigo": 3445,
            "data": "2018-12-31 00:00:00",
            "valor": null,
            "descricao": "Sim, Santos disponibiliza o Portal Cidade Aberta (http://www.santos.sp.gov.br/portalpms/cidadeaberta), o SIC (https://egov1.santos.sp.gov.br/sicweb) e o e-mail: transparencia@santos.sp.gov.br."
        },
        {
            "codigo": 4243,
            "data": "2019-12-31 00:00:00",
            "valor": null,
            "descricao": "Sim, Santos disponibiliza o Portal Cidade Aberta (http://www.santos.sp.gov.br/portalpms/cidadeaberta), o SIC (https://egov1.santos.sp.gov.br/sicweb) e o e-mail: transparencia@santos.sp.gov.br."
        },
        {
            "codigo": 4727,
            "data": "2020-12-31 00:00:00",
            "valor": null,
            "descricao": "Sim, Santos disponibiliza o Portal de Transpar\u00eancia (https://www.santos.sp.gov.br/portal/transparencia), \nDados abertos (https://www.santos.sp.gov.br/?q=servico/dados-abertos)\no SIC (https://egov.santos.sp.gov.br/sicweb/) e o e-mail: transparencia@santos.sp.gov.br."
        },
        {
            "codigo": 6026,
            "data": "2021-12-31 00:00:00",
            "valor": null,
            "descricao": "Sim, Santos disponibiliza o Portal de Transpar\u00eancia (https://www.santos.sp.gov.br/portal/transparencia) e  plataforma Dados abertos (https://egov.santos.sp.gov.br/dadosabertos/) como transpar\u00eancia ativa; e o SIC (https://egov.santos.sp.gov.br/sicweb/) e o e-mail: transparencia@santos.sp.gov.br como transpar\u00eancia passiva."
        },
        {
            "codigo": 6720,
            "data": "2022-12-31 00:00:00",
            "valor": null,
            "descricao": "Sim, Santos disponibiliza o Portal de Transpar\u00eancia (https://www.santos.sp.gov.br/portal/transparencia) e plataforma Dados abertos (https://egov.santos.sp.gov.br/dadosabertos/) como transpar\u00eancia ativa; e o SIC (https://egov.santos.sp.gov.br/sicweb/) e o e-mail: transparencia@santos.sp.gov.br como transpar\u00eancia passiva."
        }
    ]
}