{
    "codigo": 5139,
    "nome": "N\u00famero de vereadoras na C\u00e2mara Municipal",
    "descricao": "N\u00famero de vereadoras na C\u00e2mara Municipal - Cidades Sustentaveis",
    "fonte": "SAES",
    "tipoValor": "I",
    "periodicidade": {
        "codigo": 6,
        "descricao": "Anual"
    },
    "tags": [
        {
            "codigo": 1,
            "descricao": "Santos Acolhedora"
        }
    ],
    "secretarias": [
        {
            "codigo": 4137,
            "dado_codigo": 5139,
            "sigla": "SAES",
            "nome": "SECRETARIA MUNICIPAL DE ASSUNTOS ESTRAT\u00c9GICOS, LEGISLATIVOS E METROPOLITANOS"
        }
    ],
    "autarquias": [],
    "metas": [
        {
            "codigo": 5,
            "numero": 5,
            "titulo": "Igualdade de G\u00eanero",
            "objetivo": "Alcan\u00e7ar a igualdade de g\u00eanero e empoderar todas as mulheres e meninas",
            "imagem_url": "5.jpg",
            "link": "http://www.agenda2030.org.br/ods/5/"
        }
    ],
    "eixos": [
        {
            "codigo": 4,
            "descricao": "Governan\u00e7a"
        }
    ],
    "valores": [
        {
            "codigo": 2898,
            "data": "2013-12-31 00:00:00",
            "valor": "1.00",
            "descricao": null
        },
        {
            "codigo": 2899,
            "data": "2014-12-31 00:00:00",
            "valor": "1.00",
            "descricao": null
        },
        {
            "codigo": 2900,
            "data": "2016-12-31 00:00:00",
            "valor": "0.00",
            "descricao": null
        },
        {
            "codigo": 2901,
            "data": "2015-12-31 00:00:00",
            "valor": "0.00",
            "descricao": null
        },
        {
            "codigo": 2902,
            "data": "2017-12-31 00:00:00",
            "valor": "2.00",
            "descricao": null
        },
        {
            "codigo": 3525,
            "data": "2018-12-31 00:00:00",
            "valor": "2.00",
            "descricao": null
        },
        {
            "codigo": 4401,
            "data": "2019-12-31 00:00:00",
            "valor": "2.00",
            "descricao": null
        },
        {
            "codigo": 4667,
            "data": "2020-12-31 00:00:00",
            "valor": "3.00",
            "descricao": null
        },
        {
            "codigo": 5890,
            "data": "2021-12-31 00:00:00",
            "valor": "3.00",
            "descricao": null
        },
        {
            "codigo": 6653,
            "data": "2022-12-31 00:00:00",
            "valor": "3.00",
            "descricao": null
        }
    ]
}