{
    "codigo": 5141,
    "nome": "N\u00famero de adultos (35 anos ou mais de idade) com diabetes",
    "descricao": "N\u00famero de adultos (35 anos ou mais de idade) com diabetes - Cidades Sustentaveis",
    "fonte": "Sms",
    "tipoValor": "I",
    "periodicidade": {
        "codigo": 6,
        "descricao": "Anual"
    },
    "tags": [
        {
            "codigo": 17,
            "descricao": "Santos Saud\u00e1vel"
        }
    ],
    "secretarias": [
        {
            "codigo": 3399,
            "dado_codigo": 5141,
            "sigla": "SMS",
            "nome": "SECRETARIA MUNICIPAL DE SA\u00daDE"
        }
    ],
    "autarquias": [],
    "metas": [
        {
            "codigo": 4,
            "numero": 3,
            "titulo": "Sa\u00fade e Bem-Estar",
            "objetivo": "Assegurar uma vida saud\u00e1vel e promover o bem-estar para todos, em todas as idades",
            "imagem_url": "4.jpg",
            "link": "http://www.agenda2030.org.br/ods/3/"
        }
    ],
    "eixos": [
        {
            "codigo": 14,
            "descricao": "A\u00e7\u00e3o Local para a Sa\u00fade"
        }
    ],
    "valores": [
        {
            "codigo": 2908,
            "data": "2016-12-31 00:00:00",
            "valor": "15856.00",
            "descricao": null
        },
        {
            "codigo": 2909,
            "data": "2015-12-31 00:00:00",
            "valor": "0.00",
            "descricao": null
        },
        {
            "codigo": 2910,
            "data": "2017-12-31 00:00:00",
            "valor": "13864.00",
            "descricao": null
        },
        {
            "codigo": 2911,
            "data": "2014-12-31 00:00:00",
            "valor": "0.00",
            "descricao": null
        },
        {
            "codigo": 2912,
            "data": "2013-12-31 00:00:00",
            "valor": "0.00",
            "descricao": null
        },
        {
            "codigo": 3461,
            "data": "2018-12-31 00:00:00",
            "valor": "14424.00",
            "descricao": null
        },
        {
            "codigo": 4103,
            "data": "2019-12-31 00:00:00",
            "valor": "16679.00",
            "descricao": null
        },
        {
            "codigo": 4692,
            "data": "2020-12-31 00:00:00",
            "valor": "14551.00",
            "descricao": null
        },
        {
            "codigo": 5767,
            "data": "2021-12-31 00:00:00",
            "valor": "11493.00",
            "descricao": null
        },
        {
            "codigo": 6491,
            "data": "2022-12-31 00:00:00",
            "valor": "13483.00",
            "descricao": null
        }
    ]
}