{
    "codigo": 5142,
    "nome": "N\u00famero de adultos (35 anos ou mais de idade)",
    "descricao": "N\u00famero de adultos (35 anos ou mais de idade) - Cidades Sustentaveis - IBGE",
    "fonte": "IBGE 2010",
    "tipoValor": "I",
    "periodicidade": {
        "codigo": 6,
        "descricao": "Anual"
    },
    "tags": [
        {
            "codigo": 17,
            "descricao": "Santos Saud\u00e1vel"
        }
    ],
    "secretarias": [
        {
            "codigo": 3399,
            "dado_codigo": 5142,
            "sigla": "SMS",
            "nome": "SECRETARIA MUNICIPAL DE SA\u00daDE"
        }
    ],
    "autarquias": [],
    "metas": [
        {
            "codigo": 4,
            "numero": 3,
            "titulo": "Sa\u00fade e Bem-Estar",
            "objetivo": "Assegurar uma vida saud\u00e1vel e promover o bem-estar para todos, em todas as idades",
            "imagem_url": "4.jpg",
            "link": "http://www.agenda2030.org.br/ods/3/"
        }
    ],
    "eixos": [
        {
            "codigo": 14,
            "descricao": "A\u00e7\u00e3o Local para a Sa\u00fade"
        }
    ],
    "valores": [
        {
            "codigo": 2913,
            "data": "2014-12-31 00:00:00",
            "valor": "225417.00",
            "descricao": null
        },
        {
            "codigo": 2914,
            "data": "2013-12-31 00:00:00",
            "valor": "225417.00",
            "descricao": null
        },
        {
            "codigo": 2915,
            "data": "2015-12-31 00:00:00",
            "valor": "225417.00",
            "descricao": null
        },
        {
            "codigo": 2916,
            "data": "2016-12-31 00:00:00",
            "valor": "225417.00",
            "descricao": null
        },
        {
            "codigo": 2917,
            "data": "2017-12-31 00:00:00",
            "valor": "225417.00",
            "descricao": null
        },
        {
            "codigo": 3385,
            "data": "2018-12-31 00:00:00",
            "valor": "225417.00",
            "descricao": null
        },
        {
            "codigo": 4057,
            "data": "2019-12-31 00:00:00",
            "valor": "225417.00",
            "descricao": null
        },
        {
            "codigo": 4693,
            "data": "2020-12-31 00:00:00",
            "valor": "225417.00",
            "descricao": null
        },
        {
            "codigo": 5840,
            "data": "2021-12-31 00:00:00",
            "valor": "225417.00",
            "descricao": null
        },
        {
            "codigo": 6540,
            "data": "2022-12-31 00:00:00",
            "valor": "225417.00",
            "descricao": null
        }
    ]
}