{
    "codigo": 5145,
    "nome": "Existe no munic\u00edpio pol\u00edticas de incentivo \u00e0 produ\u00e7\u00e3o e consumo de produtos org\u00e2nicos? Quais s\u00e3o as pol\u00edticas?",
    "descricao": "Existe no munic\u00edpio pol\u00edticas de incentivo \u00e0 produ\u00e7\u00e3o e consumo de produtos org\u00e2nicos? Quais s\u00e3o as pol\u00edticas? - Cidades Sustentaveis",
    "fonte": "SEMAM",
    "tipoValor": "T",
    "periodicidade": {
        "codigo": 6,
        "descricao": "Anual"
    },
    "tags": [
        {
            "codigo": 20,
            "descricao": "Santos Sustent\u00e1vel"
        }
    ],
    "secretarias": [
        {
            "codigo": 5767,
            "dado_codigo": 5145,
            "sigla": "SEMAM",
            "nome": "SECRETARIA MUNICIPAL DE MEIO AMBIENTE E BEM-ESTAR ANIMAL"
        }
    ],
    "autarquias": [],
    "metas": [
        {
            "codigo": 13,
            "numero": 12,
            "titulo": "Consumo e Produ\u00e7\u00e3o Respons\u00e1veis",
            "objetivo": "Assegurar padr\u00f5es de produ\u00e7\u00e3o e de consumo sustent\u00e1veis",
            "imagem_url": "13.jpg",
            "link": "http://www.agenda2030.org.br/ods/12/"
        }
    ],
    "eixos": [
        {
            "codigo": 12,
            "descricao": "Consumo Respons\u00e1vel e Op\u00e7\u00f5es de Estilo de Vida"
        }
    ],
    "valores": [
        {
            "codigo": 2928,
            "data": "2017-12-31 00:00:00",
            "valor": "0.00",
            "descricao": "Sim. H\u00e1 no munic\u00edpio pol\u00edticas de incentivo \u00e0 produ\u00e7\u00e3o e consumo de produtos org\u00e2nicos: 1) Programa Horta Ecol\u00f3gica: viv\u00eancias em agroecologia, nas quartas-feiras, das 14h \u00e0s 17h no Jardim Bot\u00e2nico Municipal de Santos \"Chico Mendes\". Trabalho desenvolvido em parceria com a Casa da Agricultura de Santos, desde 2010; 2) Feiras Org\u00e2nicas de Santos: in\u00edcio em 2011. A partir de 2018 com feiras semanais no Orquid\u00e1rio, aos s\u00e1bados. Todas as ter\u00e7as-feiras na Igreja da Aparecida. Primeiros domingos do m\u00eas, no Jardim Bot\u00e2nico. Todas elas funcionando das 9h \u00e0s 13h; 3) Encontros Anuais de Promo\u00e7\u00e3o da Alimenta\u00e7\u00e3o Org\u00e2nica em Santos (encontros de meio per\u00edodo); 4) Promo\u00e7\u00e3o do tema no \u00e2mbito do Conselho Municipal de Seguran\u00e7a Alimentar e Nutricional de Santos - nas reuni\u00f5es ordin\u00e1rias e em eventos anuais por ocasi\u00e3o das comemora\u00e7\u00f5es do Dia Mundial da Alimenta\u00e7\u00e3o."
        },
        {
            "codigo": 2929,
            "data": "2016-12-31 00:00:00",
            "valor": "0.00",
            "descricao": "Sim. Existem pol\u00edticas de incentivo trabalhadas pela administra\u00e7\u00e3o p\u00fablica. O munic\u00edpio apoia \u00e0 realiza\u00e7\u00e3o de Feiras Org\u00e2nicas em diferentes pontos da cidade. Al\u00e9m disso, s\u00e3o realizados encontros de Alimenta\u00e7\u00e3o Org\u00e2nica todo ano. O Programa Horta Ecol\u00f3gica, no Jardim Bot\u00e2nico de Santos, incentiva a agricultura ecol\u00f3gica nas resid\u00eancias. A alimenta\u00e7\u00e3o org\u00e2nica tamb\u00e9m \u00e9 defendida no \u00e2mbito do Conselho Municipal de Seguran\u00e7a Alimentar e Nutricional."
        },
        {
            "codigo": 2930,
            "data": "2013-12-31 00:00:00",
            "valor": "0.00",
            "descricao": "Sim. Existem pol\u00edticas de incentivo trabalhadas pela administra\u00e7\u00e3o p\u00fablica. O munic\u00edpio apoia \u00e0 realiza\u00e7\u00e3o de Feiras Org\u00e2nicas em diferentes pontos da cidade. Al\u00e9m disso, o munic\u00edpio realizou este ano dois encontros de Alimenta\u00e7\u00e3o Org\u00e2nica. O Programa Horta Ecol\u00f3gica, no Jardim Bot\u00e2nico de Santos, incentiva a agricultura ecol\u00f3gica nas resid\u00eancias."
        },
        {
            "codigo": 2931,
            "data": "2014-12-31 00:00:00",
            "valor": "0.00",
            "descricao": "Sim. Existem pol\u00edticas de incentivo trabalhadas pela administra\u00e7\u00e3o p\u00fablica. O munic\u00edpio apoia \u00e0 realiza\u00e7\u00e3o de Feiras Org\u00e2nicas em diferentes pontos da cidade. Al\u00e9m disso, s\u00e3o realizados encontros de Alimenta\u00e7\u00e3o Org\u00e2nica todo ano. O Programa Horta Ecol\u00f3gica, no Jardim Bot\u00e2nico de Santos, incentiva a agricultura ecol\u00f3gica nas resid\u00eancias."
        },
        {
            "codigo": 2932,
            "data": "2015-12-31 00:00:00",
            "valor": "0.00",
            "descricao": "Sim. Existem pol\u00edticas de incentivo trabalhadas pela administra\u00e7\u00e3o p\u00fablica. O munic\u00edpio apoia \u00e0 realiza\u00e7\u00e3o de Feiras Org\u00e2nicas em diferentes pontos da cidade. Al\u00e9m disso, s\u00e3o realizados encontros de Alimenta\u00e7\u00e3o Org\u00e2nica todo ano. O Programa Horta Ecol\u00f3gica, no Jardim Bot\u00e2nico de Santos, incentiva a agricultura ecol\u00f3gica nas resid\u00eancias. A alimenta\u00e7\u00e3o org\u00e2nica tamb\u00e9m \u00e9 defendida no \u00e2mbito do Conselho Municipal de Seguran\u00e7a Alimentar e Nutricional."
        },
        {
            "codigo": 3502,
            "data": "2018-12-31 00:00:00",
            "valor": null,
            "descricao": "Sim. H\u00e1 no munic\u00edpio pol\u00edticas de incentivo \u00e0 produ\u00e7\u00e3o e consumo de produtos org\u00e2nicos:\n\n1) Horta Ecol\u00f3gica: O munic\u00edpio tem dentro de suas a\u00e7\u00f5es, desde 2010, o Programa Horta Ecol\u00f3gica, que acontece todas as quartas-feiras, das 14h00 \u00e0s 17h00, no Jardim Bot\u00e2nico Municipal de Santos \"Chico Mendes\", em parceria com a Casa da Agricultura de Santos (Governo do Estado). Neste programa os participantes tem a oportunidade de vivenciar atividades de preparo e condu\u00e7\u00e3o de canteiros de hortas, incluindo sementeiras e pr\u00e1ticas de compostagem. S\u00e3o valorizados os princ\u00edpios de permacultura, de economia solid\u00e1ria e de comunidade de aprendizagem, dentro da perspectiva da educa\u00e7\u00e3o popular de Paulo Freire. Al\u00e9m das plantas tradicionais, o programa tamb\u00e9m incentiva o uso de Plantas Aliment\u00edcias n\u00e3o Convencionais. Os integrantes do Horta Ecol\u00f3gica tamb\u00e9m interagem nas atividades das Feiras Org\u00e2nicas realizadas no Jardim Bot\u00e2nico Municipal de Santos (primeiros e terceiros domingos do m\u00eas);\n\n2) Feiras Org\u00e2nicas: Com in\u00edcio em 2011, no Jardim Bot\u00e2nico Municipal de Santos \"Chico Mendes\" a feira acontece agora em tr\u00eas locais: todos os s\u00e1bados, no Orquid\u00e1rio Municipal de Santos; todas as ter\u00e7as-feiras, no Sal\u00e3o Anexo da Igreja Nossa Senhora da Aparecida; e nos primeiros e terceiros domingos do m\u00eas, no Jardim Bot\u00e2nico Municipal de Santos (todas das 9h \u00e0s 13h). Nas feiras temos eventos que promovem boas pr\u00e1ticas de sa\u00fade, lazer e educa\u00e7\u00e3o;\n\n3) Composta Santos: Em 2018 tiveram in\u00edcio as atividades do \"Projeto Santos Sustent\u00e1vel: Compostagem e Agricultura Urbana\" (Composta Santos), com apoio Financeiro da Caixa Econ\u00f4mica Federal e apoio t\u00e9cnico do Fundo Nacional do Meio Ambiente. O Projeto tem incentivado a segrega\u00e7\u00e3o de res\u00edduos em tr\u00eas fra\u00e7\u00f5es e a produ\u00e7\u00e3o e uso de composto e biofertilizante l\u00edquidos como forma de dar melhor destina\u00e7\u00e3o a fra\u00e7\u00e3o org\u00e2nica (diminuindo a sobrecarga do aterro) e promovendo a jardinagem e a produ\u00e7\u00e3o de alimentos. Dentro das a\u00e7\u00f5es, 54 (cinquenta e quatro) composteiras de vermicompostagem foram adquiridas e distribu\u00eddas, um p\u00e1tio para compostagem de res\u00edduos de feira e da poda urbana ser\u00e1 implantado e dois espa\u00e7os educativos sobre compostagem e agricultura urbana funcionar\u00e3o no Orquid\u00e1rio e no Jardim Bot\u00e2nico. Oficinas de compostagem tamb\u00e9m tem acontecido nas feiras org\u00e2nicas. Neste contexto, a promo\u00e7\u00e3o de hortas em escolas e da reflex\u00e3o sobre uma alimenta\u00e7\u00e3o org\u00e2nica tamb\u00e9m se encontra inserida;\n\n4) Promo\u00e7\u00e3o do tema no \u00e2mbito do Conselho Municipal de Seguran\u00e7a Alimentar e Nutricional de Santos - nas reuni\u00f5es ordin\u00e1rias e em eventos anuais por ocasi\u00e3o das comemora\u00e7\u00f5es do Dia Mundial da Alimenta\u00e7\u00e3o. Em 2018 realizou-se mais uma edi\u00e7\u00e3o do Dia Mundial da Alimenta\u00e7\u00e3o, com a participa\u00e7\u00e3o da Feira Org\u00e2nica de Santos: http://www.santos.sp.gov.br/?q=noticia/dia-mundial-da-alimentacao-e-celebrado-no-mercado-municipal. A feira tamb\u00e9m \u00e9 divulgada e promovida no \u00e2mbito deste Conselho."
        },
        {
            "codigo": 4177,
            "data": "2019-12-31 00:00:00",
            "valor": null,
            "descricao": "Sim. H\u00e1 no munic\u00edpio pol\u00edticas de incentivo \u00e0 produ\u00e7\u00e3o e consumo de produtos org\u00e2nicos:\n\n1) Horta Ecol\u00f3gica: O munic\u00edpio tem dentro de suas a\u00e7\u00f5es, desde 2010, o Programa Horta Ecol\u00f3gica, que acontece todas as quartas-feiras, das 14h00 \u00e0s 17h00, no Jardim Bot\u00e2nico Municipal de Santos \"Chico Mendes\", em parceria com a Casa da Agricultura de Santos (Governo do Estado). Neste programa os participantes tem a oportunidade de vivenciar atividades de preparo e condu\u00e7\u00e3o de canteiros de hortas, incluindo sementeiras e pr\u00e1ticas de compostagem. S\u00e3o valorizados os princ\u00edpios de permacultura, de economia solid\u00e1ria e de comunidade de aprendizagem, dentro da perspectiva da educa\u00e7\u00e3o popular de Paulo Freire. Al\u00e9m das plantas tradicionais, o programa tamb\u00e9m incentiva o uso de Plantas Aliment\u00edcias N\u00e3o Convencionais (PANC\u2019s). Os integrantes do Horta Ecol\u00f3gica tamb\u00e9m interagem nas atividades das Feiras Org\u00e2nicas realizadas no Jardim Bot\u00e2nico Municipal de Santos (primeiros e terceiros domingos do m\u00eas);\n\n2) Feiras Org\u00e2nicas: Com in\u00edcio em 2011, no Jardim Bot\u00e2nico Municipal de Santos \"Chico Mendes\" a feira atualmente ocorre aos s\u00e1bados, no Orquid\u00e1rio Municipal de Santos; \u00e0s ter\u00e7as-feiras, na Igreja da Aparecida; e nos primeiros e terceiros domingos de cada m\u00eas, no Jardim Bot\u00e2nico \u201cChico Mendes\u201d (o hor\u00e1rio sempre \u00e9 das 9h \u00e0s 13h). Nas feiras tamb\u00e9m h\u00e1 eventos que promovem boas pr\u00e1ticas de sa\u00fade, lazer e educa\u00e7\u00e3o;\n\n3) Composta Santos: Em 2018 foram iniciadas as atividades do \"Projeto Santos Sustent\u00e1vel: Compostagem e Agricultura Urbana\" (Composta Santos), com apoio Financeiro da Caixa Econ\u00f4mica Federal e apoio t\u00e9cnico do Fundo Nacional do Meio Ambiente. O Projeto tem incentivado a segrega\u00e7\u00e3o de res\u00edduos em tr\u00eas fra\u00e7\u00f5es e a produ\u00e7\u00e3o e uso de composto e biofertilizante l\u00edquidos como forma de dar melhor destina\u00e7\u00e3o a fra\u00e7\u00e3o org\u00e2nica (diminuindo a sobrecarga do aterro) e promovendo a jardinagem e a produ\u00e7\u00e3o de alimentos. Dentro das a\u00e7\u00f5es, 54 (cinquenta e quatro) composteiras de vermicompostagem form adquiridas e distribu\u00eddas, um p\u00e1tio para compostagem de res\u00edduos de feira e da poda urbana est\u00e1 em fase de constru\u00e7\u00e3o e dois espa\u00e7os educativos sobre compostagem e agricultura urbana est\u00e3o em funcionamento no Orquid\u00e1rio e Jardim Bot\u00e2nico. Oficinas de compostagem tamb\u00e9m tem acontecido nas feiras org\u00e2nicas. Neste contexto, a promo\u00e7\u00e3o de hortas em escolas e da reflex\u00e3o sobre uma alimenta\u00e7\u00e3o org\u00e2nica tamb\u00e9m se encontra inserida;\n\n4) Promo\u00e7\u00e3o do tema no \u00e2mbito do Conselho Municipal de Seguran\u00e7a Alimentar e Nutricional de Santos - nas reuni\u00f5es ordin\u00e1rias e em eventos anuais por ocasi\u00e3o das comemora\u00e7\u00f5es do Dia Mundial da Alimenta\u00e7\u00e3o. A feira tamb\u00e9m \u00e9 divulgada e promovida no \u00e2mbito deste Conselho."
        },
        {
            "codigo": 4767,
            "data": "2020-12-31 00:00:00",
            "valor": null,
            "descricao": "Sim. H\u00e1 no munic\u00edpio de Santos pol\u00edticas de incentivo \u00e0 produ\u00e7\u00e3o e consumo de produtos org\u00e2nicos:\n\n1) Horta Ecol\u00f3gica: O munic\u00edpio tem dentro de suas a\u00e7\u00f5es, desde 2010, o Programa Horta Ecol\u00f3gica, que acontece todas as quartas-feiras, das 14h00 \u00e0s 17h00, no Jardim Bot\u00e2nico Municipal de Santos \"Chico Mendes\", em parceria com a Casa da Agricultura de Santos (Governo do Estado). Neste Programa os participantes tem a oportunidade de vivenciar atividades de preparo e condu\u00e7\u00e3o de canteiros de hortas, incluindo sementeiras e pr\u00e1ticas de compostagem. S\u00e3o valorizados os princ\u00edpios de permacultura, de economia solid\u00e1ria e de comunidade de aprendizagem, dentro da perspectiva da educa\u00e7\u00e3o popular de Paulo Freire. Al\u00e9m das plantas tradicionais, o programa tamb\u00e9m incentiva o uso de Plantas Aliment\u00edcias N\u00e3o Convencionais (PANC\u2019s). Os integrantes do Horta Ecol\u00f3gica tamb\u00e9m interagem nas atividades das Feiras Org\u00e2nicas realizadas no Jardim Bot\u00e2nico Municipal de Santos (primeiros e terceiros domingos do m\u00eas);\n\n2) Feiras Org\u00e2nicas: Com in\u00edcio em 2011, no Jardim Bot\u00e2nico Municipal de Santos \"Chico Mendes\" a feira atualmente ocorre aos s\u00e1bados, no Orquid\u00e1rio Municipal de Santos; \u00e0s ter\u00e7as-feiras, na Igreja da Aparecida; e nos primeiros e terceiros domingos de cada m\u00eas, no Jardim Bot\u00e2nico \u201cChico Mendes\u201d (o hor\u00e1rio sempre \u00e9 das 9h \u00e0s 13h). Nas feiras tamb\u00e9m h\u00e1 eventos que promovem boas pr\u00e1ticas de sa\u00fade, lazer e educa\u00e7\u00e3o. Em 2020 a Secretaria de Meio Ambiente (SEMAM) promoveu a realiza\u00e7\u00e3o de 70 (setenta) feiras org\u00e2nicas em Santos;\n\n3) Composta Santos: Em 2018 foram iniciadas as atividades do \"Projeto Santos Sustent\u00e1vel: Compostagem e Agricultura Urbana\" (Composta Santos), com apoio Financeiro da Caixa Econ\u00f4mica Federal e apoio t\u00e9cnico do Fundo Nacional do Meio Ambiente. O Projeto tem incentivado a segrega\u00e7\u00e3o de res\u00edduos em tr\u00eas fra\u00e7\u00f5es e a produ\u00e7\u00e3o e uso de composto e biofertilizante l\u00edquidos como forma de dar melhor destina\u00e7\u00e3o a fra\u00e7\u00e3o org\u00e2nica (diminuindo a sobrecarga do aterro) e promovendo a jardinagem e a produ\u00e7\u00e3o de alimentos. Dentro das a\u00e7\u00f5es, 54 (cinquenta e quatro) composteiras de vermicompostagem foram adquiridas e distribu\u00eddas e um p\u00e1tio para compostagem de res\u00edduos de feira est\u00e1 em fase de constru\u00e7\u00e3o. Oficinas de compostagem tamb\u00e9m tem acontecido nas feiras org\u00e2nicas. Neste contexto, a promo\u00e7\u00e3o de hortas em escolas e da reflex\u00e3o sobre uma alimenta\u00e7\u00e3o org\u00e2nica tamb\u00e9m se encontra inserida; e\n\n4) Centro de Aprendizagem em Compostagem e Agricultura Urbana (CACAU): espa\u00e7os educativos sobre compostagem e agricultura urbana em funcionamento no Jardim Bot\u00e2nico \u201cChico Mendes\u201d e no Orquid\u00e1rio Municipal, voltados para estudo e an\u00e1lise sobre as diferentes maneiras de se praticar a compostagem, bem como as formas de utiliza\u00e7\u00e3o dos biofertilizantes produzidos pelas composteiras."
        },
        {
            "codigo": 5294,
            "data": "2021-12-31 00:00:00",
            "valor": null,
            "descricao": "Sim. H\u00e1 no munic\u00edpio de Santos pol\u00edticas de incentivo \u00e0 produ\u00e7\u00e3o e consumo de produtos org\u00e2nicos:\n\n1) Horta Ecol\u00f3gica: O munic\u00edpio tem dentro de suas a\u00e7\u00f5es, desde 2010, o Programa Horta Ecol\u00f3gica, que acontece todas as quartas-feiras, das 14h00 \u00e0s 17h00, no Jardim Bot\u00e2nico Chico Mendes, em parceria com a Casa da Agricultura de Santos (Governo do Estado). Neste Programa os participantes tem a oportunidade de vivenciar atividades de preparo e condu\u00e7\u00e3o de canteiros de hortas, incluindo sementeiras e pr\u00e1ticas de compostagem. S\u00e3o valorizados os princ\u00edpios de permacultura, de economia solid\u00e1ria e de comunidade de aprendizagem, dentro da perspectiva da educa\u00e7\u00e3o popular de Paulo Freire. Al\u00e9m das plantas tradicionais, o programa tamb\u00e9m incentiva o uso de Plantas Aliment\u00edcias N\u00e3o Convencionais (PANC\u2019s). Os integrantes do Horta Ecol\u00f3gica tamb\u00e9m interagem nas atividades das Feiras Org\u00e2nicas realizadas no Jardim Bot\u00e2nico Municipal de Santos (primeiros e terceiros domingos do m\u00eas).\n2) Feiras Org\u00e2nicas: Com in\u00edcio em 2011, no Jardim Bot\u00e2nico Municipal de Santos Chico Mendes a feira atualmente ocorre aos s\u00e1bados, no Orquid\u00e1rio Municipal de Santos; \u00e0s ter\u00e7as-feiras, na Igreja da Aparecida; e nos primeiros e terceiros domingos de cada m\u00eas, no Jardim Bot\u00e2nico Chico Mendes (o hor\u00e1rio sempre \u00e9 das 9h \u00e0s 13h). Nas feiras tamb\u00e9m h\u00e1 eventos que promovem boas pr\u00e1ticas de sa\u00fade, lazer e educa\u00e7\u00e3o. Em 2021 a Secretaria de Meio Ambiente (SEMAM) promoveu a realiza\u00e7\u00e3o de 80 (oitenta) feiras org\u00e2nicas em Santos.\n3) Composta Santos: Em 2018 foram iniciadas as atividades do \"Projeto Santos Sustent\u00e1vel: Compostagem e Agricultura Urbana\" (Composta Santos), com apoio Financeiro da Caixa Econ\u00f4mica Federal e apoio t\u00e9cnico do Fundo Nacional do Meio Ambiente. O Projeto tem incentivado a segrega\u00e7\u00e3o de res\u00edduos em tr\u00eas fra\u00e7\u00f5es e a produ\u00e7\u00e3o e uso de composto e biofertilizante l\u00edquidos como forma de dar melhor destina\u00e7\u00e3o a fra\u00e7\u00e3o org\u00e2nica (diminuindo a sobrecarga do aterro) e promovendo a jardinagem e a produ\u00e7\u00e3o de alimentos. Dentro das a\u00e7\u00f5es, 54 (cinquenta e quatro) composteiras de vermicompostagem foram adquiridas e distribu\u00eddas. Oficinas de compostagem tamb\u00e9m tem acontecido nas feiras org\u00e2nicas. Neste contexto, a promo\u00e7\u00e3o de hortas em escolas e da reflex\u00e3o sobre uma alimenta\u00e7\u00e3o org\u00e2nica tamb\u00e9m se encontra inserida.\n4) Centro de Aprendizagem em Compostagem e Agricultura Urbana (CACAU): espa\u00e7os educativos sobre compostagem e agricultura urbana em funcionamento no Jardim Bot\u00e2nico Chico Mendes e no Orquid\u00e1rio Municipal, voltados para estudo e an\u00e1lise sobre as diferentes maneiras de se praticar a compostagem, bem como as formas de utiliza\u00e7\u00e3o dos biofertilizantes produzidos pelas composteiras."
        },
        {
            "codigo": 6190,
            "data": "2022-12-31 00:00:00",
            "valor": null,
            "descricao": "RESPOSTA: SIM. Segundo a equipe gerencial do Programa COMPOSTA SANTOS, subordinada \u00e0 Coordenadoria de Pol\u00edticas Ambientais (COPOLAM) da Secretaria de Meio Ambiente de Santos (SEMAM/SANTOS), o munic\u00edpio apresenta as seguintes pol\u00edticas de incentivo \u00e0 produ\u00e7\u00e3o e consumo de produtos org\u00e2nicos:\n\n1) Horta Ecol\u00f3gica: O munic\u00edpio tem dentro de suas a\u00e7\u00f5es, desde 2010, o Programa Horta Ecol\u00f3gica, que acontece todas as quartas-feiras, das 14h00 \u00e0s 17h00, no Jardim Bot\u00e2nico Chico Mendes, em parceria com a Casa da Agricultura de Santos (Governo do Estado). Neste Programa os participantes tem a oportunidade de vivenciar atividades de preparo e condu\u00e7\u00e3o de canteiros de hortas, incluindo sementeiras e pr\u00e1ticas de compostagem. S\u00e3o valorizados os princ\u00edpios de permacultura, de economia solid\u00e1ria e de comunidade de aprendizagem, dentro da perspectiva da educa\u00e7\u00e3o popular de Paulo Freire. Al\u00e9m das plantas tradicionais, o programa tamb\u00e9m incentiva o uso de Plantas Aliment\u00edcias N\u00e3o Convencionais (PANCs). Os integrantes do Horta Ecol\u00f3gica tamb\u00e9m interagem nas atividades das Feiras Org\u00e2nicas realizadas no Jardim Bot\u00e2nico Municipal de Santos (primeiros e terceiros domingos do m\u00eas);\n2) Feiras Org\u00e2nicas: Com in\u00edcio em 2011, no Jardim Bot\u00e2nico Municipal de Santos Chico Mendes a feira atualmente ocorre aos s\u00e1bados, no Orquid\u00e1rio Municipal de Santos; \u00e0s ter\u00e7as-feiras, na Igreja da Aparecida; e nos primeiros e terceiros domingos de cada m\u00eas, no Jardim Bot\u00e2nico Chico Mendes (o hor\u00e1rio sempre \u00e9 das 9h \u00e0s 13h). Nas feiras tamb\u00e9m h\u00e1 eventos que promovem boas pr\u00e1ticas de sa\u00fade, lazer e educa\u00e7\u00e3o. Em 2022 a Secretaria de Meio Ambiente (SEMAM) promoveu a realiza\u00e7\u00e3o de 97 (noventa e sete) feiras org\u00e2nicas em Santos;\n3) Composta Santos: Em 2018 foram iniciadas as atividades do \"Projeto Santos Sustent\u00e1vel: Compostagem e Agricultura Urbana\", que tem incentivado a segrega\u00e7\u00e3o de res\u00edduos em tr\u00eas fra\u00e7\u00f5es e a produ\u00e7\u00e3o e uso de composto e biofertilizante l\u00edquidos como forma de dar melhor destina\u00e7\u00e3o a fra\u00e7\u00e3o org\u00e2nica (diminuindo a sobrecarga do Aterro Sanit\u00e1rio S\u00edtio das Neves) e promovendo a e a produ\u00e7\u00e3o de alimentos. jardinagem Dentro das a\u00e7\u00f5es, 54 (cinquenta e quatro) composteiras de vermicompostagem foram adquiridas e distribu\u00eddas e um p\u00e1tio para compostagem de res\u00edduos de feira est\u00e1 em fase de constru\u00e7\u00e3o. Oficinas de compostagem tamb\u00e9m tem acontecido nas feiras org\u00e2nicas. Neste contexto, a promo\u00e7\u00e3o de hortas em escolas e da reflex\u00e3o sobre uma alimenta\u00e7\u00e3o org\u00e2nica tamb\u00e9m se encontra inserida;\n4) Centro de Aprendizagem em Compostagem e Agricultura Urbana (CACAU): espa\u00e7os educativos sobre compostagem e agricultura urbana em funcionamento no Jardim Bot\u00e2nico Chico Mendes e no Orquid\u00e1rio Municipal, voltados para estudo e an\u00e1lise sobre as diferentes maneiras de se praticar a compostagem, bem como as formas de utiliza\u00e7\u00e3o de biofertilizantes produzidos pelas composteiras;\n5) Feira Feliz: Realizado desde agosto/2022, sempre \u00e0s quartas-feiras, pr\u00f3ximo ao Orquid\u00e1rio Municipal, o trabalho voltado para o \u2018desperd\u00edcio zero\u2019 \u00e9 feito de forma multidisciplinar. Envolve profissionais e volunt\u00e1rios do Programa Composta Santos, al\u00e9m de representantes da Universidade Federal de S\u00e3o Paulo (UNIFESP), da Universidade Paulista (UNIP) e do programa nacional Mesa Brasil SESC. Em formato de parceria com os feirantes, o Feira Feliz coleta hortali\u00e7as e verduras que at\u00e9 ent\u00e3o seriam descartadas pelos comerciantes. Uma triagem do material \u00e9 feira na barraca do projeto e, em seguida, destinada a tr\u00eas diferentes segmentos: alimenta\u00e7\u00e3o humana (Mesa Brasil), enriquecimento de alimenta\u00e7\u00e3o animal e compostagem para adubo (Orquid\u00e1rio). O Projeto promove diferentes formas de reaproveitamento de alimentos como folhas de alface, repolho, beterraba, couve-flor e agri\u00e3o; al\u00e9m de talos de br\u00f3colis, cascas de abacaxi e ramas de cenoura; e elementos comumente descartados em qualquer feira livre promovida no munic\u00edpio de Santos."
        },
        {
            "codigo": 7173,
            "data": "2023-12-31 00:00:00",
            "valor": null,
            "descricao": "RESPOSTA: Sim. H\u00e1 no munic\u00edpio de Santos pol\u00edticas de incentivo \u00e0 produ\u00e7\u00e3o e consumo de produtos org\u00e2nicos:\n\n1) Horta Ecol\u00f3gica: O munic\u00edpio tem dentro de suas a\u00e7\u00f5es, desde 2010, o Programa Horta Ecol\u00f3gica, que acontece todas as quartas-feiras, das 14h00 \u00e0s 17h00, no Jardim Bot\u00e2nico Chico Mendes, em parceria com a Casa da Agricultura de Santos (Governo do Estado). Neste Programa os participantes tem a oportunidade de vivenciar atividades de preparo e condu\u00e7\u00e3o de canteiros de hortas, incluindo sementeiras e pr\u00e1ticas de compostagem. S\u00e3o valorizados os princ\u00edpios de permacultura, de economia solid\u00e1ria e de comunidade de aprendizagem, dentro da perspectiva da educa\u00e7\u00e3o popular de Paulo Freire. Al\u00e9m das plantas tradicionais, o programa tamb\u00e9m incentiva o uso de Plantas Aliment\u00edcias N\u00e3o Convencionais (PANC\u2019s). Os integrantes do Horta Ecol\u00f3gica tamb\u00e9m interagem nas atividades das Feiras Org\u00e2nicas realizadas no Jardim Bot\u00e2nico Municipal de Santos;\n2) Feiras Org\u00e2nicas: Com in\u00edcio em 2011, no Jardim Bot\u00e2nico Municipal de Santos Chico Mendes a feira atualmente ocorre aos s\u00e1bados, no Orquid\u00e1rio Municipal de Santos; \u00e0s ter\u00e7as-feiras, na Igreja da Aparecida; e nos primeiros e terceiros domingos de cada m\u00eas, no Jardim Bot\u00e2nico Chico Mendes (o hor\u00e1rio sempre \u00e9 das 9h \u00e0s 13h). Nas feiras tamb\u00e9m h\u00e1 eventos que promovem boas pr\u00e1ticas de sa\u00fade, lazer e educa\u00e7\u00e3o. Em 2023 a Secretaria de Meio Ambiente (SEMAM) promoveu a realiza\u00e7\u00e3o de 133 (cento e trinta e tr\u00eas) feiras org\u00e2nicas em Santos;\n3) Composta Santos: Em 2018 foram iniciadas as atividades do \"Projeto Santos Sustent\u00e1vel: Compostagem e Agricultura Urbana\", que tem incentivado a segrega\u00e7\u00e3o de res\u00edduos em tr\u00eas fra\u00e7\u00f5es e a produ\u00e7\u00e3o e uso de composto e biofertilizante l\u00edquidos como forma de dar melhor destina\u00e7\u00e3o a fra\u00e7\u00e3o org\u00e2nica (diminuindo a sobrecarga do Aterro Sanit\u00e1rio S\u00edtio das Neves) e promovendo a e a produ\u00e7\u00e3o de alimentos. jardinagem Dentro das a\u00e7\u00f5es, 54 (cinquenta e quatro) composteiras de vermicompostagem foram adquiridas e distribu\u00eddas e um p\u00e1tio para compostagem de res\u00edduos de feira est\u00e1 em fase de constru\u00e7\u00e3o. Oficinas de compostagem tamb\u00e9m tem acontecido nas feiras org\u00e2nicas. Neste contexto, a promo\u00e7\u00e3o de hortas em escolas e da reflex\u00e3o sobre uma alimenta\u00e7\u00e3o org\u00e2nica tamb\u00e9m se encontra inserida;\n4) Centro de Aprendizagem em Compostagem e Agricultura Urbana (CACAU): espa\u00e7os educativos sobre compostagem e agricultura urbana em funcionamento no Jardim Bot\u00e2nico Chico Mendes e no Orquid\u00e1rio Municipal, voltados para estudo e an\u00e1lise sobre as diferentes maneiras de se praticar a compostagem, bem como as formas de utiliza\u00e7\u00e3o de biofertilizantes produzidos pelas composteiras;\n5) Feira Feliz: Realizado desde agosto/2022, sempre \u00e0s quartas-feiras, pr\u00f3ximo ao Orquid\u00e1rio Municipal, o trabalho voltado para o \u2018desperd\u00edcio zero\u2019 \u00e9 feito de forma multidisciplinar. Envolve profissionais e volunt\u00e1rios do Programa Composta Santos, al\u00e9m de representantes da Universidade Federal de S\u00e3o Paulo (UNIFESP), da Universidade Paulista (UNIP) e do programa nacional Mesa Brasil SESC. Em formato de parceria com os feirantes, o Feira Feliz coleta hortali\u00e7as e verduras que at\u00e9 ent\u00e3o seriam descartadas pelos comerciantes. Uma triagem do material \u00e9 feira na barraca do projeto e, em seguida, destinada a tr\u00eas diferentes segmentos: alimenta\u00e7\u00e3o humana (Mesa Brasil), enriquecimento de alimenta\u00e7\u00e3o animal e compostagem para adubo (Orquid\u00e1rio). O Projeto promove diferentes formas de reaproveitamento de alimentos como folhas de alface, repolho, beterraba, couve-flor e agri\u00e3o; al\u00e9m de talos de br\u00f3colis, cascas de abacaxi e ramas de cenoura; e elementos comumente descartados em qualquer feira livre promovida no munic\u00edpio de Santos."
        }
    ]
}