{
    "codigo": 5146,
    "nome": "N\u00famero de professores da rede p\u00fablica com forma\u00e7\u00e3o em n\u00edvel superior",
    "descricao": "N\u00famero de professores da rede p\u00fablica com forma\u00e7\u00e3o em n\u00edvel superior - Cidades Sustentaveis",
    "fonte": "Seduc",
    "tipoValor": "I",
    "periodicidade": {
        "codigo": 6,
        "descricao": "Anual"
    },
    "tags": [
        {
            "codigo": 3,
            "descricao": "Santos Educadora"
        }
    ],
    "secretarias": [
        {
            "codigo": 2907,
            "dado_codigo": 5146,
            "sigla": "SEDUC",
            "nome": "SECRETARIA MUNICIPAL DE EDUCA\u00c7\u00c3O"
        }
    ],
    "autarquias": [],
    "metas": [
        {
            "codigo": 5,
            "numero": 5,
            "titulo": "Igualdade de G\u00eanero",
            "objetivo": "Alcan\u00e7ar a igualdade de g\u00eanero e empoderar todas as mulheres e meninas",
            "imagem_url": "5.jpg",
            "link": "http://www.agenda2030.org.br/ods/5/"
        }
    ],
    "eixos": [
        {
            "codigo": 10,
            "descricao": "Educa\u00e7\u00e3o para a Sustentabilidade e Qualidade de Vida"
        }
    ],
    "valores": [
        {
            "codigo": 2933,
            "data": "2017-12-31 00:00:00",
            "valor": "3080.00",
            "descricao": null
        },
        {
            "codigo": 2934,
            "data": "2013-08-31 00:00:00",
            "valor": "3019.00",
            "descricao": null
        },
        {
            "codigo": 2935,
            "data": "2014-08-31 00:00:00",
            "valor": "3058.00",
            "descricao": null
        },
        {
            "codigo": 2936,
            "data": "2015-08-31 00:00:00",
            "valor": "3053.00",
            "descricao": null
        },
        {
            "codigo": 2937,
            "data": "2016-12-31 00:00:00",
            "valor": "3058.00",
            "descricao": null
        },
        {
            "codigo": 3776,
            "data": "2018-12-31 00:00:00",
            "valor": "3076.00",
            "descricao": null
        },
        {
            "codigo": 4373,
            "data": "2019-12-31 00:00:00",
            "valor": "3168.00",
            "descricao": null
        },
        {
            "codigo": 5007,
            "data": "2020-12-31 00:00:00",
            "valor": "3150.00",
            "descricao": null
        },
        {
            "codigo": 5639,
            "data": "2021-12-21 00:00:00",
            "valor": "3150.00",
            "descricao": null
        },
        {
            "codigo": 6434,
            "data": "2022-12-31 00:00:00",
            "valor": "2900.00",
            "descricao": null
        },
        {
            "codigo": 7071,
            "data": "2023-12-31 00:00:00",
            "valor": "3086.00",
            "descricao": null
        }
    ]
}