{
    "codigo": 5151,
    "nome": "N\u00famero total de professores da educa\u00e7\u00e3o b\u00e1sica",
    "descricao": "N\u00famero total de professores da educa\u00e7\u00e3o b\u00e1sica - Cidades Sustentaveis",
    "fonte": "Diretoria Regional de Ensino do Estado + Seduc",
    "tipoValor": "I",
    "periodicidade": {
        "codigo": 6,
        "descricao": "Anual"
    },
    "tags": [
        {
            "codigo": 3,
            "descricao": "Santos Educadora"
        }
    ],
    "secretarias": [
        {
            "codigo": 2907,
            "dado_codigo": 5151,
            "sigla": "SEDUC",
            "nome": "SECRETARIA MUNICIPAL DE EDUCA\u00c7\u00c3O"
        }
    ],
    "autarquias": [],
    "metas": [
        {
            "codigo": 5,
            "numero": 5,
            "titulo": "Igualdade de G\u00eanero",
            "objetivo": "Alcan\u00e7ar a igualdade de g\u00eanero e empoderar todas as mulheres e meninas",
            "imagem_url": "5.jpg",
            "link": "http://www.agenda2030.org.br/ods/5/"
        }
    ],
    "eixos": [
        {
            "codigo": 10,
            "descricao": "Educa\u00e7\u00e3o para a Sustentabilidade e Qualidade de Vida"
        }
    ],
    "valores": [
        {
            "codigo": 2958,
            "data": "2017-12-31 00:00:00",
            "valor": "3080.00",
            "descricao": null
        },
        {
            "codigo": 2959,
            "data": "2014-08-31 00:00:00",
            "valor": "3058.00",
            "descricao": null
        },
        {
            "codigo": 2960,
            "data": "2016-12-31 00:00:00",
            "valor": "3058.00",
            "descricao": null
        },
        {
            "codigo": 2961,
            "data": "2013-08-31 00:00:00",
            "valor": "3019.00",
            "descricao": null
        },
        {
            "codigo": 2962,
            "data": "2015-08-31 00:00:00",
            "valor": "3053.00",
            "descricao": null
        },
        {
            "codigo": 3782,
            "data": "2018-12-31 00:00:00",
            "valor": "3076.00",
            "descricao": null
        },
        {
            "codigo": 4499,
            "data": "2019-12-31 00:00:00",
            "valor": "3168.00",
            "descricao": null
        },
        {
            "codigo": 5119,
            "data": "2020-12-31 00:00:00",
            "valor": "3234.00",
            "descricao": null
        },
        {
            "codigo": 5643,
            "data": "2021-12-21 00:00:00",
            "valor": "3234.00",
            "descricao": null
        },
        {
            "codigo": 6452,
            "data": "2022-12-31 00:00:00",
            "valor": "9056.00",
            "descricao": null
        },
        {
            "codigo": 7361,
            "data": "2023-12-31 00:00:00",
            "valor": "3323.00",
            "descricao": null
        }
    ]
}