{
    "codigo": 5152,
    "nome": "Existe Plano de Metas no munic\u00edpio?",
    "descricao": "Existe Plano de Metas no munic\u00edpio? - Cidades Sustentaveis",
    "fonte": "OTC",
    "tipoValor": "T",
    "periodicidade": {
        "codigo": 6,
        "descricao": "Anual"
    },
    "tags": [
        {
            "codigo": 18,
            "descricao": "Santos Transparente"
        }
    ],
    "secretarias": [
        {
            "codigo": 2833,
            "dado_codigo": 5152,
            "sigla": "OTC",
            "nome": "OUVIDORIA, TRANSPAR\u00caNCIA E CONTROLE"
        }
    ],
    "autarquias": [],
    "metas": [
        {
            "codigo": 17,
            "numero": 16,
            "titulo": "Paz, Justi\u00e7a e Institui\u00e7\u00f5es Eficazes",
            "objetivo": "Promover sociedades pac\u00edficas e inclusivas para o desenvolvimento sustent\u00e1vel, proporcionar o acesso \u00e0 justi\u00e7a para todos e construir institui\u00e7\u00f5es eficazes, respons\u00e1veis e inclusivas em todos os n\u00edveis",
            "imagem_url": "17.jpg",
            "link": "http://www.agenda2030.org.br/ods/16/"
        }
    ],
    "eixos": [
        {
            "codigo": 4,
            "descricao": "Governan\u00e7a"
        }
    ],
    "valores": [
        {
            "codigo": 2963,
            "data": "2015-12-31 00:00:00",
            "valor": "0.00",
            "descricao": "Sim."
        },
        {
            "codigo": 2964,
            "data": "2014-12-31 00:00:00",
            "valor": "0.00",
            "descricao": "Sim."
        },
        {
            "codigo": 2965,
            "data": "2013-12-31 00:00:00",
            "valor": "0.00",
            "descricao": "Sim."
        },
        {
            "codigo": 2966,
            "data": "2016-12-31 00:00:00",
            "valor": "0.00",
            "descricao": "Sim."
        },
        {
            "codigo": 2967,
            "data": "2017-12-31 00:00:00",
            "valor": "0.00",
            "descricao": "Sim. Existe Plano de Metas."
        },
        {
            "codigo": 3395,
            "data": "2018-12-31 00:00:00",
            "valor": null,
            "descricao": "Sim. Existe Plano de Metas."
        },
        {
            "codigo": 4413,
            "data": "2019-12-30 00:00:00",
            "valor": null,
            "descricao": "Sim. Existe Plano de Metas."
        },
        {
            "codigo": 4798,
            "data": "2020-12-31 00:00:00",
            "valor": null,
            "descricao": "Sim, Plano Municipal de Metas. Todas as Secretarias. Consultas em https://egov.santos.sp.gov.br/dadosabertos/planogoverno"
        },
        {
            "codigo": 6034,
            "data": "2021-12-31 00:00:00",
            "valor": null,
            "descricao": "Existe o acompanhamento de todos os compromissos do Plano de Governo, por meio do endere\u00e7o https://egov.santos.sp.gov.br/dadosabertos/planogoverno"
        },
        {
            "codigo": 6639,
            "data": "2022-12-31 00:00:00",
            "valor": null,
            "descricao": "Existe o acompanhamento de todos os compromissos do Plano de Governo, por meio do endere\u00e7o https://egov.santos.sp.gov.br/dadosabertos/planogoverno"
        }
    ]
}