{
    "codigo": 5153,
    "nome": "O Plano de Metas est\u00e1 regulamentado na Lei Org\u00e2nica do Munic\u00edpio?",
    "descricao": "O Plano de Metas est\u00e1 regulamentado na Lei Org\u00e2nica do Munic\u00edpio? - Cidades Sustentaveis",
    "fonte": "OTC",
    "tipoValor": "T",
    "periodicidade": {
        "codigo": 6,
        "descricao": "Anual"
    },
    "tags": [
        {
            "codigo": 18,
            "descricao": "Santos Transparente"
        }
    ],
    "secretarias": [
        {
            "codigo": 2833,
            "dado_codigo": 5153,
            "sigla": "OTC",
            "nome": "OUVIDORIA, TRANSPAR\u00caNCIA E CONTROLE"
        }
    ],
    "autarquias": [],
    "metas": [
        {
            "codigo": 17,
            "numero": 16,
            "titulo": "Paz, Justi\u00e7a e Institui\u00e7\u00f5es Eficazes",
            "objetivo": "Promover sociedades pac\u00edficas e inclusivas para o desenvolvimento sustent\u00e1vel, proporcionar o acesso \u00e0 justi\u00e7a para todos e construir institui\u00e7\u00f5es eficazes, respons\u00e1veis e inclusivas em todos os n\u00edveis",
            "imagem_url": "17.jpg",
            "link": "http://www.agenda2030.org.br/ods/16/"
        }
    ],
    "eixos": [
        {
            "codigo": 4,
            "descricao": "Governan\u00e7a"
        }
    ],
    "valores": [
        {
            "codigo": 2968,
            "data": "2013-12-31 00:00:00",
            "valor": "0.00",
            "descricao": "N\u00e3o."
        },
        {
            "codigo": 2969,
            "data": "2015-12-31 00:00:00",
            "valor": "0.00",
            "descricao": "N\u00e3o."
        },
        {
            "codigo": 2970,
            "data": "2016-12-31 00:00:00",
            "valor": "0.00",
            "descricao": "Sim."
        },
        {
            "codigo": 2971,
            "data": "2014-12-31 00:00:00",
            "valor": "0.00",
            "descricao": "N\u00e3o."
        },
        {
            "codigo": 2972,
            "data": "2017-12-31 00:00:00",
            "valor": "0.00",
            "descricao": "Sim. O Plano de Metas est\u00e1 regulamentado na Lei Org\u00e2nica do Munic\u00edpio (Artigo 58-A)."
        },
        {
            "codigo": 3438,
            "data": "2018-12-31 00:00:00",
            "valor": null,
            "descricao": "Sim. O Plano de Metas est\u00e1 regulamentado na Lei Org\u00e2nica do Munic\u00edpio (Artigo 58-A)."
        },
        {
            "codigo": 4257,
            "data": "2019-12-31 00:00:00",
            "valor": null,
            "descricao": "Sim."
        },
        {
            "codigo": 4809,
            "data": "2020-12-31 00:00:00",
            "valor": null,
            "descricao": "Parcialmente, Consta no artigo 58-A da Lei Org\u00e2nica"
        },
        {
            "codigo": 6035,
            "data": "2021-12-31 00:00:00",
            "valor": null,
            "descricao": "Sim, na Lei Org\u00e2nica do Munic\u00edpio (Artigo 58-A)"
        },
        {
            "codigo": 6723,
            "data": "2022-12-31 00:00:00",
            "valor": null,
            "descricao": "Sim, na Lei Org\u00e2nica do Munic\u00edpio (Artigo 58-A)"
        }
    ]
}