{
    "codigo": 5154,
    "nome": "A prefeitura faz audi\u00eancias p\u00fablicas para dar uma devolutiva \u00e0 popula\u00e7\u00e3o sobre o desenvolvimento das metas? Qual a periodicidade?",
    "descricao": "A prefeitura faz audi\u00eancias p\u00fablicas para dar uma devolutiva \u00e0 popula\u00e7\u00e3o sobre o desenvolvimento das metas? Qual a periodicidade? - Cidades Sustent\u00e1veis",
    "fonte": "OTC",
    "tipoValor": "T",
    "periodicidade": {
        "codigo": 6,
        "descricao": "Anual"
    },
    "tags": [
        {
            "codigo": 18,
            "descricao": "Santos Transparente"
        }
    ],
    "secretarias": [
        {
            "codigo": 2833,
            "dado_codigo": 5154,
            "sigla": "OTC",
            "nome": "OUVIDORIA, TRANSPAR\u00caNCIA E CONTROLE"
        }
    ],
    "autarquias": [],
    "metas": [
        {
            "codigo": 17,
            "numero": 16,
            "titulo": "Paz, Justi\u00e7a e Institui\u00e7\u00f5es Eficazes",
            "objetivo": "Promover sociedades pac\u00edficas e inclusivas para o desenvolvimento sustent\u00e1vel, proporcionar o acesso \u00e0 justi\u00e7a para todos e construir institui\u00e7\u00f5es eficazes, respons\u00e1veis e inclusivas em todos os n\u00edveis",
            "imagem_url": "17.jpg",
            "link": "http://www.agenda2030.org.br/ods/16/"
        }
    ],
    "eixos": [
        {
            "codigo": 4,
            "descricao": "Governan\u00e7a"
        }
    ],
    "valores": [
        {
            "codigo": 2973,
            "data": "2013-12-31 00:00:00",
            "valor": "0.00",
            "descricao": "N\u00e3o"
        },
        {
            "codigo": 2974,
            "data": "2017-12-31 00:00:00",
            "valor": "0.00",
            "descricao": "Sim, a Prefeitura faz audi\u00eancias para dar uma devolutiva \u00e0 popula\u00e7\u00e3o. A periodicidade \u00e9 anual."
        },
        {
            "codigo": 2975,
            "data": "2016-12-31 00:00:00",
            "valor": "0.00",
            "descricao": "N\u00e3o"
        },
        {
            "codigo": 2976,
            "data": "2014-12-31 00:00:00",
            "valor": "0.00",
            "descricao": "N\u00e3o"
        },
        {
            "codigo": 2977,
            "data": "2015-12-31 00:00:00",
            "valor": "0.00",
            "descricao": "N\u00e3o"
        },
        {
            "codigo": 3388,
            "data": "2018-12-31 00:00:00",
            "valor": null,
            "descricao": "Sim. Anual."
        },
        {
            "codigo": 4412,
            "data": "2019-12-30 00:00:00",
            "valor": null,
            "descricao": "Sim. Anual."
        },
        {
            "codigo": 4728,
            "data": "2020-12-31 00:00:00",
            "valor": null,
            "descricao": "Sim, anual."
        },
        {
            "codigo": 6004,
            "data": "2021-12-31 00:00:00",
            "valor": null,
            "descricao": "Sim. Faz audi\u00eancias p\u00fablicas junto \u00e0 C\u00e2mara Municipal, no 1\u00ba quadrimestre ap\u00f3s o primeiro ano de governo (\u00a7 3\u00ba, artigo 58-A) e na primeira quinzena de cada ano (\u00a7 8\u00ba, artigo 58-A)."
        },
        {
            "codigo": 6634,
            "data": "2022-12-31 00:00:00",
            "valor": null,
            "descricao": "Sim. Faz audi\u00eancias p\u00fablicas junto \u00e0 C\u00e2mara Municipal, no 1\u00ba quadrimestre ap\u00f3s o primeiro ano de governo (\u00a7 3\u00ba, artigo 58-A) e na primeira quinzena de cada ano (\u00a7 8\u00ba, artigo 58-A)"
        }
    ]
}