{
    "codigo": 5155,
    "nome": "Existe no munic\u00edpio pol\u00edticas de promo\u00e7\u00e3o das atividades culturais e produ\u00e7\u00e3o de produtos locais? Quais?",
    "descricao": "Existe no munic\u00edpio pol\u00edticas de promo\u00e7\u00e3o das atividades culturais e produ\u00e7\u00e3o de produtos locais? Quais? - Cidades Sustentaveis",
    "fonte": "Secult",
    "tipoValor": "T",
    "periodicidade": {
        "codigo": 6,
        "descricao": "Anual"
    },
    "tags": [
        {
            "codigo": 2,
            "descricao": "Santos Cultural e Tur\u00edstica"
        }
    ],
    "secretarias": [
        {
            "codigo": 609,
            "dado_codigo": 5155,
            "sigla": "SECULT",
            "nome": "SECRETARIA MUNICIPAL DE CULTURA"
        }
    ],
    "autarquias": [],
    "metas": [
        {
            "codigo": 13,
            "numero": 12,
            "titulo": "Consumo e Produ\u00e7\u00e3o Respons\u00e1veis",
            "objetivo": "Assegurar padr\u00f5es de produ\u00e7\u00e3o e de consumo sustent\u00e1veis",
            "imagem_url": "13.jpg",
            "link": "http://www.agenda2030.org.br/ods/12/"
        }
    ],
    "eixos": [
        {
            "codigo": 11,
            "descricao": "Economia Local, Din\u00e2mica, Criativa e Sustent\u00e1vel"
        }
    ],
    "valores": [
        {
            "codigo": 2978,
            "data": "2013-12-31 00:00:00",
            "valor": "24.00",
            "descricao": "Sim. S\u00e3o elas: Projetos Tendas de Ver\u00e3o. Chorinho no Aqu\u00e1rio, Choro no Guarany, Orquestra Sinf\u00f4nica de santos, Coral Municipal de Santos, Baile na Orla, Festa Inverno, Carnaval, Semana Cultura Cai\u00e7ara, Carnabanda, Choro das Esta\u00e7\u00f5es, Choro no Ouro Verde, Musica no Centro, Musica no Quebramar, Gibiteca- Cursos, Centro de Atividade- Cursos, Pinacoteca Benedito Calixto- Eventos, Desfiles de Carnaval, Biblioteca Candido Portinari \u2013 Eventos, Ciclo da poesia Falada, Projeto Muito Prazer \u201c Meu Nome \u00e9 Hip Hop\u201d, Casa da Frontaria Azulejada \u2013 Eventos, Tocando Santos, Encontro dos Corais, Santos Jazz Festival, Sarau Santista, Natal Cultural Encena\u00e7\u00e3o Natalina, Trem Cultural- Casa do Trem B\u00e9lico, Espa\u00e7o Cultural Corisco, Dia do Rock, Oficina de Arqueologia para Crian\u00e7as, Santos Comic Expo 2014, Exposi\u00e7\u00f5es nas Galerias, Comedoria do Sesc \u2013 Caros Amigos, Sesc \u2013 Malabarismo \u00e9 M\u00fasica Sesc \u2013 M\u00fasica Ars Viva, Palestras no Engenho dos Erasmos, Sansex \u2013 Festival de Cinema e da Cultura da Diversidade Cultural de Santos, Virada Cultural, Batalha do Bonde, Ver\u00e3o Moby Clube e Encontro da Cultura Japonesa Teatro: Mostra de Teatro Olho da Rua, Festa \u2013 Festival Santista de Teatro Amador, Festes- Festival de Teatro Estudantil, Fescete- Festival de Cenas Teatrais, Mostra de Teatro do Sindicato dos Metal\u00fargicos, Ciclo de Estudos Teatrais, Mirada- Festival Ibero Americano de Artes C\u00eanicas e Vila do Teatro Economia Criativa: Feiras de Artes e Encontro de Criadores \u00c1udiovisual: Cine ZN, Cinemateca, Cine Arte, Curta Santos, Cine Comunidade, Cine Clube Maurice Legeard, Cine ZenClube, Museu da Imagem e do Som, Semana Vicente de Carvalho e Companhia do Elefante de Cinema Dan\u00e7a: Maracatu Quiloa, Festival de dan\u00e7a de Santos- Dan\u00e7ar a Vida Cirandan\u00e7a, Fidi Fest - Festival Internacional de Dan\u00e7a Fundo Municipal de Apoio \u00e0 Cultura (Facult): 30 projetos por ano. Cada projeto \u00e9 realizado em 03 oportunidades totalizando 90 apresenta\u00e7\u00f5es. Literatura: Leia Santos e Eventos na Gibiteca."
        },
        {
            "codigo": 2979,
            "data": "2017-12-31 00:00:00",
            "valor": "64.00",
            "descricao": "Sim. Existe cerca de 64 pol\u00edticas de promo\u00e7\u00e3o das atividades culturais e produ\u00e7\u00e3o de produtos locais. S\u00e3o elas: Tendas de Ver\u00e3o, Chorinho no Aqu\u00e1rio, Chorinho na Concha, Choro no Guarany, Quarteto de Cordas, Orquestra Sinf\u00f4nica de Santos, Coral Municipal de Santos, Santos Jazz Festival, Sarau Santista, Baile da Zona Noroeste, Baile da Orla, Festa Inverno, Carnaval, Cultura na Pra\u00e7a, Musical no Miss, Projeto Conchinha, Canto de Domingo, Semana Cai\u00e7ara, Festa \u2013 Festival de Teatro de Santos, Festes \u2013 Festival de Teatro Estudantil, Mirada, Economia Criativa, Encontro dos Criadores, Feiras de Arte, Festival do Valongo, Curta Santos, Maracatu Quiloa, Festival Cidade de Santos \u2013 Dan\u00e7ar a Vida, Cirandan\u00e7a, Find Fest, Mostra da Diversidade \u2013 Sansex, Mostra das Minas, Cinem\u00e3o, Leia Santos, Adote um Livro e Facult \u2013 30 projetos por ano, realizados em 3 oportunidades cada, totalizando 90 apresenta\u00e7\u00f5es."
        },
        {
            "codigo": 2980,
            "data": "2014-12-31 00:00:00",
            "valor": "25.00",
            "descricao": "Sim. S\u00e3o elas: Projetos Tendas de Ver\u00e3o. Chorinho no Aqu\u00e1rio, Choro no Guarany, Orquestra Sinf\u00f4nica de santos, Coral Municipal de Santos, Baile na Orla, Festa Inverno, Carnaval, Semana Cultura Cai\u00e7ara, Carnabanda, Choro das Esta\u00e7\u00f5es, Choro no Ouro Verde, Musica no Centro, Musica no Quebramar, Gibiteca- Cursos, Centro de Atividade- Cursos, Pinacoteca Benedito Calixto- Eventos, Desfiles de Carnaval, Biblioteca Candido Portinari \u2013 Eventos, Ciclo da poesia Falada, Projeto Muito Prazer \u201c Meu Nome \u00e9 Hip Hop\u201d, Casa da Frontaria Azulejada \u2013 Eventos, Tocando Santos, Encontro dos Corais, Santos Jazz Festival, Sarau Santista, Natal Cultural Encena\u00e7\u00e3o Natalina, Trem Cultural- Casa do Trem B\u00e9lico, Espa\u00e7o Cultural Corisco, Dia do Rock, Oficina de Arqueologia para Crian\u00e7as, Santos Comic Expo 2014, Exposi\u00e7\u00f5es nas Galerias, Comedoria do Sesc \u2013 Caros Amigos, Sesc \u2013 Malabarismo \u00e9 M\u00fasica Sesc \u2013 M\u00fasica Ars Viva, Palestras no Engenho dos Erasmos, Sansex \u2013 Festival de Cinema e da Cultura da Diversidade Cultural de Santos, Virada Cultural, Batalha do Bonde, Ver\u00e3o Moby Clube e Encontro da Cultura Japonesa Teatro: Mostra de Teatro Olho da Rua, Festa \u2013 Festival Santista de Teatro Amador, Festes- Festival de Teatro Estudantil, Fescete- Festival de Cenas Teatrais, Mostra de Teatro do Sindicato dos Metal\u00fargicos, Ciclo de Estudos Teatrais, Mirada- Festival Ibero Americano de Artes C\u00eanicas e Vila do Teatro Economia Criativa: Feiras de Artes e Encontro de Criadores \u00c1udiovisual: Cine ZN, Cinemateca, Cine Arte, Curta Santos, Cine Comunidade, Cine Clube Maurice Legeard, Cine ZenClube, Museu da Imagem e do Som, Semana Vicente de Carvalho e Companhia do Elefante de Cinema Dan\u00e7a: Maracatu Quiloa, Festival de dan\u00e7a de Santos- Dan\u00e7ar a Vida Cirandan\u00e7a, Fidi Fest - Festival Internacional de Dan\u00e7a Fundo Municipal de Apoio \u00e0 Cultura (Facult): 30 projetos por ano. Cada projeto \u00e9 realizado em 03 oportunidades totalizando 90 apresenta\u00e7\u00f5es. Literatura: Leia Santos e Eventos na Gibiteca."
        },
        {
            "codigo": 2981,
            "data": "2015-12-31 00:00:00",
            "valor": "26.00",
            "descricao": "Sim. S\u00e3o as seguintes: Projetos: Tendas de Ver\u00e3o. Chorinho no Aqu\u00e1rio, Chorinho e Teatro na Concha, Choro no Guarany, Quarteto de Cordas, Coral da USP, OSESP- Orquestra Sinf\u00f4nica de S\u00e3o Paulo, Orquestra Sinf\u00f4nica de Santos, Coral Municipal de Santos, Santos Jazz Festival, 24\u00ba Sarau Santista, Baile da Zona Noroeste, Baile na Orla, Festa Inverno, Carnaval, Cultura na Pra\u00e7a, Musical no Miss, M\u00fasica no Centro, M\u00fasica na Concha Festival de M\u00fasica na Pinacoteca, Projeto Conchinha Canto de Domingo, Semana da Cultura Cai\u00e7ara, Festa da Banana, Conjunto Senior de Viol\u00f5es, Festival de M\u00fasica solid\u00e1rio, 1\u00ba Festival da Juventude, Capoeira no Museu de Arte Sacra, Patina\u00e7\u00e3o na Fonte do Sapo, Instrumental no Poupatempo, Casa do Trem \u2013 Exposi\u00e7\u00f5es, Galerias de Arte - Exposi\u00e7\u00f5es. Teatro: Festa \u2013 Festival Santista de Teatro Amador, Festes- Festival de Teatro Estudantil, Festes - Festival de Cenas Teatrais, Mostra de Teatro Olho da rua, Projeto Bispo- Externo Feirarte \u2013 Bufonarias II \u2013 Teatro; Teatro no Sindicato dos Urbanit\u00e1rios; Festival Albatroz; Teatro na Concha Economia Criativa: Encontro dos Criadores e Feiras de Artes \u00c1udiovisual Cine Letras, Curta Santos, Festival Sesc dos Melhores Filmes Era Tudo Verdade (Cine Roxy), Cinema Franc\u00eas no MISS, Cine Comunidade e Cine Arte no MISS Dan\u00e7a: Maracatu Quiloa, Festival Cidade de Santos - Dan\u00e7ar a Vida\u2019, Cirandan\u00e7a,Find Fest, Fedasan - Festival Santista de Dan\u00e7a Diversidade, Mostra da Diversidade \u2013 Sansex Facult (Fundo Municipal de Apoio \u00e0 Cultura): 30 projetos por ano. Cada projeto \u00e9 realizado em 03 oportunidades totalizando 90 apresenta\u00e7\u00f5es. Literatura: Leia Santos, Adote um livro, Gibiteca na Vila do Teatro, Tarrafa Liter\u00e1rias, 3\u00ba Festa do Livro, O Autor e sua Obra."
        },
        {
            "codigo": 2982,
            "data": "2016-12-31 00:00:00",
            "valor": "64.00",
            "descricao": "Sim. H\u00e1 64 pol\u00edticas de promo\u00e7\u00e3o das atividades culturais e produ\u00e7\u00e3o de produtos locais. S\u00e3o elas: Tendas de Ver\u00e3o, Chorinho no Aqu\u00e1rio, Chorinho na Concha, Choro no Guarany Quarteto de Cordas, Orquestra Sinf\u00f4nica de Santos, Coral Municipal de Santos, Santos Jazz Festival, 24\u00ba Sarau Santista Baile da Zona Noroeste, Baile na Orla, Festa Inverno Carnaval, Cultura na Pra\u00e7a, Musical no Miss, Projeto Conchinha Canto de Domingo, Semana Cai\u00e7ara. Teatro: Festa \u2013 Festival de Teatro de Santos, Festes- Festival de Teatro Estudantil. Mirada, Economia Criativa, Encontro dos Criadores Feiras de Artes. \u00c1udiovisual: Festival do Valongo e Curta Santos. Dan\u00e7a: Maracatu Quiloa, Festival Cidade de Santos - Dan\u00e7ar a Vida\u2019, Cirandan\u00e7a e Find Fest. Diversidade: Mostra da Diversidade \u2013 Sansex, Mostra das Minas e Cinem\u00e3o. Facult: 30 projetos por ano. Cada projeto \u00e9 realizado em 03 oportunidades totalizando 90 apresenta\u00e7\u00f5es. Literatura: Leia Santos e Adote um livro."
        },
        {
            "codigo": 3825,
            "data": "2018-12-31 00:00:00",
            "valor": null,
            "descricao": "Sim. Existe cerca de 64 pol\u00edticas de promo\u00e7\u00e3o das atividades culturais e produ\u00e7\u00e3o de produtos locais. S\u00e3o elas: Tendas de Ver\u00e3o, Chorinho no Aqu\u00e1rio, Chorinho na Concha, Choro no Guarany, Quarteto de Cordas, Orquestra Sinf\u00f4nica de Santos, Coral Municipal de Santos, Santos Jazz Festival, Sarau Santista, Baile da Zona Noroeste, Baile da Orla, Festa Inverno, Carnaval, Cultura na Pra\u00e7a, Musical no Miss, Projeto Conchinha, Canto de Domingo, Semana Cai\u00e7ara, Festa \u2013 Festival de Teatro de Santos, Festes \u2013 Festival de Teatro Estudantil, Mirada, Economia Criativa, Encontro dos Criadores, Feiras de Arte, Festival do Valongo, Curta Santos, Maracatu Quiloa, Festival Cidade de Santos \u2013 Dan\u00e7ar a Vida, Cirandan\u00e7a, Find Fest, Mostra da Diversidade \u2013 Sansex, Mostra das Minas, Cinem\u00e3o, Leia Santos, Adote um Livro e Facult \u2013 30 projetos por ano, realizados em 3 oportunidades cada, totalizando 90 apresenta\u00e7\u00f5es."
        },
        {
            "codigo": 4475,
            "data": "2019-12-30 00:00:00",
            "valor": null,
            "descricao": "Sim. Existe cerca de 64 pol\u00edticas de promo\u00e7\u00e3o das atividades culturais e produ\u00e7\u00e3o de produtos locais. S\u00e3o elas: Tendas de Ver\u00e3o, Chorinho no Aqu\u00e1rio, Chorinho na Concha, Choro no Guarany, Quarteto de Cordas, Orquestra Sinf\u00f4nica de Santos, Coral Municipal de Santos, Santos Jazz Festival, Sarau Santista, Baile da Zona Noroeste, Baile da Orla, Festa Inverno, Carnaval, Cultura na Pra\u00e7a, Musical no Miss, Projeto Conchinha, Canto de Domingo, Semana Cai\u00e7ara, Festa \u2013 Festival de Teatro de Santos, Festes \u2013 Festival de Teatro Estudantil, Mirada, Economia Criativa, Encontro dos Criadores, Feiras de Arte, Festival do Valongo, Curta Santos, Maracatu Quiloa, Festival Cidade de Santos \u2013 Dan\u00e7ar a Vida, Cirandan\u00e7a, Find Fest, Mostra da Diversidade \u2013 Sansex, Mostra das Minas, Cinem\u00e3o, Leia Santos, Adote um Livro e Facult \u2013 30 projetos por ano, realizados em 3 oportunidades cada, totalizando 90 apresenta\u00e7\u00f5es."
        },
        {
            "codigo": 4897,
            "data": "2020-12-31 00:00:00",
            "valor": null,
            "descricao": "A Secretaria Municipal de Cultura realiza diversas pol\u00edticas de fomento \u00e0 cultura.\nEm 2017 foi aprovado o Plano Municipal de Cultura, com 21 metas e 260 a\u00e7\u00f5es de curto, m\u00e9dio e longo prazo, elaborado em conjunto com a Sociedade Civil e o Conselho Municipal de Cultura.\nEntre as principais a\u00e7\u00f5es da Secult, destacam-se:\n- Atividades de forma\u00e7\u00e3o, por meio dos cursos do projeto F\u00e1brica Cultural e das Escolas de Forma\u00e7\u00e3o (Escola de Artes C\u00eanicas \u201cWilson Geraldo\u201d, Escola de Bailado Municipal de Santos e Escola Livre de Dan\u00e7a);\n- Atividades de fomento \u00e0 cultura, por meio de concursos e editais de chamamento p\u00fablico, com investimentos do or\u00e7amento municipal e do Fundo de Assist\u00eancia \u00e0 Cultura;\n- Parcerias com Organiza\u00e7\u00f5es Sociais para a\u00e7\u00f5es socioculturais de inclus\u00e3o social de pessoas com defici\u00eancia e/ou de vulnerabilidade social;\n- A\u00e7\u00f5es de acesso \u00e0 cultura, forma\u00e7\u00e3o de plateia e difus\u00e3o cultural, realizados nos equipamentos p\u00fablicos geridos pela Secult (4 teatros, 4 centros de cultura, 6 cinemas, 4 1 8 bibliotecas, 3 museus e 1 concha ac\u00fastica), al\u00e9m de eventos externos em diversos pontos da cidade);\n- realiza\u00e7\u00e3o e apoio aos grandes eventos;\n- elabora\u00e7\u00e3o e atualiza\u00e7\u00e3o do Cadastro Municipal de Cultura."
        },
        {
            "codigo": 6062,
            "data": "2021-12-31 00:00:00",
            "valor": null,
            "descricao": "Desde de o in\u00edcio da pandemia, a Secretaria de Cultura de Santos trabalho insensatamente no apoio aos trabalhadores do setor cultural de todos os segmentos. Em mar\u00e7o de 2020 foi mantido todo o processo do 8\u00ba Facult, pagando integralmente os pr\u00eamios de R$ 15 mil a cada um dos 30 projetos selecionados, um investimento de R$ 450 mil.\nTamb\u00e9m foram mantidos os recursos das premia\u00e7\u00f5es do 1\u00ba Concurso de Apoio a Projetos Culturais de Curtas-Metragens, com investimento de R$ 300 mil. Ainda em 2020 foi lan\u00e7ado o edital do Hora da Cultura Digital, que selecionou 140 projetos. Os artistas selecionados receberam cach\u00ea de R$ 650,00. Investimento de R$ 91 mil.\nDois editais com recursos da Lei Aldir Blanc injetaram R$ 2.262.000,00 em 74 espa\u00e7os culturais e 235 projetos art\u00edsticos. E houve, ainda, a manuten\u00e7\u00e3o dos apoios, via emendas parlamentares da C\u00e2mara Municipal de Santos, para transmiss\u00e3o online de tradicionais festivais da Cidade: Santos Jazz Festival, Santos Film Fest, Semana do Choro, Semana da Cultura Cai\u00e7ara, Fescete, Festival Mais, Tarrafa Liter\u00e1ria e Festa.\nJ\u00e1 em 2021, a Secult prosseguiu com a distribui\u00e7\u00e3o de cestas b\u00e1sicas a profissionais da cultura, cadastrados junto aos movimentos culturais da Cidade. No total 415 fam\u00edlias receberam alimentos mensalmente, al\u00e9m de kits de \u00e1lcool em gel e livros do projeto Leia Santos.\nEm abril do ano passado, a Secult lan\u00e7ou mais dois editais de apoio \u00e0 classe cultural santista: o Hora da Cultura Digital II, que pagou R$ 600,00 por produ\u00e7\u00e3o selecionada, e o 9\u00ba Facult, que pagar\u00e1 R$ 10 mil para 60 projetos culturais, em investimento de R$ 600 mil, 33% maior em compara\u00e7\u00e3o a 2020. \nEm setembro, o prefeito Rog\u00e9rio Santos sancionou o Promicult, lei de incentivo \u00e0 Cultura que poder\u00e1 injetar at\u00e9 R$ 1 milh\u00e3o em projetos culturais de Santos, por meio de ren\u00fancia fiscal oriunda do pagamento de ISS e IPTU de pessoas f\u00edsicas e jur\u00eddicas.  \nNo final de 2021, mais um edital de apoio aos artistas da Cidade foi lan\u00e7ado, com investimento de mais R$ 400 mil, com recursos remanescentes da Lei Aldir Blanc. Somando-se todos os investimentos diretos em editais nos \u00faltimos dois anos, o montante supera R$ 4 milh\u00f5es, o que representou a movimenta\u00e7\u00e3o de mais de R$ 6 milh\u00f5es na economia santista."
        },
        {
            "codigo": 6945,
            "data": "2022-12-31 00:00:00",
            "valor": null,
            "descricao": "A Secretaria de Cultura garantiu acesso para popula\u00e7\u00e3o a uma s\u00e9rie de atividades gratuitas, ao longo de todo o ano de 2022, aos moradores de todas as regi\u00f5es da Cidade, incluindo a Zona Noroeste, Morros e \u00c1rea Continental. \nA Secult disponibilizou mais de 4.903 mil vagas em cursos de artes, divididos em 80 modalidades, com tr\u00eas polos na Zona Noroeste, um no morro S\u00e3o Bento, um em Caruara, entre outros pontos da Cidade. \nApresenta\u00e7\u00f5es musicais, teatrais e sess\u00f5es de cinema gratuitos s\u00e3o promovidos constantemente nas Vila Criativas e outros equipamentos municipais da Cidade. \nSomente em 2022, dois novos editais foram criados para apoiar os artistas santistas: o Programa Municipal de Incentivo Fiscal de Apoio \u00e0 Cultura (Promicult) e o Concurso de Apoio \u00e0 Cultura Negra, disponibilizando mais de R$ 1,2 milh\u00f5es para projetos culturais de Santos. \nAl\u00e9m disso, R$ 1 milh\u00e3o foram disponibilizados por meio do Concurso de Apoio a Projetos Culturais Independentes de Santos \u2013 o Facult. Vale ressaltar que, por for\u00e7a da lei de cria\u00e7\u00e3o do edital, mais da metade das contrapartidas dos contemplados do concurso devem ser executadas, gratuitamente, para moradores da Zona Noroeste, Morros, \u00c1rea Continental e regi\u00e3o do Centro Hist\u00f3rico."
        }
    ]
}