{
    "codigo": 5157,
    "nome": "N\u00famero total de im\u00f3veis do munic\u00edpio",
    "descricao": "N\u00famero total de im\u00f3veis do munic\u00edpio - Cidades Sustentaveis",
    "fonte": "Sedurb",
    "tipoValor": "I",
    "periodicidade": {
        "codigo": 6,
        "descricao": "Anual"
    },
    "tags": [
        {
            "codigo": 19,
            "descricao": "Santos Zeladora"
        }
    ],
    "secretarias": [
        {
            "codigo": 2937,
            "dado_codigo": 5157,
            "sigla": "SEDURB",
            "nome": "SECRETARIA MUNICIPAL DE DESENVOLVIMENTO URBANO"
        }
    ],
    "autarquias": [],
    "metas": [
        {
            "codigo": 12,
            "numero": 11,
            "titulo": "Cidades e Comunidades Sustent\u00e1veis",
            "objetivo": "Tornar as cidades e os assentamentos humanos inclusivos, seguros, resilientes e sustent\u00e1veis",
            "imagem_url": "12.jpg",
            "link": "http://www.agenda2030.org.br/ods/11/"
        }
    ],
    "eixos": [
        {
            "codigo": 8,
            "descricao": "Planejamento e Desenho Urbano"
        }
    ],
    "valores": [
        {
            "codigo": 2988,
            "data": "2015-12-31 00:00:00",
            "valor": "0.00",
            "descricao": null
        },
        {
            "codigo": 2989,
            "data": "2017-12-31 00:00:00",
            "valor": "257.00",
            "descricao": null
        },
        {
            "codigo": 2990,
            "data": "2016-12-31 00:00:00",
            "valor": "257.00",
            "descricao": null
        },
        {
            "codigo": 2991,
            "data": "2013-12-31 00:00:00",
            "valor": "0.00",
            "descricao": null
        },
        {
            "codigo": 2992,
            "data": "2014-12-31 00:00:00",
            "valor": "0.00",
            "descricao": null
        },
        {
            "codigo": 3958,
            "data": "2018-12-31 00:00:00",
            "valor": "208.00",
            "descricao": null
        },
        {
            "codigo": 4861,
            "data": "2020-12-31 00:00:00",
            "valor": "376.00",
            "descricao": null
        },
        {
            "codigo": 6629,
            "data": "2022-12-31 00:00:00",
            "valor": "467.00",
            "descricao": null
        }
    ]
}