{
    "codigo": 5161,
    "nome": "Existe no munic\u00edpio monitoramento de queimadas e inc\u00eandios florestais?",
    "descricao": "Exist\u00eancia de monitoramento de queimadas e inc\u00eandios florestais no munic\u00edpio - Cidades Sustent\u00e1veis - Indicador \"Queimadas e inc\u00eandios florestais\"",
    "fonte": "SESEG - SECRETARIA MUNICIPAL DE SEGURAN\u00c7A / DEPRODEC - DEFESA CIVIL",
    "tipoValor": "T",
    "periodicidade": {
        "codigo": 6,
        "descricao": "Anual"
    },
    "tags": [
        {
            "codigo": 16,
            "descricao": "Santos Segura"
        }
    ],
    "secretarias": [
        {
            "codigo": 779,
            "dado_codigo": 5161,
            "sigla": "SESEG",
            "nome": "SECRETARIA MUNICIPAL DE SEGURAN\u00c7A"
        }
    ],
    "autarquias": [],
    "metas": [
        {
            "codigo": 13,
            "numero": 12,
            "titulo": "Consumo e Produ\u00e7\u00e3o Respons\u00e1veis",
            "objetivo": "Assegurar padr\u00f5es de produ\u00e7\u00e3o e de consumo sustent\u00e1veis",
            "imagem_url": "13.jpg",
            "link": "http://www.agenda2030.org.br/ods/12/"
        }
    ],
    "eixos": [
        {
            "codigo": 5,
            "descricao": "Bens Naturais Comuns"
        }
    ],
    "valores": [
        {
            "codigo": 3010,
            "data": "2016-12-31 00:00:00",
            "valor": "0.00",
            "descricao": "N\u00e3o existe; todo acompanhamento e atendimento a ocorr\u00eancias se houver \u00e9 de responsabilidade da Defesa Civil."
        },
        {
            "codigo": 3011,
            "data": "2013-12-31 00:00:00",
            "valor": "0.00",
            "descricao": "N\u00e3o existe. Todo acompanhamento e atendimento a ocorr\u00eancias se houver \u00e9 de responsabilidade da Defesa Civil."
        },
        {
            "codigo": 3012,
            "data": "2017-12-31 00:00:00",
            "valor": "0.00",
            "descricao": "N\u00e3o existe; todo acompanhamento e atendimento a ocorr\u00eancias se houver \u00e9 de responsabilidade da Defesa Civil."
        },
        {
            "codigo": 3013,
            "data": "2014-12-31 00:00:00",
            "valor": "0.00",
            "descricao": "N\u00e3o existe. Todo acompanhamento e atendimento a ocorr\u00eancias se houver \u00e9 de responsabilidade da Defesa Civil."
        },
        {
            "codigo": 3014,
            "data": "2015-12-31 00:00:00",
            "valor": "0.00",
            "descricao": "N\u00e3o existe. Todo acompanhamento e atendimento a ocorr\u00eancias se houver \u00e9 de responsabilidade da Defesa Civil."
        },
        {
            "codigo": 3765,
            "data": "2018-12-31 00:00:00",
            "valor": null,
            "descricao": "N\u00e3o existe; todo acompanhamento e atendimento a ocorr\u00eancias se houver \u00e9 de responsabilidade da Defesa Civil."
        },
        {
            "codigo": 4408,
            "data": "2019-12-31 00:00:00",
            "valor": null,
            "descricao": "N\u00e3o, mas os t\u00e9cnicos da Defesa Civil e outras secretarias s\u00e3o treinados anualmente com o conhecimento  da opera\u00e7\u00e3o \"Corta-Fogo\"."
        },
        {
            "codigo": 4881,
            "data": "2020-12-31 00:00:00",
            "valor": null,
            "descricao": "N\u00e3o, mas os t\u00e9cnicos da Defesa Civil e outras secretarias s\u00e3o treinados anualmente com o conhecimento da opera\u00e7\u00e3o \"Corta-Fogo\"."
        },
        {
            "codigo": 5398,
            "data": "2021-12-31 00:00:00",
            "valor": null,
            "descricao": "N\u00e3o, por\u00e9m os t\u00e9cnicos do Departamento de prote\u00e7\u00e3o e Defesa Civil e de outras secretarias s\u00e3o treinados anualmente com o conhecimento da \"Opera\u00e7\u00e3o Corta-Fogo\""
        },
        {
            "codigo": 6590,
            "data": "2022-12-31 00:00:00",
            "valor": null,
            "descricao": "N\u00e3o, por\u00e9m os t\u00e9cnicos do Departamento de prote\u00e7\u00e3o e Defesa Civil e de outras secretarias s\u00e3o treinados anualmente com o conhecimento da \"Opera\u00e7\u00e3o Corta-Fogo"
        }
    ]
}