{
    "codigo": 5165,
    "nome": "N\u00famero de alunos na pr\u00e9-escola",
    "descricao": "N\u00famero de alunos na pr\u00e9-escola - Cidades Sustentaveis",
    "fonte": "Seduc",
    "tipoValor": "I",
    "periodicidade": {
        "codigo": 6,
        "descricao": "Anual"
    },
    "tags": [
        {
            "codigo": 3,
            "descricao": "Santos Educadora"
        }
    ],
    "secretarias": [
        {
            "codigo": 2907,
            "dado_codigo": 5165,
            "sigla": "SEDUC",
            "nome": "SECRETARIA MUNICIPAL DE EDUCA\u00c7\u00c3O"
        }
    ],
    "autarquias": [],
    "metas": [
        {
            "codigo": 5,
            "numero": 5,
            "titulo": "Igualdade de G\u00eanero",
            "objetivo": "Alcan\u00e7ar a igualdade de g\u00eanero e empoderar todas as mulheres e meninas",
            "imagem_url": "5.jpg",
            "link": "http://www.agenda2030.org.br/ods/5/"
        }
    ],
    "eixos": [
        {
            "codigo": 10,
            "descricao": "Educa\u00e7\u00e3o para a Sustentabilidade e Qualidade de Vida"
        }
    ],
    "valores": [
        {
            "codigo": 3030,
            "data": "2014-12-31 00:00:00",
            "valor": "5579.00",
            "descricao": null
        },
        {
            "codigo": 3031,
            "data": "2015-12-31 00:00:00",
            "valor": "5367.00",
            "descricao": null
        },
        {
            "codigo": 3032,
            "data": "2016-12-31 00:00:00",
            "valor": "8113.00",
            "descricao": null
        },
        {
            "codigo": 3033,
            "data": "2017-12-31 00:00:00",
            "valor": "4260.00",
            "descricao": null
        },
        {
            "codigo": 3034,
            "data": "2013-12-31 00:00:00",
            "valor": "5703.00",
            "descricao": null
        },
        {
            "codigo": 3836,
            "data": "2018-12-31 00:00:00",
            "valor": "4103.00",
            "descricao": null
        },
        {
            "codigo": 4377,
            "data": "2019-12-31 00:00:00",
            "valor": "4189.00",
            "descricao": null
        },
        {
            "codigo": 5022,
            "data": "2020-12-31 00:00:00",
            "valor": "4243.00",
            "descricao": null
        },
        {
            "codigo": 5465,
            "data": "2021-12-21 00:00:00",
            "valor": "3747.00",
            "descricao": null
        },
        {
            "codigo": 6420,
            "data": "2022-12-31 00:00:00",
            "valor": "5423.00",
            "descricao": null
        },
        {
            "codigo": 7356,
            "data": "2023-12-31 00:00:00",
            "valor": "5605.00",
            "descricao": null
        }
    ]
}