{
    "codigo": 5167,
    "nome": "N\u00famero de alunos no ensino m\u00e9dio",
    "descricao": "N\u00famero de alunos no ensino m\u00e9dio - Cidades Sustentaveis",
    "fonte": "Diretoria Regional de Ensino do Estado",
    "tipoValor": "I",
    "periodicidade": {
        "codigo": 6,
        "descricao": "Anual"
    },
    "tags": [
        {
            "codigo": 3,
            "descricao": "Santos Educadora"
        }
    ],
    "secretarias": [
        {
            "codigo": 2907,
            "dado_codigo": 5167,
            "sigla": "SEDUC",
            "nome": "SECRETARIA MUNICIPAL DE EDUCA\u00c7\u00c3O"
        }
    ],
    "autarquias": [],
    "metas": [
        {
            "codigo": 5,
            "numero": 5,
            "titulo": "Igualdade de G\u00eanero",
            "objetivo": "Alcan\u00e7ar a igualdade de g\u00eanero e empoderar todas as mulheres e meninas",
            "imagem_url": "5.jpg",
            "link": "http://www.agenda2030.org.br/ods/5/"
        }
    ],
    "eixos": [
        {
            "codigo": 10,
            "descricao": "Educa\u00e7\u00e3o para a Sustentabilidade e Qualidade de Vida"
        }
    ],
    "valores": [
        {
            "codigo": 3040,
            "data": "2016-12-31 00:00:00",
            "valor": "0.00",
            "descricao": null
        },
        {
            "codigo": 3041,
            "data": "2013-12-31 00:00:00",
            "valor": "0.00",
            "descricao": null
        },
        {
            "codigo": 3042,
            "data": "2017-12-31 00:00:00",
            "valor": "0.00",
            "descricao": null
        },
        {
            "codigo": 3043,
            "data": "2015-12-31 00:00:00",
            "valor": "0.00",
            "descricao": null
        },
        {
            "codigo": 3044,
            "data": "2014-12-31 00:00:00",
            "valor": "0.00",
            "descricao": null
        },
        {
            "codigo": 3788,
            "data": "2018-12-31 00:00:00",
            "valor": "14294.00",
            "descricao": null
        },
        {
            "codigo": 4416,
            "data": "2019-12-31 00:00:00",
            "valor": "11732.00",
            "descricao": null
        },
        {
            "codigo": 5117,
            "data": "2020-12-31 00:00:00",
            "valor": "9828.00",
            "descricao": null
        },
        {
            "codigo": 5606,
            "data": "2021-12-21 00:00:00",
            "valor": "13732.00",
            "descricao": null
        },
        {
            "codigo": 6820,
            "data": "2022-12-31 00:00:00",
            "valor": "16999.00",
            "descricao": null
        },
        {
            "codigo": 7054,
            "data": "2023-12-31 00:00:00",
            "valor": "16999.00",
            "descricao": null
        }
    ]
}