{
    "codigo": 5171,
    "nome": "Popula\u00e7\u00e3o na faixa et\u00e1ria de 0 a 14 anos",
    "descricao": "Popula\u00e7\u00e3o na faixa et\u00e1ria de 0 a 14 anos - Cidades Sustentaveis - IBGE",
    "fonte": "IBGE 2010",
    "tipoValor": "I",
    "periodicidade": {
        "codigo": 6,
        "descricao": "Anual"
    },
    "tags": [
        {
            "codigo": 16,
            "descricao": "Santos Segura"
        }
    ],
    "secretarias": [
        {
            "codigo": 3399,
            "dado_codigo": 5171,
            "sigla": "SMS",
            "nome": "SECRETARIA MUNICIPAL DE SA\u00daDE"
        }
    ],
    "autarquias": [],
    "metas": [
        {
            "codigo": 17,
            "numero": 16,
            "titulo": "Paz, Justi\u00e7a e Institui\u00e7\u00f5es Eficazes",
            "objetivo": "Promover sociedades pac\u00edficas e inclusivas para o desenvolvimento sustent\u00e1vel, proporcionar o acesso \u00e0 justi\u00e7a para todos e construir institui\u00e7\u00f5es eficazes, respons\u00e1veis e inclusivas em todos os n\u00edveis",
            "imagem_url": "17.jpg",
            "link": "http://www.agenda2030.org.br/ods/16/"
        }
    ],
    "eixos": [
        {
            "codigo": 6,
            "descricao": "Equidade, Justi\u00e7a Social e Cultura de Paz"
        }
    ],
    "valores": [
        {
            "codigo": 3059,
            "data": "2015-12-31 00:00:00",
            "valor": "70251.00",
            "descricao": null
        },
        {
            "codigo": 3060,
            "data": "2016-12-31 00:00:00",
            "valor": "70251.00",
            "descricao": null
        },
        {
            "codigo": 3061,
            "data": "2014-12-31 00:00:00",
            "valor": "70251.00",
            "descricao": null
        },
        {
            "codigo": 3062,
            "data": "2017-12-31 00:00:00",
            "valor": "70251.00",
            "descricao": null
        },
        {
            "codigo": 3063,
            "data": "2013-12-31 00:00:00",
            "valor": "70251.00",
            "descricao": null
        },
        {
            "codigo": 3386,
            "data": "2018-12-31 00:00:00",
            "valor": "70251.00",
            "descricao": null
        },
        {
            "codigo": 4055,
            "data": "2019-12-31 00:00:00",
            "valor": "70251.00",
            "descricao": null
        },
        {
            "codigo": 4694,
            "data": "2020-12-31 00:00:00",
            "valor": "70251.00",
            "descricao": null
        },
        {
            "codigo": 5850,
            "data": "2021-12-31 00:00:00",
            "valor": "70251.00",
            "descricao": null
        },
        {
            "codigo": 6544,
            "data": "2022-12-31 00:00:00",
            "valor": "70251.00",
            "descricao": null
        }
    ]
}