{
    "codigo": 5172,
    "nome": "Quantidade de visitantes nos equipamentos tur\u00edsticos",
    "descricao": "Quantidade de visitantes nos equipamentos tur\u00edsticos - Cidades Sustentaveis",
    "fonte": "Setur",
    "tipoValor": "I",
    "periodicidade": {
        "codigo": 6,
        "descricao": "Anual"
    },
    "tags": [
        {
            "codigo": 2,
            "descricao": "Santos Cultural e Tur\u00edstica"
        }
    ],
    "secretarias": [
        {
            "codigo": 5491,
            "dado_codigo": 5172,
            "sigla": "SEECTUR",
            "nome": "SECRETARIA MUNICIPAL DE EMPREENDEDORISMO, ECONOMIA CRIATIVA E TURISMO"
        }
    ],
    "autarquias": [],
    "metas": [
        {
            "codigo": 9,
            "numero": 8,
            "titulo": "Trabalho Decente e Crescimento Econ\u00f4mico",
            "objetivo": "Promover o crescimento econ\u00f4mico sustentado, inclusivo e sustent\u00e1vel, o emprego pleno e produtivo e o trabalho decente para todos",
            "imagem_url": "9.jpg",
            "link": "http://www.agenda2030.org.br/ods/8/"
        }
    ],
    "eixos": [
        {
            "codigo": 11,
            "descricao": "Economia Local, Din\u00e2mica, Criativa e Sustent\u00e1vel"
        }
    ],
    "valores": [
        {
            "codigo": 3064,
            "data": "2017-12-31 00:00:00",
            "valor": "842300.00",
            "descricao": null
        },
        {
            "codigo": 3065,
            "data": "2013-12-31 00:00:00",
            "valor": "842020.00",
            "descricao": null
        },
        {
            "codigo": 3066,
            "data": "2014-12-31 00:00:00",
            "valor": "887471.00",
            "descricao": null
        },
        {
            "codigo": 3067,
            "data": "2016-12-31 00:00:00",
            "valor": "872815.00",
            "descricao": null
        },
        {
            "codigo": 3068,
            "data": "2015-12-31 00:00:00",
            "valor": "887524.00",
            "descricao": null
        },
        {
            "codigo": 3435,
            "data": "2018-12-31 00:00:00",
            "valor": "690530.00",
            "descricao": null
        },
        {
            "codigo": 4022,
            "data": "2019-12-31 00:00:00",
            "valor": "701258.00",
            "descricao": null
        },
        {
            "codigo": 4648,
            "data": "2020-12-31 00:00:00",
            "valor": "252198.00",
            "descricao": null
        },
        {
            "codigo": 5697,
            "data": "2021-12-31 00:00:00",
            "valor": "296746.00",
            "descricao": null
        },
        {
            "codigo": 6633,
            "data": "2022-12-31 00:00:00",
            "valor": "589128.00",
            "descricao": null
        },
        {
            "codigo": 6987,
            "data": "2023-12-31 00:00:00",
            "valor": "753523.00",
            "descricao": null
        }
    ]
}