{
    "codigo": 5174,
    "nome": "P\u00fablico estimado na temporada de cruzeiros",
    "descricao": "P\u00fablico estimado na temporada de cruzeiros - Cidades Sustentaveis",
    "fonte": "Setur",
    "tipoValor": "I",
    "periodicidade": {
        "codigo": 6,
        "descricao": "Anual"
    },
    "tags": [
        {
            "codigo": 2,
            "descricao": "Santos Cultural e Tur\u00edstica"
        }
    ],
    "secretarias": [
        {
            "codigo": 5491,
            "dado_codigo": 5174,
            "sigla": "SEECTUR",
            "nome": "SECRETARIA MUNICIPAL DE EMPREENDEDORISMO, ECONOMIA CRIATIVA E TURISMO"
        }
    ],
    "autarquias": [],
    "metas": [
        {
            "codigo": 9,
            "numero": 8,
            "titulo": "Trabalho Decente e Crescimento Econ\u00f4mico",
            "objetivo": "Promover o crescimento econ\u00f4mico sustentado, inclusivo e sustent\u00e1vel, o emprego pleno e produtivo e o trabalho decente para todos",
            "imagem_url": "9.jpg",
            "link": "http://www.agenda2030.org.br/ods/8/"
        }
    ],
    "eixos": [
        {
            "codigo": 11,
            "descricao": "Economia Local, Din\u00e2mica, Criativa e Sustent\u00e1vel"
        }
    ],
    "valores": [
        {
            "codigo": 3074,
            "data": "2015-12-31 00:00:00",
            "valor": "738981.00",
            "descricao": null
        },
        {
            "codigo": 3075,
            "data": "2017-12-31 00:00:00",
            "valor": "530497.00",
            "descricao": null
        },
        {
            "codigo": 3076,
            "data": "2014-12-31 00:00:00",
            "valor": "823903.00",
            "descricao": null
        },
        {
            "codigo": 3077,
            "data": "2016-12-31 00:00:00",
            "valor": "428468.00",
            "descricao": null
        },
        {
            "codigo": 3078,
            "data": "2013-12-31 00:00:00",
            "valor": "707230.00",
            "descricao": null
        },
        {
            "codigo": 3942,
            "data": "2018-12-31 00:00:00",
            "valor": "604262.00",
            "descricao": null
        },
        {
            "codigo": 4651,
            "data": "2020-12-31 00:00:00",
            "valor": "0.00",
            "descricao": null
        },
        {
            "codigo": 6632,
            "data": "2022-12-31 00:00:00",
            "valor": "884592.00",
            "descricao": null
        },
        {
            "codigo": 6728,
            "data": "2019-12-31 00:00:00",
            "valor": "574377.00",
            "descricao": null
        },
        {
            "codigo": 6729,
            "data": "2021-12-31 00:00:00",
            "valor": "213275.00",
            "descricao": null
        },
        {
            "codigo": 7387,
            "data": "2023-12-31 00:00:00",
            "valor": "1004623.00",
            "descricao": null
        }
    ]
}