{
    "codigo": 5176,
    "nome": "Quantidade de escolas esportivas",
    "descricao": "Quantidade de escolas esportivas - Cidades Sustentaveis",
    "fonte": "Semes",
    "tipoValor": "I",
    "periodicidade": {
        "codigo": 6,
        "descricao": "Anual"
    },
    "tags": [
        {
            "codigo": 5,
            "descricao": "Santos Esportiva"
        }
    ],
    "secretarias": [
        {
            "codigo": 576,
            "dado_codigo": 5176,
            "sigla": "SEMES",
            "nome": "SECRETARIA MUNICIPAL DE ESPORTES"
        }
    ],
    "autarquias": [],
    "metas": [
        {
            "codigo": 4,
            "numero": 3,
            "titulo": "Sa\u00fade e Bem-Estar",
            "objetivo": "Assegurar uma vida saud\u00e1vel e promover o bem-estar para todos, em todas as idades",
            "imagem_url": "4.jpg",
            "link": "http://www.agenda2030.org.br/ods/3/"
        }
    ],
    "eixos": [
        {
            "codigo": 14,
            "descricao": "A\u00e7\u00e3o Local para a Sa\u00fade"
        }
    ],
    "valores": [
        {
            "codigo": 3084,
            "data": "2016-12-31 00:00:00",
            "valor": "58.00",
            "descricao": null
        },
        {
            "codigo": 3085,
            "data": "2015-12-31 00:00:00",
            "valor": "56.00",
            "descricao": null
        },
        {
            "codigo": 3086,
            "data": "2014-12-31 00:00:00",
            "valor": "56.00",
            "descricao": null
        },
        {
            "codigo": 3087,
            "data": "2017-12-31 00:00:00",
            "valor": "61.00",
            "descricao": null
        },
        {
            "codigo": 3088,
            "data": "2013-12-31 00:00:00",
            "valor": "49.00",
            "descricao": null
        },
        {
            "codigo": 3597,
            "data": "2018-12-31 00:00:00",
            "valor": "50.00",
            "descricao": null
        },
        {
            "codigo": 4246,
            "data": "2019-12-31 00:00:00",
            "valor": "62.00",
            "descricao": null
        },
        {
            "codigo": 5153,
            "data": "2020-12-31 00:00:00",
            "valor": "62.00",
            "descricao": null
        },
        {
            "codigo": 5967,
            "data": "2021-12-31 00:00:00",
            "valor": "50.00",
            "descricao": null
        },
        {
            "codigo": 6974,
            "data": "2022-12-31 00:00:00",
            "valor": "60.00",
            "descricao": null
        }
    ]
}