{
    "codigo": 5178,
    "nome": "Quantidade de alunos atendidos nos cursos esportivos para deficientes",
    "descricao": "Quantidade de alunos atendidos nos cursos esportivos para deficientes - Cidades Sustentaveis",
    "fonte": "Semes",
    "tipoValor": "I",
    "periodicidade": {
        "codigo": 6,
        "descricao": "Anual"
    },
    "tags": [
        {
            "codigo": 5,
            "descricao": "Santos Esportiva"
        }
    ],
    "secretarias": [
        {
            "codigo": 576,
            "dado_codigo": 5178,
            "sigla": "SEMES",
            "nome": "SECRETARIA MUNICIPAL DE ESPORTES"
        }
    ],
    "autarquias": [],
    "metas": [
        {
            "codigo": 4,
            "numero": 3,
            "titulo": "Sa\u00fade e Bem-Estar",
            "objetivo": "Assegurar uma vida saud\u00e1vel e promover o bem-estar para todos, em todas as idades",
            "imagem_url": "4.jpg",
            "link": "http://www.agenda2030.org.br/ods/3/"
        }
    ],
    "eixos": [
        {
            "codigo": 14,
            "descricao": "A\u00e7\u00e3o Local para a Sa\u00fade"
        }
    ],
    "valores": [
        {
            "codigo": 3093,
            "data": "2013-12-31 00:00:00",
            "valor": "490.00",
            "descricao": null
        },
        {
            "codigo": 3094,
            "data": "2014-12-31 00:00:00",
            "valor": "196.00",
            "descricao": null
        },
        {
            "codigo": 3095,
            "data": "2016-12-31 00:00:00",
            "valor": "159.00",
            "descricao": null
        },
        {
            "codigo": 3096,
            "data": "2017-12-31 00:00:00",
            "valor": "370.00",
            "descricao": null
        },
        {
            "codigo": 3097,
            "data": "2015-12-31 00:00:00",
            "valor": "46.00",
            "descricao": null
        },
        {
            "codigo": 3601,
            "data": "2018-12-31 00:00:00",
            "valor": "320.00",
            "descricao": null
        },
        {
            "codigo": 4249,
            "data": "2019-12-31 00:00:00",
            "valor": "332.00",
            "descricao": null
        },
        {
            "codigo": 5183,
            "data": "2020-12-31 00:00:00",
            "valor": "367.00",
            "descricao": null
        },
        {
            "codigo": 5962,
            "data": "2021-12-31 00:00:00",
            "valor": "190.00",
            "descricao": null
        },
        {
            "codigo": 6942,
            "data": "2022-12-31 00:00:00",
            "valor": "2309.00",
            "descricao": null
        }
    ]
}