{
    "codigo": 5181,
    "nome": "Quantidade de eventos esportivos (competi\u00e7\u00f5es e apresenta\u00e7\u00f5es) realizados na cidade (inclusive eventos que n\u00e3o sejam realizados pela Administra\u00e7\u00e3o)",
    "descricao": "Quantidade de eventos esportivos (competi\u00e7\u00f5es e apresenta\u00e7\u00f5es) realizados na cidade (inclusive eventos que n\u00e3o sejam realizados pela Administra\u00e7\u00e3o) - Cidades Sustentaveis",
    "fonte": "Semes",
    "tipoValor": "I",
    "periodicidade": {
        "codigo": 6,
        "descricao": "Anual"
    },
    "tags": [
        {
            "codigo": 5,
            "descricao": "Santos Esportiva"
        }
    ],
    "secretarias": [
        {
            "codigo": 576,
            "dado_codigo": 5181,
            "sigla": "SEMES",
            "nome": "SECRETARIA MUNICIPAL DE ESPORTES"
        }
    ],
    "autarquias": [],
    "metas": [
        {
            "codigo": 4,
            "numero": 3,
            "titulo": "Sa\u00fade e Bem-Estar",
            "objetivo": "Assegurar uma vida saud\u00e1vel e promover o bem-estar para todos, em todas as idades",
            "imagem_url": "4.jpg",
            "link": "http://www.agenda2030.org.br/ods/3/"
        }
    ],
    "eixos": [
        {
            "codigo": 14,
            "descricao": "A\u00e7\u00e3o Local para a Sa\u00fade"
        }
    ],
    "valores": [
        {
            "codigo": 3107,
            "data": "2016-12-31 00:00:00",
            "valor": "474.00",
            "descricao": null
        },
        {
            "codigo": 3108,
            "data": "2015-12-31 00:00:00",
            "valor": "270.00",
            "descricao": null
        },
        {
            "codigo": 3109,
            "data": "2014-12-31 00:00:00",
            "valor": "126.00",
            "descricao": null
        },
        {
            "codigo": 3110,
            "data": "2013-12-31 00:00:00",
            "valor": "28.00",
            "descricao": null
        },
        {
            "codigo": 3111,
            "data": "2017-12-31 00:00:00",
            "valor": "415.00",
            "descricao": null
        },
        {
            "codigo": 3604,
            "data": "2018-12-31 00:00:00",
            "valor": "117.00",
            "descricao": null
        },
        {
            "codigo": 4251,
            "data": "2019-12-31 00:00:00",
            "valor": "213.00",
            "descricao": null
        },
        {
            "codigo": 5195,
            "data": "2020-12-31 00:00:00",
            "valor": "28.00",
            "descricao": null
        },
        {
            "codigo": 5968,
            "data": "2021-12-31 00:00:00",
            "valor": "77.00",
            "descricao": null
        },
        {
            "codigo": 6911,
            "data": "2022-12-31 00:00:00",
            "valor": "257.00",
            "descricao": null
        }
    ]
}