{
    "codigo": 5184,
    "nome": "Quantidade de pessoas em situa\u00e7\u00e3o de rua atendidas no Centro Pop",
    "descricao": "Quantidade de pessoas em situa\u00e7\u00e3o de rua atendidas no Centro Pop - Cidades Sustentaveis",
    "fonte": "Seds",
    "tipoValor": "I",
    "periodicidade": {
        "codigo": 6,
        "descricao": "Anual"
    },
    "tags": [
        {
            "codigo": 1,
            "descricao": "Santos Acolhedora"
        }
    ],
    "secretarias": [
        {
            "codigo": 3299,
            "dado_codigo": 5184,
            "sigla": "SEDS",
            "nome": "SECRETARIA MUNICIPAL DE DESENVOLVIMENTO SOCIAL"
        }
    ],
    "autarquias": [],
    "metas": [
        {
            "codigo": 2,
            "numero": 1,
            "titulo": "Erradica\u00e7\u00e3o da Pobreza",
            "objetivo": "Acabar com a pobreza em todas as suas formas, em todos os lugares",
            "imagem_url": "2.jpg",
            "link": "http://www.agenda2030.org.br/ods/1/"
        }
    ],
    "eixos": [
        {
            "codigo": 6,
            "descricao": "Equidade, Justi\u00e7a Social e Cultura de Paz"
        }
    ],
    "valores": [
        {
            "codigo": 3121,
            "data": "2014-12-31 00:00:00",
            "valor": "558.00",
            "descricao": null
        },
        {
            "codigo": 3122,
            "data": "2017-12-31 00:00:00",
            "valor": "295.00",
            "descricao": null
        },
        {
            "codigo": 3123,
            "data": "2016-12-31 00:00:00",
            "valor": "572.00",
            "descricao": null
        },
        {
            "codigo": 3124,
            "data": "2015-12-31 00:00:00",
            "valor": "565.00",
            "descricao": null
        },
        {
            "codigo": 3638,
            "data": "2018-12-31 00:00:00",
            "valor": "3716.00",
            "descricao": null
        },
        {
            "codigo": 4586,
            "data": "2019-12-31 00:00:00",
            "valor": "3995.00",
            "descricao": null
        },
        {
            "codigo": 4919,
            "data": "2020-12-31 00:00:00",
            "valor": "4577.00",
            "descricao": null
        },
        {
            "codigo": 5872,
            "data": "2021-12-31 00:00:00",
            "valor": "8349.00",
            "descricao": null
        },
        {
            "codigo": 6475,
            "data": "2022-12-31 00:00:00",
            "valor": "14610.00",
            "descricao": null
        }
    ]
}