{
    "codigo": 5185,
    "nome": "Quantidade de restaurantes populares",
    "descricao": "Quantidade de restaurantes populares - Cidades Sustentaveis",
    "fonte": "Seds",
    "tipoValor": "I",
    "periodicidade": {
        "codigo": 6,
        "descricao": "Anual"
    },
    "tags": [
        {
            "codigo": 1,
            "descricao": "Santos Acolhedora"
        }
    ],
    "secretarias": [
        {
            "codigo": 3299,
            "dado_codigo": 5185,
            "sigla": "SEDS",
            "nome": "SECRETARIA MUNICIPAL DE DESENVOLVIMENTO SOCIAL"
        }
    ],
    "autarquias": [],
    "metas": [
        {
            "codigo": 3,
            "numero": 2,
            "titulo": "Fome Zero e Agricultura Sustent\u00e1vel",
            "objetivo": "Acabar com a fome, alcan\u00e7ar a seguran\u00e7a alimentar e melhoria da nutri\u00e7\u00e3o e promover a agricultura sustent\u00e1vel",
            "imagem_url": "3.jpg",
            "link": "http://www.agenda2030.org.br/ods/2/"
        }
    ],
    "eixos": [
        {
            "codigo": 6,
            "descricao": "Equidade, Justi\u00e7a Social e Cultura de Paz"
        }
    ],
    "valores": [
        {
            "codigo": 3125,
            "data": "2017-12-31 00:00:00",
            "valor": "3.00",
            "descricao": null
        },
        {
            "codigo": 3126,
            "data": "2013-12-31 00:00:00",
            "valor": "2.00",
            "descricao": null
        },
        {
            "codigo": 3127,
            "data": "2014-12-31 00:00:00",
            "valor": "2.00",
            "descricao": null
        },
        {
            "codigo": 3128,
            "data": "2015-12-31 00:00:00",
            "valor": "2.00",
            "descricao": null
        },
        {
            "codigo": 3129,
            "data": "2016-12-31 00:00:00",
            "valor": "3.00",
            "descricao": null
        },
        {
            "codigo": 3569,
            "data": "2018-12-31 00:00:00",
            "valor": "4.00",
            "descricao": null
        },
        {
            "codigo": 4587,
            "data": "2019-12-31 00:00:00",
            "valor": "4.00",
            "descricao": null
        },
        {
            "codigo": 4920,
            "data": "2020-12-31 00:00:00",
            "valor": "4.00",
            "descricao": null
        },
        {
            "codigo": 5873,
            "data": "2021-12-31 00:00:00",
            "valor": "4.00",
            "descricao": null
        },
        {
            "codigo": 6476,
            "data": "2022-12-31 00:00:00",
            "valor": "4.00",
            "descricao": null
        }
    ]
}