{
    "codigo": 5186,
    "nome": "Atendimentos nos restaurantes populares",
    "descricao": "Atendimentos nos restaurantes populares - Cidades Sustent\u00e1veis",
    "fonte": "SEDS",
    "tipoValor": "I",
    "periodicidade": {
        "codigo": 6,
        "descricao": "Anual"
    },
    "tags": [
        {
            "codigo": 1,
            "descricao": "Santos Acolhedora"
        }
    ],
    "secretarias": [
        {
            "codigo": 3299,
            "dado_codigo": 5186,
            "sigla": "SEDS",
            "nome": "SECRETARIA MUNICIPAL DE DESENVOLVIMENTO SOCIAL"
        }
    ],
    "autarquias": [],
    "metas": [
        {
            "codigo": 3,
            "numero": 2,
            "titulo": "Fome Zero e Agricultura Sustent\u00e1vel",
            "objetivo": "Acabar com a fome, alcan\u00e7ar a seguran\u00e7a alimentar e melhoria da nutri\u00e7\u00e3o e promover a agricultura sustent\u00e1vel",
            "imagem_url": "3.jpg",
            "link": "http://www.agenda2030.org.br/ods/2/"
        }
    ],
    "eixos": [
        {
            "codigo": 6,
            "descricao": "Equidade, Justi\u00e7a Social e Cultura de Paz"
        }
    ],
    "valores": [
        {
            "codigo": 3130,
            "data": "2013-12-31 00:00:00",
            "valor": "720000.00",
            "descricao": null
        },
        {
            "codigo": 3131,
            "data": "2017-12-31 00:00:00",
            "valor": "873054.00",
            "descricao": null
        },
        {
            "codigo": 3132,
            "data": "2014-12-31 00:00:00",
            "valor": "720000.00",
            "descricao": null
        },
        {
            "codigo": 3133,
            "data": "2015-12-31 00:00:00",
            "valor": "720000.00",
            "descricao": null
        },
        {
            "codigo": 3134,
            "data": "2016-12-31 00:00:00",
            "valor": "864000.00",
            "descricao": null
        },
        {
            "codigo": 3655,
            "data": "2018-12-31 00:00:00",
            "valor": "881064.00",
            "descricao": null
        },
        {
            "codigo": 4588,
            "data": "2019-12-31 00:00:00",
            "valor": "891562.00",
            "descricao": null
        },
        {
            "codigo": 5101,
            "data": "2020-12-31 00:00:00",
            "valor": "1531640.00",
            "descricao": null
        },
        {
            "codigo": 5874,
            "data": "2021-12-31 00:00:00",
            "valor": "1600553.00",
            "descricao": null
        },
        {
            "codigo": 6630,
            "data": "2022-12-31 00:00:00",
            "valor": "1372119.00",
            "descricao": null
        }
    ]
}