{
    "codigo": 5190,
    "nome": "Popula\u00e7\u00e3o na faixa et\u00e1ria de 7 a 14 anos",
    "descricao": "Popula\u00e7\u00e3o na faixa et\u00e1ria de 7 a 14 anos - Cidades Sustent\u00e1veis - IBGE",
    "fonte": "Secult",
    "tipoValor": "I",
    "periodicidade": {
        "codigo": 6,
        "descricao": "Anual"
    },
    "tags": [
        {
            "codigo": 2,
            "descricao": "Santos Cultural e Tur\u00edstica"
        }
    ],
    "secretarias": [
        {
            "codigo": 609,
            "dado_codigo": 5190,
            "sigla": "SECULT",
            "nome": "SECRETARIA MUNICIPAL DE CULTURA"
        }
    ],
    "autarquias": [],
    "metas": [
        {
            "codigo": 5,
            "numero": 5,
            "titulo": "Igualdade de G\u00eanero",
            "objetivo": "Alcan\u00e7ar a igualdade de g\u00eanero e empoderar todas as mulheres e meninas",
            "imagem_url": "5.jpg",
            "link": "http://www.agenda2030.org.br/ods/5/"
        }
    ],
    "eixos": [
        {
            "codigo": 9,
            "descricao": "Cultura para a Sustentabilidade"
        }
    ],
    "valores": [
        {
            "codigo": 3150,
            "data": "2017-12-31 00:00:00",
            "valor": "48962.00",
            "descricao": null
        },
        {
            "codigo": 3669,
            "data": "2018-12-31 00:00:00",
            "valor": "48962.00",
            "descricao": null
        },
        {
            "codigo": 4404,
            "data": "2019-12-30 00:00:00",
            "valor": "48962.00",
            "descricao": null
        },
        {
            "codigo": 4899,
            "data": "2020-12-31 00:00:00",
            "valor": "48962.00",
            "descricao": null
        },
        {
            "codigo": 6063,
            "data": "2021-12-31 00:00:00",
            "valor": "48962.00",
            "descricao": null
        },
        {
            "codigo": 6951,
            "data": "2022-12-31 00:00:00",
            "valor": "50121.00",
            "descricao": null
        }
    ]
}