{
    "codigo": 5193,
    "nome": "Popula\u00e7\u00e3o com 15 anos ou mais",
    "descricao": "Popula\u00e7\u00e3o com 15 anos ou mais - Cidades Sustent\u00e1veis - IBGE",
    "fonte": "Secult",
    "tipoValor": "I",
    "periodicidade": {
        "codigo": 6,
        "descricao": "Anual"
    },
    "tags": [
        {
            "codigo": 2,
            "descricao": "Santos Cultural e Tur\u00edstica"
        }
    ],
    "secretarias": [
        {
            "codigo": 609,
            "dado_codigo": 5193,
            "sigla": "SECULT",
            "nome": "SECRETARIA MUNICIPAL DE CULTURA"
        }
    ],
    "autarquias": [],
    "metas": [
        {
            "codigo": 5,
            "numero": 5,
            "titulo": "Igualdade de G\u00eanero",
            "objetivo": "Alcan\u00e7ar a igualdade de g\u00eanero e empoderar todas as mulheres e meninas",
            "imagem_url": "5.jpg",
            "link": "http://www.agenda2030.org.br/ods/5/"
        }
    ],
    "eixos": [
        {
            "codigo": 9,
            "descricao": "Cultura para a Sustentabilidade"
        }
    ],
    "valores": [
        {
            "codigo": 3160,
            "data": "2017-12-31 00:00:00",
            "valor": "371748.00",
            "descricao": null
        },
        {
            "codigo": 3670,
            "data": "2018-12-31 00:00:00",
            "valor": "371748.00",
            "descricao": null
        },
        {
            "codigo": 4405,
            "data": "2019-12-30 00:00:00",
            "valor": "371748.00",
            "descricao": null
        },
        {
            "codigo": 4900,
            "data": "2020-12-31 00:00:00",
            "valor": "371748.00",
            "descricao": null
        },
        {
            "codigo": 6064,
            "data": "2021-12-31 00:00:00",
            "valor": "371748.00",
            "descricao": null
        },
        {
            "codigo": 6950,
            "data": "2022-12-31 00:00:00",
            "valor": "380703.00",
            "descricao": null
        }
    ]
}