{
    "codigo": 5194,
    "nome": "Popula\u00e7\u00e3o com 25 anos ou mais",
    "descricao": "Popula\u00e7\u00e3o com 25 anos ou mais - Cidades Sustent\u00e1veis - IBGE",
    "fonte": "Seduc",
    "tipoValor": "I",
    "periodicidade": {
        "codigo": 6,
        "descricao": "Anual"
    },
    "tags": [
        {
            "codigo": 3,
            "descricao": "Santos Educadora"
        }
    ],
    "secretarias": [
        {
            "codigo": 2907,
            "dado_codigo": 5194,
            "sigla": "SEDUC",
            "nome": "SECRETARIA MUNICIPAL DE EDUCA\u00c7\u00c3O"
        }
    ],
    "autarquias": [],
    "metas": [
        {
            "codigo": 5,
            "numero": 5,
            "titulo": "Igualdade de G\u00eanero",
            "objetivo": "Alcan\u00e7ar a igualdade de g\u00eanero e empoderar todas as mulheres e meninas",
            "imagem_url": "5.jpg",
            "link": "http://www.agenda2030.org.br/ods/5/"
        }
    ],
    "eixos": [
        {
            "codigo": 10,
            "descricao": "Educa\u00e7\u00e3o para a Sustentabilidade e Qualidade de Vida"
        }
    ],
    "valores": [
        {
            "codigo": 3161,
            "data": "2017-12-31 00:00:00",
            "valor": "302311.00",
            "descricao": null
        },
        {
            "codigo": 3162,
            "data": "2015-12-31 00:00:00",
            "valor": "313540.00",
            "descricao": null
        },
        {
            "codigo": 3163,
            "data": "2014-12-31 00:00:00",
            "valor": "313540.00",
            "descricao": null
        },
        {
            "codigo": 3164,
            "data": "2013-12-31 00:00:00",
            "valor": "313540.00",
            "descricao": null
        },
        {
            "codigo": 3165,
            "data": "2016-12-31 00:00:00",
            "valor": "313540.00",
            "descricao": null
        },
        {
            "codigo": 3791,
            "data": "2018-12-31 00:00:00",
            "valor": "302311.00",
            "descricao": null
        },
        {
            "codigo": 4141,
            "data": "2019-12-31 00:00:00",
            "valor": "302311.00",
            "descricao": null
        },
        {
            "codigo": 5122,
            "data": "2020-12-31 00:00:00",
            "valor": "308625.00",
            "descricao": null
        },
        {
            "codigo": 5457,
            "data": "2021-12-21 00:00:00",
            "valor": "308625.00",
            "descricao": null
        },
        {
            "codigo": 6454,
            "data": "2022-12-31 00:00:00",
            "valor": "308625.00",
            "descricao": null
        },
        {
            "codigo": 7099,
            "data": "2023-12-31 00:00:00",
            "valor": "308625.00",
            "descricao": null
        }
    ]
}