{
    "codigo": 5195,
    "nome": "Popula\u00e7\u00e3o com 60 anos ou mais",
    "descricao": "Popula\u00e7\u00e3o com 60 anos ou mais - Cidades Sustentaveis - IBGE",
    "fonte": "IBGE 2010",
    "tipoValor": "I",
    "periodicidade": {
        "codigo": 6,
        "descricao": "Anual"
    },
    "tags": [
        {
            "codigo": 1,
            "descricao": "Santos Acolhedora"
        }
    ],
    "secretarias": [
        {
            "codigo": 3399,
            "dado_codigo": 5195,
            "sigla": "SMS",
            "nome": "SECRETARIA MUNICIPAL DE SA\u00daDE"
        }
    ],
    "autarquias": [],
    "metas": [
        {
            "codigo": 4,
            "numero": 3,
            "titulo": "Sa\u00fade e Bem-Estar",
            "objetivo": "Assegurar uma vida saud\u00e1vel e promover o bem-estar para todos, em todas as idades",
            "imagem_url": "4.jpg",
            "link": "http://www.agenda2030.org.br/ods/3/"
        }
    ],
    "eixos": [
        {
            "codigo": 7,
            "descricao": "Gest\u00e3o Local para a Sustentabilidade"
        }
    ],
    "valores": [
        {
            "codigo": 3166,
            "data": "2016-12-31 00:00:00",
            "valor": "80353.00",
            "descricao": null
        },
        {
            "codigo": 3167,
            "data": "2017-12-31 00:00:00",
            "valor": "80353.00",
            "descricao": null
        },
        {
            "codigo": 3168,
            "data": "2013-12-31 00:00:00",
            "valor": "80353.00",
            "descricao": null
        },
        {
            "codigo": 3169,
            "data": "2014-12-31 00:00:00",
            "valor": "80353.00",
            "descricao": null
        },
        {
            "codigo": 3170,
            "data": "2015-12-31 00:00:00",
            "valor": "80353.00",
            "descricao": null
        },
        {
            "codigo": 3387,
            "data": "2018-12-31 00:00:00",
            "valor": "80353.00",
            "descricao": null
        },
        {
            "codigo": 4056,
            "data": "2019-12-31 00:00:00",
            "valor": "80353.00",
            "descricao": null
        },
        {
            "codigo": 4695,
            "data": "2020-12-31 00:00:00",
            "valor": "80353.00",
            "descricao": null
        },
        {
            "codigo": 5847,
            "data": "2021-12-31 00:00:00",
            "valor": "80353.00",
            "descricao": null
        },
        {
            "codigo": 6541,
            "data": "2022-12-31 00:00:00",
            "valor": "80353.00",
            "descricao": null
        }
    ]
}