{
    "codigo": 5197,
    "nome": "N\u00famero total de unidades b\u00e1sicas de atendimento em sa\u00fade no munic\u00edpio",
    "descricao": "N\u00famero total de unidades b\u00e1sicas de atendimento em sa\u00fade no munic\u00edpio - Cidades Sustentaveis",
    "fonte": "Sms",
    "tipoValor": "I",
    "periodicidade": {
        "codigo": 6,
        "descricao": "Anual"
    },
    "tags": [
        {
            "codigo": 17,
            "descricao": "Santos Saud\u00e1vel"
        }
    ],
    "secretarias": [
        {
            "codigo": 3399,
            "dado_codigo": 5197,
            "sigla": "SMS",
            "nome": "SECRETARIA MUNICIPAL DE SA\u00daDE"
        }
    ],
    "autarquias": [],
    "metas": [
        {
            "codigo": 4,
            "numero": 3,
            "titulo": "Sa\u00fade e Bem-Estar",
            "objetivo": "Assegurar uma vida saud\u00e1vel e promover o bem-estar para todos, em todas as idades",
            "imagem_url": "4.jpg",
            "link": "http://www.agenda2030.org.br/ods/3/"
        }
    ],
    "eixos": [
        {
            "codigo": 14,
            "descricao": "A\u00e7\u00e3o Local para a Sa\u00fade"
        }
    ],
    "valores": [
        {
            "codigo": 3176,
            "data": "2013-12-31 00:00:00",
            "valor": "30.00",
            "descricao": null
        },
        {
            "codigo": 3177,
            "data": "2014-12-31 00:00:00",
            "valor": "30.00",
            "descricao": null
        },
        {
            "codigo": 3178,
            "data": "2016-12-31 00:00:00",
            "valor": "32.00",
            "descricao": null
        },
        {
            "codigo": 3179,
            "data": "2015-12-31 00:00:00",
            "valor": "30.00",
            "descricao": null
        },
        {
            "codigo": 3180,
            "data": "2017-12-31 00:00:00",
            "valor": "32.00",
            "descricao": null
        },
        {
            "codigo": 3462,
            "data": "2018-12-31 00:00:00",
            "valor": "32.00",
            "descricao": null
        },
        {
            "codigo": 4101,
            "data": "2019-12-31 00:00:00",
            "valor": "32.00",
            "descricao": null
        },
        {
            "codigo": 4696,
            "data": "2020-12-31 00:00:00",
            "valor": "32.00",
            "descricao": null
        },
        {
            "codigo": 5768,
            "data": "2021-12-31 00:00:00",
            "valor": "32.00",
            "descricao": null
        },
        {
            "codigo": 6493,
            "data": "2022-12-31 00:00:00",
            "valor": "32.00",
            "descricao": null
        }
    ]
}