{
    "codigo": 5198,
    "nome": "N\u00famero total de \u00f3bitos de crian\u00e7as com menos de um ano de idade",
    "descricao": "N\u00famero total de \u00f3bitos de crian\u00e7as com menos de um ano de idade - Cidades Sustentaveis",
    "fonte": "Sms",
    "tipoValor": "I",
    "periodicidade": {
        "codigo": 6,
        "descricao": "Anual"
    },
    "tags": [
        {
            "codigo": 17,
            "descricao": "Santos Saud\u00e1vel"
        }
    ],
    "secretarias": [
        {
            "codigo": 3399,
            "dado_codigo": 5198,
            "sigla": "SMS",
            "nome": "SECRETARIA MUNICIPAL DE SA\u00daDE"
        }
    ],
    "autarquias": [],
    "metas": [
        {
            "codigo": 4,
            "numero": 3,
            "titulo": "Sa\u00fade e Bem-Estar",
            "objetivo": "Assegurar uma vida saud\u00e1vel e promover o bem-estar para todos, em todas as idades",
            "imagem_url": "4.jpg",
            "link": "http://www.agenda2030.org.br/ods/3/"
        }
    ],
    "eixos": [
        {
            "codigo": 14,
            "descricao": "A\u00e7\u00e3o Local para a Sa\u00fade"
        }
    ],
    "valores": [
        {
            "codigo": 3181,
            "data": "2017-12-31 00:00:00",
            "valor": "43.00",
            "descricao": null
        },
        {
            "codigo": 3182,
            "data": "2016-12-31 00:00:00",
            "valor": "60.00",
            "descricao": null
        },
        {
            "codigo": 3183,
            "data": "2013-12-31 00:00:00",
            "valor": "60.00",
            "descricao": null
        },
        {
            "codigo": 3184,
            "data": "2014-12-31 00:00:00",
            "valor": "70.00",
            "descricao": null
        },
        {
            "codigo": 3185,
            "data": "2015-12-31 00:00:00",
            "valor": "52.00",
            "descricao": null
        },
        {
            "codigo": 3431,
            "data": "2018-12-31 00:00:00",
            "valor": "54.00",
            "descricao": null
        },
        {
            "codigo": 4095,
            "data": "2019-12-31 00:00:00",
            "valor": "44.00",
            "descricao": null
        },
        {
            "codigo": 4697,
            "data": "2020-12-31 00:00:00",
            "valor": "31.00",
            "descricao": null
        },
        {
            "codigo": 5769,
            "data": "2021-12-31 00:00:00",
            "valor": "39.00",
            "descricao": null
        },
        {
            "codigo": 6518,
            "data": "2022-12-31 00:00:00",
            "valor": "30.00",
            "descricao": null
        }
    ]
}