{
    "codigo": 5200,
    "nome": "N\u00famero total, em metros c\u00fabicos (m\u00b3), de \u00e1gua perdida",
    "descricao": "N\u00famero total, em metros c\u00fabicos (m\u00b3), de \u00e1gua perdida - Cidades Sustentaveis",
    "fonte": "SEMAM",
    "tipoValor": "I",
    "periodicidade": {
        "codigo": 6,
        "descricao": "Anual"
    },
    "tags": [
        {
            "codigo": 20,
            "descricao": "Santos Sustent\u00e1vel"
        }
    ],
    "secretarias": [
        {
            "codigo": 5767,
            "dado_codigo": 5200,
            "sigla": "SEMAM",
            "nome": "SECRETARIA MUNICIPAL DE MEIO AMBIENTE E BEM-ESTAR ANIMAL"
        }
    ],
    "autarquias": [],
    "metas": [
        {
            "codigo": 7,
            "numero": 6,
            "titulo": "\u00c1gua Pot\u00e1vel e Saneamento",
            "objetivo": "Assegurar a disponibilidade e a gest\u00e3o sustent\u00e1vel da \u00e1gua e saneamento para todos",
            "imagem_url": "7.jpg",
            "link": "http://www.agenda2030.org.br/ods/6/"
        }
    ],
    "eixos": [
        {
            "codigo": 5,
            "descricao": "Bens Naturais Comuns"
        }
    ],
    "valores": [
        {
            "codigo": 3191,
            "data": "2017-12-31 00:00:00",
            "valor": "7504000.00",
            "descricao": null
        },
        {
            "codigo": 3192,
            "data": "2016-12-31 00:00:00",
            "valor": "7151680.00",
            "descricao": null
        },
        {
            "codigo": 3193,
            "data": "2015-12-31 00:00:00",
            "valor": "7149907.00",
            "descricao": null
        },
        {
            "codigo": 3194,
            "data": "2013-12-31 00:00:00",
            "valor": "8205604.00",
            "descricao": null
        },
        {
            "codigo": 3195,
            "data": "2014-12-31 00:00:00",
            "valor": "6679544.00",
            "descricao": null
        },
        {
            "codigo": 3505,
            "data": "2018-12-31 00:00:00",
            "valor": "6139428.00",
            "descricao": null
        },
        {
            "codigo": 4178,
            "data": "2019-12-31 00:00:00",
            "valor": "8717982.00",
            "descricao": null
        },
        {
            "codigo": 4768,
            "data": "2020-12-31 00:00:00",
            "valor": "9736461.00",
            "descricao": null
        },
        {
            "codigo": 5295,
            "data": "2021-12-31 00:00:00",
            "valor": "6127139.00",
            "descricao": null
        },
        {
            "codigo": 6391,
            "data": "2022-12-31 00:00:00",
            "valor": "7578423.00",
            "descricao": null
        },
        {
            "codigo": 7343,
            "data": "2023-12-31 00:00:00",
            "valor": "3530292.00",
            "descricao": null
        }
    ]
}