{
    "codigo": 5201,
    "nome": "N\u00famero total de domic\u00edlios que s\u00e3o atendidos pelo abastecimento p\u00fablico de \u00e1gua pot\u00e1vel",
    "descricao": "N\u00famero total de domic\u00edlios que s\u00e3o atendidos pelo abastecimento p\u00fablico de \u00e1gua pot\u00e1vel - Cidades Sustentaveis",
    "fonte": "SABESP",
    "tipoValor": "I",
    "periodicidade": {
        "codigo": 6,
        "descricao": "Anual"
    },
    "tags": [
        {
            "codigo": 20,
            "descricao": "Santos Sustent\u00e1vel"
        }
    ],
    "secretarias": [
        {
            "codigo": 5767,
            "dado_codigo": 5201,
            "sigla": "SEMAM",
            "nome": "SECRETARIA MUNICIPAL DE MEIO AMBIENTE E BEM-ESTAR ANIMAL"
        }
    ],
    "autarquias": [],
    "metas": [
        {
            "codigo": 7,
            "numero": 6,
            "titulo": "\u00c1gua Pot\u00e1vel e Saneamento",
            "objetivo": "Assegurar a disponibilidade e a gest\u00e3o sustent\u00e1vel da \u00e1gua e saneamento para todos",
            "imagem_url": "7.jpg",
            "link": "http://www.agenda2030.org.br/ods/6/"
        }
    ],
    "eixos": [
        {
            "codigo": 5,
            "descricao": "Bens Naturais Comuns"
        }
    ],
    "valores": [
        {
            "codigo": 3196,
            "data": "2014-12-31 00:00:00",
            "valor": "198832.00",
            "descricao": null
        },
        {
            "codigo": 3197,
            "data": "2013-12-31 00:00:00",
            "valor": "195865.00",
            "descricao": null
        },
        {
            "codigo": 3198,
            "data": "2015-12-31 00:00:00",
            "valor": "201316.00",
            "descricao": null
        },
        {
            "codigo": 3199,
            "data": "2017-12-31 00:00:00",
            "valor": "192683.00",
            "descricao": null
        },
        {
            "codigo": 3200,
            "data": "2016-12-31 00:00:00",
            "valor": "203415.00",
            "descricao": null
        },
        {
            "codigo": 3506,
            "data": "2018-12-31 00:00:00",
            "valor": "203641.00",
            "descricao": null
        },
        {
            "codigo": 4179,
            "data": "2019-12-31 00:00:00",
            "valor": "208843.00",
            "descricao": null
        },
        {
            "codigo": 4769,
            "data": "2020-12-31 00:00:00",
            "valor": "210345.00",
            "descricao": null
        },
        {
            "codigo": 5296,
            "data": "2021-12-31 00:00:00",
            "valor": "204040.00",
            "descricao": null
        },
        {
            "codigo": 6384,
            "data": "2022-12-31 00:00:00",
            "valor": "204901.00",
            "descricao": null
        },
        {
            "codigo": 7154,
            "data": "2023-12-31 00:00:00",
            "valor": "204690.00",
            "descricao": null
        }
    ]
}