{
    "codigo": 5202,
    "nome": "N\u00famero de domic\u00edlios sem liga\u00e7\u00e3o com a rede de esgoto",
    "descricao": "N\u00famero de domic\u00edlios sem liga\u00e7\u00e3o com a rede de esgoto - Cidades Sustentaveis",
    "fonte": "SABESP",
    "tipoValor": "I",
    "periodicidade": {
        "codigo": 6,
        "descricao": "Anual"
    },
    "tags": [
        {
            "codigo": 20,
            "descricao": "Santos Sustent\u00e1vel"
        }
    ],
    "secretarias": [
        {
            "codigo": 5767,
            "dado_codigo": 5202,
            "sigla": "SEMAM",
            "nome": "SECRETARIA MUNICIPAL DE MEIO AMBIENTE E BEM-ESTAR ANIMAL"
        }
    ],
    "autarquias": [],
    "metas": [
        {
            "codigo": 7,
            "numero": 6,
            "titulo": "\u00c1gua Pot\u00e1vel e Saneamento",
            "objetivo": "Assegurar a disponibilidade e a gest\u00e3o sustent\u00e1vel da \u00e1gua e saneamento para todos",
            "imagem_url": "7.jpg",
            "link": "http://www.agenda2030.org.br/ods/6/"
        }
    ],
    "eixos": [
        {
            "codigo": 5,
            "descricao": "Bens Naturais Comuns"
        }
    ],
    "valores": [
        {
            "codigo": 3201,
            "data": "2014-12-31 00:00:00",
            "valor": "4853.00",
            "descricao": null
        },
        {
            "codigo": 3202,
            "data": "2013-12-31 00:00:00",
            "valor": "4969.00",
            "descricao": null
        },
        {
            "codigo": 3203,
            "data": "2017-12-31 00:00:00",
            "valor": "3945.00",
            "descricao": null
        },
        {
            "codigo": 3204,
            "data": "2016-12-31 00:00:00",
            "valor": "4472.00",
            "descricao": null
        },
        {
            "codigo": 3205,
            "data": "2015-12-31 00:00:00",
            "valor": "4682.00",
            "descricao": null
        },
        {
            "codigo": 3507,
            "data": "2018-12-31 00:00:00",
            "valor": "4233.00",
            "descricao": null
        },
        {
            "codigo": 4180,
            "data": "2019-12-31 00:00:00",
            "valor": "4273.00",
            "descricao": null
        },
        {
            "codigo": 4770,
            "data": "2020-12-31 00:00:00",
            "valor": "4032.00",
            "descricao": null
        },
        {
            "codigo": 5297,
            "data": "2021-12-31 00:00:00",
            "valor": "0.00",
            "descricao": null
        },
        {
            "codigo": 6383,
            "data": "2022-12-31 00:00:00",
            "valor": "0.00",
            "descricao": null
        },
        {
            "codigo": 7153,
            "data": "2023-12-31 00:00:00",
            "valor": "0.00",
            "descricao": null
        }
    ]
}