{
    "codigo": 5207,
    "nome": "Consumo total de \u00e1gua (ind\u00fastria, com\u00e9rcio, agricultura e dom\u00e9stico), em metros c\u00fabicos (m\u00b3)",
    "descricao": "Consumo total de \u00e1gua (ind\u00fastria, com\u00e9rcio, agricultura e dom\u00e9stico), em metros c\u00fabicos (m\u00b3) - Cidades Sustent\u00e1veis - Indicador \"Consumo de \u00e1gua na atividade econ\u00f4mica local\"",
    "fonte": "SEFIN",
    "tipoValor": "D",
    "periodicidade": {
        "codigo": 6,
        "descricao": "Anual"
    },
    "tags": [
        {
            "codigo": 20,
            "descricao": "Santos Sustent\u00e1vel"
        }
    ],
    "secretarias": [
        {
            "codigo": 4681,
            "dado_codigo": 5207,
            "sigla": "SEFIN",
            "nome": "SECRETARIA MUNICIPAL DE FINAN\u00c7AS E GEST\u00c3O"
        }
    ],
    "autarquias": [],
    "metas": [
        {
            "codigo": 7,
            "numero": 6,
            "titulo": "\u00c1gua Pot\u00e1vel e Saneamento",
            "objetivo": "Assegurar a disponibilidade e a gest\u00e3o sustent\u00e1vel da \u00e1gua e saneamento para todos",
            "imagem_url": "7.jpg",
            "link": "http://www.agenda2030.org.br/ods/6/"
        },
        {
            "codigo": 9,
            "numero": 8,
            "titulo": "Trabalho Decente e Crescimento Econ\u00f4mico",
            "objetivo": "Promover o crescimento econ\u00f4mico sustentado, inclusivo e sustent\u00e1vel, o emprego pleno e produtivo e o trabalho decente para todos",
            "imagem_url": "9.jpg",
            "link": "http://www.agenda2030.org.br/ods/8/"
        },
        {
            "codigo": 12,
            "numero": 11,
            "titulo": "Cidades e Comunidades Sustent\u00e1veis",
            "objetivo": "Tornar as cidades e os assentamentos humanos inclusivos, seguros, resilientes e sustent\u00e1veis",
            "imagem_url": "12.jpg",
            "link": "http://www.agenda2030.org.br/ods/11/"
        }
    ],
    "eixos": [
        {
            "codigo": 12,
            "descricao": "Consumo Respons\u00e1vel e Op\u00e7\u00f5es de Estilo de Vida"
        }
    ],
    "valores": [
        {
            "codigo": 3208,
            "data": "2016-12-31 00:00:00",
            "valor": "36268073.00",
            "descricao": null
        },
        {
            "codigo": 3209,
            "data": "2015-12-31 00:00:00",
            "valor": "36301965.00",
            "descricao": null
        },
        {
            "codigo": 3211,
            "data": "2017-12-31 00:00:00",
            "valor": "36555609.00",
            "descricao": null
        },
        {
            "codigo": 3213,
            "data": "2013-12-31 00:00:00",
            "valor": "38583579.00",
            "descricao": null
        },
        {
            "codigo": 3215,
            "data": "2014-12-31 00:00:00",
            "valor": "38389766.00",
            "descricao": null
        },
        {
            "codigo": 3708,
            "data": "2018-12-31 00:00:00",
            "valor": "36842720.00",
            "descricao": null
        },
        {
            "codigo": 4146,
            "data": "2019-12-31 00:00:00",
            "valor": "37387835.00",
            "descricao": null
        },
        {
            "codigo": 5191,
            "data": "2020-12-31 00:00:00",
            "valor": "37438552.00",
            "descricao": null
        },
        {
            "codigo": 5983,
            "data": "2021-12-30 00:00:00",
            "valor": "36470881.00",
            "descricao": null
        }
    ]
}