{
    "codigo": 5212,
    "nome": "Total de mortes por atropelamentos",
    "descricao": "Total de mortes por atropelamentos - Cidades Sustentaveis",
    "fonte": "CET",
    "tipoValor": "I",
    "periodicidade": {
        "codigo": 6,
        "descricao": "Anual"
    },
    "tags": [
        {
            "codigo": 7,
            "descricao": "Santos Mobilidade"
        }
    ],
    "secretarias": [],
    "autarquias": [
        {
            "codigo": 822,
            "dado_codigo": 5212,
            "sigla": "CET",
            "nome": "COMPANHIA DE ENGENHARIA DE TR\u00c1FEGO"
        }
    ],
    "metas": [
        {
            "codigo": 4,
            "numero": 3,
            "titulo": "Sa\u00fade e Bem-Estar",
            "objetivo": "Assegurar uma vida saud\u00e1vel e promover o bem-estar para todos, em todas as idades",
            "imagem_url": "4.jpg",
            "link": "http://www.agenda2030.org.br/ods/3/"
        }
    ],
    "eixos": [
        {
            "codigo": 13,
            "descricao": "Melhor Mobilidade, Menor Tr\u00e1fego"
        }
    ],
    "valores": [
        {
            "codigo": 1398,
            "data": "2015-12-31 00:00:00",
            "valor": "13.00",
            "descricao": null
        },
        {
            "codigo": 1399,
            "data": "2017-12-31 00:00:00",
            "valor": "10.00",
            "descricao": null
        },
        {
            "codigo": 1400,
            "data": "2016-12-31 00:00:00",
            "valor": "10.00",
            "descricao": null
        },
        {
            "codigo": 3813,
            "data": "2018-12-31 00:00:00",
            "valor": "14.00",
            "descricao": null
        },
        {
            "codigo": 4443,
            "data": "2019-12-31 00:00:00",
            "valor": "8.00",
            "descricao": null
        },
        {
            "codigo": 5027,
            "data": "2020-12-31 00:00:00",
            "valor": "1.00",
            "descricao": null
        },
        {
            "codigo": 5581,
            "data": "2021-12-31 00:00:00",
            "valor": "1.00",
            "descricao": null
        },
        {
            "codigo": 7015,
            "data": "2023-12-31 00:00:00",
            "valor": "12.00",
            "descricao": null
        }
    ]
}