{
    "codigo": 5214,
    "nome": "N\u00famero total, em quil\u00f4metros quadrados (km\u00b2), da \u00e1rea rural do munic\u00edpio",
    "descricao": "N\u00famero total, em quil\u00f4metros quadrados (km\u00b2), da \u00e1rea rural do munic\u00edpio - Cidades Sustentaveis",
    "fonte": "Sedurb",
    "tipoValor": "D",
    "periodicidade": {
        "codigo": 6,
        "descricao": "Anual"
    },
    "tags": [
        {
            "codigo": 20,
            "descricao": "Santos Sustent\u00e1vel"
        }
    ],
    "secretarias": [
        {
            "codigo": 2937,
            "dado_codigo": 5214,
            "sigla": "SEDURB",
            "nome": "SECRETARIA MUNICIPAL DE DESENVOLVIMENTO URBANO"
        }
    ],
    "autarquias": [],
    "metas": [
        {
            "codigo": 12,
            "numero": 11,
            "titulo": "Cidades e Comunidades Sustent\u00e1veis",
            "objetivo": "Tornar as cidades e os assentamentos humanos inclusivos, seguros, resilientes e sustent\u00e1veis",
            "imagem_url": "12.jpg",
            "link": "http://www.agenda2030.org.br/ods/11/"
        }
    ],
    "eixos": [
        {
            "codigo": 8,
            "descricao": "Planejamento e Desenho Urbano"
        }
    ],
    "valores": [
        {
            "codigo": 1403,
            "data": "2016-12-31 00:00:00",
            "valor": "184.70",
            "descricao": null
        },
        {
            "codigo": 1404,
            "data": "2017-12-31 00:00:00",
            "valor": "184.70",
            "descricao": null
        },
        {
            "codigo": 3372,
            "data": "2018-12-31 00:00:00",
            "valor": "184.70",
            "descricao": null
        },
        {
            "codigo": 4015,
            "data": "2019-08-05 00:00:00",
            "valor": "184.70",
            "descricao": null
        },
        {
            "codigo": 4646,
            "data": "2020-12-31 00:00:00",
            "valor": "184.70",
            "descricao": null
        },
        {
            "codigo": 5396,
            "data": "2021-12-31 00:00:00",
            "valor": "232.73",
            "descricao": null
        },
        {
            "codigo": 6809,
            "data": "2022-12-31 00:00:00",
            "valor": "197.95",
            "descricao": null
        }
    ]
}