{
    "codigo": 5216,
    "nome": "Consumo total de \u00e1gua no com\u00e9rcio, em metros c\u00fabicos (m\u00b3)",
    "descricao": "Consumo total de \u00e1gua no com\u00e9rcio, em metros c\u00fabicos (m\u00b3) - Cidades Sustent\u00e1veis - Indicador \"Consumo de \u00e1gua na atividade econ\u00f4mica local\"",
    "fonte": "SEECTUR",
    "tipoValor": "D",
    "periodicidade": {
        "codigo": 6,
        "descricao": "Anual"
    },
    "tags": [
        {
            "codigo": 4,
            "descricao": "Santos Eficiente"
        }
    ],
    "secretarias": [
        {
            "codigo": 5491,
            "dado_codigo": 5216,
            "sigla": "SEECTUR",
            "nome": "SECRETARIA MUNICIPAL DE EMPREENDEDORISMO, ECONOMIA CRIATIVA E TURISMO"
        }
    ],
    "autarquias": [],
    "metas": [
        {
            "codigo": 7,
            "numero": 6,
            "titulo": "\u00c1gua Pot\u00e1vel e Saneamento",
            "objetivo": "Assegurar a disponibilidade e a gest\u00e3o sustent\u00e1vel da \u00e1gua e saneamento para todos",
            "imagem_url": "7.jpg",
            "link": "http://www.agenda2030.org.br/ods/6/"
        },
        {
            "codigo": 9,
            "numero": 8,
            "titulo": "Trabalho Decente e Crescimento Econ\u00f4mico",
            "objetivo": "Promover o crescimento econ\u00f4mico sustentado, inclusivo e sustent\u00e1vel, o emprego pleno e produtivo e o trabalho decente para todos",
            "imagem_url": "9.jpg",
            "link": "http://www.agenda2030.org.br/ods/8/"
        },
        {
            "codigo": 12,
            "numero": 11,
            "titulo": "Cidades e Comunidades Sustent\u00e1veis",
            "objetivo": "Tornar as cidades e os assentamentos humanos inclusivos, seguros, resilientes e sustent\u00e1veis",
            "imagem_url": "12.jpg",
            "link": "http://www.agenda2030.org.br/ods/11/"
        }
    ],
    "eixos": [
        {
            "codigo": 11,
            "descricao": "Economia Local, Din\u00e2mica, Criativa e Sustent\u00e1vel"
        }
    ],
    "valores": [
        {
            "codigo": 1407,
            "data": "2017-12-31 00:00:00",
            "valor": "4254499.00",
            "descricao": null
        },
        {
            "codigo": 1408,
            "data": "2016-12-31 00:00:00",
            "valor": "4254499.00",
            "descricao": null
        },
        {
            "codigo": 3868,
            "data": "2018-12-31 00:00:00",
            "valor": "4254499.00",
            "descricao": null
        },
        {
            "codigo": 4326,
            "data": "2019-12-31 00:00:00",
            "valor": "4254499.00",
            "descricao": null
        },
        {
            "codigo": 5171,
            "data": "2020-12-31 00:00:00",
            "valor": "4254499.00",
            "descricao": null
        },
        {
            "codigo": 6773,
            "data": "2022-12-31 00:00:00",
            "valor": "4254499.00",
            "descricao": null
        }
    ]
}