{
    "codigo": 5219,
    "nome": "N\u00famero de domic\u00edlios com coleta seletiva de res\u00edduos",
    "descricao": "N\u00famero de domic\u00edlios com coleta seletiva de res\u00edduos - Cidades Sustent\u00e1veis",
    "fonte": "SEMAM",
    "tipoValor": "I",
    "periodicidade": {
        "codigo": 6,
        "descricao": "Anual"
    },
    "tags": [
        {
            "codigo": 20,
            "descricao": "Santos Sustent\u00e1vel"
        }
    ],
    "secretarias": [
        {
            "codigo": 5767,
            "dado_codigo": 5219,
            "sigla": "SEMAM",
            "nome": "SECRETARIA MUNICIPAL DE MEIO AMBIENTE E BEM-ESTAR ANIMAL"
        }
    ],
    "autarquias": [],
    "metas": [
        {
            "codigo": 13,
            "numero": 12,
            "titulo": "Consumo e Produ\u00e7\u00e3o Respons\u00e1veis",
            "objetivo": "Assegurar padr\u00f5es de produ\u00e7\u00e3o e de consumo sustent\u00e1veis",
            "imagem_url": "13.jpg",
            "link": "http://www.agenda2030.org.br/ods/12/"
        }
    ],
    "eixos": [
        {
            "codigo": 12,
            "descricao": "Consumo Respons\u00e1vel e Op\u00e7\u00f5es de Estilo de Vida"
        }
    ],
    "valores": [
        {
            "codigo": 3216,
            "data": "2014-12-31 00:00:00",
            "valor": "148131.00",
            "descricao": null
        },
        {
            "codigo": 3217,
            "data": "2013-12-31 00:00:00",
            "valor": "147214.00",
            "descricao": null
        },
        {
            "codigo": 3218,
            "data": "2016-12-31 00:00:00",
            "valor": "175445.00",
            "descricao": null
        },
        {
            "codigo": 3219,
            "data": "2017-12-31 00:00:00",
            "valor": "175445.00",
            "descricao": null
        },
        {
            "codigo": 3220,
            "data": "2015-12-31 00:00:00",
            "valor": "149052.00",
            "descricao": null
        },
        {
            "codigo": 3538,
            "data": "2018-12-31 00:00:00",
            "valor": "175445.00",
            "descricao": null
        },
        {
            "codigo": 4181,
            "data": "2019-12-31 00:00:00",
            "valor": "175445.00",
            "descricao": null
        },
        {
            "codigo": 4771,
            "data": "2020-12-31 00:00:00",
            "valor": "175445.00",
            "descricao": null
        },
        {
            "codigo": 5298,
            "data": "2021-12-31 00:00:00",
            "valor": "161234.00",
            "descricao": null
        },
        {
            "codigo": 6193,
            "data": "2022-12-31 00:00:00",
            "valor": "161234.00",
            "descricao": null
        },
        {
            "codigo": 7227,
            "data": "2023-12-31 00:00:00",
            "valor": "161234.00",
            "descricao": null
        }
    ]
}