{
    "codigo": 5225,
    "nome": "N\u00famero de crian\u00e7as na faixa et\u00e1ria de 0 a 10 anos",
    "descricao": "N\u00famero de crian\u00e7as na faixa et\u00e1ria de 0 a 10 anos - Cidades Sustentaveis",
    "fonte": "Seade Proje\u00e7\u00e3o",
    "tipoValor": "I",
    "periodicidade": {
        "codigo": 6,
        "descricao": "Anual"
    },
    "tags": [
        {
            "codigo": 1,
            "descricao": "Santos Acolhedora"
        }
    ],
    "secretarias": [
        {
            "codigo": 3399,
            "dado_codigo": 5225,
            "sigla": "SMS",
            "nome": "SECRETARIA MUNICIPAL DE SA\u00daDE"
        }
    ],
    "autarquias": [],
    "metas": [
        {
            "codigo": 3,
            "numero": 2,
            "titulo": "Fome Zero e Agricultura Sustent\u00e1vel",
            "objetivo": "Acabar com a fome, alcan\u00e7ar a seguran\u00e7a alimentar e melhoria da nutri\u00e7\u00e3o e promover a agricultura sustent\u00e1vel",
            "imagem_url": "3.jpg",
            "link": "http://www.agenda2030.org.br/ods/2/"
        }
    ],
    "eixos": [
        {
            "codigo": 14,
            "descricao": "A\u00e7\u00e3o Local para a Sa\u00fade"
        }
    ],
    "valores": [
        {
            "codigo": 1428,
            "data": "2014-12-31 00:00:00",
            "valor": "50051.00",
            "descricao": null
        },
        {
            "codigo": 1429,
            "data": "2013-12-31 00:00:00",
            "valor": "49710.00",
            "descricao": null
        },
        {
            "codigo": 1430,
            "data": "2017-12-31 00:00:00",
            "valor": "51545.00",
            "descricao": null
        },
        {
            "codigo": 1431,
            "data": "2016-12-31 00:00:00",
            "valor": "50969.00",
            "descricao": null
        },
        {
            "codigo": 1432,
            "data": "2015-12-31 00:00:00",
            "valor": "50410.00",
            "descricao": null
        },
        {
            "codigo": 3402,
            "data": "2018-12-31 00:00:00",
            "valor": "52140.00",
            "descricao": null
        },
        {
            "codigo": 4058,
            "data": "2019-12-31 00:00:00",
            "valor": "52751.00",
            "descricao": null
        },
        {
            "codigo": 4702,
            "data": "2020-12-31 00:00:00",
            "valor": "53383.00",
            "descricao": null
        },
        {
            "codigo": 5846,
            "data": "2021-12-31 00:00:00",
            "valor": "52966.00",
            "descricao": null
        },
        {
            "codigo": 6542,
            "data": "2022-12-31 00:00:00",
            "valor": "52966.00",
            "descricao": null
        }
    ]
}