{
    "codigo": 5227,
    "nome": "Acompanhamento nutricional de crian\u00e7as entre 5 e 10 anos de idade",
    "descricao": "Acompanhamento nutricional de crian\u00e7as entre 5 e 10 anos de idade - Cidades Sustentaveis",
    "fonte": "SMS",
    "tipoValor": "I",
    "periodicidade": {
        "codigo": 6,
        "descricao": "Anual"
    },
    "tags": [
        {
            "codigo": 17,
            "descricao": "Santos Saud\u00e1vel"
        }
    ],
    "secretarias": [
        {
            "codigo": 3399,
            "dado_codigo": 5227,
            "sigla": "SMS",
            "nome": "SECRETARIA MUNICIPAL DE SA\u00daDE"
        }
    ],
    "autarquias": [],
    "metas": [
        {
            "codigo": 3,
            "numero": 2,
            "titulo": "Fome Zero e Agricultura Sustent\u00e1vel",
            "objetivo": "Acabar com a fome, alcan\u00e7ar a seguran\u00e7a alimentar e melhoria da nutri\u00e7\u00e3o e promover a agricultura sustent\u00e1vel",
            "imagem_url": "3.jpg",
            "link": "http://www.agenda2030.org.br/ods/2/"
        }
    ],
    "eixos": [
        {
            "codigo": 14,
            "descricao": "A\u00e7\u00e3o Local para a Sa\u00fade"
        }
    ],
    "valores": [
        {
            "codigo": 4099,
            "data": "2019-12-31 00:00:00",
            "valor": "832.00",
            "descricao": null
        },
        {
            "codigo": 4703,
            "data": "2020-12-31 00:00:00",
            "valor": "585.00",
            "descricao": null
        },
        {
            "codigo": 5774,
            "data": "2021-12-31 00:00:00",
            "valor": "603.00",
            "descricao": null
        },
        {
            "codigo": 6489,
            "data": "2022-12-31 00:00:00",
            "valor": "882.00",
            "descricao": null
        }
    ]
}