{
    "codigo": 5229,
    "nome": "N\u00famero total, em quilos (kg), de res\u00edduo urbano reciclado",
    "descricao": "N\u00famero total, em quilos (kg), de res\u00edduo urbano reciclado - Cidades Sustentaveis",
    "fonte": "SEMAM",
    "tipoValor": "I",
    "periodicidade": {
        "codigo": 6,
        "descricao": "Anual"
    },
    "tags": [
        {
            "codigo": 20,
            "descricao": "Santos Sustent\u00e1vel"
        }
    ],
    "secretarias": [
        {
            "codigo": 5767,
            "dado_codigo": 5229,
            "sigla": "SEMAM",
            "nome": "SECRETARIA MUNICIPAL DE MEIO AMBIENTE E BEM-ESTAR ANIMAL"
        }
    ],
    "autarquias": [],
    "metas": [
        {
            "codigo": 10,
            "numero": 9,
            "titulo": "Ind\u00fastria, Inova\u00e7\u00e3o e Infraestrutura",
            "objetivo": "Construir infraestruturas resilientes, promover a industrializa\u00e7\u00e3o inclusiva e sustent\u00e1vel e fomentar a inova\u00e7\u00e3o",
            "imagem_url": "10.jpg",
            "link": "http://www.agenda2030.org.br/ods/9/"
        },
        {
            "codigo": 12,
            "numero": 11,
            "titulo": "Cidades e Comunidades Sustent\u00e1veis",
            "objetivo": "Tornar as cidades e os assentamentos humanos inclusivos, seguros, resilientes e sustent\u00e1veis",
            "imagem_url": "12.jpg",
            "link": "http://www.agenda2030.org.br/ods/11/"
        }
    ],
    "eixos": [
        {
            "codigo": 11,
            "descricao": "Economia Local, Din\u00e2mica, Criativa e Sustent\u00e1vel"
        }
    ],
    "valores": [
        {
            "codigo": 3226,
            "data": "2016-12-31 00:00:00",
            "valor": "3765100.00",
            "descricao": null
        },
        {
            "codigo": 3227,
            "data": "2013-12-31 00:00:00",
            "valor": "5240440.00",
            "descricao": null
        },
        {
            "codigo": 3228,
            "data": "2014-12-31 00:00:00",
            "valor": "4559190.00",
            "descricao": null
        },
        {
            "codigo": 3229,
            "data": "2015-12-31 00:00:00",
            "valor": "4371500.00",
            "descricao": null
        },
        {
            "codigo": 3230,
            "data": "2017-12-31 00:00:00",
            "valor": "4562580.00",
            "descricao": null
        },
        {
            "codigo": 3508,
            "data": "2018-12-31 00:00:00",
            "valor": "12110000.00",
            "descricao": null
        },
        {
            "codigo": 4182,
            "data": "2019-12-31 00:00:00",
            "valor": "12701170.00",
            "descricao": null
        },
        {
            "codigo": 4772,
            "data": "2020-12-31 00:00:00",
            "valor": "12409846.00",
            "descricao": null
        },
        {
            "codigo": 5299,
            "data": "2021-12-31 00:00:00",
            "valor": "10154975.00",
            "descricao": null
        },
        {
            "codigo": 6195,
            "data": "2022-12-31 00:00:00",
            "valor": "17712411.00",
            "descricao": null
        },
        {
            "codigo": 7229,
            "data": "2023-12-31 00:00:00",
            "valor": "16231512.00",
            "descricao": null
        }
    ]
}