{
    "codigo": 5231,
    "nome": "N\u00famero total de leitos  hospitalares p\u00fablicos",
    "descricao": "N\u00famero total de leitos  hospitalares p\u00fablicos - Cidades Sustentaveis",
    "fonte": "Sms",
    "tipoValor": "I",
    "periodicidade": {
        "codigo": 6,
        "descricao": "Anual"
    },
    "tags": [
        {
            "codigo": 17,
            "descricao": "Santos Saud\u00e1vel"
        }
    ],
    "secretarias": [
        {
            "codigo": 3399,
            "dado_codigo": 5231,
            "sigla": "SMS",
            "nome": "SECRETARIA MUNICIPAL DE SA\u00daDE"
        }
    ],
    "autarquias": [],
    "metas": [
        {
            "codigo": 4,
            "numero": 3,
            "titulo": "Sa\u00fade e Bem-Estar",
            "objetivo": "Assegurar uma vida saud\u00e1vel e promover o bem-estar para todos, em todas as idades",
            "imagem_url": "4.jpg",
            "link": "http://www.agenda2030.org.br/ods/3/"
        }
    ],
    "eixos": [
        {
            "codigo": 14,
            "descricao": "A\u00e7\u00e3o Local para a Sa\u00fade"
        }
    ],
    "valores": [
        {
            "codigo": 1454,
            "data": "2016-12-31 00:00:00",
            "valor": "872.00",
            "descricao": null
        },
        {
            "codigo": 1455,
            "data": "2014-12-31 00:00:00",
            "valor": "886.00",
            "descricao": null
        },
        {
            "codigo": 1456,
            "data": "2015-12-31 00:00:00",
            "valor": "886.00",
            "descricao": null
        },
        {
            "codigo": 1457,
            "data": "2013-12-31 00:00:00",
            "valor": "853.00",
            "descricao": null
        },
        {
            "codigo": 1458,
            "data": "2017-12-31 00:00:00",
            "valor": "943.00",
            "descricao": null
        },
        {
            "codigo": 3419,
            "data": "2018-12-31 00:00:00",
            "valor": "962.00",
            "descricao": null
        },
        {
            "codigo": 4071,
            "data": "2019-12-31 00:00:00",
            "valor": "956.00",
            "descricao": null
        },
        {
            "codigo": 4704,
            "data": "2020-12-31 00:00:00",
            "valor": "1111.00",
            "descricao": null
        },
        {
            "codigo": 5775,
            "data": "2021-12-31 00:00:00",
            "valor": "934.00",
            "descricao": null
        },
        {
            "codigo": 6533,
            "data": "2022-12-31 00:00:00",
            "valor": "873.00",
            "descricao": null
        }
    ]
}