{
    "codigo": 5232,
    "nome": "N\u00famero total de leitos hospitalares privados",
    "descricao": "N\u00famero total de leitos hospitalares privados - Cidades Sustentaveis",
    "fonte": "Sms",
    "tipoValor": "I",
    "periodicidade": {
        "codigo": 6,
        "descricao": "Anual"
    },
    "tags": [
        {
            "codigo": 17,
            "descricao": "Santos Saud\u00e1vel"
        }
    ],
    "secretarias": [
        {
            "codigo": 3399,
            "dado_codigo": 5232,
            "sigla": "SMS",
            "nome": "SECRETARIA MUNICIPAL DE SA\u00daDE"
        }
    ],
    "autarquias": [],
    "metas": [
        {
            "codigo": 4,
            "numero": 3,
            "titulo": "Sa\u00fade e Bem-Estar",
            "objetivo": "Assegurar uma vida saud\u00e1vel e promover o bem-estar para todos, em todas as idades",
            "imagem_url": "4.jpg",
            "link": "http://www.agenda2030.org.br/ods/3/"
        }
    ],
    "eixos": [
        {
            "codigo": 14,
            "descricao": "A\u00e7\u00e3o Local para a Sa\u00fade"
        }
    ],
    "valores": [
        {
            "codigo": 1459,
            "data": "2013-12-31 00:00:00",
            "valor": "1014.00",
            "descricao": null
        },
        {
            "codigo": 1460,
            "data": "2014-12-31 00:00:00",
            "valor": "1030.00",
            "descricao": null
        },
        {
            "codigo": 1461,
            "data": "2015-12-31 00:00:00",
            "valor": "1006.00",
            "descricao": null
        },
        {
            "codigo": 1462,
            "data": "2016-12-31 00:00:00",
            "valor": "1013.00",
            "descricao": null
        },
        {
            "codigo": 1463,
            "data": "2017-12-31 00:00:00",
            "valor": "982.00",
            "descricao": null
        },
        {
            "codigo": 3420,
            "data": "2018-12-31 00:00:00",
            "valor": "1024.00",
            "descricao": null
        },
        {
            "codigo": 4072,
            "data": "2019-12-31 00:00:00",
            "valor": "1029.00",
            "descricao": null
        },
        {
            "codigo": 4705,
            "data": "2020-12-31 00:00:00",
            "valor": "1180.00",
            "descricao": null
        },
        {
            "codigo": 5776,
            "data": "2021-12-31 00:00:00",
            "valor": "1034.00",
            "descricao": null
        },
        {
            "codigo": 6534,
            "data": "2022-12-31 00:00:00",
            "valor": "1045.00",
            "descricao": null
        }
    ]
}