{
    "codigo": 5234,
    "nome": "Total de gastos em todas as \u00e1reas administrativas do munic\u00edpio",
    "descricao": "Total de gastos em todas as \u00e1reas administrativas do munic\u00edpio - Cidades Sustentaveis",
    "fonte": "Sefin",
    "tipoValor": "D",
    "periodicidade": {
        "codigo": 6,
        "descricao": "Anual"
    },
    "tags": [
        {
            "codigo": 1,
            "descricao": "Santos Acolhedora"
        }
    ],
    "secretarias": [
        {
            "codigo": 4681,
            "dado_codigo": 5234,
            "sigla": "SEFIN",
            "nome": "SECRETARIA MUNICIPAL DE FINAN\u00c7AS E GEST\u00c3O"
        }
    ],
    "autarquias": [],
    "metas": [
        {
            "codigo": 17,
            "numero": 16,
            "titulo": "Paz, Justi\u00e7a e Institui\u00e7\u00f5es Eficazes",
            "objetivo": "Promover sociedades pac\u00edficas e inclusivas para o desenvolvimento sustent\u00e1vel, proporcionar o acesso \u00e0 justi\u00e7a para todos e construir institui\u00e7\u00f5es eficazes, respons\u00e1veis e inclusivas em todos os n\u00edveis",
            "imagem_url": "17.jpg",
            "link": "http://www.agenda2030.org.br/ods/16/"
        }
    ],
    "eixos": [
        {
            "codigo": 7,
            "descricao": "Gest\u00e3o Local para a Sustentabilidade"
        }
    ],
    "valores": [
        {
            "codigo": 1466,
            "data": "2017-12-31 00:00:00",
            "valor": "317282033.01",
            "descricao": null
        },
        {
            "codigo": 1469,
            "data": "2016-12-31 00:00:00",
            "valor": "233378689.90",
            "descricao": null
        },
        {
            "codigo": 3598,
            "data": "2018-12-31 00:00:00",
            "valor": "486959039.05",
            "descricao": null
        },
        {
            "codigo": 4549,
            "data": "2019-12-31 00:00:00",
            "valor": "507468135.78",
            "descricao": null
        },
        {
            "codigo": 4966,
            "data": "2020-12-31 00:00:00",
            "valor": "503915200.98",
            "descricao": null
        },
        {
            "codigo": 5672,
            "data": "2021-12-31 00:00:00",
            "valor": "527720910.23",
            "descricao": null
        },
        {
            "codigo": 6889,
            "data": "2022-12-31 00:00:00",
            "valor": "822806127.72",
            "descricao": null
        }
    ]
}