{
    "codigo": 5237,
    "nome": "Gastos p\u00fablicos em cada \u00e1rea administrativa do munic\u00edpio \u2013 Seguran\u00e7a P\u00fablica",
    "descricao": "Gastos p\u00fablicos em cada \u00e1rea administrativa do munic\u00edpio \u2013 Seguran\u00e7a P\u00fablica - Cidades Sustentaveis",
    "fonte": "Sefin",
    "tipoValor": "D",
    "periodicidade": {
        "codigo": 6,
        "descricao": "Anual"
    },
    "tags": [
        {
            "codigo": 4,
            "descricao": "Santos Eficiente"
        }
    ],
    "secretarias": [
        {
            "codigo": 4681,
            "dado_codigo": 5237,
            "sigla": "SEFIN",
            "nome": "SECRETARIA MUNICIPAL DE FINAN\u00c7AS E GEST\u00c3O"
        }
    ],
    "autarquias": [],
    "metas": [
        {
            "codigo": 17,
            "numero": 16,
            "titulo": "Paz, Justi\u00e7a e Institui\u00e7\u00f5es Eficazes",
            "objetivo": "Promover sociedades pac\u00edficas e inclusivas para o desenvolvimento sustent\u00e1vel, proporcionar o acesso \u00e0 justi\u00e7a para todos e construir institui\u00e7\u00f5es eficazes, respons\u00e1veis e inclusivas em todos os n\u00edveis",
            "imagem_url": "17.jpg",
            "link": "http://www.agenda2030.org.br/ods/16/"
        }
    ],
    "eixos": [
        {
            "codigo": 7,
            "descricao": "Gest\u00e3o Local para a Sustentabilidade"
        }
    ],
    "valores": [
        {
            "codigo": 1472,
            "data": "2016-12-31 00:00:00",
            "valor": "37395287.00",
            "descricao": null
        },
        {
            "codigo": 1473,
            "data": "2017-12-31 00:00:00",
            "valor": "32525919.88",
            "descricao": null
        },
        {
            "codigo": 3605,
            "data": "2018-12-31 00:00:00",
            "valor": "2738638.50",
            "descricao": null
        },
        {
            "codigo": 4550,
            "data": "2019-12-31 00:00:00",
            "valor": "2665094.38",
            "descricao": null
        },
        {
            "codigo": 4967,
            "data": "2020-12-31 00:00:00",
            "valor": "4888931.24",
            "descricao": null
        },
        {
            "codigo": 5425,
            "data": "2021-12-31 00:00:00",
            "valor": "4970083.56",
            "descricao": null
        },
        {
            "codigo": 6856,
            "data": "2022-12-31 00:00:00",
            "valor": "5787650.26",
            "descricao": null
        }
    ]
}