{
    "codigo": 5242,
    "nome": "Distribui\u00e7\u00e3o por faixas de renda (pessoas com 10 anos ou mais de idade) \u2013 at\u00e9 \u00bd sal\u00e1rio m\u00ednimo",
    "descricao": "Distribui\u00e7\u00e3o por faixas de renda (pessoas com 10 anos ou mais de idade) \u2013 at\u00e9 \u00bd sal\u00e1rio m\u00ednimo - Cidades Sustentaveis",
    "fonte": "SEPORTE",
    "tipoValor": "I",
    "periodicidade": {
        "codigo": 6,
        "descricao": "Anual"
    },
    "tags": [
        {
            "codigo": 4,
            "descricao": "Santos Eficiente"
        }
    ],
    "secretarias": [
        {
            "codigo": 5939,
            "dado_codigo": 5242,
            "sigla": "SEPORTE",
            "nome": "SECRETARIA MUNICIPAL DE ASSUNTOS PORTU\u00c1RIOS E EMPREGO"
        }
    ],
    "autarquias": [],
    "metas": [
        {
            "codigo": 2,
            "numero": 1,
            "titulo": "Erradica\u00e7\u00e3o da Pobreza",
            "objetivo": "Acabar com a pobreza em todas as suas formas, em todos os lugares",
            "imagem_url": "2.jpg",
            "link": "http://www.agenda2030.org.br/ods/1/"
        }
    ],
    "eixos": [
        {
            "codigo": 6,
            "descricao": "Equidade, Justi\u00e7a Social e Cultura de Paz"
        }
    ],
    "valores": [
        {
            "codigo": 1482,
            "data": "2017-12-31 00:00:00",
            "valor": "4080.00",
            "descricao": null
        },
        {
            "codigo": 1483,
            "data": "2016-12-31 00:00:00",
            "valor": "4080.00",
            "descricao": null
        },
        {
            "codigo": 3873,
            "data": "2018-12-31 00:00:00",
            "valor": "4080.00",
            "descricao": null
        },
        {
            "codigo": 4328,
            "data": "2019-12-31 00:00:00",
            "valor": "4080.00",
            "descricao": null
        },
        {
            "codigo": 5143,
            "data": "2020-12-31 00:00:00",
            "valor": "4080.00",
            "descricao": null
        },
        {
            "codigo": 6092,
            "data": "2021-12-31 00:00:00",
            "valor": "4080.00",
            "descricao": null
        },
        {
            "codigo": 6756,
            "data": "2022-12-31 00:00:00",
            "valor": "4080.00",
            "descricao": null
        }
    ]
}