{
    "codigo": 5246,
    "nome": "Gastos p\u00fablicos em cada \u00e1rea administrativa do munic\u00edpio \u2013 Educa\u00e7\u00e3o",
    "descricao": "Gastos p\u00fablicos em cada \u00e1rea administrativa do munic\u00edpio \u2013 Educa\u00e7\u00e3o - Cidades Sustentaveis",
    "fonte": "Sefin",
    "tipoValor": "D",
    "periodicidade": {
        "codigo": 6,
        "descricao": "Anual"
    },
    "tags": [
        {
            "codigo": 4,
            "descricao": "Santos Eficiente"
        }
    ],
    "secretarias": [
        {
            "codigo": 4681,
            "dado_codigo": 5246,
            "sigla": "SEFIN",
            "nome": "SECRETARIA MUNICIPAL DE FINAN\u00c7AS E GEST\u00c3O"
        }
    ],
    "autarquias": [],
    "metas": [
        {
            "codigo": 17,
            "numero": 16,
            "titulo": "Paz, Justi\u00e7a e Institui\u00e7\u00f5es Eficazes",
            "objetivo": "Promover sociedades pac\u00edficas e inclusivas para o desenvolvimento sustent\u00e1vel, proporcionar o acesso \u00e0 justi\u00e7a para todos e construir institui\u00e7\u00f5es eficazes, respons\u00e1veis e inclusivas em todos os n\u00edveis",
            "imagem_url": "17.jpg",
            "link": "http://www.agenda2030.org.br/ods/16/"
        }
    ],
    "eixos": [
        {
            "codigo": 7,
            "descricao": "Gest\u00e3o Local para a Sustentabilidade"
        }
    ],
    "valores": [
        {
            "codigo": 1489,
            "data": "2016-12-31 00:00:00",
            "valor": "535610023.00",
            "descricao": null
        },
        {
            "codigo": 1490,
            "data": "2017-12-31 00:00:00",
            "valor": "542845029.26",
            "descricao": null
        },
        {
            "codigo": 3617,
            "data": "2018-12-31 00:00:00",
            "valor": "593792070.90",
            "descricao": null
        },
        {
            "codigo": 4556,
            "data": "2019-12-31 00:00:00",
            "valor": "622797579.15",
            "descricao": null
        },
        {
            "codigo": 4974,
            "data": "2020-12-31 00:00:00",
            "valor": "599209265.97",
            "descricao": null
        },
        {
            "codigo": 5418,
            "data": "2021-12-31 00:00:00",
            "valor": "607830588.08",
            "descricao": null
        },
        {
            "codigo": 6841,
            "data": "2022-12-31 00:00:00",
            "valor": "780512134.16",
            "descricao": null
        }
    ]
}