{
    "codigo": 5254,
    "nome": "N\u00famero total de livros para adultos dispon\u00edveis em bibliotecas municipais",
    "descricao": "N\u00famero total de livros para adultos dispon\u00edveis em bibliotecas municipais - Cidades Sustentaveis",
    "fonte": "Secult",
    "tipoValor": "I",
    "periodicidade": {
        "codigo": 6,
        "descricao": "Anual"
    },
    "tags": [
        {
            "codigo": 2,
            "descricao": "Santos Cultural e Tur\u00edstica"
        }
    ],
    "secretarias": [
        {
            "codigo": 609,
            "dado_codigo": 5254,
            "sigla": "SECULT",
            "nome": "SECRETARIA MUNICIPAL DE CULTURA"
        }
    ],
    "autarquias": [],
    "metas": [
        {
            "codigo": 5,
            "numero": 5,
            "titulo": "Igualdade de G\u00eanero",
            "objetivo": "Alcan\u00e7ar a igualdade de g\u00eanero e empoderar todas as mulheres e meninas",
            "imagem_url": "5.jpg",
            "link": "http://www.agenda2030.org.br/ods/5/"
        }
    ],
    "eixos": [
        {
            "codigo": 10,
            "descricao": "Educa\u00e7\u00e3o para a Sustentabilidade e Qualidade de Vida"
        }
    ],
    "valores": [
        {
            "codigo": 3236,
            "data": "2015-12-31 00:00:00",
            "valor": "72027.00",
            "descricao": null
        },
        {
            "codigo": 3237,
            "data": "2016-12-31 00:00:00",
            "valor": "73627.00",
            "descricao": null
        },
        {
            "codigo": 3238,
            "data": "2014-12-31 00:00:00",
            "valor": "71427.00",
            "descricao": null
        },
        {
            "codigo": 3239,
            "data": "2013-12-31 00:00:00",
            "valor": "69825.00",
            "descricao": null
        },
        {
            "codigo": 3240,
            "data": "2017-12-31 00:00:00",
            "valor": "86543.00",
            "descricao": null
        },
        {
            "codigo": 3671,
            "data": "2018-12-31 00:00:00",
            "valor": "86543.00",
            "descricao": null
        },
        {
            "codigo": 4406,
            "data": "2019-12-30 00:00:00",
            "valor": "89284.00",
            "descricao": null
        },
        {
            "codigo": 4929,
            "data": "2020-12-31 00:00:00",
            "valor": "89873.00",
            "descricao": null
        },
        {
            "codigo": 6065,
            "data": "2021-12-31 00:00:00",
            "valor": "93138.00",
            "descricao": null
        },
        {
            "codigo": 6949,
            "data": "2022-12-31 00:00:00",
            "valor": "99451.00",
            "descricao": null
        }
    ]
}