{
    "codigo": 5269,
    "nome": "N\u00famero de matr\u00edculas em creches municipais",
    "descricao": "N\u00famero de matr\u00edculas em creches municipais - Cidades Sustentaveis",
    "fonte": "Seduc",
    "tipoValor": "I",
    "periodicidade": {
        "codigo": 6,
        "descricao": "Anual"
    },
    "tags": [
        {
            "codigo": 3,
            "descricao": "Santos Educadora"
        }
    ],
    "secretarias": [
        {
            "codigo": 2907,
            "dado_codigo": 5269,
            "sigla": "SEDUC",
            "nome": "SECRETARIA MUNICIPAL DE EDUCA\u00c7\u00c3O"
        }
    ],
    "autarquias": [],
    "metas": [
        {
            "codigo": 5,
            "numero": 5,
            "titulo": "Igualdade de G\u00eanero",
            "objetivo": "Alcan\u00e7ar a igualdade de g\u00eanero e empoderar todas as mulheres e meninas",
            "imagem_url": "5.jpg",
            "link": "http://www.agenda2030.org.br/ods/5/"
        }
    ],
    "eixos": [
        {
            "codigo": 10,
            "descricao": "Educa\u00e7\u00e3o para a Sustentabilidade e Qualidade de Vida"
        }
    ],
    "valores": [
        {
            "codigo": 3256,
            "data": "2015-08-31 00:00:00",
            "valor": "3689.00",
            "descricao": null
        },
        {
            "codigo": 3257,
            "data": "2013-08-31 00:00:00",
            "valor": "3335.00",
            "descricao": null
        },
        {
            "codigo": 3258,
            "data": "2014-08-31 00:00:00",
            "valor": "3456.00",
            "descricao": null
        },
        {
            "codigo": 3259,
            "data": "2016-12-31 00:00:00",
            "valor": "3981.00",
            "descricao": null
        },
        {
            "codigo": 3260,
            "data": "2017-12-31 00:00:00",
            "valor": "3986.00",
            "descricao": null
        },
        {
            "codigo": 3837,
            "data": "2018-12-31 00:00:00",
            "valor": "3733.00",
            "descricao": null
        },
        {
            "codigo": 4381,
            "data": "2019-12-31 00:00:00",
            "valor": "3821.00",
            "descricao": null
        },
        {
            "codigo": 5113,
            "data": "2020-12-31 00:00:00",
            "valor": "3570.00",
            "descricao": null
        },
        {
            "codigo": 5467,
            "data": "2021-12-21 00:00:00",
            "valor": "3418.00",
            "descricao": null
        },
        {
            "codigo": 6432,
            "data": "2022-12-31 00:00:00",
            "valor": "3447.00",
            "descricao": null
        },
        {
            "codigo": 7357,
            "data": "2023-12-31 00:00:00",
            "valor": "3416.00",
            "descricao": null
        }
    ]
}