{
    "codigo": 5271,
    "nome": "N\u00famero total de indiv\u00edduos residentes com renda at\u00e9 1/4 do sal\u00e1rio m\u00ednimo",
    "descricao": "N\u00famero total de indiv\u00edduos residentes com renda at\u00e9 1/4 do sal\u00e1rio m\u00ednimo - Cidades Sustent\u00e1veis - IBGE",
    "fonte": "IBGE",
    "tipoValor": "I",
    "periodicidade": {
        "codigo": 6,
        "descricao": "Anual"
    },
    "tags": [
        {
            "codigo": 4,
            "descricao": "Santos Eficiente"
        }
    ],
    "secretarias": [
        {
            "codigo": 5491,
            "dado_codigo": 5271,
            "sigla": "SEECTUR",
            "nome": "SECRETARIA MUNICIPAL DE EMPREENDEDORISMO, ECONOMIA CRIATIVA E TURISMO"
        }
    ],
    "autarquias": [],
    "metas": [
        {
            "codigo": 2,
            "numero": 1,
            "titulo": "Erradica\u00e7\u00e3o da Pobreza",
            "objetivo": "Acabar com a pobreza em todas as suas formas, em todos os lugares",
            "imagem_url": "2.jpg",
            "link": "http://www.agenda2030.org.br/ods/1/"
        }
    ],
    "eixos": [
        {
            "codigo": 6,
            "descricao": "Equidade, Justi\u00e7a Social e Cultura de Paz"
        }
    ],
    "valores": [
        {
            "codigo": 3266,
            "data": "2016-12-31 00:00:00",
            "valor": "3256.00",
            "descricao": null
        },
        {
            "codigo": 3267,
            "data": "2013-12-31 00:00:00",
            "valor": "0.00",
            "descricao": null
        },
        {
            "codigo": 3268,
            "data": "2017-12-31 00:00:00",
            "valor": "3256.00",
            "descricao": null
        },
        {
            "codigo": 3269,
            "data": "2014-12-31 00:00:00",
            "valor": "0.00",
            "descricao": null
        },
        {
            "codigo": 3270,
            "data": "2015-12-31 00:00:00",
            "valor": "0.00",
            "descricao": null
        },
        {
            "codigo": 3874,
            "data": "2018-12-31 00:00:00",
            "valor": "3256.00",
            "descricao": null
        },
        {
            "codigo": 4329,
            "data": "2019-12-31 00:00:00",
            "valor": "3256.00",
            "descricao": null
        },
        {
            "codigo": 5173,
            "data": "2020-12-31 00:00:00",
            "valor": "3256.00",
            "descricao": null
        },
        {
            "codigo": 5971,
            "data": "2021-12-31 00:00:00",
            "valor": "3256.00",
            "descricao": null
        },
        {
            "codigo": 6650,
            "data": "2022-12-31 00:00:00",
            "valor": "3256.00",
            "descricao": null
        }
    ]
}