{
    "codigo": 5272,
    "nome": "Distribui\u00e7\u00e3o por faixas de renda (pessoas com 10 anos ou mais de idade) \u2013 mais de \u00bd a 1 sal\u00e1rio m\u00ednimo",
    "descricao": "Distribui\u00e7\u00e3o por faixas de renda (pessoas com 10 anos ou mais de idade) \u2013 mais de \u00bd a 1 sal\u00e1rio m\u00ednimo - Cidades Sustentaveis - IBGE",
    "fonte": "IBGE",
    "tipoValor": "I",
    "periodicidade": {
        "codigo": 6,
        "descricao": "Anual"
    },
    "tags": [
        {
            "codigo": 4,
            "descricao": "Santos Eficiente"
        }
    ],
    "secretarias": [
        {
            "codigo": 5491,
            "dado_codigo": 5272,
            "sigla": "SEECTUR",
            "nome": "SECRETARIA MUNICIPAL DE EMPREENDEDORISMO, ECONOMIA CRIATIVA E TURISMO"
        }
    ],
    "autarquias": [],
    "metas": [
        {
            "codigo": 2,
            "numero": 1,
            "titulo": "Erradica\u00e7\u00e3o da Pobreza",
            "objetivo": "Acabar com a pobreza em todas as suas formas, em todos os lugares",
            "imagem_url": "2.jpg",
            "link": "http://www.agenda2030.org.br/ods/1/"
        }
    ],
    "eixos": [
        {
            "codigo": 6,
            "descricao": "Equidade, Justi\u00e7a Social e Cultura de Paz"
        }
    ],
    "valores": [
        {
            "codigo": 1527,
            "data": "2016-12-31 00:00:00",
            "valor": "35953.00",
            "descricao": null
        },
        {
            "codigo": 1528,
            "data": "2017-12-31 00:00:00",
            "valor": "35953.00",
            "descricao": null
        },
        {
            "codigo": 3876,
            "data": "2018-12-31 00:00:00",
            "valor": "35953.00",
            "descricao": null
        },
        {
            "codigo": 4330,
            "data": "2019-12-31 00:00:00",
            "valor": "35953.00",
            "descricao": null
        },
        {
            "codigo": 5174,
            "data": "2020-12-31 00:00:00",
            "valor": "35953.00",
            "descricao": null
        },
        {
            "codigo": 5972,
            "data": "2021-12-31 00:00:00",
            "valor": "35953.00",
            "descricao": null
        },
        {
            "codigo": 6648,
            "data": "2022-12-31 00:00:00",
            "valor": "35953.00",
            "descricao": null
        }
    ]
}