{
    "codigo": 5275,
    "nome": "Distribui\u00e7\u00e3o por faixas de renda (pessoas com 10 anos ou mais de idade) \u2013 mais de 1 a 2 sal\u00e1rios m\u00ednimos",
    "descricao": "Distribui\u00e7\u00e3o por faixas de renda (pessoas com 10 anos ou mais de idade) \u2013 mais de 1 a 2 sal\u00e1rios m\u00ednimos - Cidades Sustentaveis - IBGE",
    "fonte": "IBGE",
    "tipoValor": "I",
    "periodicidade": {
        "codigo": 6,
        "descricao": "Anual"
    },
    "tags": [
        {
            "codigo": 4,
            "descricao": "Santos Eficiente"
        }
    ],
    "secretarias": [
        {
            "codigo": 5491,
            "dado_codigo": 5275,
            "sigla": "SEECTUR",
            "nome": "SECRETARIA MUNICIPAL DE EMPREENDEDORISMO, ECONOMIA CRIATIVA E TURISMO"
        }
    ],
    "autarquias": [],
    "metas": [
        {
            "codigo": 2,
            "numero": 1,
            "titulo": "Erradica\u00e7\u00e3o da Pobreza",
            "objetivo": "Acabar com a pobreza em todas as suas formas, em todos os lugares",
            "imagem_url": "2.jpg",
            "link": "http://www.agenda2030.org.br/ods/1/"
        }
    ],
    "eixos": [
        {
            "codigo": 6,
            "descricao": "Equidade, Justi\u00e7a Social e Cultura de Paz"
        }
    ],
    "valores": [
        {
            "codigo": 1529,
            "data": "2016-12-31 00:00:00",
            "valor": "77466.00",
            "descricao": null
        },
        {
            "codigo": 1530,
            "data": "2017-12-31 00:00:00",
            "valor": "77466.00",
            "descricao": null
        },
        {
            "codigo": 3877,
            "data": "2018-12-31 00:00:00",
            "valor": "77466.00",
            "descricao": null
        },
        {
            "codigo": 4604,
            "data": "2019-12-31 00:00:00",
            "valor": "77466.00",
            "descricao": null
        },
        {
            "codigo": 5175,
            "data": "2020-12-31 00:00:00",
            "valor": "77466.00",
            "descricao": null
        },
        {
            "codigo": 5973,
            "data": "2021-12-31 00:00:00",
            "valor": "77466.00",
            "descricao": null
        },
        {
            "codigo": 6651,
            "data": "2022-12-31 00:00:00",
            "valor": "77466.00",
            "descricao": null
        }
    ]
}