{
    "codigo": 5278,
    "nome": "N\u00famero de indiv\u00edduos residentes em aglomerados subnormais",
    "descricao": "N\u00famero de indiv\u00edduos residentes em aglomerados subnormais - Cidades Sustentaveis",
    "fonte": "Cohab",
    "tipoValor": "I",
    "periodicidade": {
        "codigo": 6,
        "descricao": "Anual"
    },
    "tags": [
        {
            "codigo": 1,
            "descricao": "Santos Acolhedora"
        }
    ],
    "secretarias": [],
    "autarquias": [
        {
            "codigo": 823,
            "dado_codigo": 5278,
            "sigla": "COHAB",
            "nome": "SE\u00c7\u00c3O ADMINISTRATIVA - COHAB"
        }
    ],
    "metas": [
        {
            "codigo": 12,
            "numero": 11,
            "titulo": "Cidades e Comunidades Sustent\u00e1veis",
            "objetivo": "Tornar as cidades e os assentamentos humanos inclusivos, seguros, resilientes e sustent\u00e1veis",
            "imagem_url": "12.jpg",
            "link": "http://www.agenda2030.org.br/ods/11/"
        }
    ],
    "eixos": [
        {
            "codigo": 8,
            "descricao": "Planejamento e Desenho Urbano"
        }
    ],
    "valores": [
        {
            "codigo": 3291,
            "data": "2017-12-31 00:00:00",
            "valor": "38159.00",
            "descricao": null
        },
        {
            "codigo": 3292,
            "data": "2014-12-31 00:00:00",
            "valor": "0.00",
            "descricao": null
        },
        {
            "codigo": 3293,
            "data": "2015-12-31 00:00:00",
            "valor": "0.00",
            "descricao": null
        },
        {
            "codigo": 3294,
            "data": "2013-12-31 00:00:00",
            "valor": "0.00",
            "descricao": null
        },
        {
            "codigo": 3295,
            "data": "2016-12-31 00:00:00",
            "valor": "38159.00",
            "descricao": null
        },
        {
            "codigo": 3818,
            "data": "2019-09-11 00:00:00",
            "valor": "38159.00",
            "descricao": null
        },
        {
            "codigo": 4028,
            "data": "2020-03-10 00:00:00",
            "valor": "38159.00",
            "descricao": null
        },
        {
            "codigo": 5949,
            "data": "2021-12-31 00:00:00",
            "valor": "38159.00",
            "descricao": null
        },
        {
            "codigo": 6733,
            "data": "2022-12-31 00:00:00",
            "valor": "38159.00",
            "descricao": null
        }
    ]
}