{
    "codigo": 5279,
    "nome": "N\u00famero total, em quil\u00f4metros quadrados (km\u00b2) de \u00e1rea destinada \u00e0 conserva\u00e7\u00e3o",
    "descricao": "N\u00famero total, em quil\u00f4metros quadrados (km\u00b2) de \u00e1rea destinada a conserva\u00e7\u00e3o - Cidades Sustent\u00e1veis",
    "fonte": "SEMAM",
    "tipoValor": "D",
    "periodicidade": {
        "codigo": 6,
        "descricao": "Anual"
    },
    "tags": [
        {
            "codigo": 20,
            "descricao": "Santos Sustent\u00e1vel"
        }
    ],
    "secretarias": [
        {
            "codigo": 5767,
            "dado_codigo": 5279,
            "sigla": "SEMAM",
            "nome": "SECRETARIA MUNICIPAL DE MEIO AMBIENTE E BEM-ESTAR ANIMAL"
        }
    ],
    "autarquias": [],
    "metas": [
        {
            "codigo": 14,
            "numero": 13,
            "titulo": "A\u00e7\u00e3o Contra a Mudan\u00e7a Global do Clima",
            "objetivo": "Tomar medidas urgentes para combater a mudan\u00e7a do clima e seus impactos*",
            "imagem_url": "14.jpg",
            "link": "http://www.agenda2030.org.br/ods/13/"
        },
        {
            "codigo": 16,
            "numero": 15,
            "titulo": "Vida Terrestre",
            "objetivo": "Proteger, recuperar e promover o uso sustent\u00e1vel dos ecossistemas terrestres, gerir de forma sustent\u00e1vel as florestas, combater a desertifica\u00e7\u00e3o, deter e reverter a degrada\u00e7\u00e3o da terra e deter a perda",
            "imagem_url": "16.jpg",
            "link": "http://www.agenda2030.org.br/ods/15/"
        }
    ],
    "eixos": [
        {
            "codigo": 5,
            "descricao": "Bens Naturais Comuns"
        }
    ],
    "valores": [
        {
            "codigo": 3296,
            "data": "2013-12-31 00:00:00",
            "valor": "191.78",
            "descricao": null
        },
        {
            "codigo": 3297,
            "data": "2014-12-31 00:00:00",
            "valor": "191.78",
            "descricao": null
        },
        {
            "codigo": 3298,
            "data": "2017-12-31 00:00:00",
            "valor": "194.68",
            "descricao": null
        },
        {
            "codigo": 3299,
            "data": "2016-12-31 00:00:00",
            "valor": "191.78",
            "descricao": null
        },
        {
            "codigo": 3300,
            "data": "2015-12-31 00:00:00",
            "valor": "191.78",
            "descricao": null
        },
        {
            "codigo": 3509,
            "data": "2018-12-31 00:00:00",
            "valor": "194.00",
            "descricao": null
        },
        {
            "codigo": 4183,
            "data": "2019-12-31 00:00:00",
            "valor": "194.00",
            "descricao": null
        },
        {
            "codigo": 4773,
            "data": "2020-12-31 00:00:00",
            "valor": "194.00",
            "descricao": null
        },
        {
            "codigo": 5300,
            "data": "2021-12-31 00:00:00",
            "valor": "194.00",
            "descricao": null
        },
        {
            "codigo": 6330,
            "data": "2022-12-31 00:00:00",
            "valor": "192.30",
            "descricao": null
        },
        {
            "codigo": 7383,
            "data": "2023-12-31 00:00:00",
            "valor": "184.21",
            "descricao": null
        }
    ]
}