{
    "codigo": 5280,
    "nome": "Frota de Ve\u00edculos",
    "descricao": "Frota de Ve\u00edculos - Cidade Aberta",
    "fonte": "Prodesp",
    "tipoValor": "I",
    "periodicidade": {
        "codigo": 6,
        "descricao": "Anual"
    },
    "tags": [
        {
            "codigo": 18,
            "descricao": "Santos Transparente"
        }
    ],
    "secretarias": [],
    "autarquias": [
        {
            "codigo": 822,
            "dado_codigo": 5280,
            "sigla": "CET",
            "nome": "COMPANHIA DE ENGENHARIA DE TR\u00c1FEGO"
        }
    ],
    "metas": [
        {
            "codigo": 12,
            "numero": 11,
            "titulo": "Cidades e Comunidades Sustent\u00e1veis",
            "objetivo": "Tornar as cidades e os assentamentos humanos inclusivos, seguros, resilientes e sustent\u00e1veis",
            "imagem_url": "12.jpg",
            "link": "http://www.agenda2030.org.br/ods/11/"
        }
    ],
    "eixos": [
        {
            "codigo": 13,
            "descricao": "Melhor Mobilidade, Menor Tr\u00e1fego"
        }
    ],
    "valores": [
        {
            "codigo": 26,
            "data": "2015-12-31 00:00:00",
            "valor": "305195.00",
            "descricao": null
        },
        {
            "codigo": 27,
            "data": "2014-12-31 00:00:00",
            "valor": "303423.00",
            "descricao": null
        },
        {
            "codigo": 28,
            "data": "2013-12-31 00:00:00",
            "valor": "300666.00",
            "descricao": null
        },
        {
            "codigo": 29,
            "data": "2012-12-31 00:00:00",
            "valor": "293659.00",
            "descricao": null
        },
        {
            "codigo": 30,
            "data": "2011-12-31 00:00:00",
            "valor": "284009.00",
            "descricao": null
        },
        {
            "codigo": 31,
            "data": "2010-12-31 00:00:00",
            "valor": "272139.00",
            "descricao": null
        },
        {
            "codigo": 32,
            "data": "2016-12-31 00:00:00",
            "valor": "305381.00",
            "descricao": null
        },
        {
            "codigo": 33,
            "data": "2009-12-31 00:00:00",
            "valor": "259880.00",
            "descricao": null
        },
        {
            "codigo": 3903,
            "data": "2018-12-31 00:00:00",
            "valor": "309254.00",
            "descricao": null
        },
        {
            "codigo": 4482,
            "data": "2019-12-31 00:00:00",
            "valor": "271241.00",
            "descricao": null
        },
        {
            "codigo": 5037,
            "data": "2020-12-31 00:00:00",
            "valor": "278459.00",
            "descricao": null
        },
        {
            "codigo": 5583,
            "data": "2021-12-31 00:00:00",
            "valor": "279003.00",
            "descricao": null
        },
        {
            "codigo": 6993,
            "data": "2023-12-31 00:00:00",
            "valor": "284562.00",
            "descricao": null
        }
    ]
}