{
    "codigo": 5281,
    "nome": "IPK \u2013 \u00cdndice de passageiros por quil\u00f4metro",
    "descricao": "IPK \u2013 \u00cdndice de passageiros por quil\u00f4metro - Cidade Aberta",
    "fonte": "Piracicabana",
    "tipoValor": "D",
    "periodicidade": {
        "codigo": 6,
        "descricao": "Anual"
    },
    "tags": [
        {
            "codigo": 18,
            "descricao": "Santos Transparente"
        }
    ],
    "secretarias": [],
    "autarquias": [
        {
            "codigo": 822,
            "dado_codigo": 5281,
            "sigla": "CET",
            "nome": "COMPANHIA DE ENGENHARIA DE TR\u00c1FEGO"
        }
    ],
    "metas": [
        {
            "codigo": 12,
            "numero": 11,
            "titulo": "Cidades e Comunidades Sustent\u00e1veis",
            "objetivo": "Tornar as cidades e os assentamentos humanos inclusivos, seguros, resilientes e sustent\u00e1veis",
            "imagem_url": "12.jpg",
            "link": "http://www.agenda2030.org.br/ods/11/"
        }
    ],
    "eixos": [
        {
            "codigo": 13,
            "descricao": "Melhor Mobilidade, Menor Tr\u00e1fego"
        }
    ],
    "valores": [
        {
            "codigo": 34,
            "data": "2011-12-31 00:00:00",
            "valor": "2.40",
            "descricao": null
        },
        {
            "codigo": 35,
            "data": "2012-12-31 00:00:00",
            "valor": "2.40",
            "descricao": null
        },
        {
            "codigo": 36,
            "data": "2013-12-31 00:00:00",
            "valor": "2.40",
            "descricao": null
        },
        {
            "codigo": 37,
            "data": "2014-12-31 00:00:00",
            "valor": "2.50",
            "descricao": null
        },
        {
            "codigo": 38,
            "data": "2009-12-31 00:00:00",
            "valor": "2.30",
            "descricao": null
        },
        {
            "codigo": 39,
            "data": "2016-12-31 00:00:00",
            "valor": "2.40",
            "descricao": null
        },
        {
            "codigo": 40,
            "data": "2010-12-31 00:00:00",
            "valor": "2.30",
            "descricao": null
        },
        {
            "codigo": 41,
            "data": "2015-12-31 00:00:00",
            "valor": "2.40",
            "descricao": null
        },
        {
            "codigo": 3904,
            "data": "2018-12-31 00:00:00",
            "valor": "2.30",
            "descricao": null
        },
        {
            "codigo": 4447,
            "data": "2019-12-31 00:00:00",
            "valor": "2.18",
            "descricao": null
        },
        {
            "codigo": 5040,
            "data": "2020-12-31 00:00:00",
            "valor": "2.20",
            "descricao": null
        },
        {
            "codigo": 5584,
            "data": "2021-12-31 00:00:00",
            "valor": "1.80",
            "descricao": null
        },
        {
            "codigo": 6994,
            "data": "2023-12-31 00:00:00",
            "valor": "2.20",
            "descricao": null
        }
    ]
}