{
    "codigo": 5299,
    "nome": "Total de atendimento do CRAS \u00e0s fam\u00edlias referenciadas",
    "descricao": "Atendimento do CRAS \u00e0s fam\u00edlias referenciadas - Cidade Aberta",
    "fonte": "Controle Or\u00e7ament\u00e1rio, Financeiro e de Infraestrutura \u2013 Assist\u00eancia Social (Coafi Seas)",
    "tipoValor": "I",
    "periodicidade": {
        "codigo": 6,
        "descricao": "Anual"
    },
    "tags": [
        {
            "codigo": 1,
            "descricao": "Santos Acolhedora"
        }
    ],
    "secretarias": [
        {
            "codigo": 3299,
            "dado_codigo": 5299,
            "sigla": "SEDS",
            "nome": "SECRETARIA MUNICIPAL DE DESENVOLVIMENTO SOCIAL"
        }
    ],
    "autarquias": [],
    "metas": [
        {
            "codigo": 11,
            "numero": 10,
            "titulo": "Redu\u00e7\u00e3o da Desigualdades",
            "objetivo": "Reduzir a desigualdade dentro dos pa\u00edses e entre eles",
            "imagem_url": "11.jpg",
            "link": "http://www.agenda2030.org.br/ods/10/"
        }
    ],
    "eixos": [
        {
            "codigo": 6,
            "descricao": "Equidade, Justi\u00e7a Social e Cultura de Paz"
        }
    ],
    "valores": [
        {
            "codigo": 157,
            "data": "2011-12-31 00:00:00",
            "valor": "8229.00",
            "descricao": null
        },
        {
            "codigo": 158,
            "data": "2014-12-31 00:00:00",
            "valor": "8551.00",
            "descricao": null
        },
        {
            "codigo": 159,
            "data": "2015-12-31 00:00:00",
            "valor": "9455.00",
            "descricao": null
        },
        {
            "codigo": 160,
            "data": "2013-12-31 00:00:00",
            "valor": "7367.00",
            "descricao": null
        },
        {
            "codigo": 161,
            "data": "2016-12-31 00:00:00",
            "valor": "11043.00",
            "descricao": null
        },
        {
            "codigo": 162,
            "data": "2012-12-31 00:00:00",
            "valor": "7446.00",
            "descricao": null
        },
        {
            "codigo": 163,
            "data": "2010-12-31 00:00:00",
            "valor": "7115.00",
            "descricao": null
        },
        {
            "codigo": 164,
            "data": "2009-12-31 00:00:00",
            "valor": "6599.00",
            "descricao": null
        },
        {
            "codigo": 3641,
            "data": "2018-12-31 00:00:00",
            "valor": "12838.00",
            "descricao": null
        },
        {
            "codigo": 4590,
            "data": "2019-12-31 00:00:00",
            "valor": "14166.00",
            "descricao": null
        },
        {
            "codigo": 4930,
            "data": "2020-12-31 00:00:00",
            "valor": "99603.00",
            "descricao": null
        },
        {
            "codigo": 5875,
            "data": "2021-12-31 00:00:00",
            "valor": "155825.00",
            "descricao": null
        },
        {
            "codigo": 6485,
            "data": "2022-12-31 00:00:00",
            "valor": "180646.00",
            "descricao": null
        }
    ]
}