{
    "codigo": 5300,
    "nome": "N\u00famero de crian\u00e7as e adolescentes v\u00edtimas de viol\u00eancia atendidas pelas assist\u00eancia social",
    "descricao": "N\u00famero de crian\u00e7as e adolescentes v\u00edtimas de viol\u00eancia atendidas pelas assist\u00eancia social - Cidade Aberta",
    "fonte": "Seds (Manual)",
    "tipoValor": "I",
    "periodicidade": {
        "codigo": 6,
        "descricao": "Anual"
    },
    "tags": [
        {
            "codigo": 1,
            "descricao": "Santos Acolhedora"
        }
    ],
    "secretarias": [
        {
            "codigo": 3299,
            "dado_codigo": 5300,
            "sigla": "SEDS",
            "nome": "SECRETARIA MUNICIPAL DE DESENVOLVIMENTO SOCIAL"
        }
    ],
    "autarquias": [],
    "metas": [
        {
            "codigo": 11,
            "numero": 10,
            "titulo": "Redu\u00e7\u00e3o da Desigualdades",
            "objetivo": "Reduzir a desigualdade dentro dos pa\u00edses e entre eles",
            "imagem_url": "11.jpg",
            "link": "http://www.agenda2030.org.br/ods/10/"
        }
    ],
    "eixos": [
        {
            "codigo": 6,
            "descricao": "Equidade, Justi\u00e7a Social e Cultura de Paz"
        }
    ],
    "valores": [
        {
            "codigo": 165,
            "data": "2012-12-31 00:00:00",
            "valor": "0.00",
            "descricao": null
        },
        {
            "codigo": 166,
            "data": "2013-12-31 00:00:00",
            "valor": "0.00",
            "descricao": null
        },
        {
            "codigo": 167,
            "data": "2014-12-31 00:00:00",
            "valor": "399.00",
            "descricao": null
        },
        {
            "codigo": 168,
            "data": "2015-12-31 00:00:00",
            "valor": "220.00",
            "descricao": null
        },
        {
            "codigo": 169,
            "data": "2016-12-31 00:00:00",
            "valor": "304.00",
            "descricao": null
        },
        {
            "codigo": 170,
            "data": "2011-12-31 00:00:00",
            "valor": "0.00",
            "descricao": null
        },
        {
            "codigo": 171,
            "data": "2010-12-31 00:00:00",
            "valor": "0.00",
            "descricao": null
        },
        {
            "codigo": 172,
            "data": "2009-12-31 00:00:00",
            "valor": "0.00",
            "descricao": null
        },
        {
            "codigo": 3650,
            "data": "2018-12-31 00:00:00",
            "valor": "125.00",
            "descricao": null
        },
        {
            "codigo": 4591,
            "data": "2019-12-31 00:00:00",
            "valor": "109.00",
            "descricao": null
        },
        {
            "codigo": 4922,
            "data": "2020-12-31 00:00:00",
            "valor": "81.00",
            "descricao": null
        },
        {
            "codigo": 5876,
            "data": "2021-12-31 00:00:00",
            "valor": "124.00",
            "descricao": null
        },
        {
            "codigo": 6477,
            "data": "2022-12-31 00:00:00",
            "valor": "137.00",
            "descricao": null
        }
    ]
}