{
    "codigo": 5301,
    "nome": "N\u00famero de encaminhamentos ap\u00f3s abordagem social a moradores de rua",
    "descricao": "N\u00famero de encaminhamentos ap\u00f3s abordagem social a moradores de rua - Cidade Aberta",
    "fonte": "Relat\u00f3rios Mensais de Atividades",
    "tipoValor": "I",
    "periodicidade": {
        "codigo": 6,
        "descricao": "Anual"
    },
    "tags": [
        {
            "codigo": 1,
            "descricao": "Santos Acolhedora"
        }
    ],
    "secretarias": [
        {
            "codigo": 3299,
            "dado_codigo": 5301,
            "sigla": "SEDS",
            "nome": "SECRETARIA MUNICIPAL DE DESENVOLVIMENTO SOCIAL"
        }
    ],
    "autarquias": [],
    "metas": [
        {
            "codigo": 11,
            "numero": 10,
            "titulo": "Redu\u00e7\u00e3o da Desigualdades",
            "objetivo": "Reduzir a desigualdade dentro dos pa\u00edses e entre eles",
            "imagem_url": "11.jpg",
            "link": "http://www.agenda2030.org.br/ods/10/"
        }
    ],
    "eixos": [
        {
            "codigo": 6,
            "descricao": "Equidade, Justi\u00e7a Social e Cultura de Paz"
        }
    ],
    "valores": [
        {
            "codigo": 173,
            "data": "2015-12-31 00:00:00",
            "valor": "6791.00",
            "descricao": null
        },
        {
            "codigo": 174,
            "data": "2014-12-31 00:00:00",
            "valor": "4964.00",
            "descricao": null
        },
        {
            "codigo": 175,
            "data": "2013-12-31 00:00:00",
            "valor": "4812.00",
            "descricao": null
        },
        {
            "codigo": 176,
            "data": "2012-12-31 00:00:00",
            "valor": "5031.00",
            "descricao": null
        },
        {
            "codigo": 177,
            "data": "2011-12-31 00:00:00",
            "valor": "4453.00",
            "descricao": null
        },
        {
            "codigo": 178,
            "data": "2010-12-31 00:00:00",
            "valor": "5233.00",
            "descricao": null
        },
        {
            "codigo": 179,
            "data": "2009-12-31 00:00:00",
            "valor": "0.00",
            "descricao": null
        },
        {
            "codigo": 180,
            "data": "2016-12-31 00:00:00",
            "valor": "6208.00",
            "descricao": null
        },
        {
            "codigo": 3654,
            "data": "2018-12-31 00:00:00",
            "valor": "7119.00",
            "descricao": null
        },
        {
            "codigo": 4592,
            "data": "2019-12-31 00:00:00",
            "valor": "6556.00",
            "descricao": null
        },
        {
            "codigo": 4923,
            "data": "2020-12-31 00:00:00",
            "valor": "4428.00",
            "descricao": null
        },
        {
            "codigo": 5877,
            "data": "2021-12-31 00:00:00",
            "valor": "4995.00",
            "descricao": null
        },
        {
            "codigo": 6478,
            "data": "2022-12-31 00:00:00",
            "valor": "6913.00",
            "descricao": null
        }
    ]
}