{
    "codigo": 5302,
    "nome": "N\u00famero de idosos v\u00edtimas de viol\u00eancia ou maus tratos atendidos pela assist\u00eancia social",
    "descricao": "N\u00famero de idosos v\u00edtimas de viol\u00eancia ou maus tratos atendidos pela assist\u00eancia social - Cidade Aberta",
    "fonte": "Relat\u00f3rios Mensais de Atividades",
    "tipoValor": "I",
    "periodicidade": {
        "codigo": 6,
        "descricao": "Anual"
    },
    "tags": [
        {
            "codigo": 1,
            "descricao": "Santos Acolhedora"
        }
    ],
    "secretarias": [
        {
            "codigo": 3299,
            "dado_codigo": 5302,
            "sigla": "SEDS",
            "nome": "SECRETARIA MUNICIPAL DE DESENVOLVIMENTO SOCIAL"
        }
    ],
    "autarquias": [],
    "metas": [
        {
            "codigo": 11,
            "numero": 10,
            "titulo": "Redu\u00e7\u00e3o da Desigualdades",
            "objetivo": "Reduzir a desigualdade dentro dos pa\u00edses e entre eles",
            "imagem_url": "11.jpg",
            "link": "http://www.agenda2030.org.br/ods/10/"
        }
    ],
    "eixos": [
        {
            "codigo": 6,
            "descricao": "Equidade, Justi\u00e7a Social e Cultura de Paz"
        }
    ],
    "valores": [
        {
            "codigo": 181,
            "data": "2009-12-31 00:00:00",
            "valor": "0.00",
            "descricao": null
        },
        {
            "codigo": 182,
            "data": "2015-12-31 00:00:00",
            "valor": "58.00",
            "descricao": null
        },
        {
            "codigo": 183,
            "data": "2014-12-31 00:00:00",
            "valor": "108.00",
            "descricao": null
        },
        {
            "codigo": 184,
            "data": "2013-12-31 00:00:00",
            "valor": "0.00",
            "descricao": null
        },
        {
            "codigo": 185,
            "data": "2012-12-31 00:00:00",
            "valor": "0.00",
            "descricao": null
        },
        {
            "codigo": 186,
            "data": "2016-12-31 00:00:00",
            "valor": "20.00",
            "descricao": null
        },
        {
            "codigo": 187,
            "data": "2010-12-31 00:00:00",
            "valor": "0.00",
            "descricao": null
        },
        {
            "codigo": 188,
            "data": "2011-12-31 00:00:00",
            "valor": "0.00",
            "descricao": null
        },
        {
            "codigo": 3651,
            "data": "2018-12-31 00:00:00",
            "valor": "21.00",
            "descricao": null
        },
        {
            "codigo": 4593,
            "data": "2019-12-31 00:00:00",
            "valor": "11.00",
            "descricao": null
        },
        {
            "codigo": 4924,
            "data": "2020-12-31 00:00:00",
            "valor": "12.00",
            "descricao": null
        },
        {
            "codigo": 5878,
            "data": "2021-12-31 00:00:00",
            "valor": "34.00",
            "descricao": null
        },
        {
            "codigo": 6479,
            "data": "2022-12-31 00:00:00",
            "valor": "35.00",
            "descricao": null
        }
    ]
}