{
    "codigo": 5303,
    "nome": "N\u00famero de jovens atendidos por ano nos programas sociais.",
    "descricao": "N\u00famero de jovens atendidos por ano nos programas sociais. - Cidade Aberta",
    "fonte": "Ades\u00f5es nos equipamentos e folhas de pagamento",
    "tipoValor": "I",
    "periodicidade": {
        "codigo": 6,
        "descricao": "Anual"
    },
    "tags": [
        {
            "codigo": 1,
            "descricao": "Santos Acolhedora"
        }
    ],
    "secretarias": [
        {
            "codigo": 3299,
            "dado_codigo": 5303,
            "sigla": "SEDS",
            "nome": "SECRETARIA MUNICIPAL DE DESENVOLVIMENTO SOCIAL"
        }
    ],
    "autarquias": [],
    "metas": [
        {
            "codigo": 11,
            "numero": 10,
            "titulo": "Redu\u00e7\u00e3o da Desigualdades",
            "objetivo": "Reduzir a desigualdade dentro dos pa\u00edses e entre eles",
            "imagem_url": "11.jpg",
            "link": "http://www.agenda2030.org.br/ods/10/"
        }
    ],
    "eixos": [
        {
            "codigo": 6,
            "descricao": "Equidade, Justi\u00e7a Social e Cultura de Paz"
        }
    ],
    "valores": [
        {
            "codigo": 189,
            "data": "2013-12-31 00:00:00",
            "valor": "134.00",
            "descricao": null
        },
        {
            "codigo": 190,
            "data": "2009-12-31 00:00:00",
            "valor": "0.00",
            "descricao": null
        },
        {
            "codigo": 191,
            "data": "2010-12-31 00:00:00",
            "valor": "0.00",
            "descricao": null
        },
        {
            "codigo": 192,
            "data": "2011-12-31 00:00:00",
            "valor": "0.00",
            "descricao": null
        },
        {
            "codigo": 193,
            "data": "2014-12-31 00:00:00",
            "valor": "98.00",
            "descricao": null
        },
        {
            "codigo": 194,
            "data": "2016-12-31 00:00:00",
            "valor": "122.00",
            "descricao": null
        },
        {
            "codigo": 195,
            "data": "2015-12-31 00:00:00",
            "valor": "124.00",
            "descricao": null
        },
        {
            "codigo": 196,
            "data": "2012-12-31 00:00:00",
            "valor": "0.00",
            "descricao": null
        },
        {
            "codigo": 3652,
            "data": "2018-12-31 00:00:00",
            "valor": "610.00",
            "descricao": null
        },
        {
            "codigo": 4599,
            "data": "2019-12-31 00:00:00",
            "valor": "832.00",
            "descricao": null
        },
        {
            "codigo": 5107,
            "data": "2020-12-31 00:00:00",
            "valor": "162.00",
            "descricao": null
        },
        {
            "codigo": 5879,
            "data": "2021-12-31 00:00:00",
            "valor": "114.00",
            "descricao": null
        },
        {
            "codigo": 6480,
            "data": "2022-12-31 00:00:00",
            "valor": "53.00",
            "descricao": null
        }
    ]
}