{
    "codigo": 5304,
    "nome": "N\u00famero de mulheres adultas v\u00edtimas de viol\u00eancia atendidas",
    "descricao": "N\u00famero de mulheres adultas v\u00edtimas de viol\u00eancia atendidas - Cidade Aberta",
    "fonte": "Relat\u00f3rios Mensais de Atividades",
    "tipoValor": "I",
    "periodicidade": {
        "codigo": 6,
        "descricao": "Anual"
    },
    "tags": [
        {
            "codigo": 1,
            "descricao": "Santos Acolhedora"
        }
    ],
    "secretarias": [
        {
            "codigo": 3299,
            "dado_codigo": 5304,
            "sigla": "SEDS",
            "nome": "SECRETARIA MUNICIPAL DE DESENVOLVIMENTO SOCIAL"
        }
    ],
    "autarquias": [],
    "metas": [
        {
            "codigo": 11,
            "numero": 10,
            "titulo": "Redu\u00e7\u00e3o da Desigualdades",
            "objetivo": "Reduzir a desigualdade dentro dos pa\u00edses e entre eles",
            "imagem_url": "11.jpg",
            "link": "http://www.agenda2030.org.br/ods/10/"
        }
    ],
    "eixos": [
        {
            "codigo": 6,
            "descricao": "Equidade, Justi\u00e7a Social e Cultura de Paz"
        }
    ],
    "valores": [
        {
            "codigo": 197,
            "data": "2013-12-31 00:00:00",
            "valor": "58.00",
            "descricao": null
        },
        {
            "codigo": 198,
            "data": "2012-12-31 00:00:00",
            "valor": "0.00",
            "descricao": null
        },
        {
            "codigo": 199,
            "data": "2011-12-31 00:00:00",
            "valor": "0.00",
            "descricao": null
        },
        {
            "codigo": 200,
            "data": "2016-12-31 00:00:00",
            "valor": "46.00",
            "descricao": null
        },
        {
            "codigo": 201,
            "data": "2010-12-31 00:00:00",
            "valor": "0.00",
            "descricao": null
        },
        {
            "codigo": 202,
            "data": "2014-12-31 00:00:00",
            "valor": "34.00",
            "descricao": null
        },
        {
            "codigo": 203,
            "data": "2015-12-31 00:00:00",
            "valor": "28.00",
            "descricao": null
        },
        {
            "codigo": 204,
            "data": "2009-12-31 00:00:00",
            "valor": "0.00",
            "descricao": null
        },
        {
            "codigo": 3653,
            "data": "2018-12-31 00:00:00",
            "valor": "20.00",
            "descricao": null
        },
        {
            "codigo": 4594,
            "data": "2019-12-31 00:00:00",
            "valor": "30.00",
            "descricao": null
        },
        {
            "codigo": 4925,
            "data": "2020-12-31 00:00:00",
            "valor": "15.00",
            "descricao": null
        },
        {
            "codigo": 5880,
            "data": "2021-12-31 00:00:00",
            "valor": "34.00",
            "descricao": null
        },
        {
            "codigo": 6481,
            "data": "2022-12-31 00:00:00",
            "valor": "65.00",
            "descricao": null
        }
    ]
}