{
    "codigo": 5305,
    "nome": "N\u00famero de pessoas atendidas no CREAS",
    "descricao": "N\u00famero de pessoas atendidas no CREAS - Cidade Aberta",
    "fonte": "Relat\u00f3rios Mensais de Atividades",
    "tipoValor": "I",
    "periodicidade": {
        "codigo": 6,
        "descricao": "Anual"
    },
    "tags": [
        {
            "codigo": 1,
            "descricao": "Santos Acolhedora"
        }
    ],
    "secretarias": [
        {
            "codigo": 3299,
            "dado_codigo": 5305,
            "sigla": "SEDS",
            "nome": "SECRETARIA MUNICIPAL DE DESENVOLVIMENTO SOCIAL"
        }
    ],
    "autarquias": [],
    "metas": [
        {
            "codigo": 11,
            "numero": 10,
            "titulo": "Redu\u00e7\u00e3o da Desigualdades",
            "objetivo": "Reduzir a desigualdade dentro dos pa\u00edses e entre eles",
            "imagem_url": "11.jpg",
            "link": "http://www.agenda2030.org.br/ods/10/"
        }
    ],
    "eixos": [
        {
            "codigo": 6,
            "descricao": "Equidade, Justi\u00e7a Social e Cultura de Paz"
        }
    ],
    "valores": [
        {
            "codigo": 205,
            "data": "2015-12-31 00:00:00",
            "valor": "3662.00",
            "descricao": null
        },
        {
            "codigo": 206,
            "data": "2014-12-31 00:00:00",
            "valor": "2576.00",
            "descricao": null
        },
        {
            "codigo": 207,
            "data": "2013-12-31 00:00:00",
            "valor": "2347.00",
            "descricao": null
        },
        {
            "codigo": 208,
            "data": "2012-12-31 00:00:00",
            "valor": "2009.00",
            "descricao": null
        },
        {
            "codigo": 209,
            "data": "2010-12-31 00:00:00",
            "valor": "2932.00",
            "descricao": null
        },
        {
            "codigo": 210,
            "data": "2009-12-31 00:00:00",
            "valor": "2406.00",
            "descricao": null
        },
        {
            "codigo": 211,
            "data": "2011-12-31 00:00:00",
            "valor": "2588.00",
            "descricao": null
        },
        {
            "codigo": 212,
            "data": "2016-12-31 00:00:00",
            "valor": "5368.00",
            "descricao": null
        },
        {
            "codigo": 3639,
            "data": "2018-12-31 00:00:00",
            "valor": "1601.00",
            "descricao": null
        },
        {
            "codigo": 4595,
            "data": "2019-12-31 00:00:00",
            "valor": "1594.00",
            "descricao": null
        },
        {
            "codigo": 5097,
            "data": "2020-12-31 00:00:00",
            "valor": "4565.00",
            "descricao": null
        },
        {
            "codigo": 5881,
            "data": "2021-12-31 00:00:00",
            "valor": "5831.00",
            "descricao": null
        },
        {
            "codigo": 6482,
            "data": "2022-12-31 00:00:00",
            "valor": "5492.00",
            "descricao": null
        }
    ]
}