{
    "codigo": 5306,
    "nome": "N\u00famero de pessoas em projetos de inclus\u00e3o produtiva",
    "descricao": "N\u00famero de pessoas em projetos de inclus\u00e3o produtiva - Cidade Aberta",
    "fonte": "Ades\u00f5es CODESO (Coordenadoria de Equipamentos de Desenvolvimento Social), bolsistas, inscri\u00e7\u00f5es nos cursos",
    "tipoValor": "I",
    "periodicidade": {
        "codigo": 6,
        "descricao": "Anual"
    },
    "tags": [
        {
            "codigo": 1,
            "descricao": "Santos Acolhedora"
        }
    ],
    "secretarias": [
        {
            "codigo": 3299,
            "dado_codigo": 5306,
            "sigla": "SEDS",
            "nome": "SECRETARIA MUNICIPAL DE DESENVOLVIMENTO SOCIAL"
        }
    ],
    "autarquias": [],
    "metas": [
        {
            "codigo": 11,
            "numero": 10,
            "titulo": "Redu\u00e7\u00e3o da Desigualdades",
            "objetivo": "Reduzir a desigualdade dentro dos pa\u00edses e entre eles",
            "imagem_url": "11.jpg",
            "link": "http://www.agenda2030.org.br/ods/10/"
        }
    ],
    "eixos": [
        {
            "codigo": 6,
            "descricao": "Equidade, Justi\u00e7a Social e Cultura de Paz"
        }
    ],
    "valores": [
        {
            "codigo": 213,
            "data": "2016-12-31 00:00:00",
            "valor": "404.00",
            "descricao": null
        },
        {
            "codigo": 214,
            "data": "2014-12-31 00:00:00",
            "valor": "755.00",
            "descricao": null
        },
        {
            "codigo": 215,
            "data": "2010-12-31 00:00:00",
            "valor": "0.00",
            "descricao": null
        },
        {
            "codigo": 216,
            "data": "2011-12-31 00:00:00",
            "valor": "0.00",
            "descricao": null
        },
        {
            "codigo": 217,
            "data": "2012-12-31 00:00:00",
            "valor": "0.00",
            "descricao": null
        },
        {
            "codigo": 218,
            "data": "2013-12-31 00:00:00",
            "valor": "435.00",
            "descricao": null
        },
        {
            "codigo": 219,
            "data": "2009-12-31 00:00:00",
            "valor": "0.00",
            "descricao": null
        },
        {
            "codigo": 220,
            "data": "2015-12-31 00:00:00",
            "valor": "336.00",
            "descricao": null
        },
        {
            "codigo": 3640,
            "data": "2018-12-31 00:00:00",
            "valor": "958.00",
            "descricao": null
        },
        {
            "codigo": 4596,
            "data": "2019-12-31 00:00:00",
            "valor": "892.00",
            "descricao": null
        },
        {
            "codigo": 5099,
            "data": "2020-12-31 00:00:00",
            "valor": "171.00",
            "descricao": null
        },
        {
            "codigo": 5882,
            "data": "2021-12-31 00:00:00",
            "valor": "230.00",
            "descricao": null
        },
        {
            "codigo": 6483,
            "data": "2022-12-31 00:00:00",
            "valor": "1014.00",
            "descricao": null
        }
    ]
}