{
    "codigo": 5307,
    "nome": "N\u00famero de atendimentos na Coordenadoria de Assist\u00eancia Judici\u00e1ria Gratuita e Orienta\u00e7\u00e3o Jur\u00eddica ao Cidad\u00e3o (Cadoj)",
    "descricao": "Evolu\u00e7\u00e3o atendimentos - CADOJ - Cidade Aberta",
    "fonte": "Sistema de informa\u00e7\u00e3o",
    "tipoValor": "I",
    "periodicidade": {
        "codigo": 6,
        "descricao": "Anual"
    },
    "tags": [
        {
            "codigo": 1,
            "descricao": "Santos Acolhedora"
        }
    ],
    "secretarias": [
        {
            "codigo": 4095,
            "dado_codigo": 5307,
            "sigla": "SEMULHER",
            "nome": "SECRETARIA MUNICIPAL DA MULHER, DA CIDADANIA E DOS DIREITOS HUMANOS"
        }
    ],
    "autarquias": [],
    "metas": [
        {
            "codigo": 17,
            "numero": 16,
            "titulo": "Paz, Justi\u00e7a e Institui\u00e7\u00f5es Eficazes",
            "objetivo": "Promover sociedades pac\u00edficas e inclusivas para o desenvolvimento sustent\u00e1vel, proporcionar o acesso \u00e0 justi\u00e7a para todos e construir institui\u00e7\u00f5es eficazes, respons\u00e1veis e inclusivas em todos os n\u00edveis",
            "imagem_url": "17.jpg",
            "link": "http://www.agenda2030.org.br/ods/16/"
        }
    ],
    "eixos": [
        {
            "codigo": 6,
            "descricao": "Equidade, Justi\u00e7a Social e Cultura de Paz"
        }
    ],
    "valores": [
        {
            "codigo": 221,
            "data": "2016-12-31 00:00:00",
            "valor": "4040.00",
            "descricao": null
        },
        {
            "codigo": 222,
            "data": "2017-12-31 00:00:00",
            "valor": "3668.00",
            "descricao": null
        },
        {
            "codigo": 223,
            "data": "2009-12-31 00:00:00",
            "valor": "1900.00",
            "descricao": null
        },
        {
            "codigo": 224,
            "data": "2010-12-31 00:00:00",
            "valor": "1835.00",
            "descricao": null
        },
        {
            "codigo": 225,
            "data": "2011-12-31 00:00:00",
            "valor": "1690.00",
            "descricao": null
        },
        {
            "codigo": 226,
            "data": "2012-12-31 00:00:00",
            "valor": "1223.00",
            "descricao": null
        },
        {
            "codigo": 227,
            "data": "2013-12-31 00:00:00",
            "valor": "1628.00",
            "descricao": null
        },
        {
            "codigo": 228,
            "data": "2015-12-31 00:00:00",
            "valor": "4701.00",
            "descricao": null
        },
        {
            "codigo": 229,
            "data": "2014-12-31 00:00:00",
            "valor": "2026.00",
            "descricao": null
        },
        {
            "codigo": 3642,
            "data": "2018-12-31 00:00:00",
            "valor": "4766.00",
            "descricao": null
        },
        {
            "codigo": 4333,
            "data": "2019-12-31 00:00:00",
            "valor": "4789.00",
            "descricao": null
        },
        {
            "codigo": 4934,
            "data": "2020-12-30 00:00:00",
            "valor": "1479.00",
            "descricao": null
        },
        {
            "codigo": 5902,
            "data": "2021-12-31 00:00:00",
            "valor": "2584.00",
            "descricao": null
        },
        {
            "codigo": 6748,
            "data": "2022-12-31 00:00:00",
            "valor": "3640.00",
            "descricao": null
        }
    ]
}