{
    "codigo": 5308,
    "nome": "N\u00famero de casamentos comunit\u00e1rios realizados",
    "descricao": "Evolu\u00e7\u00e3o dos Casamentos Comunit\u00e1rios - Cidade Aberta",
    "fonte": "Controle manual",
    "tipoValor": "I",
    "periodicidade": {
        "codigo": 6,
        "descricao": "Anual"
    },
    "tags": [
        {
            "codigo": 1,
            "descricao": "Santos Acolhedora"
        }
    ],
    "secretarias": [
        {
            "codigo": 4095,
            "dado_codigo": 5308,
            "sigla": "SEMULHER",
            "nome": "SECRETARIA MUNICIPAL DA MULHER, DA CIDADANIA E DOS DIREITOS HUMANOS"
        }
    ],
    "autarquias": [],
    "metas": [
        {
            "codigo": 17,
            "numero": 16,
            "titulo": "Paz, Justi\u00e7a e Institui\u00e7\u00f5es Eficazes",
            "objetivo": "Promover sociedades pac\u00edficas e inclusivas para o desenvolvimento sustent\u00e1vel, proporcionar o acesso \u00e0 justi\u00e7a para todos e construir institui\u00e7\u00f5es eficazes, respons\u00e1veis e inclusivas em todos os n\u00edveis",
            "imagem_url": "17.jpg",
            "link": "http://www.agenda2030.org.br/ods/16/"
        }
    ],
    "eixos": [
        {
            "codigo": 6,
            "descricao": "Equidade, Justi\u00e7a Social e Cultura de Paz"
        }
    ],
    "valores": [
        {
            "codigo": 230,
            "data": "2017-12-31 00:00:00",
            "valor": "85.00",
            "descricao": null
        },
        {
            "codigo": 231,
            "data": "2009-12-31 00:00:00",
            "valor": "0.00",
            "descricao": null
        },
        {
            "codigo": 232,
            "data": "2010-12-31 00:00:00",
            "valor": "0.00",
            "descricao": null
        },
        {
            "codigo": 233,
            "data": "2011-12-31 00:00:00",
            "valor": "0.00",
            "descricao": null
        },
        {
            "codigo": 234,
            "data": "2016-12-31 00:00:00",
            "valor": "83.00",
            "descricao": null
        },
        {
            "codigo": 235,
            "data": "2013-12-31 00:00:00",
            "valor": "50.00",
            "descricao": null
        },
        {
            "codigo": 236,
            "data": "2014-12-31 00:00:00",
            "valor": "75.00",
            "descricao": null
        },
        {
            "codigo": 237,
            "data": "2015-12-31 00:00:00",
            "valor": "80.00",
            "descricao": null
        },
        {
            "codigo": 238,
            "data": "2012-12-31 00:00:00",
            "valor": "95.00",
            "descricao": null
        },
        {
            "codigo": 3643,
            "data": "2018-12-31 00:00:00",
            "valor": "42.00",
            "descricao": null
        },
        {
            "codigo": 4332,
            "data": "2019-12-31 00:00:00",
            "valor": "45.00",
            "descricao": null
        },
        {
            "codigo": 5111,
            "data": "2020-12-30 00:00:00",
            "valor": "0.00",
            "descricao": null
        },
        {
            "codigo": 5899,
            "data": "2021-12-31 00:00:00",
            "valor": "0.00",
            "descricao": null
        },
        {
            "codigo": 6770,
            "data": "2022-12-31 00:00:00",
            "valor": "31.00",
            "descricao": null
        }
    ]
}