{
    "codigo": 5309,
    "nome": "N\u00famero de atendimentos no Programa Praia Acess\u00edvel",
    "descricao": "Praia Acess\u00edvel - Cidade Aberta",
    "fonte": "Dados obtidos pela coordenadoria junto aos pontos de atendimento e informados ao PDR (Participa\u00e7\u00e3o Direta nos Resultados)",
    "tipoValor": "I",
    "periodicidade": {
        "codigo": 6,
        "descricao": "Anual"
    },
    "tags": [
        {
            "codigo": 1,
            "descricao": "Santos Acolhedora"
        }
    ],
    "secretarias": [
        {
            "codigo": 4095,
            "dado_codigo": 5309,
            "sigla": "SEMULHER",
            "nome": "SECRETARIA MUNICIPAL DA MULHER, DA CIDADANIA E DOS DIREITOS HUMANOS"
        }
    ],
    "autarquias": [],
    "metas": [],
    "eixos": [],
    "valores": [
        {
            "codigo": 242,
            "data": "2014-09-30 00:00:00",
            "valor": "0.00",
            "descricao": null
        },
        {
            "codigo": 243,
            "data": "2014-08-31 00:00:00",
            "valor": "0.00",
            "descricao": null
        },
        {
            "codigo": 244,
            "data": "2014-07-31 00:00:00",
            "valor": "17.00",
            "descricao": null
        },
        {
            "codigo": 245,
            "data": "2015-12-31 00:00:00",
            "valor": "1850.00",
            "descricao": null
        },
        {
            "codigo": 246,
            "data": "2014-05-31 00:00:00",
            "valor": "0.00",
            "descricao": null
        },
        {
            "codigo": 247,
            "data": "2014-04-30 00:00:00",
            "valor": "0.00",
            "descricao": null
        },
        {
            "codigo": 248,
            "data": "2014-03-31 00:00:00",
            "valor": "40.00",
            "descricao": null
        },
        {
            "codigo": 249,
            "data": "2014-02-28 00:00:00",
            "valor": "60.00",
            "descricao": null
        },
        {
            "codigo": 250,
            "data": "2014-01-31 00:00:00",
            "valor": "150.00",
            "descricao": null
        },
        {
            "codigo": 251,
            "data": "2016-12-31 00:00:00",
            "valor": "1100.00",
            "descricao": null
        },
        {
            "codigo": 3573,
            "data": "2018-12-31 00:00:00",
            "valor": "600.00",
            "descricao": null
        },
        {
            "codigo": 4561,
            "data": "2019-12-31 00:00:00",
            "valor": "563.00",
            "descricao": null
        },
        {
            "codigo": 4906,
            "data": "2020-12-30 00:00:00",
            "valor": "55.00",
            "descricao": null
        },
        {
            "codigo": 5907,
            "data": "2021-12-31 00:00:00",
            "valor": "130.00",
            "descricao": null
        },
        {
            "codigo": 6898,
            "data": "2022-12-31 00:00:00",
            "valor": "324.00",
            "descricao": null
        }
    ]
}