{
    "codigo": 5310,
    "nome": "Quantidade de equipamentos culturais na cidade",
    "descricao": "Qtde de equipamentos culturais na cidade - Cidade Aberta",
    "fonte": "Levantamento junto aos sites da Prefeitura, universidades e sites de pesquisa",
    "tipoValor": "I",
    "periodicidade": {
        "codigo": 6,
        "descricao": "Anual"
    },
    "tags": [
        {
            "codigo": 2,
            "descricao": "Santos Cultural e Tur\u00edstica"
        }
    ],
    "secretarias": [
        {
            "codigo": 609,
            "dado_codigo": 5310,
            "sigla": "SECULT",
            "nome": "SECRETARIA MUNICIPAL DE CULTURA"
        }
    ],
    "autarquias": [],
    "metas": [
        {
            "codigo": 5,
            "numero": 5,
            "titulo": "Igualdade de G\u00eanero",
            "objetivo": "Alcan\u00e7ar a igualdade de g\u00eanero e empoderar todas as mulheres e meninas",
            "imagem_url": "5.jpg",
            "link": "http://www.agenda2030.org.br/ods/5/"
        }
    ],
    "eixos": [
        {
            "codigo": 9,
            "descricao": "Cultura para a Sustentabilidade"
        }
    ],
    "valores": [
        {
            "codigo": 253,
            "data": "2016-12-31 00:00:00",
            "valor": "28.00",
            "descricao": null
        },
        {
            "codigo": 254,
            "data": "2010-12-31 00:00:00",
            "valor": "20.00",
            "descricao": null
        },
        {
            "codigo": 255,
            "data": "2011-12-31 00:00:00",
            "valor": "20.00",
            "descricao": null
        },
        {
            "codigo": 256,
            "data": "2012-12-31 00:00:00",
            "valor": "21.00",
            "descricao": null
        },
        {
            "codigo": 257,
            "data": "2013-12-31 00:00:00",
            "valor": "23.00",
            "descricao": null
        },
        {
            "codigo": 258,
            "data": "2014-12-31 00:00:00",
            "valor": "23.00",
            "descricao": null
        },
        {
            "codigo": 259,
            "data": "2009-12-31 00:00:00",
            "valor": "20.00",
            "descricao": null
        },
        {
            "codigo": 260,
            "data": "2015-12-31 00:00:00",
            "valor": "27.00",
            "descricao": null
        },
        {
            "codigo": 3826,
            "data": "2018-12-31 00:00:00",
            "valor": "28.00",
            "descricao": null
        },
        {
            "codigo": 4462,
            "data": "2019-12-30 00:00:00",
            "valor": "29.00",
            "descricao": null
        },
        {
            "codigo": 4901,
            "data": "2020-12-31 00:00:00",
            "valor": "230.00",
            "descricao": null
        },
        {
            "codigo": 6066,
            "data": "2021-12-31 00:00:00",
            "valor": "23.00",
            "descricao": null
        },
        {
            "codigo": 6952,
            "data": "2022-12-31 00:00:00",
            "valor": "23.00",
            "descricao": null
        }
    ]
}