{
    "codigo": 5311,
    "nome": "Quantidade de eventos culturais",
    "descricao": "Quantidade de eventos culturais - Cidade Aberta",
    "fonte": "Levantamento junto \u00e0 Assessoria T\u00e9cnica de Gabiente-Secult, respons\u00e1vel pelas informa\u00e7\u00f5es da Agenda Cultural \u00e0 p\u00e1gina do Di\u00e1rio Oficial",
    "tipoValor": "I",
    "periodicidade": {
        "codigo": 6,
        "descricao": "Anual"
    },
    "tags": [
        {
            "codigo": 2,
            "descricao": "Santos Cultural e Tur\u00edstica"
        }
    ],
    "secretarias": [
        {
            "codigo": 609,
            "dado_codigo": 5311,
            "sigla": "SECULT",
            "nome": "SECRETARIA MUNICIPAL DE CULTURA"
        }
    ],
    "autarquias": [],
    "metas": [
        {
            "codigo": 5,
            "numero": 5,
            "titulo": "Igualdade de G\u00eanero",
            "objetivo": "Alcan\u00e7ar a igualdade de g\u00eanero e empoderar todas as mulheres e meninas",
            "imagem_url": "5.jpg",
            "link": "http://www.agenda2030.org.br/ods/5/"
        }
    ],
    "eixos": [
        {
            "codigo": 9,
            "descricao": "Cultura para a Sustentabilidade"
        }
    ],
    "valores": [
        {
            "codigo": 261,
            "data": "2012-12-31 00:00:00",
            "valor": "59.00",
            "descricao": null
        },
        {
            "codigo": 262,
            "data": "2013-12-31 00:00:00",
            "valor": "59.00",
            "descricao": null
        },
        {
            "codigo": 263,
            "data": "2014-12-31 00:00:00",
            "valor": "59.00",
            "descricao": null
        },
        {
            "codigo": 264,
            "data": "2010-12-31 00:00:00",
            "valor": "59.00",
            "descricao": null
        },
        {
            "codigo": 265,
            "data": "2015-12-31 00:00:00",
            "valor": "90.00",
            "descricao": null
        },
        {
            "codigo": 266,
            "data": "2011-12-31 00:00:00",
            "valor": "59.00",
            "descricao": null
        },
        {
            "codigo": 267,
            "data": "2016-12-31 00:00:00",
            "valor": "62.00",
            "descricao": null
        },
        {
            "codigo": 268,
            "data": "2009-12-31 00:00:00",
            "valor": "59.00",
            "descricao": null
        },
        {
            "codigo": 3827,
            "data": "2018-12-31 00:00:00",
            "valor": "62.00",
            "descricao": null
        },
        {
            "codigo": 4500,
            "data": "2019-12-30 00:00:00",
            "valor": "90.00",
            "descricao": null
        },
        {
            "codigo": 4904,
            "data": "2020-12-31 00:00:00",
            "valor": "31.00",
            "descricao": null
        },
        {
            "codigo": 6067,
            "data": "2021-12-31 00:00:00",
            "valor": "31.00",
            "descricao": null
        },
        {
            "codigo": 6953,
            "data": "2022-12-31 00:00:00",
            "valor": "35.00",
            "descricao": null
        }
    ]
}