{
    "codigo": 5312,
    "nome": "Quantidade de pessoas atendidas nos cursos oferecidos pela Secretaria de Cultura",
    "descricao": "Quantidade de pessoas atendidas nos cursos - Cidade Aberta",
    "fonte": "Levantamento junto ao DEFORPEC-SECULT - Departamento de Forma\u00e7\u00e3o e Pesquisa Cultural",
    "tipoValor": "I",
    "periodicidade": {
        "codigo": 6,
        "descricao": "Anual"
    },
    "tags": [
        {
            "codigo": 2,
            "descricao": "Santos Cultural e Tur\u00edstica"
        }
    ],
    "secretarias": [
        {
            "codigo": 609,
            "dado_codigo": 5312,
            "sigla": "SECULT",
            "nome": "SECRETARIA MUNICIPAL DE CULTURA"
        }
    ],
    "autarquias": [],
    "metas": [
        {
            "codigo": 5,
            "numero": 5,
            "titulo": "Igualdade de G\u00eanero",
            "objetivo": "Alcan\u00e7ar a igualdade de g\u00eanero e empoderar todas as mulheres e meninas",
            "imagem_url": "5.jpg",
            "link": "http://www.agenda2030.org.br/ods/5/"
        }
    ],
    "eixos": [
        {
            "codigo": 9,
            "descricao": "Cultura para a Sustentabilidade"
        }
    ],
    "valores": [
        {
            "codigo": 269,
            "data": "2013-12-31 00:00:00",
            "valor": "1657.00",
            "descricao": null
        },
        {
            "codigo": 270,
            "data": "2012-12-31 00:00:00",
            "valor": "1590.00",
            "descricao": null
        },
        {
            "codigo": 271,
            "data": "2011-12-31 00:00:00",
            "valor": "1280.00",
            "descricao": null
        },
        {
            "codigo": 272,
            "data": "2016-12-31 00:00:00",
            "valor": "3494.00",
            "descricao": null
        },
        {
            "codigo": 273,
            "data": "2015-12-31 00:00:00",
            "valor": "3757.00",
            "descricao": null
        },
        {
            "codigo": 274,
            "data": "2014-12-31 00:00:00",
            "valor": "3185.00",
            "descricao": null
        },
        {
            "codigo": 275,
            "data": "2010-12-31 00:00:00",
            "valor": "3092.00",
            "descricao": null
        },
        {
            "codigo": 276,
            "data": "2009-12-31 00:00:00",
            "valor": "2689.00",
            "descricao": null
        },
        {
            "codigo": 3828,
            "data": "2018-12-31 00:00:00",
            "valor": "3530.00",
            "descricao": null
        },
        {
            "codigo": 4424,
            "data": "2019-12-30 00:00:00",
            "valor": "3538.00",
            "descricao": null
        },
        {
            "codigo": 4903,
            "data": "2021-12-15 00:00:00",
            "valor": "4903.00",
            "descricao": null
        },
        {
            "codigo": 6955,
            "data": "2022-12-31 00:00:00",
            "valor": "4903.00",
            "descricao": null
        }
    ]
}