{
    "codigo": 5313,
    "nome": "Valor do or\u00e7amento para cultura",
    "descricao": "Valor do or\u00e7amento para cultura - Cidade Aberta",
    "fonte": "Secult",
    "tipoValor": "D",
    "periodicidade": {
        "codigo": 6,
        "descricao": "Anual"
    },
    "tags": [
        {
            "codigo": 2,
            "descricao": "Santos Cultural e Tur\u00edstica"
        }
    ],
    "secretarias": [
        {
            "codigo": 609,
            "dado_codigo": 5313,
            "sigla": "SECULT",
            "nome": "SECRETARIA MUNICIPAL DE CULTURA"
        }
    ],
    "autarquias": [],
    "metas": [
        {
            "codigo": 5,
            "numero": 5,
            "titulo": "Igualdade de G\u00eanero",
            "objetivo": "Alcan\u00e7ar a igualdade de g\u00eanero e empoderar todas as mulheres e meninas",
            "imagem_url": "5.jpg",
            "link": "http://www.agenda2030.org.br/ods/5/"
        }
    ],
    "eixos": [
        {
            "codigo": 9,
            "descricao": "Cultura para a Sustentabilidade"
        }
    ],
    "valores": [
        {
            "codigo": 277,
            "data": "2016-12-31 00:00:00",
            "valor": "999999.99",
            "descricao": null
        },
        {
            "codigo": 278,
            "data": "2015-12-31 00:00:00",
            "valor": "999999.99",
            "descricao": null
        },
        {
            "codigo": 279,
            "data": "2009-12-31 00:00:00",
            "valor": "999999.99",
            "descricao": null
        },
        {
            "codigo": 280,
            "data": "2010-12-31 00:00:00",
            "valor": "999999.99",
            "descricao": null
        },
        {
            "codigo": 281,
            "data": "2013-12-31 00:00:00",
            "valor": "999999.99",
            "descricao": null
        },
        {
            "codigo": 282,
            "data": "2012-12-31 00:00:00",
            "valor": "999999.99",
            "descricao": null
        },
        {
            "codigo": 283,
            "data": "2011-12-31 00:00:00",
            "valor": "999999.99",
            "descricao": null
        },
        {
            "codigo": 284,
            "data": "2014-12-31 00:00:00",
            "valor": "999999.99",
            "descricao": null
        },
        {
            "codigo": 3829,
            "data": "2018-12-31 00:00:00",
            "valor": "4030010.47",
            "descricao": null
        },
        {
            "codigo": 4479,
            "data": "2019-12-30 00:00:00",
            "valor": "16947000.00",
            "descricao": null
        },
        {
            "codigo": 4895,
            "data": "2020-12-31 00:00:00",
            "valor": "19119800.00",
            "descricao": null
        },
        {
            "codigo": 6068,
            "data": "2021-12-31 00:00:00",
            "valor": "8334710.00",
            "descricao": null
        },
        {
            "codigo": 6957,
            "data": "2022-12-31 00:00:00",
            "valor": "23317375.57",
            "descricao": null
        }
    ]
}