{
    "codigo": 5314,
    "nome": "Evolu\u00e7\u00e3o de empr\u00e9stimos concedidos pelo Banco do Povo",
    "descricao": "Evolu\u00e7\u00e3o de empr\u00e9stimos - Banco do Povo - Cidade Aberta",
    "fonte": "Relat\u00f3rio de produtividade proferido pela Desenvolve SP, junto \u00e0 Unidade Municipal de Cr\u00e9dito",
    "tipoValor": "D",
    "periodicidade": {
        "codigo": 6,
        "descricao": "Anual"
    },
    "tags": [
        {
            "codigo": 4,
            "descricao": "Santos Eficiente"
        }
    ],
    "secretarias": [
        {
            "codigo": 5491,
            "dado_codigo": 5314,
            "sigla": "SEECTUR",
            "nome": "SECRETARIA MUNICIPAL DE EMPREENDEDORISMO, ECONOMIA CRIATIVA E TURISMO"
        }
    ],
    "autarquias": [],
    "metas": [
        {
            "codigo": 9,
            "numero": 8,
            "titulo": "Trabalho Decente e Crescimento Econ\u00f4mico",
            "objetivo": "Promover o crescimento econ\u00f4mico sustentado, inclusivo e sustent\u00e1vel, o emprego pleno e produtivo e o trabalho decente para todos",
            "imagem_url": "9.jpg",
            "link": "http://www.agenda2030.org.br/ods/8/"
        }
    ],
    "eixos": [
        {
            "codigo": 11,
            "descricao": "Economia Local, Din\u00e2mica, Criativa e Sustent\u00e1vel"
        }
    ],
    "valores": [
        {
            "codigo": 285,
            "data": "2009-12-31 00:00:00",
            "valor": "960990.00",
            "descricao": null
        },
        {
            "codigo": 286,
            "data": "2010-12-31 00:00:00",
            "valor": "807740.00",
            "descricao": null
        },
        {
            "codigo": 287,
            "data": "2011-12-31 00:00:00",
            "valor": "682968.00",
            "descricao": null
        },
        {
            "codigo": 288,
            "data": "2012-12-31 00:00:00",
            "valor": "875214.00",
            "descricao": null
        },
        {
            "codigo": 289,
            "data": "2013-12-31 00:00:00",
            "valor": "875249.00",
            "descricao": null
        },
        {
            "codigo": 290,
            "data": "2014-12-31 00:00:00",
            "valor": "611569.00",
            "descricao": null
        },
        {
            "codigo": 291,
            "data": "2015-12-31 00:00:00",
            "valor": "274530.00",
            "descricao": null
        },
        {
            "codigo": 292,
            "data": "2016-12-31 00:00:00",
            "valor": "576684.78",
            "descricao": null
        },
        {
            "codigo": 3881,
            "data": "2018-12-31 00:00:00",
            "valor": "1071216.00",
            "descricao": null
        },
        {
            "codigo": 4331,
            "data": "2019-12-31 00:00:00",
            "valor": "1054000.00",
            "descricao": null
        },
        {
            "codigo": 5193,
            "data": "2020-12-31 00:00:00",
            "valor": "2245060.36",
            "descricao": null
        },
        {
            "codigo": 5685,
            "data": "2021-12-31 00:00:00",
            "valor": "1688998.99",
            "descricao": null
        },
        {
            "codigo": 6647,
            "data": "2022-12-31 00:00:00",
            "valor": "1642152.85",
            "descricao": null
        },
        {
            "codigo": 6988,
            "data": "2023-12-31 00:00:00",
            "valor": "699389.82",
            "descricao": null
        }
    ]
}