{
    "codigo": 5320,
    "nome": "Atendimento de Educa\u00e7\u00e3o Infantil (creche e pr\u00e9-escola)",
    "descricao": "Atendimento de Educa\u00e7\u00e3o Infantil (Creche e Pr\u00e9-escola) - Cidade Aberta",
    "fonte": "Censo Inep",
    "tipoValor": "I",
    "periodicidade": {
        "codigo": 6,
        "descricao": "Anual"
    },
    "tags": [
        {
            "codigo": 3,
            "descricao": "Santos Educadora"
        }
    ],
    "secretarias": [
        {
            "codigo": 2907,
            "dado_codigo": 5320,
            "sigla": "SEDUC",
            "nome": "SECRETARIA MUNICIPAL DE EDUCA\u00c7\u00c3O"
        }
    ],
    "autarquias": [],
    "metas": [
        {
            "codigo": 6,
            "numero": 4,
            "titulo": "Educa\u00e7\u00e3o de Qualidade",
            "objetivo": "Assegurar a educa\u00e7\u00e3o inclusiva e equitativa de qualidade, e promover oportunidades de aprendizagem ao longo da vida para todos",
            "imagem_url": "6.jpg",
            "link": "http://www.agenda2030.org.br/ods/4/"
        }
    ],
    "eixos": [
        {
            "codigo": 10,
            "descricao": "Educa\u00e7\u00e3o para a Sustentabilidade e Qualidade de Vida"
        }
    ],
    "valores": [
        {
            "codigo": 333,
            "data": "2012-12-31 00:00:00",
            "valor": "12465.00",
            "descricao": null
        },
        {
            "codigo": 334,
            "data": "2011-12-31 00:00:00",
            "valor": "12139.00",
            "descricao": null
        },
        {
            "codigo": 335,
            "data": "2016-12-31 00:00:00",
            "valor": "8120.00",
            "descricao": null
        },
        {
            "codigo": 336,
            "data": "2010-12-31 00:00:00",
            "valor": "13384.00",
            "descricao": null
        },
        {
            "codigo": 337,
            "data": "2009-12-31 00:00:00",
            "valor": "13192.00",
            "descricao": null
        },
        {
            "codigo": 338,
            "data": "2015-12-31 00:00:00",
            "valor": "12531.00",
            "descricao": null
        },
        {
            "codigo": 339,
            "data": "2013-12-31 00:00:00",
            "valor": "12411.00",
            "descricao": null
        },
        {
            "codigo": 340,
            "data": "2014-12-31 00:00:00",
            "valor": "12430.00",
            "descricao": null
        },
        {
            "codigo": 3871,
            "data": "2018-12-31 00:00:00",
            "valor": "7836.00",
            "descricao": null
        },
        {
            "codigo": 4385,
            "data": "2019-12-31 00:00:00",
            "valor": "7979.00",
            "descricao": null
        },
        {
            "codigo": 5036,
            "data": "2020-12-31 00:00:00",
            "valor": "7807.00",
            "descricao": null
        },
        {
            "codigo": 5473,
            "data": "2021-12-21 00:00:00",
            "valor": "7165.00",
            "descricao": null
        },
        {
            "codigo": 6404,
            "data": "2022-12-31 00:00:00",
            "valor": "12403.00",
            "descricao": null
        },
        {
            "codigo": 7351,
            "data": "2023-12-31 00:00:00",
            "valor": "19790.00",
            "descricao": null
        }
    ]
}