{
    "codigo": 5322,
    "nome": "Atendimento de 0 a 3 anos (creche)",
    "descricao": "Atendimento de 0 a 3 anos (creche) - Cidade Aberta",
    "fonte": "Censo Inep",
    "tipoValor": "I",
    "periodicidade": {
        "codigo": 6,
        "descricao": "Anual"
    },
    "tags": [
        {
            "codigo": 3,
            "descricao": "Santos Educadora"
        }
    ],
    "secretarias": [
        {
            "codigo": 2907,
            "dado_codigo": 5322,
            "sigla": "SEDUC",
            "nome": "SECRETARIA MUNICIPAL DE EDUCA\u00c7\u00c3O"
        }
    ],
    "autarquias": [],
    "metas": [
        {
            "codigo": 6,
            "numero": 4,
            "titulo": "Educa\u00e7\u00e3o de Qualidade",
            "objetivo": "Assegurar a educa\u00e7\u00e3o inclusiva e equitativa de qualidade, e promover oportunidades de aprendizagem ao longo da vida para todos",
            "imagem_url": "6.jpg",
            "link": "http://www.agenda2030.org.br/ods/4/"
        }
    ],
    "eixos": [
        {
            "codigo": 10,
            "descricao": "Educa\u00e7\u00e3o para a Sustentabilidade e Qualidade de Vida"
        }
    ],
    "valores": [
        {
            "codigo": 349,
            "data": "2010-12-31 00:00:00",
            "valor": "7041.00",
            "descricao": null
        },
        {
            "codigo": 350,
            "data": "2012-12-31 00:00:00",
            "valor": "6880.00",
            "descricao": null
        },
        {
            "codigo": 351,
            "data": "2013-12-31 00:00:00",
            "valor": "6908.00",
            "descricao": null
        },
        {
            "codigo": 352,
            "data": "2014-12-31 00:00:00",
            "valor": "6949.00",
            "descricao": null
        },
        {
            "codigo": 353,
            "data": "2015-12-31 00:00:00",
            "valor": "7332.00",
            "descricao": null
        },
        {
            "codigo": 354,
            "data": "2011-12-31 00:00:00",
            "valor": "7490.00",
            "descricao": null
        },
        {
            "codigo": 355,
            "data": "2016-12-31 00:00:00",
            "valor": "3986.00",
            "descricao": null
        },
        {
            "codigo": 356,
            "data": "2009-12-31 00:00:00",
            "valor": "4768.00",
            "descricao": null
        },
        {
            "codigo": 3878,
            "data": "2018-12-31 00:00:00",
            "valor": "3733.00",
            "descricao": null
        },
        {
            "codigo": 4387,
            "data": "2019-12-31 00:00:00",
            "valor": "3821.00",
            "descricao": null
        },
        {
            "codigo": 5039,
            "data": "2020-12-31 00:00:00",
            "valor": "3568.00",
            "descricao": null
        },
        {
            "codigo": 5476,
            "data": "2021-12-21 00:00:00",
            "valor": "3418.00",
            "descricao": null
        },
        {
            "codigo": 6402,
            "data": "2022-12-31 00:00:00",
            "valor": "6980.00",
            "descricao": null
        },
        {
            "codigo": 7349,
            "data": "2023-12-31 00:00:00",
            "valor": "7252.00",
            "descricao": null
        }
    ]
}