{
    "codigo": 5326,
    "nome": "Incid\u00eancia de reten\u00e7\u00e3o",
    "descricao": "Incid\u00eancia de reten\u00e7\u00e3o - Cidade Aberta",
    "fonte": "Siges",
    "tipoValor": "I",
    "periodicidade": {
        "codigo": 6,
        "descricao": "Anual"
    },
    "tags": [
        {
            "codigo": 3,
            "descricao": "Santos Educadora"
        }
    ],
    "secretarias": [
        {
            "codigo": 2907,
            "dado_codigo": 5326,
            "sigla": "SEDUC",
            "nome": "SECRETARIA MUNICIPAL DE EDUCA\u00c7\u00c3O"
        }
    ],
    "autarquias": [],
    "metas": [
        {
            "codigo": 5,
            "numero": 5,
            "titulo": "Igualdade de G\u00eanero",
            "objetivo": "Alcan\u00e7ar a igualdade de g\u00eanero e empoderar todas as mulheres e meninas",
            "imagem_url": "5.jpg",
            "link": "http://www.agenda2030.org.br/ods/5/"
        }
    ],
    "eixos": [
        {
            "codigo": 10,
            "descricao": "Educa\u00e7\u00e3o para a Sustentabilidade e Qualidade de Vida"
        }
    ],
    "valores": [
        {
            "codigo": 381,
            "data": "2009-12-31 00:00:00",
            "valor": "1201.00",
            "descricao": null
        },
        {
            "codigo": 382,
            "data": "2016-12-31 00:00:00",
            "valor": "628.00",
            "descricao": null
        },
        {
            "codigo": 383,
            "data": "2015-12-31 00:00:00",
            "valor": "644.00",
            "descricao": null
        },
        {
            "codigo": 384,
            "data": "2014-12-31 00:00:00",
            "valor": "897.00",
            "descricao": null
        },
        {
            "codigo": 385,
            "data": "2013-12-31 00:00:00",
            "valor": "1233.00",
            "descricao": null
        },
        {
            "codigo": 386,
            "data": "2012-12-31 00:00:00",
            "valor": "1054.00",
            "descricao": null
        },
        {
            "codigo": 387,
            "data": "2011-12-31 00:00:00",
            "valor": "1101.00",
            "descricao": null
        },
        {
            "codigo": 388,
            "data": "2010-12-31 00:00:00",
            "valor": "1063.00",
            "descricao": null
        },
        {
            "codigo": 3895,
            "data": "2018-12-31 00:00:00",
            "valor": "757.00",
            "descricao": null
        },
        {
            "codigo": 4419,
            "data": "2019-12-31 00:00:00",
            "valor": "720.00",
            "descricao": null
        },
        {
            "codigo": 5047,
            "data": "2020-12-31 00:00:00",
            "valor": "235.00",
            "descricao": null
        },
        {
            "codigo": 5246,
            "data": "2017-12-29 00:00:00",
            "valor": "708.00",
            "descricao": null
        },
        {
            "codigo": 5485,
            "data": "2021-12-21 00:00:00",
            "valor": "345.00",
            "descricao": null
        },
        {
            "codigo": 6408,
            "data": "2022-12-31 00:00:00",
            "valor": "446.00",
            "descricao": null
        },
        {
            "codigo": 7353,
            "data": "2023-12-31 00:00:00",
            "valor": "446.00",
            "descricao": null
        }
    ]
}