{
    "codigo": 5329,
    "nome": "Taxa de aprova\u00e7\u00e3o",
    "descricao": "Taxa de Aprova\u00e7\u00e3o - Cidade Aberta",
    "fonte": "Siges",
    "tipoValor": "D",
    "periodicidade": {
        "codigo": 6,
        "descricao": "Anual"
    },
    "tags": [
        {
            "codigo": 3,
            "descricao": "Santos Educadora"
        }
    ],
    "secretarias": [
        {
            "codigo": 2907,
            "dado_codigo": 5329,
            "sigla": "SEDUC",
            "nome": "SECRETARIA MUNICIPAL DE EDUCA\u00c7\u00c3O"
        }
    ],
    "autarquias": [],
    "metas": [
        {
            "codigo": 5,
            "numero": 5,
            "titulo": "Igualdade de G\u00eanero",
            "objetivo": "Alcan\u00e7ar a igualdade de g\u00eanero e empoderar todas as mulheres e meninas",
            "imagem_url": "5.jpg",
            "link": "http://www.agenda2030.org.br/ods/5/"
        }
    ],
    "eixos": [
        {
            "codigo": 10,
            "descricao": "Educa\u00e7\u00e3o para a Sustentabilidade e Qualidade de Vida"
        }
    ],
    "valores": [
        {
            "codigo": 405,
            "data": "2011-12-31 00:00:00",
            "valor": "95.05",
            "descricao": null
        },
        {
            "codigo": 406,
            "data": "2015-12-31 00:00:00",
            "valor": "96.38",
            "descricao": null
        },
        {
            "codigo": 407,
            "data": "2014-12-31 00:00:00",
            "valor": "94.55",
            "descricao": null
        },
        {
            "codigo": 408,
            "data": "2013-12-31 00:00:00",
            "valor": "92.69",
            "descricao": null
        },
        {
            "codigo": 409,
            "data": "2010-12-31 00:00:00",
            "valor": "95.08",
            "descricao": null
        },
        {
            "codigo": 410,
            "data": "2009-12-31 00:00:00",
            "valor": "94.68",
            "descricao": null
        },
        {
            "codigo": 411,
            "data": "2016-12-31 00:00:00",
            "valor": "96.75",
            "descricao": null
        },
        {
            "codigo": 412,
            "data": "2012-12-31 00:00:00",
            "valor": "93.27",
            "descricao": null
        },
        {
            "codigo": 3899,
            "data": "2018-12-31 00:00:00",
            "valor": "96.90",
            "descricao": null
        },
        {
            "codigo": 4420,
            "data": "2019-12-31 00:00:00",
            "valor": "95.65",
            "descricao": null
        },
        {
            "codigo": 5050,
            "data": "2020-12-31 00:00:00",
            "valor": "98.89",
            "descricao": null
        },
        {
            "codigo": 5487,
            "data": "2021-12-21 00:00:00",
            "valor": "98.21",
            "descricao": null
        },
        {
            "codigo": 6459,
            "data": "2022-12-31 00:00:00",
            "valor": "97.70",
            "descricao": null
        },
        {
            "codigo": 7104,
            "data": "2023-12-31 00:00:00",
            "valor": "97.84",
            "descricao": null
        }
    ]
}