{
    "codigo": 5339,
    "nome": "Quantidade total de estagi\u00e1rios",
    "descricao": "Controle da quantidade de estagi\u00e1rios - Cidade Aberta",
    "fonte": "SEFIN, ANTIGA SEGES",
    "tipoValor": "I",
    "periodicidade": {
        "codigo": 6,
        "descricao": "Anual"
    },
    "tags": [
        {
            "codigo": 4,
            "descricao": "Santos Eficiente"
        }
    ],
    "secretarias": [
        {
            "codigo": 4681,
            "dado_codigo": 5339,
            "sigla": "SEFIN",
            "nome": "SECRETARIA MUNICIPAL DE FINAN\u00c7AS E GEST\u00c3O"
        }
    ],
    "autarquias": [],
    "metas": [
        {
            "codigo": 12,
            "numero": 11,
            "titulo": "Cidades e Comunidades Sustent\u00e1veis",
            "objetivo": "Tornar as cidades e os assentamentos humanos inclusivos, seguros, resilientes e sustent\u00e1veis",
            "imagem_url": "12.jpg",
            "link": "http://www.agenda2030.org.br/ods/11/"
        }
    ],
    "eixos": [
        {
            "codigo": 4,
            "descricao": "Governan\u00e7a"
        }
    ],
    "valores": [
        {
            "codigo": 485,
            "data": "2010-12-31 00:00:00",
            "valor": "217.00",
            "descricao": null
        },
        {
            "codigo": 486,
            "data": "2011-12-31 00:00:00",
            "valor": "121.00",
            "descricao": null
        },
        {
            "codigo": 487,
            "data": "2013-12-31 00:00:00",
            "valor": "94.00",
            "descricao": null
        },
        {
            "codigo": 488,
            "data": "2014-12-31 00:00:00",
            "valor": "114.00",
            "descricao": null
        },
        {
            "codigo": 489,
            "data": "2015-12-31 00:00:00",
            "valor": "131.00",
            "descricao": null
        },
        {
            "codigo": 490,
            "data": "2012-12-31 00:00:00",
            "valor": "117.00",
            "descricao": null
        },
        {
            "codigo": 491,
            "data": "2016-12-31 00:00:00",
            "valor": "180.00",
            "descricao": null
        },
        {
            "codigo": 492,
            "data": "2009-12-31 00:00:00",
            "valor": "255.00",
            "descricao": null
        },
        {
            "codigo": 3957,
            "data": "2018-12-31 00:00:00",
            "valor": "93.00",
            "descricao": null
        },
        {
            "codigo": 4118,
            "data": "2019-12-31 00:00:00",
            "valor": "89.00",
            "descricao": null
        },
        {
            "codigo": 5074,
            "data": "2020-12-31 00:00:00",
            "valor": "206.00",
            "descricao": null
        },
        {
            "codigo": 5992,
            "data": "2021-12-30 00:00:00",
            "valor": "137.00",
            "descricao": null
        },
        {
            "codigo": 6881,
            "data": "2022-12-31 00:00:00",
            "valor": "184.00",
            "descricao": null
        }
    ]
}