{
    "codigo": 5344,
    "nome": "Total de afastamentos por depend\u00eancia qu\u00edmica",
    "descricao": "\u00cdndice de afastamentos por depend\u00eancia qu\u00edmica - Cidade Aberta",
    "fonte": "SEFIN, ANTIGA SEGES",
    "tipoValor": "I",
    "periodicidade": {
        "codigo": 6,
        "descricao": "Anual"
    },
    "tags": [
        {
            "codigo": 4,
            "descricao": "Santos Eficiente"
        }
    ],
    "secretarias": [
        {
            "codigo": 4681,
            "dado_codigo": 5344,
            "sigla": "SEFIN",
            "nome": "SECRETARIA MUNICIPAL DE FINAN\u00c7AS E GEST\u00c3O"
        }
    ],
    "autarquias": [],
    "metas": [
        {
            "codigo": 12,
            "numero": 11,
            "titulo": "Cidades e Comunidades Sustent\u00e1veis",
            "objetivo": "Tornar as cidades e os assentamentos humanos inclusivos, seguros, resilientes e sustent\u00e1veis",
            "imagem_url": "12.jpg",
            "link": "http://www.agenda2030.org.br/ods/11/"
        }
    ],
    "eixos": [
        {
            "codigo": 14,
            "descricao": "A\u00e7\u00e3o Local para a Sa\u00fade"
        }
    ],
    "valores": [
        {
            "codigo": 525,
            "data": "2014-12-31 00:00:00",
            "valor": "102.00",
            "descricao": null
        },
        {
            "codigo": 526,
            "data": "2016-12-31 00:00:00",
            "valor": "96.00",
            "descricao": null
        },
        {
            "codigo": 527,
            "data": "2015-12-31 00:00:00",
            "valor": "107.00",
            "descricao": null
        },
        {
            "codigo": 3889,
            "data": "2018-12-31 00:00:00",
            "valor": "115.00",
            "descricao": null
        },
        {
            "codigo": 4119,
            "data": "2019-12-31 00:00:00",
            "valor": "26.00",
            "descricao": null
        },
        {
            "codigo": 5985,
            "data": "2021-12-30 00:00:00",
            "valor": "26.00",
            "descricao": null
        },
        {
            "codigo": 6885,
            "data": "2022-12-31 00:00:00",
            "valor": "44.00",
            "descricao": null
        }
    ]
}