{
    "codigo": 5347,
    "nome": "N\u00famero de avalia\u00e7\u00e3o psicol\u00f3gicas individuais realizadas",
    "descricao": "N\u00famero de avalia\u00e7\u00e3o psicol\u00f3gicas individuais realizadas - Cidade Aberta",
    "fonte": "SEFIN, ANTIGA SEGES",
    "tipoValor": "I",
    "periodicidade": {
        "codigo": 1,
        "descricao": "Mensal"
    },
    "tags": [
        {
            "codigo": 4,
            "descricao": "Santos Eficiente"
        }
    ],
    "secretarias": [
        {
            "codigo": 4681,
            "dado_codigo": 5347,
            "sigla": "SEFIN",
            "nome": "SECRETARIA MUNICIPAL DE FINAN\u00c7AS E GEST\u00c3O"
        }
    ],
    "autarquias": [],
    "metas": [
        {
            "codigo": 4,
            "numero": 3,
            "titulo": "Sa\u00fade e Bem-Estar",
            "objetivo": "Assegurar uma vida saud\u00e1vel e promover o bem-estar para todos, em todas as idades",
            "imagem_url": "4.jpg",
            "link": "http://www.agenda2030.org.br/ods/3/"
        }
    ],
    "eixos": [],
    "valores": [
        {
            "codigo": 536,
            "data": "2009-12-31 00:00:00",
            "valor": "0.00",
            "descricao": null
        },
        {
            "codigo": 537,
            "data": "2016-12-31 00:00:00",
            "valor": "53.00",
            "descricao": null
        },
        {
            "codigo": 538,
            "data": "2015-12-31 00:00:00",
            "valor": "0.00",
            "descricao": null
        },
        {
            "codigo": 539,
            "data": "2015-11-30 00:00:00",
            "valor": "0.00",
            "descricao": null
        },
        {
            "codigo": 540,
            "data": "2015-10-31 00:00:00",
            "valor": "0.00",
            "descricao": null
        },
        {
            "codigo": 541,
            "data": "2015-09-30 00:00:00",
            "valor": "0.00",
            "descricao": null
        },
        {
            "codigo": 542,
            "data": "2015-08-31 00:00:00",
            "valor": "0.00",
            "descricao": null
        },
        {
            "codigo": 543,
            "data": "2015-07-31 00:00:00",
            "valor": "0.00",
            "descricao": null
        },
        {
            "codigo": 544,
            "data": "2015-06-30 00:00:00",
            "valor": "0.00",
            "descricao": null
        },
        {
            "codigo": 545,
            "data": "2015-05-31 00:00:00",
            "valor": "6.00",
            "descricao": null
        },
        {
            "codigo": 546,
            "data": "2015-04-30 00:00:00",
            "valor": "7.00",
            "descricao": null
        },
        {
            "codigo": 547,
            "data": "2015-03-31 00:00:00",
            "valor": "10.00",
            "descricao": null
        },
        {
            "codigo": 548,
            "data": "2015-02-28 00:00:00",
            "valor": "3.00",
            "descricao": null
        },
        {
            "codigo": 549,
            "data": "2015-01-31 00:00:00",
            "valor": "5.00",
            "descricao": null
        },
        {
            "codigo": 550,
            "data": "2013-12-31 00:00:00",
            "valor": "4.00",
            "descricao": null
        },
        {
            "codigo": 551,
            "data": "2013-11-30 00:00:00",
            "valor": "10.00",
            "descricao": null
        },
        {
            "codigo": 552,
            "data": "2013-10-31 00:00:00",
            "valor": "15.00",
            "descricao": null
        },
        {
            "codigo": 553,
            "data": "2013-09-30 00:00:00",
            "valor": "20.00",
            "descricao": null
        },
        {
            "codigo": 554,
            "data": "2013-08-31 00:00:00",
            "valor": "18.00",
            "descricao": null
        },
        {
            "codigo": 555,
            "data": "2013-07-31 00:00:00",
            "valor": "10.00",
            "descricao": null
        },
        {
            "codigo": 556,
            "data": "2013-06-30 00:00:00",
            "valor": "0.00",
            "descricao": null
        },
        {
            "codigo": 557,
            "data": "2013-05-31 00:00:00",
            "valor": "0.00",
            "descricao": null
        },
        {
            "codigo": 558,
            "data": "2013-04-30 00:00:00",
            "valor": "0.00",
            "descricao": null
        },
        {
            "codigo": 559,
            "data": "2013-03-31 00:00:00",
            "valor": "0.00",
            "descricao": null
        },
        {
            "codigo": 560,
            "data": "2013-02-28 00:00:00",
            "valor": "0.00",
            "descricao": null
        },
        {
            "codigo": 561,
            "data": "2013-01-31 00:00:00",
            "valor": "0.00",
            "descricao": null
        },
        {
            "codigo": 562,
            "data": "2012-12-31 00:00:00",
            "valor": "0.00",
            "descricao": null
        },
        {
            "codigo": 563,
            "data": "2011-12-31 00:00:00",
            "valor": "0.00",
            "descricao": null
        },
        {
            "codigo": 564,
            "data": "2010-12-31 00:00:00",
            "valor": "0.00",
            "descricao": null
        },
        {
            "codigo": 565,
            "data": "2014-12-31 00:00:00",
            "valor": "9.00",
            "descricao": null
        },
        {
            "codigo": 566,
            "data": "2014-11-30 00:00:00",
            "valor": "17.00",
            "descricao": null
        },
        {
            "codigo": 567,
            "data": "2014-10-31 00:00:00",
            "valor": "13.00",
            "descricao": null
        },
        {
            "codigo": 568,
            "data": "2014-09-30 00:00:00",
            "valor": "3.00",
            "descricao": null
        },
        {
            "codigo": 569,
            "data": "2014-08-31 00:00:00",
            "valor": "11.00",
            "descricao": null
        },
        {
            "codigo": 570,
            "data": "2014-07-31 00:00:00",
            "valor": "16.00",
            "descricao": null
        },
        {
            "codigo": 571,
            "data": "2014-06-30 00:00:00",
            "valor": "15.00",
            "descricao": null
        },
        {
            "codigo": 572,
            "data": "2014-05-31 00:00:00",
            "valor": "14.00",
            "descricao": null
        },
        {
            "codigo": 573,
            "data": "2014-04-30 00:00:00",
            "valor": "16.00",
            "descricao": null
        },
        {
            "codigo": 574,
            "data": "2014-03-31 00:00:00",
            "valor": "5.00",
            "descricao": null
        },
        {
            "codigo": 575,
            "data": "2014-02-28 00:00:00",
            "valor": "20.00",
            "descricao": null
        },
        {
            "codigo": 576,
            "data": "2014-01-31 00:00:00",
            "valor": "2.00",
            "descricao": null
        },
        {
            "codigo": 3891,
            "data": "2018-12-31 00:00:00",
            "valor": "39.00",
            "descricao": null
        },
        {
            "codigo": 4121,
            "data": "2019-12-31 00:00:00",
            "valor": "30.00",
            "descricao": null
        },
        {
            "codigo": 5103,
            "data": "2020-12-31 00:00:00",
            "valor": "9.00",
            "descricao": null
        },
        {
            "codigo": 5995,
            "data": "2021-12-30 00:00:00",
            "valor": "6.00",
            "descricao": null
        },
        {
            "codigo": 6865,
            "data": "2022-12-31 00:00:00",
            "valor": "5.00",
            "descricao": null
        }
    ]
}