{
    "codigo": 5354,
    "nome": "N\u00famero total de servidores atendidos pelo Servi\u00e7o Social",
    "descricao": "Servidores atendidos pelo Servi\u00e7o Social - Cidade Aberta",
    "fonte": "SEFIN, ANTIGA SEGES",
    "tipoValor": "I",
    "periodicidade": {
        "codigo": 6,
        "descricao": "Anual"
    },
    "tags": [
        {
            "codigo": 4,
            "descricao": "Santos Eficiente"
        }
    ],
    "secretarias": [
        {
            "codigo": 4681,
            "dado_codigo": 5354,
            "sigla": "SEFIN",
            "nome": "SECRETARIA MUNICIPAL DE FINAN\u00c7AS E GEST\u00c3O"
        }
    ],
    "autarquias": [],
    "metas": [
        {
            "codigo": 12,
            "numero": 11,
            "titulo": "Cidades e Comunidades Sustent\u00e1veis",
            "objetivo": "Tornar as cidades e os assentamentos humanos inclusivos, seguros, resilientes e sustent\u00e1veis",
            "imagem_url": "12.jpg",
            "link": "http://www.agenda2030.org.br/ods/11/"
        }
    ],
    "eixos": [
        {
            "codigo": 6,
            "descricao": "Equidade, Justi\u00e7a Social e Cultura de Paz"
        }
    ],
    "valores": [
        {
            "codigo": 716,
            "data": "2012-12-31 00:00:00",
            "valor": "4.00",
            "descricao": null
        },
        {
            "codigo": 717,
            "data": "2013-12-31 00:00:00",
            "valor": "5.00",
            "descricao": null
        },
        {
            "codigo": 718,
            "data": "2016-12-31 00:00:00",
            "valor": "2520.00",
            "descricao": null
        },
        {
            "codigo": 719,
            "data": "2015-12-31 00:00:00",
            "valor": "2044.00",
            "descricao": null
        },
        {
            "codigo": 720,
            "data": "2011-12-31 00:00:00",
            "valor": "3.00",
            "descricao": null
        },
        {
            "codigo": 721,
            "data": "2009-12-31 00:00:00",
            "valor": "1.00",
            "descricao": null
        },
        {
            "codigo": 722,
            "data": "2014-12-31 00:00:00",
            "valor": "6.00",
            "descricao": null
        },
        {
            "codigo": 723,
            "data": "2010-12-31 00:00:00",
            "valor": "2.00",
            "descricao": null
        },
        {
            "codigo": 3896,
            "data": "2018-12-31 00:00:00",
            "valor": "2063.00",
            "descricao": null
        },
        {
            "codigo": 4125,
            "data": "2019-12-31 00:00:00",
            "valor": "1185.00",
            "descricao": null
        },
        {
            "codigo": 5102,
            "data": "2020-12-31 00:00:00",
            "valor": "991.00",
            "descricao": null
        },
        {
            "codigo": 5994,
            "data": "2021-12-30 00:00:00",
            "valor": "1167.00",
            "descricao": null
        },
        {
            "codigo": 6876,
            "data": "2022-12-31 00:00:00",
            "valor": "1048.00",
            "descricao": null
        }
    ]
}