{
    "codigo": 5358,
    "nome": "Somat\u00f3ria do n\u00famero de obras que integram o acervo da Biblioteca/Videoteca",
    "descricao": "Biblioteca/Videoteca - acervo - Cidade Aberta",
    "fonte": "SEMAM",
    "tipoValor": "I",
    "periodicidade": {
        "codigo": 6,
        "descricao": "Anual"
    },
    "tags": [
        {
            "codigo": 20,
            "descricao": "Santos Sustent\u00e1vel"
        }
    ],
    "secretarias": [
        {
            "codigo": 5767,
            "dado_codigo": 5358,
            "sigla": "SEMAM",
            "nome": "SECRETARIA MUNICIPAL DE MEIO AMBIENTE E BEM-ESTAR ANIMAL"
        }
    ],
    "autarquias": [],
    "metas": [
        {
            "codigo": 12,
            "numero": 11,
            "titulo": "Cidades e Comunidades Sustent\u00e1veis",
            "objetivo": "Tornar as cidades e os assentamentos humanos inclusivos, seguros, resilientes e sustent\u00e1veis",
            "imagem_url": "12.jpg",
            "link": "http://www.agenda2030.org.br/ods/11/"
        }
    ],
    "eixos": [
        {
            "codigo": 10,
            "descricao": "Educa\u00e7\u00e3o para a Sustentabilidade e Qualidade de Vida"
        }
    ],
    "valores": [
        {
            "codigo": 777,
            "data": "2014-12-31 00:00:00",
            "valor": "4500.00",
            "descricao": null
        },
        {
            "codigo": 778,
            "data": "2015-12-31 00:00:00",
            "valor": "4500.00",
            "descricao": null
        },
        {
            "codigo": 779,
            "data": "2016-12-31 00:00:00",
            "valor": "4500.00",
            "descricao": null
        },
        {
            "codigo": 780,
            "data": "2009-12-31 00:00:00",
            "valor": "0.00",
            "descricao": null
        },
        {
            "codigo": 781,
            "data": "2010-12-31 00:00:00",
            "valor": "0.00",
            "descricao": null
        },
        {
            "codigo": 782,
            "data": "2013-12-31 00:00:00",
            "valor": "4500.00",
            "descricao": null
        },
        {
            "codigo": 783,
            "data": "2012-12-31 00:00:00",
            "valor": "3600.00",
            "descricao": null
        },
        {
            "codigo": 784,
            "data": "2011-12-31 00:00:00",
            "valor": "0.00",
            "descricao": null
        },
        {
            "codigo": 3524,
            "data": "2018-12-31 00:00:00",
            "valor": "4500.00",
            "descricao": null
        },
        {
            "codigo": 4223,
            "data": "2019-12-31 00:00:00",
            "valor": "2558.00",
            "descricao": null
        },
        {
            "codigo": 4774,
            "data": "2020-12-31 00:00:00",
            "valor": "2757.00",
            "descricao": null
        },
        {
            "codigo": 5301,
            "data": "2021-12-31 00:00:00",
            "valor": "2651.00",
            "descricao": null
        },
        {
            "codigo": 6159,
            "data": "2022-12-31 00:00:00",
            "valor": "2728.00",
            "descricao": null
        },
        {
            "codigo": 7202,
            "data": "2023-12-31 00:00:00",
            "valor": "2850.00",
            "descricao": null
        }
    ]
}