{
    "codigo": 5359,
    "nome": "N\u00famero total de cole\u00e7\u00f5es bot\u00e2nicas",
    "descricao": "Cole\u00e7\u00f5es Bot\u00e2nicas j\u00e1 existentes - Cidade Aberta",
    "fonte": "SEMAM",
    "tipoValor": "I",
    "periodicidade": {
        "codigo": 6,
        "descricao": "Anual"
    },
    "tags": [
        {
            "codigo": 20,
            "descricao": "Santos Sustent\u00e1vel"
        }
    ],
    "secretarias": [
        {
            "codigo": 5767,
            "dado_codigo": 5359,
            "sigla": "SEMAM",
            "nome": "SECRETARIA MUNICIPAL DE MEIO AMBIENTE E BEM-ESTAR ANIMAL"
        }
    ],
    "autarquias": [],
    "metas": [
        {
            "codigo": 6,
            "numero": 4,
            "titulo": "Educa\u00e7\u00e3o de Qualidade",
            "objetivo": "Assegurar a educa\u00e7\u00e3o inclusiva e equitativa de qualidade, e promover oportunidades de aprendizagem ao longo da vida para todos",
            "imagem_url": "6.jpg",
            "link": "http://www.agenda2030.org.br/ods/4/"
        },
        {
            "codigo": 12,
            "numero": 11,
            "titulo": "Cidades e Comunidades Sustent\u00e1veis",
            "objetivo": "Tornar as cidades e os assentamentos humanos inclusivos, seguros, resilientes e sustent\u00e1veis",
            "imagem_url": "12.jpg",
            "link": "http://www.agenda2030.org.br/ods/11/"
        },
        {
            "codigo": 16,
            "numero": 15,
            "titulo": "Vida Terrestre",
            "objetivo": "Proteger, recuperar e promover o uso sustent\u00e1vel dos ecossistemas terrestres, gerir de forma sustent\u00e1vel as florestas, combater a desertifica\u00e7\u00e3o, deter e reverter a degrada\u00e7\u00e3o da terra e deter a perda",
            "imagem_url": "16.jpg",
            "link": "http://www.agenda2030.org.br/ods/15/"
        }
    ],
    "eixos": [
        {
            "codigo": 5,
            "descricao": "Bens Naturais Comuns"
        }
    ],
    "valores": [
        {
            "codigo": 785,
            "data": "2014-12-31 00:00:00",
            "valor": "134.00",
            "descricao": null
        },
        {
            "codigo": 786,
            "data": "2016-12-31 00:00:00",
            "valor": "134.00",
            "descricao": null
        },
        {
            "codigo": 787,
            "data": "2013-12-31 00:00:00",
            "valor": "134.00",
            "descricao": null
        },
        {
            "codigo": 788,
            "data": "2017-12-31 00:00:00",
            "valor": "134.00",
            "descricao": null
        },
        {
            "codigo": 789,
            "data": "2012-12-31 00:00:00",
            "valor": "120.00",
            "descricao": null
        },
        {
            "codigo": 790,
            "data": "2011-12-31 00:00:00",
            "valor": "1013.00",
            "descricao": null
        },
        {
            "codigo": 791,
            "data": "2010-12-31 00:00:00",
            "valor": "0.00",
            "descricao": null
        },
        {
            "codigo": 792,
            "data": "2009-12-31 00:00:00",
            "valor": "0.00",
            "descricao": null
        },
        {
            "codigo": 793,
            "data": "2015-12-31 00:00:00",
            "valor": "134.00",
            "descricao": null
        },
        {
            "codigo": 3510,
            "data": "2018-12-31 00:00:00",
            "valor": "134.00",
            "descricao": null
        },
        {
            "codigo": 4224,
            "data": "2019-12-31 00:00:00",
            "valor": "19.00",
            "descricao": null
        },
        {
            "codigo": 4775,
            "data": "2020-12-31 00:00:00",
            "valor": "17.00",
            "descricao": null
        },
        {
            "codigo": 5302,
            "data": "2021-12-31 00:00:00",
            "valor": "18.00",
            "descricao": null
        },
        {
            "codigo": 6281,
            "data": "2022-12-31 00:00:00",
            "valor": "19.00",
            "descricao": null
        },
        {
            "codigo": 7221,
            "data": "2023-12-31 00:00:00",
            "valor": "19.00",
            "descricao": null
        }
    ]
}