{
    "codigo": 5360,
    "nome": "Emiss\u00e3o de certificados referentes ao controle das atividades de empresas limpadoras de caixa de gordura e fossa s\u00e9ptica",
    "descricao": "Controle das atividades de empresas limpadoras de caixa de gordura e fossa s\u00e9ptica - Cidade Aberta",
    "fonte": "SEGRESI / COCAMBI / SEMAM",
    "tipoValor": "I",
    "periodicidade": {
        "codigo": 6,
        "descricao": "Anual"
    },
    "tags": [
        {
            "codigo": 20,
            "descricao": "Santos Sustent\u00e1vel"
        }
    ],
    "secretarias": [
        {
            "codigo": 5767,
            "dado_codigo": 5360,
            "sigla": "SEMAM",
            "nome": "SECRETARIA MUNICIPAL DE MEIO AMBIENTE E BEM-ESTAR ANIMAL"
        }
    ],
    "autarquias": [],
    "metas": [
        {
            "codigo": 12,
            "numero": 11,
            "titulo": "Cidades e Comunidades Sustent\u00e1veis",
            "objetivo": "Tornar as cidades e os assentamentos humanos inclusivos, seguros, resilientes e sustent\u00e1veis",
            "imagem_url": "12.jpg",
            "link": "http://www.agenda2030.org.br/ods/11/"
        }
    ],
    "eixos": [
        {
            "codigo": 7,
            "descricao": "Gest\u00e3o Local para a Sustentabilidade"
        }
    ],
    "valores": [
        {
            "codigo": 794,
            "data": "2009-12-31 00:00:00",
            "valor": "0.00",
            "descricao": null
        },
        {
            "codigo": 795,
            "data": "2010-12-31 00:00:00",
            "valor": "0.00",
            "descricao": null
        },
        {
            "codigo": 796,
            "data": "2011-12-31 00:00:00",
            "valor": "5758.54",
            "descricao": null
        },
        {
            "codigo": 797,
            "data": "2012-12-31 00:00:00",
            "valor": "10359.47",
            "descricao": null
        },
        {
            "codigo": 798,
            "data": "2014-12-31 00:00:00",
            "valor": "8723.00",
            "descricao": null
        },
        {
            "codigo": 799,
            "data": "2013-12-31 00:00:00",
            "valor": "7891.00",
            "descricao": null
        },
        {
            "codigo": 800,
            "data": "2016-12-31 00:00:00",
            "valor": "8727.00",
            "descricao": null
        },
        {
            "codigo": 801,
            "data": "2015-12-31 00:00:00",
            "valor": "8159.00",
            "descricao": null
        },
        {
            "codigo": 3511,
            "data": "2018-12-31 00:00:00",
            "valor": "8706.00",
            "descricao": null
        },
        {
            "codigo": 4184,
            "data": "2019-12-31 00:00:00",
            "valor": "6535.00",
            "descricao": null
        },
        {
            "codigo": 4776,
            "data": "2020-12-31 00:00:00",
            "valor": "6530.00",
            "descricao": null
        },
        {
            "codigo": 5303,
            "data": "2021-12-31 00:00:00",
            "valor": "7067.00",
            "descricao": null
        },
        {
            "codigo": 6251,
            "data": "2022-12-31 00:00:00",
            "valor": "7621.00",
            "descricao": null
        },
        {
            "codigo": 7205,
            "data": "2023-12-31 00:00:00",
            "valor": "7626.00",
            "descricao": null
        }
    ]
}