{
    "codigo": 5361,
    "nome": "Somat\u00f3ria total, em metros quadrados, de grama cortada",
    "descricao": "Corte de grama - Cidade Aberta",
    "fonte": "Relat\u00f3rios t\u00e9cnicos e medi\u00e7\u00f5es elaboradas pela empresa respons\u00e1vel pela manuten\u00e7\u00e3o de corte de grama. Parte di\u00e1ria para execu\u00e7\u00e3o com m\u00e3o de obra pr\u00f3pria atestados pela fiscaliza\u00e7\u00e3o da Copaisa",
    "tipoValor": "I",
    "periodicidade": {
        "codigo": 6,
        "descricao": "Anual"
    },
    "tags": [
        {
            "codigo": 20,
            "descricao": "Santos Sustent\u00e1vel"
        }
    ],
    "secretarias": [
        {
            "codigo": 4165,
            "dado_codigo": 5361,
            "sigla": "SEPREF",
            "nome": "SECRETARIA MUNICIPAL DAS PREFEITURAS REGIONAIS"
        }
    ],
    "autarquias": [],
    "metas": [
        {
            "codigo": 12,
            "numero": 11,
            "titulo": "Cidades e Comunidades Sustent\u00e1veis",
            "objetivo": "Tornar as cidades e os assentamentos humanos inclusivos, seguros, resilientes e sustent\u00e1veis",
            "imagem_url": "12.jpg",
            "link": "http://www.agenda2030.org.br/ods/11/"
        }
    ],
    "eixos": [
        {
            "codigo": 7,
            "descricao": "Gest\u00e3o Local para a Sustentabilidade"
        }
    ],
    "valores": [
        {
            "codigo": 802,
            "data": "2015-12-31 00:00:00",
            "valor": "999999.99",
            "descricao": null
        },
        {
            "codigo": 803,
            "data": "2016-12-31 00:00:00",
            "valor": "999999.99",
            "descricao": null
        },
        {
            "codigo": 804,
            "data": "2009-12-31 00:00:00",
            "valor": "800000.00",
            "descricao": null
        },
        {
            "codigo": 805,
            "data": "2010-12-31 00:00:00",
            "valor": "800000.00",
            "descricao": null
        },
        {
            "codigo": 806,
            "data": "2012-12-31 00:00:00",
            "valor": "800000.00",
            "descricao": null
        },
        {
            "codigo": 807,
            "data": "2011-12-31 00:00:00",
            "valor": "800000.00",
            "descricao": null
        },
        {
            "codigo": 3453,
            "data": "2017-12-31 00:00:00",
            "valor": "1225000.00",
            "descricao": null
        },
        {
            "codigo": 3467,
            "data": "2018-12-31 00:00:00",
            "valor": "1104000.00",
            "descricao": null
        },
        {
            "codigo": 4134,
            "data": "2019-12-31 00:00:00",
            "valor": "680668.00",
            "descricao": null
        },
        {
            "codigo": 5084,
            "data": "2020-12-31 00:00:00",
            "valor": "1331841.00",
            "descricao": null
        },
        {
            "codigo": 5910,
            "data": "2021-12-31 00:00:00",
            "valor": "3338536.00",
            "descricao": null
        },
        {
            "codigo": 6929,
            "data": "2022-12-31 00:00:00",
            "valor": "4597456.00",
            "descricao": null
        }
    ]
}