{
    "codigo": 5362,
    "nome": "N\u00famero anual de dilig\u00eancias fiscalizat\u00f3rias promovidas pela SEFISCAM:",
    "descricao": "Dilig\u00eancia fiscalizat\u00f3ria - Cidade Aberta",
    "fonte": "SEFISCAM / COCAMBI / SEMAM",
    "tipoValor": "I",
    "periodicidade": {
        "codigo": 6,
        "descricao": "Anual"
    },
    "tags": [
        {
            "codigo": 20,
            "descricao": "Santos Sustent\u00e1vel"
        }
    ],
    "secretarias": [
        {
            "codigo": 5767,
            "dado_codigo": 5362,
            "sigla": "SEMAM",
            "nome": "SECRETARIA MUNICIPAL DE MEIO AMBIENTE E BEM-ESTAR ANIMAL"
        }
    ],
    "autarquias": [],
    "metas": [
        {
            "codigo": 12,
            "numero": 11,
            "titulo": "Cidades e Comunidades Sustent\u00e1veis",
            "objetivo": "Tornar as cidades e os assentamentos humanos inclusivos, seguros, resilientes e sustent\u00e1veis",
            "imagem_url": "12.jpg",
            "link": "http://www.agenda2030.org.br/ods/11/"
        }
    ],
    "eixos": [
        {
            "codigo": 7,
            "descricao": "Gest\u00e3o Local para a Sustentabilidade"
        }
    ],
    "valores": [
        {
            "codigo": 808,
            "data": "2013-12-31 00:00:00",
            "valor": "1113.00",
            "descricao": null
        },
        {
            "codigo": 809,
            "data": "2015-12-31 00:00:00",
            "valor": "1048.00",
            "descricao": null
        },
        {
            "codigo": 810,
            "data": "2009-12-31 00:00:00",
            "valor": "36.00",
            "descricao": null
        },
        {
            "codigo": 811,
            "data": "2010-12-31 00:00:00",
            "valor": "36.00",
            "descricao": null
        },
        {
            "codigo": 812,
            "data": "2014-12-31 00:00:00",
            "valor": "1040.00",
            "descricao": null
        },
        {
            "codigo": 813,
            "data": "2016-12-31 00:00:00",
            "valor": "950.00",
            "descricao": null
        },
        {
            "codigo": 814,
            "data": "2012-12-31 00:00:00",
            "valor": "36.00",
            "descricao": null
        },
        {
            "codigo": 815,
            "data": "2011-12-31 00:00:00",
            "valor": "36.00",
            "descricao": null
        },
        {
            "codigo": 3512,
            "data": "2018-12-31 00:00:00",
            "valor": "4046.00",
            "descricao": null
        },
        {
            "codigo": 4225,
            "data": "2019-12-31 00:00:00",
            "valor": "4346.00",
            "descricao": null
        },
        {
            "codigo": 4777,
            "data": "2020-12-31 00:00:00",
            "valor": "582.00",
            "descricao": null
        },
        {
            "codigo": 5807,
            "data": "2021-12-31 00:00:00",
            "valor": "2336.00",
            "descricao": null
        },
        {
            "codigo": 6222,
            "data": "2022-12-31 00:00:00",
            "valor": "2512.00",
            "descricao": null
        },
        {
            "codigo": 7259,
            "data": "2023-12-31 00:00:00",
            "valor": "3880.00",
            "descricao": null
        }
    ]
}