{
    "codigo": 5363,
    "nome": "Quantidade de Feiras de Orqu\u00eddeas",
    "descricao": "Feira de Orqu\u00eddeas - Cidade Aberta",
    "fonte": "SEMAM",
    "tipoValor": "I",
    "periodicidade": {
        "codigo": 6,
        "descricao": "Anual"
    },
    "tags": [
        {
            "codigo": 20,
            "descricao": "Santos Sustent\u00e1vel"
        }
    ],
    "secretarias": [
        {
            "codigo": 5767,
            "dado_codigo": 5363,
            "sigla": "SEMAM",
            "nome": "SECRETARIA MUNICIPAL DE MEIO AMBIENTE E BEM-ESTAR ANIMAL"
        }
    ],
    "autarquias": [],
    "metas": [
        {
            "codigo": 16,
            "numero": 15,
            "titulo": "Vida Terrestre",
            "objetivo": "Proteger, recuperar e promover o uso sustent\u00e1vel dos ecossistemas terrestres, gerir de forma sustent\u00e1vel as florestas, combater a desertifica\u00e7\u00e3o, deter e reverter a degrada\u00e7\u00e3o da terra e deter a perda",
            "imagem_url": "16.jpg",
            "link": "http://www.agenda2030.org.br/ods/15/"
        }
    ],
    "eixos": [
        {
            "codigo": 7,
            "descricao": "Gest\u00e3o Local para a Sustentabilidade"
        }
    ],
    "valores": [
        {
            "codigo": 816,
            "data": "2016-12-31 00:00:00",
            "valor": "14.00",
            "descricao": null
        },
        {
            "codigo": 817,
            "data": "2017-12-31 00:00:00",
            "valor": "18.00",
            "descricao": null
        },
        {
            "codigo": 818,
            "data": "2013-12-31 00:00:00",
            "valor": "16.00",
            "descricao": null
        },
        {
            "codigo": 819,
            "data": "2014-12-31 00:00:00",
            "valor": "8.00",
            "descricao": null
        },
        {
            "codigo": 820,
            "data": "2015-12-31 00:00:00",
            "valor": "6.00",
            "descricao": null
        },
        {
            "codigo": 821,
            "data": "2009-12-31 00:00:00",
            "valor": "5.00",
            "descricao": null
        },
        {
            "codigo": 822,
            "data": "2010-12-31 00:00:00",
            "valor": "8.00",
            "descricao": null
        },
        {
            "codigo": 823,
            "data": "2011-12-31 00:00:00",
            "valor": "8.00",
            "descricao": null
        },
        {
            "codigo": 824,
            "data": "2012-12-31 00:00:00",
            "valor": "10.00",
            "descricao": null
        },
        {
            "codigo": 3513,
            "data": "2018-12-31 00:00:00",
            "valor": "17.00",
            "descricao": null
        },
        {
            "codigo": 4226,
            "data": "2019-12-31 00:00:00",
            "valor": "12.00",
            "descricao": null
        },
        {
            "codigo": 4778,
            "data": "2020-12-31 00:00:00",
            "valor": "6.00",
            "descricao": null
        },
        {
            "codigo": 5304,
            "data": "2021-12-31 00:00:00",
            "valor": "9.00",
            "descricao": null
        },
        {
            "codigo": 6280,
            "data": "2022-12-31 00:00:00",
            "valor": "12.00",
            "descricao": null
        },
        {
            "codigo": 7220,
            "data": "2023-12-31 00:00:00",
            "valor": "6.00",
            "descricao": null
        }
    ]
}