{
    "codigo": 5364,
    "nome": "Gastos com a preserva\u00e7\u00e3o ambiental",
    "descricao": "Gastos com preserva\u00e7\u00e3o - Meio Ambiente - Cidade Aberta",
    "fonte": "SAAF/SEMAM",
    "tipoValor": "I",
    "periodicidade": {
        "codigo": 6,
        "descricao": "Anual"
    },
    "tags": [
        {
            "codigo": 20,
            "descricao": "Santos Sustent\u00e1vel"
        }
    ],
    "secretarias": [
        {
            "codigo": 5767,
            "dado_codigo": 5364,
            "sigla": "SEMAM",
            "nome": "SECRETARIA MUNICIPAL DE MEIO AMBIENTE E BEM-ESTAR ANIMAL"
        }
    ],
    "autarquias": [],
    "metas": [
        {
            "codigo": 13,
            "numero": 12,
            "titulo": "Consumo e Produ\u00e7\u00e3o Respons\u00e1veis",
            "objetivo": "Assegurar padr\u00f5es de produ\u00e7\u00e3o e de consumo sustent\u00e1veis",
            "imagem_url": "13.jpg",
            "link": "http://www.agenda2030.org.br/ods/12/"
        }
    ],
    "eixos": [
        {
            "codigo": 7,
            "descricao": "Gest\u00e3o Local para a Sustentabilidade"
        }
    ],
    "valores": [
        {
            "codigo": 825,
            "data": "2010-12-31 00:00:00",
            "valor": "0.00",
            "descricao": null
        },
        {
            "codigo": 826,
            "data": "2015-12-31 00:00:00",
            "valor": "1029361.00",
            "descricao": null
        },
        {
            "codigo": 827,
            "data": "2014-12-31 00:00:00",
            "valor": "263000.00",
            "descricao": null
        },
        {
            "codigo": 828,
            "data": "2011-12-31 00:00:00",
            "valor": "0.00",
            "descricao": null
        },
        {
            "codigo": 829,
            "data": "2012-12-31 00:00:00",
            "valor": "142000.00",
            "descricao": null
        },
        {
            "codigo": 830,
            "data": "2013-12-31 00:00:00",
            "valor": "155000.00",
            "descricao": null
        },
        {
            "codigo": 831,
            "data": "2017-12-31 00:00:00",
            "valor": "793483.00",
            "descricao": null
        },
        {
            "codigo": 832,
            "data": "2009-12-31 00:00:00",
            "valor": "0.00",
            "descricao": null
        },
        {
            "codigo": 3539,
            "data": "2018-12-31 00:00:00",
            "valor": "247336.00",
            "descricao": null
        },
        {
            "codigo": 4185,
            "data": "2019-12-31 00:00:00",
            "valor": "691138.00",
            "descricao": null
        },
        {
            "codigo": 4779,
            "data": "2020-12-31 00:00:00",
            "valor": "1526634.00",
            "descricao": null
        },
        {
            "codigo": 5239,
            "data": "2016-12-31 00:00:00",
            "valor": "623950.00",
            "descricao": null
        },
        {
            "codigo": 5305,
            "data": "2021-12-31 00:00:00",
            "valor": "1861713.00",
            "descricao": null
        },
        {
            "codigo": 6184,
            "data": "2022-12-31 00:00:00",
            "valor": "2639479.00",
            "descricao": null
        },
        {
            "codigo": 7347,
            "data": "2023-12-31 00:00:00",
            "valor": "3360809.00",
            "descricao": null
        }
    ]
}