{
    "codigo": 5365,
    "nome": "Quantidade de certid\u00f5es de Uso e Ocupa\u00e7\u00e3o do Solo - \u00c1rea Continental",
    "descricao": "Quantidade de certid\u00f5es de Uso e Ocupa\u00e7\u00e3o do Solo - \u00c1rea Continental, emitidas - Cidade Aberta",
    "fonte": "SEMAM",
    "tipoValor": "I",
    "periodicidade": {
        "codigo": 6,
        "descricao": "Anual"
    },
    "tags": [
        {
            "codigo": 20,
            "descricao": "Santos Sustent\u00e1vel"
        }
    ],
    "secretarias": [
        {
            "codigo": 5767,
            "dado_codigo": 5365,
            "sigla": "SEMAM",
            "nome": "SECRETARIA MUNICIPAL DE MEIO AMBIENTE E BEM-ESTAR ANIMAL"
        }
    ],
    "autarquias": [],
    "metas": [
        {
            "codigo": 16,
            "numero": 15,
            "titulo": "Vida Terrestre",
            "objetivo": "Proteger, recuperar e promover o uso sustent\u00e1vel dos ecossistemas terrestres, gerir de forma sustent\u00e1vel as florestas, combater a desertifica\u00e7\u00e3o, deter e reverter a degrada\u00e7\u00e3o da terra e deter a perda",
            "imagem_url": "16.jpg",
            "link": "http://www.agenda2030.org.br/ods/15/"
        }
    ],
    "eixos": [
        {
            "codigo": 5,
            "descricao": "Bens Naturais Comuns"
        }
    ],
    "valores": [
        {
            "codigo": 833,
            "data": "2013-12-31 00:00:00",
            "valor": "32.00",
            "descricao": null
        },
        {
            "codigo": 834,
            "data": "2016-12-31 00:00:00",
            "valor": "33.00",
            "descricao": null
        },
        {
            "codigo": 835,
            "data": "2015-12-31 00:00:00",
            "valor": "57.00",
            "descricao": null
        },
        {
            "codigo": 836,
            "data": "2010-12-31 00:00:00",
            "valor": "28.00",
            "descricao": null
        },
        {
            "codigo": 837,
            "data": "2011-12-31 00:00:00",
            "valor": "70.00",
            "descricao": null
        },
        {
            "codigo": 838,
            "data": "2012-12-31 00:00:00",
            "valor": "25.00",
            "descricao": null
        },
        {
            "codigo": 839,
            "data": "2009-12-31 00:00:00",
            "valor": "22.00",
            "descricao": null
        },
        {
            "codigo": 840,
            "data": "2014-12-31 00:00:00",
            "valor": "35.00",
            "descricao": null
        },
        {
            "codigo": 3514,
            "data": "2018-12-31 00:00:00",
            "valor": "41.00",
            "descricao": null
        },
        {
            "codigo": 4186,
            "data": "2019-12-31 00:00:00",
            "valor": "42.00",
            "descricao": null
        },
        {
            "codigo": 4780,
            "data": "2020-12-31 00:00:00",
            "valor": "42.00",
            "descricao": null
        },
        {
            "codigo": 5306,
            "data": "2021-12-31 00:00:00",
            "valor": "44.00",
            "descricao": null
        },
        {
            "codigo": 6153,
            "data": "2022-12-31 00:00:00",
            "valor": "79.00",
            "descricao": null
        },
        {
            "codigo": 7194,
            "data": "2023-12-31 00:00:00",
            "valor": "38.00",
            "descricao": null
        }
    ]
}