{
    "codigo": 5366,
    "nome": "Quantidade de animais doados",
    "descricao": "Quantidade de animais doados - Cidade Aberta",
    "fonte": "SEMAM",
    "tipoValor": "I",
    "periodicidade": {
        "codigo": 6,
        "descricao": "Anual"
    },
    "tags": [
        {
            "codigo": 20,
            "descricao": "Santos Sustent\u00e1vel"
        }
    ],
    "secretarias": [
        {
            "codigo": 5767,
            "dado_codigo": 5366,
            "sigla": "SEMAM",
            "nome": "SECRETARIA MUNICIPAL DE MEIO AMBIENTE E BEM-ESTAR ANIMAL"
        }
    ],
    "autarquias": [],
    "metas": [
        {
            "codigo": 16,
            "numero": 15,
            "titulo": "Vida Terrestre",
            "objetivo": "Proteger, recuperar e promover o uso sustent\u00e1vel dos ecossistemas terrestres, gerir de forma sustent\u00e1vel as florestas, combater a desertifica\u00e7\u00e3o, deter e reverter a degrada\u00e7\u00e3o da terra e deter a perda",
            "imagem_url": "16.jpg",
            "link": "http://www.agenda2030.org.br/ods/15/"
        }
    ],
    "eixos": [
        {
            "codigo": 7,
            "descricao": "Gest\u00e3o Local para a Sustentabilidade"
        }
    ],
    "valores": [
        {
            "codigo": 841,
            "data": "2011-12-31 00:00:00",
            "valor": "0.00",
            "descricao": null
        },
        {
            "codigo": 842,
            "data": "2010-12-31 00:00:00",
            "valor": "43.00",
            "descricao": null
        },
        {
            "codigo": 843,
            "data": "2009-12-31 00:00:00",
            "valor": "205.00",
            "descricao": null
        },
        {
            "codigo": 844,
            "data": "2012-12-31 00:00:00",
            "valor": "0.00",
            "descricao": null
        },
        {
            "codigo": 845,
            "data": "2016-12-31 00:00:00",
            "valor": "167.00",
            "descricao": null
        },
        {
            "codigo": 846,
            "data": "2014-12-31 00:00:00",
            "valor": "175.00",
            "descricao": null
        },
        {
            "codigo": 847,
            "data": "2015-12-31 00:00:00",
            "valor": "187.00",
            "descricao": null
        },
        {
            "codigo": 848,
            "data": "2013-12-31 00:00:00",
            "valor": "167.00",
            "descricao": null
        },
        {
            "codigo": 3515,
            "data": "2018-12-31 00:00:00",
            "valor": "180.00",
            "descricao": null
        },
        {
            "codigo": 4187,
            "data": "2019-12-31 00:00:00",
            "valor": "126.00",
            "descricao": null
        },
        {
            "codigo": 4781,
            "data": "2020-12-31 00:00:00",
            "valor": "159.00",
            "descricao": null
        },
        {
            "codigo": 5307,
            "data": "2021-12-31 00:00:00",
            "valor": "109.00",
            "descricao": null
        },
        {
            "codigo": 6270,
            "data": "2022-12-31 00:00:00",
            "valor": "94.00",
            "descricao": null
        },
        {
            "codigo": 7185,
            "data": "2023-12-31 00:00:00",
            "valor": "168.00",
            "descricao": null
        }
    ]
}