{
    "codigo": 5367,
    "nome": "Quantidade de atendimentos ambulatoriais realizados",
    "descricao": "Quantidade de atendimentos ambulatoriais realizados - Cidade Aberta",
    "fonte": "SEMAM",
    "tipoValor": "I",
    "periodicidade": {
        "codigo": 6,
        "descricao": "Anual"
    },
    "tags": [
        {
            "codigo": 20,
            "descricao": "Santos Sustent\u00e1vel"
        }
    ],
    "secretarias": [
        {
            "codigo": 5767,
            "dado_codigo": 5367,
            "sigla": "SEMAM",
            "nome": "SECRETARIA MUNICIPAL DE MEIO AMBIENTE E BEM-ESTAR ANIMAL"
        }
    ],
    "autarquias": [],
    "metas": [
        {
            "codigo": 16,
            "numero": 15,
            "titulo": "Vida Terrestre",
            "objetivo": "Proteger, recuperar e promover o uso sustent\u00e1vel dos ecossistemas terrestres, gerir de forma sustent\u00e1vel as florestas, combater a desertifica\u00e7\u00e3o, deter e reverter a degrada\u00e7\u00e3o da terra e deter a perda",
            "imagem_url": "16.jpg",
            "link": "http://www.agenda2030.org.br/ods/15/"
        }
    ],
    "eixos": [
        {
            "codigo": 7,
            "descricao": "Gest\u00e3o Local para a Sustentabilidade"
        }
    ],
    "valores": [
        {
            "codigo": 849,
            "data": "2010-12-31 00:00:00",
            "valor": "0.00",
            "descricao": null
        },
        {
            "codigo": 850,
            "data": "2011-12-31 00:00:00",
            "valor": "5766.00",
            "descricao": null
        },
        {
            "codigo": 851,
            "data": "2012-12-31 00:00:00",
            "valor": "6628.00",
            "descricao": null
        },
        {
            "codigo": 852,
            "data": "2009-12-31 00:00:00",
            "valor": "5330.00",
            "descricao": null
        },
        {
            "codigo": 853,
            "data": "2013-12-31 00:00:00",
            "valor": "8524.00",
            "descricao": null
        },
        {
            "codigo": 854,
            "data": "2014-12-31 00:00:00",
            "valor": "5886.00",
            "descricao": null
        },
        {
            "codigo": 855,
            "data": "2016-12-31 00:00:00",
            "valor": "15677.00",
            "descricao": null
        },
        {
            "codigo": 856,
            "data": "2015-12-31 00:00:00",
            "valor": "12903.00",
            "descricao": null
        },
        {
            "codigo": 3516,
            "data": "2018-12-31 00:00:00",
            "valor": "7154.00",
            "descricao": null
        },
        {
            "codigo": 4188,
            "data": "2019-12-31 00:00:00",
            "valor": "17579.00",
            "descricao": null
        },
        {
            "codigo": 4782,
            "data": "2020-12-31 00:00:00",
            "valor": "20624.00",
            "descricao": null
        },
        {
            "codigo": 5308,
            "data": "2021-12-31 00:00:00",
            "valor": "44131.00",
            "descricao": null
        },
        {
            "codigo": 6271,
            "data": "2022-12-31 00:00:00",
            "valor": "12161.00",
            "descricao": null
        },
        {
            "codigo": 7186,
            "data": "2023-12-31 00:00:00",
            "valor": "19183.00",
            "descricao": null
        }
    ]
}