{
    "codigo": 5368,
    "nome": "Quantidade de autos de infra\u00e7\u00e3o",
    "descricao": "Quantidade de autos de infra\u00e7\u00e3o - Cidade Aberta",
    "fonte": "SEMAM",
    "tipoValor": "I",
    "periodicidade": {
        "codigo": 6,
        "descricao": "Anual"
    },
    "tags": [
        {
            "codigo": 20,
            "descricao": "Santos Sustent\u00e1vel"
        }
    ],
    "secretarias": [
        {
            "codigo": 5767,
            "dado_codigo": 5368,
            "sigla": "SEMAM",
            "nome": "SECRETARIA MUNICIPAL DE MEIO AMBIENTE E BEM-ESTAR ANIMAL"
        }
    ],
    "autarquias": [],
    "metas": [
        {
            "codigo": 12,
            "numero": 11,
            "titulo": "Cidades e Comunidades Sustent\u00e1veis",
            "objetivo": "Tornar as cidades e os assentamentos humanos inclusivos, seguros, resilientes e sustent\u00e1veis",
            "imagem_url": "12.jpg",
            "link": "http://www.agenda2030.org.br/ods/11/"
        }
    ],
    "eixos": [
        {
            "codigo": 7,
            "descricao": "Gest\u00e3o Local para a Sustentabilidade"
        }
    ],
    "valores": [
        {
            "codigo": 857,
            "data": "2012-12-31 00:00:00",
            "valor": "106.00",
            "descricao": null
        },
        {
            "codigo": 858,
            "data": "2015-12-31 00:00:00",
            "valor": "134.00",
            "descricao": null
        },
        {
            "codigo": 859,
            "data": "2011-12-31 00:00:00",
            "valor": "68.00",
            "descricao": null
        },
        {
            "codigo": 860,
            "data": "2010-12-31 00:00:00",
            "valor": "2.00",
            "descricao": null
        },
        {
            "codigo": 861,
            "data": "2009-12-31 00:00:00",
            "valor": "18.00",
            "descricao": null
        },
        {
            "codigo": 862,
            "data": "2013-12-31 00:00:00",
            "valor": "94.00",
            "descricao": null
        },
        {
            "codigo": 863,
            "data": "2014-12-31 00:00:00",
            "valor": "174.00",
            "descricao": null
        },
        {
            "codigo": 864,
            "data": "2016-12-31 00:00:00",
            "valor": "67.00",
            "descricao": null
        },
        {
            "codigo": 3517,
            "data": "2018-12-31 00:00:00",
            "valor": "157.00",
            "descricao": null
        },
        {
            "codigo": 4189,
            "data": "2019-12-31 00:00:00",
            "valor": "279.00",
            "descricao": null
        },
        {
            "codigo": 4783,
            "data": "2020-12-31 00:00:00",
            "valor": "173.00",
            "descricao": null
        },
        {
            "codigo": 5309,
            "data": "2021-12-31 00:00:00",
            "valor": "281.00",
            "descricao": null
        },
        {
            "codigo": 6221,
            "data": "2022-12-31 00:00:00",
            "valor": "345.00",
            "descricao": null
        },
        {
            "codigo": 7258,
            "data": "2023-12-31 00:00:00",
            "valor": "234.00",
            "descricao": null
        }
    ]
}