{
    "codigo": 5370,
    "nome": "Quantidade de exames t\u00e9cnicos emitidos",
    "descricao": "Quantidade de exames t\u00e9cnicos emitidos - Cidade Aberta",
    "fonte": "SEMAM",
    "tipoValor": "I",
    "periodicidade": {
        "codigo": 6,
        "descricao": "Anual"
    },
    "tags": [
        {
            "codigo": 20,
            "descricao": "Santos Sustent\u00e1vel"
        }
    ],
    "secretarias": [
        {
            "codigo": 5767,
            "dado_codigo": 5370,
            "sigla": "SEMAM",
            "nome": "SECRETARIA MUNICIPAL DE MEIO AMBIENTE E BEM-ESTAR ANIMAL"
        }
    ],
    "autarquias": [],
    "metas": [
        {
            "codigo": 12,
            "numero": 11,
            "titulo": "Cidades e Comunidades Sustent\u00e1veis",
            "objetivo": "Tornar as cidades e os assentamentos humanos inclusivos, seguros, resilientes e sustent\u00e1veis",
            "imagem_url": "12.jpg",
            "link": "http://www.agenda2030.org.br/ods/11/"
        }
    ],
    "eixos": [
        {
            "codigo": 7,
            "descricao": "Gest\u00e3o Local para a Sustentabilidade"
        }
    ],
    "valores": [
        {
            "codigo": 874,
            "data": "2010-12-31 00:00:00",
            "valor": "26.00",
            "descricao": null
        },
        {
            "codigo": 875,
            "data": "2011-12-31 00:00:00",
            "valor": "52.00",
            "descricao": null
        },
        {
            "codigo": 876,
            "data": "2014-12-31 00:00:00",
            "valor": "30.00",
            "descricao": null
        },
        {
            "codigo": 877,
            "data": "2015-12-31 00:00:00",
            "valor": "34.00",
            "descricao": null
        },
        {
            "codigo": 878,
            "data": "2016-12-31 00:00:00",
            "valor": "24.00",
            "descricao": null
        },
        {
            "codigo": 879,
            "data": "2013-12-31 00:00:00",
            "valor": "34.00",
            "descricao": null
        },
        {
            "codigo": 880,
            "data": "2009-12-31 00:00:00",
            "valor": "6.00",
            "descricao": null
        },
        {
            "codigo": 881,
            "data": "2012-12-31 00:00:00",
            "valor": "36.00",
            "descricao": null
        },
        {
            "codigo": 3519,
            "data": "2018-12-31 00:00:00",
            "valor": "27.00",
            "descricao": null
        },
        {
            "codigo": 4191,
            "data": "2019-12-31 00:00:00",
            "valor": "17.00",
            "descricao": null
        },
        {
            "codigo": 4785,
            "data": "2020-12-31 00:00:00",
            "valor": "21.00",
            "descricao": null
        },
        {
            "codigo": 5310,
            "data": "2021-12-31 00:00:00",
            "valor": "17.00",
            "descricao": null
        },
        {
            "codigo": 6154,
            "data": "2022-12-31 00:00:00",
            "valor": "3.00",
            "descricao": null
        },
        {
            "codigo": 7195,
            "data": "2023-12-31 00:00:00",
            "valor": "16.00",
            "descricao": null
        }
    ]
}