{
    "codigo": 5371,
    "nome": "Quantidade de fiscais ambientais",
    "descricao": "Quantidade de fiscais - Cidade Aberta",
    "fonte": "SEMAM",
    "tipoValor": "I",
    "periodicidade": {
        "codigo": 6,
        "descricao": "Anual"
    },
    "tags": [
        {
            "codigo": 20,
            "descricao": "Santos Sustent\u00e1vel"
        }
    ],
    "secretarias": [
        {
            "codigo": 5767,
            "dado_codigo": 5371,
            "sigla": "SEMAM",
            "nome": "SECRETARIA MUNICIPAL DE MEIO AMBIENTE E BEM-ESTAR ANIMAL"
        }
    ],
    "autarquias": [],
    "metas": [
        {
            "codigo": 12,
            "numero": 11,
            "titulo": "Cidades e Comunidades Sustent\u00e1veis",
            "objetivo": "Tornar as cidades e os assentamentos humanos inclusivos, seguros, resilientes e sustent\u00e1veis",
            "imagem_url": "12.jpg",
            "link": "http://www.agenda2030.org.br/ods/11/"
        }
    ],
    "eixos": [
        {
            "codigo": 7,
            "descricao": "Gest\u00e3o Local para a Sustentabilidade"
        }
    ],
    "valores": [
        {
            "codigo": 882,
            "data": "2015-12-31 00:00:00",
            "valor": "11.00",
            "descricao": null
        },
        {
            "codigo": 883,
            "data": "2014-12-31 00:00:00",
            "valor": "9.00",
            "descricao": null
        },
        {
            "codigo": 884,
            "data": "2013-12-31 00:00:00",
            "valor": "9.00",
            "descricao": null
        },
        {
            "codigo": 885,
            "data": "2012-12-31 00:00:00",
            "valor": "5.00",
            "descricao": null
        },
        {
            "codigo": 886,
            "data": "2011-12-31 00:00:00",
            "valor": "5.00",
            "descricao": null
        },
        {
            "codigo": 887,
            "data": "2010-12-31 00:00:00",
            "valor": "8.00",
            "descricao": null
        },
        {
            "codigo": 888,
            "data": "2009-12-31 00:00:00",
            "valor": "8.00",
            "descricao": null
        },
        {
            "codigo": 889,
            "data": "2016-12-31 00:00:00",
            "valor": "11.00",
            "descricao": null
        },
        {
            "codigo": 3520,
            "data": "2018-12-31 00:00:00",
            "valor": "12.00",
            "descricao": null
        },
        {
            "codigo": 4192,
            "data": "2019-12-31 00:00:00",
            "valor": "12.00",
            "descricao": null
        },
        {
            "codigo": 4786,
            "data": "2020-12-31 00:00:00",
            "valor": "11.00",
            "descricao": null
        },
        {
            "codigo": 5311,
            "data": "2021-12-31 00:00:00",
            "valor": "11.00",
            "descricao": null
        },
        {
            "codigo": 6219,
            "data": "2022-12-31 00:00:00",
            "valor": "8.00",
            "descricao": null
        },
        {
            "codigo": 7256,
            "data": "2023-12-31 00:00:00",
            "valor": "9.00",
            "descricao": null
        }
    ]
}