{
    "codigo": 5373,
    "nome": "Quantidade de intima\u00e7\u00f5es",
    "descricao": "Quantidade de intima\u00e7\u00f5es - Cidade Aberta",
    "fonte": "SEMAM",
    "tipoValor": "I",
    "periodicidade": {
        "codigo": 6,
        "descricao": "Anual"
    },
    "tags": [
        {
            "codigo": 20,
            "descricao": "Santos Sustent\u00e1vel"
        }
    ],
    "secretarias": [
        {
            "codigo": 5767,
            "dado_codigo": 5373,
            "sigla": "SEMAM",
            "nome": "SECRETARIA MUNICIPAL DE MEIO AMBIENTE E BEM-ESTAR ANIMAL"
        }
    ],
    "autarquias": [],
    "metas": [
        {
            "codigo": 12,
            "numero": 11,
            "titulo": "Cidades e Comunidades Sustent\u00e1veis",
            "objetivo": "Tornar as cidades e os assentamentos humanos inclusivos, seguros, resilientes e sustent\u00e1veis",
            "imagem_url": "12.jpg",
            "link": "http://www.agenda2030.org.br/ods/11/"
        }
    ],
    "eixos": [
        {
            "codigo": 7,
            "descricao": "Gest\u00e3o Local para a Sustentabilidade"
        }
    ],
    "valores": [
        {
            "codigo": 899,
            "data": "2010-12-31 00:00:00",
            "valor": "371.00",
            "descricao": null
        },
        {
            "codigo": 900,
            "data": "2009-12-31 00:00:00",
            "valor": "201.00",
            "descricao": null
        },
        {
            "codigo": 901,
            "data": "2012-12-31 00:00:00",
            "valor": "568.00",
            "descricao": null
        },
        {
            "codigo": 902,
            "data": "2014-12-31 00:00:00",
            "valor": "693.00",
            "descricao": null
        },
        {
            "codigo": 903,
            "data": "2015-12-31 00:00:00",
            "valor": "740.00",
            "descricao": null
        },
        {
            "codigo": 904,
            "data": "2016-12-31 00:00:00",
            "valor": "508.00",
            "descricao": null
        },
        {
            "codigo": 905,
            "data": "2013-12-31 00:00:00",
            "valor": "834.00",
            "descricao": null
        },
        {
            "codigo": 906,
            "data": "2011-12-31 00:00:00",
            "valor": "506.00",
            "descricao": null
        },
        {
            "codigo": 3521,
            "data": "2018-12-31 00:00:00",
            "valor": "639.00",
            "descricao": null
        },
        {
            "codigo": 4193,
            "data": "2019-12-31 00:00:00",
            "valor": "760.00",
            "descricao": null
        },
        {
            "codigo": 4787,
            "data": "2020-12-31 00:00:00",
            "valor": "404.00",
            "descricao": null
        },
        {
            "codigo": 5312,
            "data": "2021-12-31 00:00:00",
            "valor": "675.00",
            "descricao": null
        },
        {
            "codigo": 6220,
            "data": "2022-12-31 00:00:00",
            "valor": "564.00",
            "descricao": null
        },
        {
            "codigo": 7257,
            "data": "2023-12-31 00:00:00",
            "valor": "587.00",
            "descricao": null
        }
    ]
}