{
    "codigo": 5377,
    "nome": "Investimento total, em reais, em esporte e lazer",
    "descricao": "Investimentos em esporte e lazer - Cidade Aberta",
    "fonte": "Relat\u00f3rio de Execu\u00e7\u00e3o Or\u00e7ament\u00e1ria",
    "tipoValor": "D",
    "periodicidade": {
        "codigo": 6,
        "descricao": "Anual"
    },
    "tags": [
        {
            "codigo": 5,
            "descricao": "Santos Esportiva"
        }
    ],
    "secretarias": [
        {
            "codigo": 576,
            "dado_codigo": 5377,
            "sigla": "SEMES",
            "nome": "SECRETARIA MUNICIPAL DE ESPORTES"
        }
    ],
    "autarquias": [],
    "metas": [
        {
            "codigo": 4,
            "numero": 3,
            "titulo": "Sa\u00fade e Bem-Estar",
            "objetivo": "Assegurar uma vida saud\u00e1vel e promover o bem-estar para todos, em todas as idades",
            "imagem_url": "4.jpg",
            "link": "http://www.agenda2030.org.br/ods/3/"
        }
    ],
    "eixos": [
        {
            "codigo": 14,
            "descricao": "A\u00e7\u00e3o Local para a Sa\u00fade"
        }
    ],
    "valores": [
        {
            "codigo": 925,
            "data": "2012-12-31 00:00:00",
            "valor": "0.00",
            "descricao": null
        },
        {
            "codigo": 926,
            "data": "2014-12-31 00:00:00",
            "valor": "0.00",
            "descricao": null
        },
        {
            "codigo": 927,
            "data": "2016-12-31 00:00:00",
            "valor": "999999.99",
            "descricao": null
        },
        {
            "codigo": 928,
            "data": "2013-12-31 00:00:00",
            "valor": "0.00",
            "descricao": null
        },
        {
            "codigo": 929,
            "data": "2015-12-31 00:00:00",
            "valor": "999999.99",
            "descricao": null
        },
        {
            "codigo": 3647,
            "data": "2018-12-31 00:00:00",
            "valor": "2378353.00",
            "descricao": null
        },
        {
            "codigo": 4254,
            "data": "2019-12-31 00:00:00",
            "valor": "3556655.00",
            "descricao": null
        },
        {
            "codigo": 5958,
            "data": "2021-12-31 00:00:00",
            "valor": "4361695.44",
            "descricao": null
        },
        {
            "codigo": 6961,
            "data": "2022-12-31 00:00:00",
            "valor": "6980152.44",
            "descricao": null
        }
    ]
}