{
    "codigo": 5379,
    "nome": "Quantidade de pessoas atendidas nas atividades de esporte e lazer oferecidas pelo Munic\u00edpio",
    "descricao": "Qtde de pessoas atendidas nas atividades de esporte e lazer oferecidas pelo Munic\u00edpio - Cidade Aberta",
    "fonte": "Relat\u00f3rio de atendimentos",
    "tipoValor": "I",
    "periodicidade": {
        "codigo": 6,
        "descricao": "Anual"
    },
    "tags": [
        {
            "codigo": 5,
            "descricao": "Santos Esportiva"
        }
    ],
    "secretarias": [
        {
            "codigo": 576,
            "dado_codigo": 5379,
            "sigla": "SEMES",
            "nome": "SECRETARIA MUNICIPAL DE ESPORTES"
        }
    ],
    "autarquias": [],
    "metas": [
        {
            "codigo": 4,
            "numero": 3,
            "titulo": "Sa\u00fade e Bem-Estar",
            "objetivo": "Assegurar uma vida saud\u00e1vel e promover o bem-estar para todos, em todas as idades",
            "imagem_url": "4.jpg",
            "link": "http://www.agenda2030.org.br/ods/3/"
        }
    ],
    "eixos": [
        {
            "codigo": 14,
            "descricao": "A\u00e7\u00e3o Local para a Sa\u00fade"
        }
    ],
    "valores": [
        {
            "codigo": 938,
            "data": "2014-12-31 00:00:00",
            "valor": "0.00",
            "descricao": null
        },
        {
            "codigo": 939,
            "data": "2015-12-31 00:00:00",
            "valor": "1756.98",
            "descricao": null
        },
        {
            "codigo": 940,
            "data": "2013-12-31 00:00:00",
            "valor": "0.00",
            "descricao": null
        },
        {
            "codigo": 941,
            "data": "2012-12-31 00:00:00",
            "valor": "0.00",
            "descricao": null
        },
        {
            "codigo": 942,
            "data": "2011-12-31 00:00:00",
            "valor": "0.00",
            "descricao": null
        },
        {
            "codigo": 943,
            "data": "2010-12-31 00:00:00",
            "valor": "0.00",
            "descricao": null
        },
        {
            "codigo": 944,
            "data": "2009-12-31 00:00:00",
            "valor": "0.00",
            "descricao": null
        },
        {
            "codigo": 945,
            "data": "2016-12-31 00:00:00",
            "valor": "151017.00",
            "descricao": null
        },
        {
            "codigo": 3610,
            "data": "2018-12-31 00:00:00",
            "valor": "126204.00",
            "descricao": null
        },
        {
            "codigo": 4256,
            "data": "2019-12-31 00:00:00",
            "valor": "169699.00",
            "descricao": null
        },
        {
            "codigo": 5177,
            "data": "2020-12-31 00:00:00",
            "valor": "31364.00",
            "descricao": null
        },
        {
            "codigo": 5969,
            "data": "2021-12-31 00:00:00",
            "valor": "43450.00",
            "descricao": null
        },
        {
            "codigo": 6975,
            "data": "2022-12-31 00:00:00",
            "valor": "45140.00",
            "descricao": null
        }
    ]
}