{
    "codigo": 5382,
    "nome": "Furto de ve\u00edculo",
    "descricao": "Registro de furto de ve\u00edculos em Santos - Cidade Aberta",
    "fonte": "Secretaria de Seguran\u00e7a P\u00fablica do Estado de S\u00e3o Paulo",
    "tipoValor": "I",
    "periodicidade": {
        "codigo": 6,
        "descricao": "Anual"
    },
    "tags": [
        {
            "codigo": 16,
            "descricao": "Santos Segura"
        }
    ],
    "secretarias": [
        {
            "codigo": 779,
            "dado_codigo": 5382,
            "sigla": "SESEG",
            "nome": "SECRETARIA MUNICIPAL DE SEGURAN\u00c7A"
        }
    ],
    "autarquias": [],
    "metas": [
        {
            "codigo": 17,
            "numero": 16,
            "titulo": "Paz, Justi\u00e7a e Institui\u00e7\u00f5es Eficazes",
            "objetivo": "Promover sociedades pac\u00edficas e inclusivas para o desenvolvimento sustent\u00e1vel, proporcionar o acesso \u00e0 justi\u00e7a para todos e construir institui\u00e7\u00f5es eficazes, respons\u00e1veis e inclusivas em todos os n\u00edveis",
            "imagem_url": "17.jpg",
            "link": "http://www.agenda2030.org.br/ods/16/"
        }
    ],
    "eixos": [
        {
            "codigo": 6,
            "descricao": "Equidade, Justi\u00e7a Social e Cultura de Paz"
        }
    ],
    "valores": [
        {
            "codigo": 960,
            "data": "2013-12-31 00:00:00",
            "valor": "1251.00",
            "descricao": null
        },
        {
            "codigo": 961,
            "data": "2015-12-31 00:00:00",
            "valor": "1426.00",
            "descricao": null
        },
        {
            "codigo": 962,
            "data": "2016-12-31 00:00:00",
            "valor": "1372.00",
            "descricao": null
        },
        {
            "codigo": 963,
            "data": "2012-12-31 00:00:00",
            "valor": "1340.00",
            "descricao": null
        },
        {
            "codigo": 964,
            "data": "2014-12-31 00:00:00",
            "valor": "1610.00",
            "descricao": null
        },
        {
            "codigo": 965,
            "data": "2011-12-31 00:00:00",
            "valor": "4763.00",
            "descricao": null
        },
        {
            "codigo": 3780,
            "data": "2018-12-31 00:00:00",
            "valor": "1190.00",
            "descricao": null
        },
        {
            "codigo": 4259,
            "data": "2019-12-31 00:00:00",
            "valor": "1002.00",
            "descricao": null
        },
        {
            "codigo": 4842,
            "data": "2020-12-31 00:00:00",
            "valor": "664.00",
            "descricao": null
        },
        {
            "codigo": 5228,
            "data": "2017-12-31 00:00:00",
            "valor": "1497.00",
            "descricao": null
        },
        {
            "codigo": 5357,
            "data": "2021-12-31 00:00:00",
            "valor": "832.00",
            "descricao": null
        },
        {
            "codigo": 6547,
            "data": "2022-12-31 00:00:00",
            "valor": "966.00",
            "descricao": null
        }
    ]
}