{
    "codigo": 5384,
    "nome": "Homic\u00eddio culposo por acidente de tr\u00e2nsito",
    "descricao": "Registro de homic\u00eddio culposo por acidente de tr\u00e2nsito em Santos - Cidade Aberta",
    "fonte": "Secretaria de Seguran\u00e7a P\u00fablica do Estado de S\u00e3o Paulo",
    "tipoValor": "I",
    "periodicidade": {
        "codigo": 6,
        "descricao": "Anual"
    },
    "tags": [
        {
            "codigo": 16,
            "descricao": "Santos Segura"
        }
    ],
    "secretarias": [
        {
            "codigo": 779,
            "dado_codigo": 5384,
            "sigla": "SESEG",
            "nome": "SECRETARIA MUNICIPAL DE SEGURAN\u00c7A"
        }
    ],
    "autarquias": [],
    "metas": [
        {
            "codigo": 17,
            "numero": 16,
            "titulo": "Paz, Justi\u00e7a e Institui\u00e7\u00f5es Eficazes",
            "objetivo": "Promover sociedades pac\u00edficas e inclusivas para o desenvolvimento sustent\u00e1vel, proporcionar o acesso \u00e0 justi\u00e7a para todos e construir institui\u00e7\u00f5es eficazes, respons\u00e1veis e inclusivas em todos os n\u00edveis",
            "imagem_url": "17.jpg",
            "link": "http://www.agenda2030.org.br/ods/16/"
        }
    ],
    "eixos": [
        {
            "codigo": 6,
            "descricao": "Equidade, Justi\u00e7a Social e Cultura de Paz"
        }
    ],
    "valores": [
        {
            "codigo": 974,
            "data": "2013-12-31 00:00:00",
            "valor": "26.00",
            "descricao": null
        },
        {
            "codigo": 975,
            "data": "2014-12-31 00:00:00",
            "valor": "19.00",
            "descricao": null
        },
        {
            "codigo": 976,
            "data": "2009-12-31 00:00:00",
            "valor": "0.00",
            "descricao": null
        },
        {
            "codigo": 977,
            "data": "2016-12-31 00:00:00",
            "valor": "38.00",
            "descricao": null
        },
        {
            "codigo": 978,
            "data": "2012-12-31 00:00:00",
            "valor": "345.00",
            "descricao": null
        },
        {
            "codigo": 979,
            "data": "2011-12-31 00:00:00",
            "valor": "330.00",
            "descricao": null
        },
        {
            "codigo": 980,
            "data": "2010-12-31 00:00:00",
            "valor": "0.00",
            "descricao": null
        },
        {
            "codigo": 981,
            "data": "2015-12-31 00:00:00",
            "valor": "30.00",
            "descricao": null
        },
        {
            "codigo": 3745,
            "data": "2018-12-31 00:00:00",
            "valor": "26.00",
            "descricao": null
        },
        {
            "codigo": 4261,
            "data": "2019-12-31 00:00:00",
            "valor": "21.00",
            "descricao": null
        },
        {
            "codigo": 4844,
            "data": "2020-12-31 00:00:00",
            "valor": "23.00",
            "descricao": null
        },
        {
            "codigo": 5230,
            "data": "2017-12-31 00:00:00",
            "valor": "30.00",
            "descricao": null
        },
        {
            "codigo": 5359,
            "data": "2021-12-31 00:00:00",
            "valor": "18.00",
            "descricao": null
        },
        {
            "codigo": 6549,
            "data": "2022-12-31 00:00:00",
            "valor": "20.00",
            "descricao": null
        }
    ]
}