{
    "codigo": 5391,
    "nome": "N\u00famero de ocorr\u00eancias atendidas pela guarda municipal",
    "descricao": "N\u00famero de ocorr\u00eancias atendidas pela guarda municipal - Cidade Aberta",
    "fonte": "SESEG - SECRETARIA MUNICIPAL DE SEGURAN\u00c7A / DGCM",
    "tipoValor": "I",
    "periodicidade": {
        "codigo": 6,
        "descricao": "Anual"
    },
    "tags": [
        {
            "codigo": 16,
            "descricao": "Santos Segura"
        }
    ],
    "secretarias": [
        {
            "codigo": 779,
            "dado_codigo": 5391,
            "sigla": "SESEG",
            "nome": "SECRETARIA MUNICIPAL DE SEGURAN\u00c7A"
        }
    ],
    "autarquias": [],
    "metas": [
        {
            "codigo": 17,
            "numero": 16,
            "titulo": "Paz, Justi\u00e7a e Institui\u00e7\u00f5es Eficazes",
            "objetivo": "Promover sociedades pac\u00edficas e inclusivas para o desenvolvimento sustent\u00e1vel, proporcionar o acesso \u00e0 justi\u00e7a para todos e construir institui\u00e7\u00f5es eficazes, respons\u00e1veis e inclusivas em todos os n\u00edveis",
            "imagem_url": "17.jpg",
            "link": "http://www.agenda2030.org.br/ods/16/"
        }
    ],
    "eixos": [
        {
            "codigo": 6,
            "descricao": "Equidade, Justi\u00e7a Social e Cultura de Paz"
        }
    ],
    "valores": [
        {
            "codigo": 1028,
            "data": "2013-12-31 00:00:00",
            "valor": "7470.00",
            "descricao": null
        },
        {
            "codigo": 1029,
            "data": "2012-12-31 00:00:00",
            "valor": "2608.00",
            "descricao": null
        },
        {
            "codigo": 1030,
            "data": "2011-12-31 00:00:00",
            "valor": "336.00",
            "descricao": null
        },
        {
            "codigo": 1031,
            "data": "2010-12-31 00:00:00",
            "valor": "0.00",
            "descricao": null
        },
        {
            "codigo": 1032,
            "data": "2009-12-31 00:00:00",
            "valor": "0.00",
            "descricao": null
        },
        {
            "codigo": 1033,
            "data": "2016-12-31 00:00:00",
            "valor": "12010.00",
            "descricao": null
        },
        {
            "codigo": 1034,
            "data": "2006-12-31 00:00:00",
            "valor": "77.00",
            "descricao": null
        },
        {
            "codigo": 1035,
            "data": "2015-12-31 00:00:00",
            "valor": "16464.00",
            "descricao": null
        },
        {
            "codigo": 1036,
            "data": "2014-12-31 00:00:00",
            "valor": "13908.00",
            "descricao": null
        },
        {
            "codigo": 3822,
            "data": "2018-12-31 00:00:00",
            "valor": "15719.00",
            "descricao": null
        },
        {
            "codigo": 4296,
            "data": "2019-12-31 00:00:00",
            "valor": "18796.00",
            "descricao": null
        },
        {
            "codigo": 4860,
            "data": "2020-12-31 00:00:00",
            "valor": "14457.00",
            "descricao": null
        },
        {
            "codigo": 5237,
            "data": "2017-12-31 00:00:00",
            "valor": "15234.00",
            "descricao": null
        },
        {
            "codigo": 5376,
            "data": "2021-12-31 00:00:00",
            "valor": "12960.00",
            "descricao": null
        },
        {
            "codigo": 6567,
            "data": "2022-12-31 00:00:00",
            "valor": "14770.00",
            "descricao": null
        }
    ]
}