{
    "codigo": 5393,
    "nome": "N\u00famero de v\u00edtimas em latroc\u00ednio",
    "descricao": "N\u00famero de v\u00edtimas em latroc\u00ednio - Cidade Aberta",
    "fonte": "Secretaria de Seguran\u00e7a P\u00fablica do Estado de S\u00e3o Paulo",
    "tipoValor": "I",
    "periodicidade": {
        "codigo": 6,
        "descricao": "Anual"
    },
    "tags": [
        {
            "codigo": 16,
            "descricao": "Santos Segura"
        }
    ],
    "secretarias": [
        {
            "codigo": 779,
            "dado_codigo": 5393,
            "sigla": "SESEG",
            "nome": "SECRETARIA MUNICIPAL DE SEGURAN\u00c7A"
        }
    ],
    "autarquias": [],
    "metas": [
        {
            "codigo": 17,
            "numero": 16,
            "titulo": "Paz, Justi\u00e7a e Institui\u00e7\u00f5es Eficazes",
            "objetivo": "Promover sociedades pac\u00edficas e inclusivas para o desenvolvimento sustent\u00e1vel, proporcionar o acesso \u00e0 justi\u00e7a para todos e construir institui\u00e7\u00f5es eficazes, respons\u00e1veis e inclusivas em todos os n\u00edveis",
            "imagem_url": "17.jpg",
            "link": "http://www.agenda2030.org.br/ods/16/"
        }
    ],
    "eixos": [
        {
            "codigo": 6,
            "descricao": "Equidade, Justi\u00e7a Social e Cultura de Paz"
        }
    ],
    "valores": [
        {
            "codigo": 1045,
            "data": "2013-12-31 00:00:00",
            "valor": "2.00",
            "descricao": null
        },
        {
            "codigo": 1046,
            "data": "2014-12-31 00:00:00",
            "valor": "3.00",
            "descricao": null
        },
        {
            "codigo": 1047,
            "data": "2011-12-31 00:00:00",
            "valor": "22.00",
            "descricao": null
        },
        {
            "codigo": 1048,
            "data": "2012-12-31 00:00:00",
            "valor": "17.00",
            "descricao": null
        },
        {
            "codigo": 1049,
            "data": "2016-12-31 00:00:00",
            "valor": "4.00",
            "descricao": null
        },
        {
            "codigo": 1050,
            "data": "2015-12-31 00:00:00",
            "valor": "4.00",
            "descricao": null
        },
        {
            "codigo": 1051,
            "data": "2009-12-31 00:00:00",
            "valor": "0.00",
            "descricao": null
        },
        {
            "codigo": 1052,
            "data": "2010-12-31 00:00:00",
            "valor": "0.00",
            "descricao": null
        },
        {
            "codigo": 3752,
            "data": "2018-12-31 00:00:00",
            "valor": "5.00",
            "descricao": null
        },
        {
            "codigo": 4268,
            "data": "2019-12-31 00:00:00",
            "valor": "1.00",
            "descricao": null
        },
        {
            "codigo": 4851,
            "data": "2020-12-31 00:00:00",
            "valor": "2.00",
            "descricao": null
        },
        {
            "codigo": 5238,
            "data": "2017-12-31 00:00:00",
            "valor": "0.00",
            "descricao": null
        },
        {
            "codigo": 5378,
            "data": "2021-12-31 00:00:00",
            "valor": "0.00",
            "descricao": null
        },
        {
            "codigo": 6569,
            "data": "2022-12-31 00:00:00",
            "valor": "1.00",
            "descricao": null
        }
    ]
}