{
    "codigo": 5394,
    "nome": "Remo\u00e7\u00e3o de Moradias em \u00c1reas de Risco nos Morros",
    "descricao": "Remo\u00e7\u00e3o de Moradias em \u00c1reas de Risco nos Morros - Cidade Aberta",
    "fonte": "SESEG - SECRETARIA MUNICIPAL DE SEGURAN\u00c7A / DEPRODEC - DEFESA CIVIL",
    "tipoValor": "I",
    "periodicidade": {
        "codigo": 6,
        "descricao": "Anual"
    },
    "tags": [
        {
            "codigo": 16,
            "descricao": "Santos Segura"
        }
    ],
    "secretarias": [
        {
            "codigo": 779,
            "dado_codigo": 5394,
            "sigla": "SESEG",
            "nome": "SECRETARIA MUNICIPAL DE SEGURAN\u00c7A"
        }
    ],
    "autarquias": [],
    "metas": [
        {
            "codigo": 12,
            "numero": 11,
            "titulo": "Cidades e Comunidades Sustent\u00e1veis",
            "objetivo": "Tornar as cidades e os assentamentos humanos inclusivos, seguros, resilientes e sustent\u00e1veis",
            "imagem_url": "12.jpg",
            "link": "http://www.agenda2030.org.br/ods/11/"
        },
        {
            "codigo": 17,
            "numero": 16,
            "titulo": "Paz, Justi\u00e7a e Institui\u00e7\u00f5es Eficazes",
            "objetivo": "Promover sociedades pac\u00edficas e inclusivas para o desenvolvimento sustent\u00e1vel, proporcionar o acesso \u00e0 justi\u00e7a para todos e construir institui\u00e7\u00f5es eficazes, respons\u00e1veis e inclusivas em todos os n\u00edveis",
            "imagem_url": "17.jpg",
            "link": "http://www.agenda2030.org.br/ods/16/"
        }
    ],
    "eixos": [
        {
            "codigo": 6,
            "descricao": "Equidade, Justi\u00e7a Social e Cultura de Paz"
        }
    ],
    "valores": [
        {
            "codigo": 1053,
            "data": "2016-12-31 00:00:00",
            "valor": "8.00",
            "descricao": null
        },
        {
            "codigo": 1054,
            "data": "2015-12-31 00:00:00",
            "valor": "12.00",
            "descricao": null
        },
        {
            "codigo": 1055,
            "data": "2014-12-31 00:00:00",
            "valor": "23.00",
            "descricao": null
        },
        {
            "codigo": 1056,
            "data": "2013-12-31 00:00:00",
            "valor": "0.00",
            "descricao": null
        },
        {
            "codigo": 1057,
            "data": "2010-12-31 00:00:00",
            "valor": "30.00",
            "descricao": null
        },
        {
            "codigo": 1058,
            "data": "2011-12-31 00:00:00",
            "valor": "9.00",
            "descricao": null
        },
        {
            "codigo": 1059,
            "data": "2012-12-31 00:00:00",
            "valor": "7.00",
            "descricao": null
        },
        {
            "codigo": 1060,
            "data": "2009-12-31 00:00:00",
            "valor": "13.00",
            "descricao": null
        },
        {
            "codigo": 3763,
            "data": "2018-12-31 00:00:00",
            "valor": "15.00",
            "descricao": null
        },
        {
            "codigo": 4409,
            "data": "2019-12-31 00:00:00",
            "valor": "105.00",
            "descricao": null
        },
        {
            "codigo": 4882,
            "data": "2020-12-31 00:00:00",
            "valor": "502.00",
            "descricao": null
        },
        {
            "codigo": 5249,
            "data": "2017-12-31 00:00:00",
            "valor": "203.00",
            "descricao": null
        },
        {
            "codigo": 5408,
            "data": "2021-12-31 00:00:00",
            "valor": "34.00",
            "descricao": null
        },
        {
            "codigo": 6622,
            "data": "2022-12-31 00:00:00",
            "valor": "2.00",
            "descricao": null
        }
    ]
}