{
    "codigo": 5401,
    "nome": "Vistoria em Moradias de Madeira na Zona Noroeste",
    "descricao": "Vistoria em Moradias de Madeira na Zona Noroeste - Cidade Aberta",
    "fonte": "SESEG - SECRETARIA MUNICIPAL DE SEGURAN\u00c7A / DEPRODEC - DEFESA CIVIL",
    "tipoValor": "I",
    "periodicidade": {
        "codigo": 6,
        "descricao": "Anual"
    },
    "tags": [
        {
            "codigo": 16,
            "descricao": "Santos Segura"
        }
    ],
    "secretarias": [
        {
            "codigo": 779,
            "dado_codigo": 5401,
            "sigla": "SESEG",
            "nome": "SECRETARIA MUNICIPAL DE SEGURAN\u00c7A"
        }
    ],
    "autarquias": [],
    "metas": [
        {
            "codigo": 12,
            "numero": 11,
            "titulo": "Cidades e Comunidades Sustent\u00e1veis",
            "objetivo": "Tornar as cidades e os assentamentos humanos inclusivos, seguros, resilientes e sustent\u00e1veis",
            "imagem_url": "12.jpg",
            "link": "http://www.agenda2030.org.br/ods/11/"
        }
    ],
    "eixos": [
        {
            "codigo": 8,
            "descricao": "Planejamento e Desenho Urbano"
        }
    ],
    "valores": [
        {
            "codigo": 1107,
            "data": "2011-12-31 00:00:00",
            "valor": "24.00",
            "descricao": null
        },
        {
            "codigo": 1108,
            "data": "2012-12-31 00:00:00",
            "valor": "44.00",
            "descricao": null
        },
        {
            "codigo": 1109,
            "data": "2013-12-31 00:00:00",
            "valor": "29.00",
            "descricao": null
        },
        {
            "codigo": 1110,
            "data": "2014-12-31 00:00:00",
            "valor": "76.00",
            "descricao": null
        },
        {
            "codigo": 1111,
            "data": "2015-12-31 00:00:00",
            "valor": "55.00",
            "descricao": null
        },
        {
            "codigo": 1112,
            "data": "2016-12-31 00:00:00",
            "valor": "70.00",
            "descricao": null
        },
        {
            "codigo": 1113,
            "data": "2010-12-31 00:00:00",
            "valor": "36.00",
            "descricao": null
        },
        {
            "codigo": 1114,
            "data": "2009-12-31 00:00:00",
            "valor": "30.00",
            "descricao": null
        },
        {
            "codigo": 3764,
            "data": "2018-12-31 00:00:00",
            "valor": "25.00",
            "descricao": null
        },
        {
            "codigo": 4410,
            "data": "2019-12-31 00:00:00",
            "valor": "80.00",
            "descricao": null
        },
        {
            "codigo": 4883,
            "data": "2020-12-31 00:00:00",
            "valor": "115.00",
            "descricao": null
        },
        {
            "codigo": 5248,
            "data": "2017-12-31 00:00:00",
            "valor": "30.00",
            "descricao": null
        },
        {
            "codigo": 5411,
            "data": "2021-12-31 00:00:00",
            "valor": "41.00",
            "descricao": null
        },
        {
            "codigo": 6624,
            "data": "2022-12-31 00:00:00",
            "valor": "23.00",
            "descricao": null
        }
    ]
}