{
    "codigo": 5403,
    "nome": "N\u00famero de acidentes de Trabalho",
    "descricao": "N\u00famero de Acidentes de Trabalho - Cidade Aberta",
    "fonte": "Consulta ao Degepat",
    "tipoValor": "I",
    "periodicidade": {
        "codigo": 6,
        "descricao": "Anual"
    },
    "tags": [
        {
            "codigo": 19,
            "descricao": "Santos Zeladora"
        }
    ],
    "secretarias": [
        {
            "codigo": 1657,
            "dado_codigo": 5403,
            "sigla": "SESERP",
            "nome": "SECRETARIA MUNICIPAL DE SERVI\u00c7OS P\u00daBLICOS"
        }
    ],
    "autarquias": [],
    "metas": [
        {
            "codigo": 9,
            "numero": 8,
            "titulo": "Trabalho Decente e Crescimento Econ\u00f4mico",
            "objetivo": "Promover o crescimento econ\u00f4mico sustentado, inclusivo e sustent\u00e1vel, o emprego pleno e produtivo e o trabalho decente para todos",
            "imagem_url": "9.jpg",
            "link": "http://www.agenda2030.org.br/ods/8/"
        }
    ],
    "eixos": [
        {
            "codigo": 6,
            "descricao": "Equidade, Justi\u00e7a Social e Cultura de Paz"
        }
    ],
    "valores": [
        {
            "codigo": 1123,
            "data": "2013-12-31 00:00:00",
            "valor": "31.00",
            "descricao": null
        },
        {
            "codigo": 1124,
            "data": "2016-12-31 00:00:00",
            "valor": "17.00",
            "descricao": null
        },
        {
            "codigo": 1125,
            "data": "2009-12-31 00:00:00",
            "valor": "0.00",
            "descricao": null
        },
        {
            "codigo": 1126,
            "data": "2015-12-31 00:00:00",
            "valor": "11.00",
            "descricao": null
        },
        {
            "codigo": 1127,
            "data": "2014-12-31 00:00:00",
            "valor": "23.00",
            "descricao": null
        },
        {
            "codigo": 1128,
            "data": "2010-12-31 00:00:00",
            "valor": "12.00",
            "descricao": null
        },
        {
            "codigo": 1129,
            "data": "2011-12-31 00:00:00",
            "valor": "23.00",
            "descricao": null
        },
        {
            "codigo": 1130,
            "data": "2012-12-31 00:00:00",
            "valor": "15.00",
            "descricao": null
        },
        {
            "codigo": 3373,
            "data": "2017-12-31 00:00:00",
            "valor": "21.00",
            "descricao": null
        },
        {
            "codigo": 3374,
            "data": "2018-12-31 00:00:00",
            "valor": "18.00",
            "descricao": null
        },
        {
            "codigo": 4128,
            "data": "2019-12-31 00:00:00",
            "valor": "9.00",
            "descricao": null
        },
        {
            "codigo": 5105,
            "data": "2020-12-31 00:00:00",
            "valor": "10.00",
            "descricao": null
        },
        {
            "codigo": 5887,
            "data": "2021-12-31 00:00:00",
            "valor": "0.00",
            "descricao": null
        },
        {
            "codigo": 6766,
            "data": "2022-12-31 00:00:00",
            "valor": "8.00",
            "descricao": null
        }
    ]
}