{
    "codigo": 5407,
    "nome": "Passageiros do Bonde Tur\u00edstico",
    "descricao": "Passageiros do Bonde Tur\u00edstico - Cidade Aberta",
    "fonte": "N\u00famero fornecido pela CET, atrav\u00e9s de relat\u00f3rio informando o n\u00famero total de passageiros transportados na Linha Tur\u00edstica de Bondes",
    "tipoValor": "I",
    "periodicidade": {
        "codigo": 6,
        "descricao": "Anual"
    },
    "tags": [
        {
            "codigo": 2,
            "descricao": "Santos Cultural e Tur\u00edstica"
        }
    ],
    "secretarias": [
        {
            "codigo": 5491,
            "dado_codigo": 5407,
            "sigla": "SEECTUR",
            "nome": "SECRETARIA MUNICIPAL DE EMPREENDEDORISMO, ECONOMIA CRIATIVA E TURISMO"
        }
    ],
    "autarquias": [],
    "metas": [
        {
            "codigo": 9,
            "numero": 8,
            "titulo": "Trabalho Decente e Crescimento Econ\u00f4mico",
            "objetivo": "Promover o crescimento econ\u00f4mico sustentado, inclusivo e sustent\u00e1vel, o emprego pleno e produtivo e o trabalho decente para todos",
            "imagem_url": "9.jpg",
            "link": "http://www.agenda2030.org.br/ods/8/"
        }
    ],
    "eixos": [
        {
            "codigo": 11,
            "descricao": "Economia Local, Din\u00e2mica, Criativa e Sustent\u00e1vel"
        }
    ],
    "valores": [
        {
            "codigo": 1156,
            "data": "2012-12-31 00:00:00",
            "valor": "91354.00",
            "descricao": null
        },
        {
            "codigo": 1157,
            "data": "2013-12-31 00:00:00",
            "valor": "88836.00",
            "descricao": null
        },
        {
            "codigo": 1158,
            "data": "2014-12-31 00:00:00",
            "valor": "89216.00",
            "descricao": null
        },
        {
            "codigo": 1159,
            "data": "2015-12-31 00:00:00",
            "valor": "109564.00",
            "descricao": null
        },
        {
            "codigo": 1160,
            "data": "2017-12-31 00:00:00",
            "valor": "97083.00",
            "descricao": null
        },
        {
            "codigo": 1161,
            "data": "2010-12-31 00:00:00",
            "valor": "92072.00",
            "descricao": null
        },
        {
            "codigo": 1162,
            "data": "2011-12-31 00:00:00",
            "valor": "87152.00",
            "descricao": null
        },
        {
            "codigo": 1163,
            "data": "2016-12-31 00:00:00",
            "valor": "99635.00",
            "descricao": null
        },
        {
            "codigo": 1164,
            "data": "2009-12-31 00:00:00",
            "valor": "103261.00",
            "descricao": null
        },
        {
            "codigo": 3434,
            "data": "2018-12-31 00:00:00",
            "valor": "96263.00",
            "descricao": null
        },
        {
            "codigo": 4023,
            "data": "2019-12-31 00:00:00",
            "valor": "88483.00",
            "descricao": null
        },
        {
            "codigo": 4652,
            "data": "2020-12-31 00:00:00",
            "valor": "37747.00",
            "descricao": null
        },
        {
            "codigo": 5700,
            "data": "2021-12-31 00:00:00",
            "valor": "38558.00",
            "descricao": null
        },
        {
            "codigo": 6105,
            "data": "2022-12-31 00:00:00",
            "valor": "67544.00",
            "descricao": null
        },
        {
            "codigo": 6981,
            "data": "2023-12-31 00:00:00",
            "valor": "119972.00",
            "descricao": null
        }
    ]
}