{
    "codigo": 5408,
    "nome": "Visitas ao Aqu\u00e1rio Municipal",
    "descricao": "Visitas ao Aqu\u00e1rio Municipal - Cidade Aberta",
    "fonte": "SEMAM",
    "tipoValor": "I",
    "periodicidade": {
        "codigo": 6,
        "descricao": "Anual"
    },
    "tags": [
        {
            "codigo": 2,
            "descricao": "Santos Cultural e Tur\u00edstica"
        }
    ],
    "secretarias": [
        {
            "codigo": 5767,
            "dado_codigo": 5408,
            "sigla": "SEMAM",
            "nome": "SECRETARIA MUNICIPAL DE MEIO AMBIENTE E BEM-ESTAR ANIMAL"
        }
    ],
    "autarquias": [],
    "metas": [
        {
            "codigo": 9,
            "numero": 8,
            "titulo": "Trabalho Decente e Crescimento Econ\u00f4mico",
            "objetivo": "Promover o crescimento econ\u00f4mico sustentado, inclusivo e sustent\u00e1vel, o emprego pleno e produtivo e o trabalho decente para todos",
            "imagem_url": "9.jpg",
            "link": "http://www.agenda2030.org.br/ods/8/"
        }
    ],
    "eixos": [
        {
            "codigo": 11,
            "descricao": "Economia Local, Din\u00e2mica, Criativa e Sustent\u00e1vel"
        }
    ],
    "valores": [
        {
            "codigo": 1165,
            "data": "2009-12-31 00:00:00",
            "valor": "629160.00",
            "descricao": null
        },
        {
            "codigo": 1166,
            "data": "2010-12-31 00:00:00",
            "valor": "606835.00",
            "descricao": null
        },
        {
            "codigo": 1167,
            "data": "2011-12-31 00:00:00",
            "valor": "585027.00",
            "descricao": null
        },
        {
            "codigo": 1168,
            "data": "2012-12-31 00:00:00",
            "valor": "528157.00",
            "descricao": null
        },
        {
            "codigo": 1169,
            "data": "2013-12-31 00:00:00",
            "valor": "555447.00",
            "descricao": null
        },
        {
            "codigo": 1170,
            "data": "2014-12-31 00:00:00",
            "valor": "541139.00",
            "descricao": null
        },
        {
            "codigo": 1171,
            "data": "2015-12-31 00:00:00",
            "valor": "530265.00",
            "descricao": null
        },
        {
            "codigo": 1172,
            "data": "2017-12-31 00:00:00",
            "valor": "535699.00",
            "descricao": null
        },
        {
            "codigo": 1173,
            "data": "2016-12-31 00:00:00",
            "valor": "529210.00",
            "descricao": null
        },
        {
            "codigo": 3522,
            "data": "2018-12-31 00:00:00",
            "valor": "431592.00",
            "descricao": null
        },
        {
            "codigo": 4194,
            "data": "2019-12-31 00:00:00",
            "valor": "451332.00",
            "descricao": null
        },
        {
            "codigo": 4788,
            "data": "2020-12-31 00:00:00",
            "valor": "260478.00",
            "descricao": null
        },
        {
            "codigo": 5313,
            "data": "2021-12-31 00:00:00",
            "valor": "372431.00",
            "descricao": null
        },
        {
            "codigo": 6158,
            "data": "2022-12-31 00:00:00",
            "valor": "351795.00",
            "descricao": null
        },
        {
            "codigo": 7201,
            "data": "2023-12-31 00:00:00",
            "valor": "426442.00",
            "descricao": null
        }
    ]
}