{
    "codigo": 5409,
    "nome": "Visitas ao Orquid\u00e1rio",
    "descricao": "Visitas ao Orquid\u00e1rio - Cidade Aberta",
    "fonte": "SEMAM",
    "tipoValor": "I",
    "periodicidade": {
        "codigo": 6,
        "descricao": "Anual"
    },
    "tags": [
        {
            "codigo": 2,
            "descricao": "Santos Cultural e Tur\u00edstica"
        }
    ],
    "secretarias": [
        {
            "codigo": 5767,
            "dado_codigo": 5409,
            "sigla": "SEMAM",
            "nome": "SECRETARIA MUNICIPAL DE MEIO AMBIENTE E BEM-ESTAR ANIMAL"
        }
    ],
    "autarquias": [],
    "metas": [
        {
            "codigo": 9,
            "numero": 8,
            "titulo": "Trabalho Decente e Crescimento Econ\u00f4mico",
            "objetivo": "Promover o crescimento econ\u00f4mico sustentado, inclusivo e sustent\u00e1vel, o emprego pleno e produtivo e o trabalho decente para todos",
            "imagem_url": "9.jpg",
            "link": "http://www.agenda2030.org.br/ods/8/"
        },
        {
            "codigo": 16,
            "numero": 15,
            "titulo": "Vida Terrestre",
            "objetivo": "Proteger, recuperar e promover o uso sustent\u00e1vel dos ecossistemas terrestres, gerir de forma sustent\u00e1vel as florestas, combater a desertifica\u00e7\u00e3o, deter e reverter a degrada\u00e7\u00e3o da terra e deter a perda",
            "imagem_url": "16.jpg",
            "link": "http://www.agenda2030.org.br/ods/15/"
        }
    ],
    "eixos": [
        {
            "codigo": 11,
            "descricao": "Economia Local, Din\u00e2mica, Criativa e Sustent\u00e1vel"
        }
    ],
    "valores": [
        {
            "codigo": 1174,
            "data": "2015-12-31 00:00:00",
            "valor": "179233.00",
            "descricao": null
        },
        {
            "codigo": 1175,
            "data": "2014-12-31 00:00:00",
            "valor": "189822.00",
            "descricao": null
        },
        {
            "codigo": 1176,
            "data": "2013-12-31 00:00:00",
            "valor": "191481.00",
            "descricao": null
        },
        {
            "codigo": 1177,
            "data": "2012-12-31 00:00:00",
            "valor": "224442.00",
            "descricao": null
        },
        {
            "codigo": 1178,
            "data": "2011-12-31 00:00:00",
            "valor": "0.00",
            "descricao": null
        },
        {
            "codigo": 1179,
            "data": "2016-12-31 00:00:00",
            "valor": "184730.00",
            "descricao": null
        },
        {
            "codigo": 1180,
            "data": "2010-12-31 00:00:00",
            "valor": "0.00",
            "descricao": null
        },
        {
            "codigo": 1181,
            "data": "2009-12-31 00:00:00",
            "valor": "50486.00",
            "descricao": null
        },
        {
            "codigo": 3523,
            "data": "2018-12-31 00:00:00",
            "valor": "120291.00",
            "descricao": null
        },
        {
            "codigo": 4227,
            "data": "2019-12-31 00:00:00",
            "valor": "220000.00",
            "descricao": null
        },
        {
            "codigo": 4789,
            "data": "2020-12-31 00:00:00",
            "valor": "88872.00",
            "descricao": null
        },
        {
            "codigo": 5314,
            "data": "2021-12-31 00:00:00",
            "valor": "93990.00",
            "descricao": null
        },
        {
            "codigo": 6279,
            "data": "2022-12-31 00:00:00",
            "valor": "117228.00",
            "descricao": null
        },
        {
            "codigo": 7219,
            "data": "2023-12-31 00:00:00",
            "valor": "121714.00",
            "descricao": null
        }
    ]
}