{
    "codigo": 5411,
    "nome": "Obras Conclu\u00eddas \u2013 Quantidade de Obras Conclu\u00eddas",
    "descricao": "Obras Conclu\u00eddas - Quantidades de Obras Conclu\u00eddas - Cidade Aberta",
    "fonte": "Informa\u00e7\u00f5es extra\u00eddas do CAD-OBRAS enviadas ao Tribunal de Contas",
    "tipoValor": "I",
    "periodicidade": {
        "codigo": 6,
        "descricao": "Anual"
    },
    "tags": [
        {
            "codigo": 19,
            "descricao": "Santos Zeladora"
        }
    ],
    "secretarias": [
        {
            "codigo": 1503,
            "dado_codigo": 5411,
            "sigla": "SIEDI",
            "nome": "SECRETARIA MUNICIPAL DE INFRAESTRUTURA E EDIFICA\u00c7\u00d5ES"
        }
    ],
    "autarquias": [],
    "metas": [
        {
            "codigo": 12,
            "numero": 11,
            "titulo": "Cidades e Comunidades Sustent\u00e1veis",
            "objetivo": "Tornar as cidades e os assentamentos humanos inclusivos, seguros, resilientes e sustent\u00e1veis",
            "imagem_url": "12.jpg",
            "link": "http://www.agenda2030.org.br/ods/11/"
        }
    ],
    "eixos": [
        {
            "codigo": 8,
            "descricao": "Planejamento e Desenho Urbano"
        }
    ],
    "valores": [
        {
            "codigo": 1191,
            "data": "2012-12-31 00:00:00",
            "valor": "38.00",
            "descricao": null
        },
        {
            "codigo": 1192,
            "data": "2016-12-31 00:00:00",
            "valor": "14.00",
            "descricao": null
        },
        {
            "codigo": 1193,
            "data": "2013-12-31 00:00:00",
            "valor": "14.00",
            "descricao": null
        },
        {
            "codigo": 1194,
            "data": "2014-12-31 00:00:00",
            "valor": "12.00",
            "descricao": null
        },
        {
            "codigo": 1195,
            "data": "2017-12-31 00:00:00",
            "valor": "10873678.00",
            "descricao": null
        },
        {
            "codigo": 1196,
            "data": "2010-12-31 00:00:00",
            "valor": "17.00",
            "descricao": null
        },
        {
            "codigo": 1197,
            "data": "2009-12-31 00:00:00",
            "valor": "11.00",
            "descricao": null
        },
        {
            "codigo": 1198,
            "data": "2015-12-31 00:00:00",
            "valor": "8.00",
            "descricao": null
        },
        {
            "codigo": 1199,
            "data": "2011-12-31 00:00:00",
            "valor": "33.00",
            "descricao": null
        },
        {
            "codigo": 3929,
            "data": "2018-12-31 00:00:00",
            "valor": "16.00",
            "descricao": null
        },
        {
            "codigo": 4481,
            "data": "2019-12-31 00:00:00",
            "valor": "20.00",
            "descricao": null
        },
        {
            "codigo": 5129,
            "data": "2020-12-30 00:00:00",
            "valor": "24.00",
            "descricao": null
        },
        {
            "codigo": 5906,
            "data": "2021-12-31 00:00:00",
            "valor": "14.00",
            "descricao": null
        },
        {
            "codigo": 6673,
            "data": "2022-12-31 00:00:00",
            "valor": "6.00",
            "descricao": null
        }
    ]
}