{
    "codigo": 5412,
    "nome": "Obras conclu\u00eddas - Somat\u00f3ria do Custo total das obras",
    "descricao": "Obras conclu\u00eddas - Somat\u00f3ria do Custo total das obras - Cidade Aberta",
    "fonte": "Informa\u00e7\u00f5es extra\u00eddas do CAD-OBRAS enviadas ao Tribunal de Contas",
    "tipoValor": "D",
    "periodicidade": {
        "codigo": 6,
        "descricao": "Anual"
    },
    "tags": [
        {
            "codigo": 19,
            "descricao": "Santos Zeladora"
        }
    ],
    "secretarias": [
        {
            "codigo": 1503,
            "dado_codigo": 5412,
            "sigla": "SIEDI",
            "nome": "SECRETARIA MUNICIPAL DE INFRAESTRUTURA E EDIFICA\u00c7\u00d5ES"
        }
    ],
    "autarquias": [],
    "metas": [
        {
            "codigo": 12,
            "numero": 11,
            "titulo": "Cidades e Comunidades Sustent\u00e1veis",
            "objetivo": "Tornar as cidades e os assentamentos humanos inclusivos, seguros, resilientes e sustent\u00e1veis",
            "imagem_url": "12.jpg",
            "link": "http://www.agenda2030.org.br/ods/11/"
        }
    ],
    "eixos": [
        {
            "codigo": 8,
            "descricao": "Planejamento e Desenho Urbano"
        }
    ],
    "valores": [
        {
            "codigo": 1201,
            "data": "2017-12-31 00:00:00",
            "valor": "10873678.00",
            "descricao": null
        },
        {
            "codigo": 3930,
            "data": "2018-12-31 00:00:00",
            "valor": "37498534.00",
            "descricao": null
        },
        {
            "codigo": 4483,
            "data": "2019-12-31 00:00:00",
            "valor": "17103461.00",
            "descricao": null
        },
        {
            "codigo": 5130,
            "data": "2020-12-30 00:00:00",
            "valor": "320459352.00",
            "descricao": null
        },
        {
            "codigo": 5905,
            "data": "2021-12-31 00:00:00",
            "valor": "21246943.06",
            "descricao": null
        },
        {
            "codigo": 6663,
            "data": "2022-12-31 00:00:00",
            "valor": "4925599.51",
            "descricao": null
        }
    ]
}