{
    "codigo": 5413,
    "nome": "Obras em execu\u00e7\u00e3o - Quantidade de obras em Execu\u00e7\u00e3o",
    "descricao": "Obras em execu\u00e7\u00e3o - Quantidade de obras em Execu\u00e7\u00e3o - Cidade Aberta",
    "fonte": "Informa\u00e7\u00f5es extra\u00eddas do CAD-OBRAS enviadas ao Tribunal de Contas",
    "tipoValor": "I",
    "periodicidade": {
        "codigo": 6,
        "descricao": "Anual"
    },
    "tags": [
        {
            "codigo": 19,
            "descricao": "Santos Zeladora"
        }
    ],
    "secretarias": [
        {
            "codigo": 1503,
            "dado_codigo": 5413,
            "sigla": "SIEDI",
            "nome": "SECRETARIA MUNICIPAL DE INFRAESTRUTURA E EDIFICA\u00c7\u00d5ES"
        }
    ],
    "autarquias": [],
    "metas": [
        {
            "codigo": 12,
            "numero": 11,
            "titulo": "Cidades e Comunidades Sustent\u00e1veis",
            "objetivo": "Tornar as cidades e os assentamentos humanos inclusivos, seguros, resilientes e sustent\u00e1veis",
            "imagem_url": "12.jpg",
            "link": "http://www.agenda2030.org.br/ods/11/"
        }
    ],
    "eixos": [
        {
            "codigo": 8,
            "descricao": "Planejamento e Desenho Urbano"
        }
    ],
    "valores": [
        {
            "codigo": 1209,
            "data": "2009-12-31 00:00:00",
            "valor": "10.00",
            "descricao": null
        },
        {
            "codigo": 1210,
            "data": "2010-12-31 00:00:00",
            "valor": "19.00",
            "descricao": null
        },
        {
            "codigo": 1211,
            "data": "2011-12-31 00:00:00",
            "valor": "21.00",
            "descricao": null
        },
        {
            "codigo": 1212,
            "data": "2012-12-31 00:00:00",
            "valor": "16.00",
            "descricao": null
        },
        {
            "codigo": 1213,
            "data": "2017-12-31 00:00:00",
            "valor": "19.00",
            "descricao": null
        },
        {
            "codigo": 1214,
            "data": "2015-12-31 00:00:00",
            "valor": "37.00",
            "descricao": null
        },
        {
            "codigo": 1215,
            "data": "2014-12-31 00:00:00",
            "valor": "30.00",
            "descricao": null
        },
        {
            "codigo": 1216,
            "data": "2013-12-31 00:00:00",
            "valor": "5.00",
            "descricao": null
        },
        {
            "codigo": 1217,
            "data": "2016-12-31 00:00:00",
            "valor": "22.00",
            "descricao": null
        },
        {
            "codigo": 3931,
            "data": "2018-12-31 00:00:00",
            "valor": "31.00",
            "descricao": null
        },
        {
            "codigo": 4473,
            "data": "2019-12-31 00:00:00",
            "valor": "32.00",
            "descricao": null
        },
        {
            "codigo": 5131,
            "data": "2020-12-30 00:00:00",
            "valor": "21.00",
            "descricao": null
        },
        {
            "codigo": 5903,
            "data": "2021-12-31 00:00:00",
            "valor": "24.00",
            "descricao": null
        },
        {
            "codigo": 6674,
            "data": "2022-12-31 00:00:00",
            "valor": "10.00",
            "descricao": null
        }
    ]
}