{
    "codigo": 5414,
    "nome": "Quantidade de obras solicitadas",
    "descricao": "Obras solicitadas - quantidade de obras - Cidade Aberta",
    "fonte": "Informa\u00e7\u00f5es extra\u00eddas do Sistema de Controle de Processos - CPNet",
    "tipoValor": "I",
    "periodicidade": {
        "codigo": 6,
        "descricao": "Anual"
    },
    "tags": [
        {
            "codigo": 19,
            "descricao": "Santos Zeladora"
        }
    ],
    "secretarias": [
        {
            "codigo": 1503,
            "dado_codigo": 5414,
            "sigla": "SIEDI",
            "nome": "SECRETARIA MUNICIPAL DE INFRAESTRUTURA E EDIFICA\u00c7\u00d5ES"
        }
    ],
    "autarquias": [],
    "metas": [
        {
            "codigo": 12,
            "numero": 11,
            "titulo": "Cidades e Comunidades Sustent\u00e1veis",
            "objetivo": "Tornar as cidades e os assentamentos humanos inclusivos, seguros, resilientes e sustent\u00e1veis",
            "imagem_url": "12.jpg",
            "link": "http://www.agenda2030.org.br/ods/11/"
        }
    ],
    "eixos": [
        {
            "codigo": 8,
            "descricao": "Planejamento e Desenho Urbano"
        }
    ],
    "valores": [
        {
            "codigo": 1218,
            "data": "2015-12-31 00:00:00",
            "valor": "27.00",
            "descricao": null
        },
        {
            "codigo": 1219,
            "data": "2016-12-31 00:00:00",
            "valor": "26.00",
            "descricao": null
        },
        {
            "codigo": 1220,
            "data": "2009-12-31 00:00:00",
            "valor": "19.00",
            "descricao": null
        },
        {
            "codigo": 1221,
            "data": "2010-12-31 00:00:00",
            "valor": "31.00",
            "descricao": null
        },
        {
            "codigo": 1222,
            "data": "2011-12-31 00:00:00",
            "valor": "29.00",
            "descricao": null
        },
        {
            "codigo": 1223,
            "data": "2012-12-31 00:00:00",
            "valor": "41.00",
            "descricao": null
        },
        {
            "codigo": 1224,
            "data": "2017-12-31 00:00:00",
            "valor": "20.00",
            "descricao": null
        },
        {
            "codigo": 3932,
            "data": "2018-12-31 00:00:00",
            "valor": "43.00",
            "descricao": null
        },
        {
            "codigo": 5132,
            "data": "2020-12-30 00:00:00",
            "valor": "26.00",
            "descricao": null
        },
        {
            "codigo": 5254,
            "data": "2019-12-31 00:00:00",
            "valor": "34.00",
            "descricao": null
        },
        {
            "codigo": 5924,
            "data": "2021-12-31 00:00:00",
            "valor": "21.00",
            "descricao": null
        },
        {
            "codigo": 6668,
            "data": "2022-12-31 00:00:00",
            "valor": "72.00",
            "descricao": null
        }
    ]
}