{
    "codigo": 5416,
    "nome": "Altas de Tuberculose por abandono",
    "descricao": "Altas de Tuberculose por abandono - Cidade Aberta",
    "fonte": "TB WEB",
    "tipoValor": "I",
    "periodicidade": {
        "codigo": 6,
        "descricao": "Anual"
    },
    "tags": [
        {
            "codigo": 17,
            "descricao": "Santos Saud\u00e1vel"
        }
    ],
    "secretarias": [
        {
            "codigo": 3399,
            "dado_codigo": 5416,
            "sigla": "SMS",
            "nome": "SECRETARIA MUNICIPAL DE SA\u00daDE"
        }
    ],
    "autarquias": [],
    "metas": [
        {
            "codigo": 4,
            "numero": 3,
            "titulo": "Sa\u00fade e Bem-Estar",
            "objetivo": "Assegurar uma vida saud\u00e1vel e promover o bem-estar para todos, em todas as idades",
            "imagem_url": "4.jpg",
            "link": "http://www.agenda2030.org.br/ods/3/"
        }
    ],
    "eixos": [
        {
            "codigo": 14,
            "descricao": "A\u00e7\u00e3o Local para a Sa\u00fade"
        }
    ],
    "valores": [
        {
            "codigo": 1245,
            "data": "2009-12-31 00:00:00",
            "valor": "50.00",
            "descricao": null
        },
        {
            "codigo": 1246,
            "data": "2010-12-31 00:00:00",
            "valor": "52.00",
            "descricao": null
        },
        {
            "codigo": 1247,
            "data": "2016-12-31 00:00:00",
            "valor": "70.00",
            "descricao": null
        },
        {
            "codigo": 1248,
            "data": "2017-12-31 00:00:00",
            "valor": "26.00",
            "descricao": null
        },
        {
            "codigo": 1249,
            "data": "2015-12-31 00:00:00",
            "valor": "68.00",
            "descricao": null
        },
        {
            "codigo": 1250,
            "data": "2014-12-31 00:00:00",
            "valor": "73.00",
            "descricao": null
        },
        {
            "codigo": 1251,
            "data": "2013-12-31 00:00:00",
            "valor": "79.00",
            "descricao": null
        },
        {
            "codigo": 1252,
            "data": "2012-12-31 00:00:00",
            "valor": "58.00",
            "descricao": null
        },
        {
            "codigo": 1253,
            "data": "2011-12-31 00:00:00",
            "valor": "56.00",
            "descricao": null
        },
        {
            "codigo": 3449,
            "data": "2018-12-31 00:00:00",
            "valor": "33.00",
            "descricao": null
        },
        {
            "codigo": 4050,
            "data": "2019-12-31 00:00:00",
            "valor": "35.00",
            "descricao": null
        },
        {
            "codigo": 4706,
            "data": "2020-12-31 00:00:00",
            "valor": "45.00",
            "descricao": null
        },
        {
            "codigo": 5777,
            "data": "2021-12-31 00:00:00",
            "valor": "41.00",
            "descricao": null
        },
        {
            "codigo": 6497,
            "data": "2022-12-31 00:00:00",
            "valor": "135.00",
            "descricao": null
        }
    ]
}