{
    "codigo": 5417,
    "nome": "Altas de Tuberculose por cura",
    "descricao": "Altas de Tuberculose por cura - Cidade Aberta",
    "fonte": "TB WEB",
    "tipoValor": "I",
    "periodicidade": {
        "codigo": 6,
        "descricao": "Anual"
    },
    "tags": [
        {
            "codigo": 17,
            "descricao": "Santos Saud\u00e1vel"
        }
    ],
    "secretarias": [
        {
            "codigo": 3399,
            "dado_codigo": 5417,
            "sigla": "SMS",
            "nome": "SECRETARIA MUNICIPAL DE SA\u00daDE"
        }
    ],
    "autarquias": [],
    "metas": [
        {
            "codigo": 4,
            "numero": 3,
            "titulo": "Sa\u00fade e Bem-Estar",
            "objetivo": "Assegurar uma vida saud\u00e1vel e promover o bem-estar para todos, em todas as idades",
            "imagem_url": "4.jpg",
            "link": "http://www.agenda2030.org.br/ods/3/"
        }
    ],
    "eixos": [
        {
            "codigo": 14,
            "descricao": "A\u00e7\u00e3o Local para a Sa\u00fade"
        }
    ],
    "valores": [
        {
            "codigo": 1254,
            "data": "2015-12-31 00:00:00",
            "valor": "305.00",
            "descricao": null
        },
        {
            "codigo": 1255,
            "data": "2014-12-31 00:00:00",
            "valor": "313.00",
            "descricao": null
        },
        {
            "codigo": 1256,
            "data": "2013-12-31 00:00:00",
            "valor": "289.00",
            "descricao": null
        },
        {
            "codigo": 1257,
            "data": "2011-12-31 00:00:00",
            "valor": "299.00",
            "descricao": null
        },
        {
            "codigo": 1258,
            "data": "2009-12-31 00:00:00",
            "valor": "272.00",
            "descricao": null
        },
        {
            "codigo": 1259,
            "data": "2012-12-31 00:00:00",
            "valor": "270.00",
            "descricao": null
        },
        {
            "codigo": 1260,
            "data": "2016-12-31 00:00:00",
            "valor": "288.00",
            "descricao": null
        },
        {
            "codigo": 1261,
            "data": "2010-12-31 00:00:00",
            "valor": "279.00",
            "descricao": null
        },
        {
            "codigo": 1262,
            "data": "2017-12-31 00:00:00",
            "valor": "93.00",
            "descricao": null
        },
        {
            "codigo": 3450,
            "data": "2018-12-31 00:00:00",
            "valor": "116.00",
            "descricao": null
        },
        {
            "codigo": 4051,
            "data": "2019-12-31 00:00:00",
            "valor": "209.00",
            "descricao": null
        },
        {
            "codigo": 4707,
            "data": "2020-12-31 00:00:00",
            "valor": "202.00",
            "descricao": null
        },
        {
            "codigo": 5778,
            "data": "2021-12-31 00:00:00",
            "valor": "118.00",
            "descricao": null
        },
        {
            "codigo": 6498,
            "data": "2022-12-31 00:00:00",
            "valor": "260.00",
            "descricao": null
        }
    ]
}