{
    "codigo": 5418,
    "nome": "Altas de Tuberculose por \u00f3bito",
    "descricao": "Altas de Tuberculose por \u00f3bito - Cidade Aberta",
    "fonte": "TB WEB",
    "tipoValor": "I",
    "periodicidade": {
        "codigo": 6,
        "descricao": "Anual"
    },
    "tags": [
        {
            "codigo": 17,
            "descricao": "Santos Saud\u00e1vel"
        }
    ],
    "secretarias": [
        {
            "codigo": 3399,
            "dado_codigo": 5418,
            "sigla": "SMS",
            "nome": "SECRETARIA MUNICIPAL DE SA\u00daDE"
        }
    ],
    "autarquias": [],
    "metas": [
        {
            "codigo": 4,
            "numero": 3,
            "titulo": "Sa\u00fade e Bem-Estar",
            "objetivo": "Assegurar uma vida saud\u00e1vel e promover o bem-estar para todos, em todas as idades",
            "imagem_url": "4.jpg",
            "link": "http://www.agenda2030.org.br/ods/3/"
        }
    ],
    "eixos": [
        {
            "codigo": 14,
            "descricao": "A\u00e7\u00e3o Local para a Sa\u00fade"
        }
    ],
    "valores": [
        {
            "codigo": 1263,
            "data": "2015-12-31 00:00:00",
            "valor": "12.00",
            "descricao": null
        },
        {
            "codigo": 1264,
            "data": "2014-12-31 00:00:00",
            "valor": "2.00",
            "descricao": null
        },
        {
            "codigo": 1265,
            "data": "2016-12-31 00:00:00",
            "valor": "5.00",
            "descricao": null
        },
        {
            "codigo": 1266,
            "data": "2013-12-31 00:00:00",
            "valor": "7.00",
            "descricao": null
        },
        {
            "codigo": 1267,
            "data": "2011-12-31 00:00:00",
            "valor": "6.00",
            "descricao": null
        },
        {
            "codigo": 1268,
            "data": "2009-12-31 00:00:00",
            "valor": "11.00",
            "descricao": null
        },
        {
            "codigo": 1269,
            "data": "2010-12-31 00:00:00",
            "valor": "5.00",
            "descricao": null
        },
        {
            "codigo": 1270,
            "data": "2017-12-31 00:00:00",
            "valor": "4.00",
            "descricao": null
        },
        {
            "codigo": 1271,
            "data": "2012-12-31 00:00:00",
            "valor": "12.00",
            "descricao": null
        },
        {
            "codigo": 3451,
            "data": "2018-12-31 00:00:00",
            "valor": "13.00",
            "descricao": null
        },
        {
            "codigo": 4052,
            "data": "2019-12-31 00:00:00",
            "valor": "15.00",
            "descricao": null
        },
        {
            "codigo": 4708,
            "data": "2020-12-31 00:00:00",
            "valor": "12.00",
            "descricao": null
        },
        {
            "codigo": 5779,
            "data": "2021-12-31 00:00:00",
            "valor": "12.00",
            "descricao": null
        },
        {
            "codigo": 6499,
            "data": "2022-12-31 00:00:00",
            "valor": "55.00",
            "descricao": null
        }
    ]
}